﻿<?xml version="1.0" encoding="utf-8" standalone="yes"?>
<Gesture Name="arrow10" Subject="5" Speed="slow" Number="10" NumPts="97" Millseconds="2276" AppName="Gestures" AppVer="3.7.0.0" Date="Friday, March 09, 2007" TimeOfDay="9:53:38 PM">
  <Point X="50" Y="224" T="119731243" />
  <Point X="53" Y="222" T="119731255" />
  <Point X="55" Y="222" T="119731263" />
  <Point X="57" Y="222" T="119731271" />
  <Point X="59" Y="221" T="119731280" />
  <Point X="61" Y="220" T="119731287" />
  <Point X="64" Y="220" T="119731298" />
  <Point X="66" Y="219" T="119731306" />
  <Point X="68" Y="220" T="119731318" />
  <Point X="71" Y="217" T="119731330" />
  <Point X="74" Y="216" T="119731342" />
  <Point X="76" Y="216" T="119731354" />
  <Point X="78" Y="214" T="119731366" />
  <Point X="80" Y="214" T="119731383" />
  <Point X="82" Y="213" T="119731399" />
  <Point X="84" Y="211" T="119731412" />
  <Point X="87" Y="210" T="119731429" />
  <Point X="89" Y="210" T="119731445" />
  <Point X="91" Y="207" T="119731457" />
  <Point X="94" Y="207" T="119731472" />
  <Point X="96" Y="205" T="119731489" />
  <Point X="98" Y="204" T="119731505" />
  <Point X="100" Y="203" T="119731526" />
  <Point X="102" Y="201" T="119731549" />
  <Point X="104" Y="199" T="119731570" />
  <Point X="107" Y="199" T="119731595" />
  <Point X="109" Y="197" T="119731615" />
  <Point X="111" Y="195" T="119731635" />
  <Point X="113" Y="194" T="119731660" />
  <Point X="115" Y="192" T="119731683" />
  <Point X="117" Y="191" T="119731706" />
  <Point X="119" Y="189" T="119731731" />
  <Point X="121" Y="188" T="119731768" />
  <Point X="123" Y="186" T="119731844" />
  <Point X="121" Y="186" T="119731921" />
  <Point X="119" Y="187" T="119731938" />
  <Point X="116" Y="187" T="119731953" />
  <Point X="114" Y="187" T="119731970" />
  <Point X="112" Y="188" T="119731983" />
  <Point X="109" Y="188" T="119731997" />
  <Point X="107" Y="188" T="119732013" />
  <Point X="105" Y="188" T="119732026" />
  <Point X="102" Y="189" T="119732041" />
  <Point X="100" Y="189" T="119732055" />
  <Point X="98" Y="190" T="119732069" />
  <Point X="96" Y="190" T="119732083" />
  <Point X="93" Y="190" T="119732098" />
  <Point X="91" Y="190" T="119732112" />
  <Point X="89" Y="190" T="119732127" />
  <Point X="87" Y="189" T="119732142" />
  <Point X="85" Y="190" T="119732161" />
  <Point X="83" Y="191" T="119732193" />
  <Point X="81" Y="190" T="119732235" />
  <Point X="79" Y="190" T="119732303" />
  <Point X="81" Y="188" T="119732396" />
  <Point X="83" Y="189" T="119732417" />
  <Point X="86" Y="189" T="119732434" />
  <Point X="88" Y="188" T="119732451" />
  <Point X="90" Y="188" T="119732468" />
  <Point X="94" Y="187" T="119732486" />
  <Point X="96" Y="187" T="119732503" />
  <Point X="99" Y="188" T="119732521" />
  <Point X="101" Y="187" T="119732539" />
  <Point X="104" Y="186" T="119732558" />
  <Point X="106" Y="187" T="119732576" />
  <Point X="110" Y="187" T="119732595" />
  <Point X="112" Y="186" T="119732613" />
  <Point X="114" Y="186" T="119732632" />
  <Point X="117" Y="185" T="119732652" />
  <Point X="119" Y="185" T="119732672" />
  <Point X="121" Y="184" T="119732691" />
  <Point X="123" Y="185" T="119732711" />
  <Point X="125" Y="183" T="119732732" />
  <Point X="127" Y="184" T="119732752" />
  <Point X="129" Y="183" T="119732772" />
  <Point X="131" Y="183" T="119732822" />
  <Point X="131" Y="185" T="119733020" />
  <Point X="130" Y="187" T="119733068" />
  <Point X="130" Y="190" T="119733090" />
  <Point X="130" Y="192" T="119733119" />
  <Point X="130" Y="194" T="119733141" />
  <Point X="129" Y="196" T="119733163" />
  <Point X="129" Y="199" T="119733185" />
  <Point X="129" Y="201" T="119733207" />
  <Point X="129" Y="203" T="119733235" />
  <Point X="129" Y="205" T="119733258" />
  <Point X="129" Y="208" T="119733280" />
  <Point X="129" Y="210" T="119733303" />
  <Point X="129" Y="214" T="119733326" />
  <Point X="130" Y="216" T="119733350" />
  <Point X="130" Y="220" T="119733373" />
  <Point X="130" Y="223" T="119733397" />
  <Point X="130" Y="229" T="119733421" />
  <Point X="130" Y="232" T="119733445" />
  <Point X="131" Y="237" T="119733470" />
  <Point X="131" Y="239" T="119733494" />
  <Point X="131" Y="241" T="119733519" />
</Gesture>