﻿<?xml version="1.0" encoding="utf-8" standalone="yes"?>
<Gesture Name="arrow09" Subject="5" Speed="slow" Number="9" NumPts="99" Millseconds="2348" AppName="Gestures" AppVer="3.7.0.0" Date="Friday, March 09, 2007" TimeOfDay="9:53:35 PM">
  <Point X="60" Y="220" T="119728037" />
  <Point X="62" Y="219" T="119728049" />
  <Point X="64" Y="219" T="119728062" />
  <Point X="67" Y="218" T="119728074" />
  <Point X="70" Y="216" T="119728086" />
  <Point X="72" Y="216" T="119728099" />
  <Point X="74" Y="215" T="119728107" />
  <Point X="77" Y="214" T="119728120" />
  <Point X="79" Y="212" T="119728128" />
  <Point X="82" Y="211" T="119728140" />
  <Point X="84" Y="211" T="119728152" />
  <Point X="86" Y="209" T="119728164" />
  <Point X="88" Y="207" T="119728176" />
  <Point X="91" Y="207" T="119728192" />
  <Point X="93" Y="204" T="119728205" />
  <Point X="95" Y="203" T="119728218" />
  <Point X="98" Y="203" T="119728231" />
  <Point X="100" Y="202" T="119728242" />
  <Point X="102" Y="200" T="119728255" />
  <Point X="104" Y="198" T="119728270" />
  <Point X="106" Y="198" T="119728287" />
  <Point X="108" Y="195" T="119728307" />
  <Point X="110" Y="194" T="119728328" />
  <Point X="112" Y="192" T="119728347" />
  <Point X="114" Y="191" T="119728368" />
  <Point X="116" Y="190" T="119728396" />
  <Point X="118" Y="188" T="119728419" />
  <Point X="120" Y="186" T="119728447" />
  <Point X="122" Y="185" T="119728479" />
  <Point X="124" Y="184" T="119728508" />
  <Point X="125" Y="181" T="119728540" />
  <Point X="127" Y="179" T="119728588" />
  <Point X="129" Y="178" T="119728624" />
  <Point X="127" Y="178" T="119728808" />
  <Point X="125" Y="179" T="119728841" />
  <Point X="123" Y="179" T="119728870" />
  <Point X="121" Y="179" T="119728903" />
  <Point X="119" Y="178" T="119728931" />
  <Point X="117" Y="179" T="119728955" />
  <Point X="115" Y="179" T="119728975" />
  <Point X="113" Y="179" T="119728991" />
  <Point X="110" Y="179" T="119729012" />
  <Point X="108" Y="179" T="119729028" />
  <Point X="106" Y="180" T="119729044" />
  <Point X="104" Y="180" T="119729059" />
  <Point X="102" Y="180" T="119729075" />
  <Point X="100" Y="182" T="119729091" />
  <Point X="98" Y="181" T="119729106" />
  <Point X="96" Y="181" T="119729121" />
  <Point X="94" Y="181" T="119729136" />
  <Point X="90" Y="181" T="119729151" />
  <Point X="88" Y="181" T="119729166" />
  <Point X="86" Y="182" T="119729182" />
  <Point X="83" Y="182" T="119729199" />
  <Point X="85" Y="180" T="119729312" />
  <Point X="87" Y="180" T="119729329" />
  <Point X="89" Y="179" T="119729345" />
  <Point X="91" Y="179" T="119729362" />
  <Point X="94" Y="179" T="119729379" />
  <Point X="96" Y="178" T="119729380" />
  <Point X="99" Y="178" T="119729398" />
  <Point X="101" Y="178" T="119729416" />
  <Point X="103" Y="178" T="119729417" />
  <Point X="105" Y="177" T="119729435" />
  <Point X="107" Y="177" T="119729453" />
  <Point X="112" Y="177" T="119729471" />
  <Point X="114" Y="177" T="119729490" />
  <Point X="116" Y="176" T="119729509" />
  <Point X="118" Y="176" T="119729531" />
  <Point X="120" Y="176" T="119729532" />
  <Point X="123" Y="176" T="119729553" />
  <Point X="125" Y="175" T="119729573" />
  <Point X="127" Y="175" T="119729603" />
  <Point X="129" Y="174" T="119729631" />
  <Point X="131" Y="173" T="119729675" />
  <Point X="133" Y="173" T="119729731" />
  <Point X="132" Y="175" T="119729856" />
  <Point X="132" Y="177" T="119729881" />
  <Point X="132" Y="179" T="119729909" />
  <Point X="131" Y="183" T="119729931" />
  <Point X="131" Y="186" T="119729953" />
  <Point X="131" Y="190" T="119729975" />
  <Point X="132" Y="192" T="119729998" />
  <Point X="132" Y="195" T="119730020" />
  <Point X="133" Y="197" T="119730042" />
  <Point X="133" Y="201" T="119730065" />
  <Point X="133" Y="205" T="119730088" />
  <Point X="133" Y="208" T="119730111" />
  <Point X="133" Y="210" T="119730134" />
  <Point X="134" Y="215" T="119730158" />
  <Point X="134" Y="217" T="119730182" />
  <Point X="134" Y="219" T="119730206" />
  <Point X="135" Y="223" T="119730230" />
  <Point X="136" Y="228" T="119730255" />
  <Point X="136" Y="230" T="119730279" />
  <Point X="137" Y="233" T="119730304" />
  <Point X="138" Y="236" T="119730328" />
  <Point X="139" Y="238" T="119730360" />
  <Point X="139" Y="240" T="119730385" />
</Gesture>