﻿<?xml version="1.0" encoding="utf-8" standalone="yes"?>
<Gesture Name="arrow01" Subject="5" Speed="slow" Number="1" NumPts="112" Millseconds="3408" AppName="Gestures" AppVer="3.7.0.0" Date="Friday, March 09, 2007" TimeOfDay="9:53:07 PM">
  <Point X="33" Y="222" T="119698769" />
  <Point X="35" Y="222" T="119698914" />
  <Point X="37" Y="222" T="119698962" />
  <Point X="38" Y="220" T="119698993" />
  <Point X="40" Y="220" T="119699034" />
  <Point X="42" Y="220" T="119699066" />
  <Point X="44" Y="220" T="119699102" />
  <Point X="46" Y="218" T="119699127" />
  <Point X="49" Y="218" T="119699152" />
  <Point X="51" Y="217" T="119699172" />
  <Point X="53" Y="215" T="119699199" />
  <Point X="55" Y="214" T="119699219" />
  <Point X="57" Y="214" T="119699243" />
  <Point X="59" Y="213" T="119699264" />
  <Point X="61" Y="212" T="119699288" />
  <Point X="63" Y="210" T="119699313" />
  <Point X="65" Y="209" T="119699338" />
  <Point X="68" Y="209" T="119699363" />
  <Point X="70" Y="207" T="119699387" />
  <Point X="72" Y="206" T="119699411" />
  <Point X="74" Y="204" T="119699430" />
  <Point X="77" Y="202" T="119699454" />
  <Point X="79" Y="202" T="119699474" />
  <Point X="81" Y="200" T="119699493" />
  <Point X="83" Y="199" T="119699514" />
  <Point X="85" Y="197" T="119699535" />
  <Point X="87" Y="196" T="119699558" />
  <Point X="89" Y="194" T="119699579" />
  <Point X="91" Y="192" T="119699595" />
  <Point X="93" Y="192" T="119699619" />
  <Point X="95" Y="191" T="119699643" />
  <Point X="97" Y="189" T="119699671" />
  <Point X="99" Y="187" T="119699683" />
  <Point X="101" Y="186" T="119699708" />
  <Point X="103" Y="184" T="119699729" />
  <Point X="105" Y="182" T="119699755" />
  <Point X="107" Y="180" T="119699775" />
  <Point X="109" Y="179" T="119699800" />
  <Point X="111" Y="177" T="119699819" />
  <Point X="113" Y="176" T="119699847" />
  <Point X="115" Y="174" T="119699868" />
  <Point X="117" Y="172" T="119699899" />
  <Point X="119" Y="171" T="119699953" />
  <Point X="120" Y="169" T="119700000" />
  <Point X="118" Y="170" T="119700253" />
  <Point X="116" Y="170" T="119700297" />
  <Point X="114" Y="169" T="119700333" />
  <Point X="112" Y="169" T="119700361" />
  <Point X="109" Y="169" T="119700385" />
  <Point X="107" Y="170" T="119700409" />
  <Point X="105" Y="171" T="119700437" />
  <Point X="103" Y="170" T="119700461" />
  <Point X="101" Y="170" T="119700480" />
  <Point X="99" Y="171" T="119700501" />
  <Point X="97" Y="170" T="119700522" />
  <Point X="95" Y="171" T="119700542" />
  <Point X="93" Y="171" T="119700558" />
  <Point X="90" Y="172" T="119700576" />
  <Point X="88" Y="172" T="119700593" />
  <Point X="86" Y="171" T="119700611" />
  <Point X="84" Y="172" T="119700629" />
  <Point X="82" Y="172" T="119700631" />
  <Point X="79" Y="172" T="119700654" />
  <Point X="77" Y="172" T="119700675" />
  <Point X="75" Y="172" T="119700695" />
  <Point X="73" Y="171" T="119700715" />
  <Point X="71" Y="172" T="119700735" />
  <Point X="73" Y="171" T="119700869" />
  <Point X="75" Y="170" T="119700889" />
  <Point X="78" Y="169" T="119700910" />
  <Point X="80" Y="169" T="119700931" />
  <Point X="84" Y="169" T="119700952" />
  <Point X="86" Y="169" T="119700974" />
  <Point X="90" Y="169" T="119700995" />
  <Point X="92" Y="170" T="119701016" />
  <Point X="96" Y="170" T="119701038" />
  <Point X="101" Y="170" T="119701060" />
  <Point X="105" Y="169" T="119701082" />
  <Point X="107" Y="167" T="119701104" />
  <Point X="109" Y="168" T="119701106" />
  <Point X="112" Y="168" T="119701129" />
  <Point X="114" Y="168" T="119701152" />
  <Point X="118" Y="167" T="119701175" />
  <Point X="120" Y="166" T="119701199" />
  <Point X="122" Y="167" T="119701222" />
  <Point X="124" Y="165" T="119701246" />
  <Point X="126" Y="166" T="119701270" />
  <Point X="127" Y="163" T="119701404" />
  <Point X="127" Y="165" T="119701441" />
  <Point X="127" Y="168" T="119701586" />
  <Point X="127" Y="170" T="119701613" />
  <Point X="126" Y="172" T="119701649" />
  <Point X="126" Y="174" T="119701674" />
  <Point X="126" Y="177" T="119701699" />
  <Point X="126" Y="179" T="119701724" />
  <Point X="126" Y="183" T="119701750" />
  <Point X="127" Y="186" T="119701775" />
  <Point X="127" Y="188" T="119701801" />
  <Point X="128" Y="193" T="119701827" />
  <Point X="128" Y="197" T="119701856" />
  <Point X="129" Y="201" T="119701883" />
  <Point X="129" Y="203" T="119701910" />
  <Point X="129" Y="208" T="119701936" />
  <Point X="129" Y="210" T="119701938" />
  <Point X="129" Y="214" T="119701966" />
  <Point X="130" Y="216" T="119701994" />
  <Point X="131" Y="221" T="119702021" />
  <Point X="131" Y="223" T="119702048" />
  <Point X="133" Y="227" T="119702076" />
  <Point X="133" Y="230" T="119702104" />
  <Point X="134" Y="232" T="119702133" />
  <Point X="135" Y="235" T="119702177" />
</Gesture>