﻿<?xml version="1.0" encoding="utf-8" standalone="yes"?>
<Gesture Name="arrow03" Subject="5" Speed="slow" Number="3" NumPts="100" Millseconds="2597" AppName="Gestures" AppVer="3.7.0.0" Date="Friday, March 09, 2007" TimeOfDay="9:53:15 PM">
  <Point X="37" Y="232" T="119707588" />
  <Point X="40" Y="231" T="119707608" />
  <Point X="42" Y="231" T="119707624" />
  <Point X="44" Y="231" T="119707636" />
  <Point X="46" Y="229" T="119707648" />
  <Point X="49" Y="228" T="119707660" />
  <Point X="51" Y="228" T="119707668" />
  <Point X="53" Y="226" T="119707681" />
  <Point X="55" Y="226" T="119707689" />
  <Point X="58" Y="225" T="119707701" />
  <Point X="61" Y="224" T="119707714" />
  <Point X="63" Y="223" T="119707726" />
  <Point X="65" Y="222" T="119707739" />
  <Point X="67" Y="222" T="119707752" />
  <Point X="70" Y="220" T="119707764" />
  <Point X="73" Y="218" T="119707781" />
  <Point X="75" Y="218" T="119707794" />
  <Point X="77" Y="216" T="119707806" />
  <Point X="79" Y="215" T="119707818" />
  <Point X="81" Y="213" T="119707830" />
  <Point X="84" Y="213" T="119707846" />
  <Point X="86" Y="211" T="119707858" />
  <Point X="88" Y="210" T="119707874" />
  <Point X="90" Y="208" T="119707895" />
  <Point X="92" Y="206" T="119707914" />
  <Point X="94" Y="205" T="119707938" />
  <Point X="96" Y="203" T="119707958" />
  <Point X="99" Y="200" T="119707983" />
  <Point X="101" Y="201" T="119708008" />
  <Point X="102" Y="198" T="119708020" />
  <Point X="104" Y="197" T="119708036" />
  <Point X="106" Y="194" T="119708052" />
  <Point X="108" Y="193" T="119708077" />
  <Point X="110" Y="192" T="119708097" />
  <Point X="112" Y="190" T="119708113" />
  <Point X="114" Y="189" T="119708138" />
  <Point X="116" Y="187" T="119708158" />
  <Point X="118" Y="186" T="119708179" />
  <Point X="120" Y="184" T="119708211" />
  <Point X="121" Y="182" T="119708227" />
  <Point X="123" Y="180" T="119708248" />
  <Point X="121" Y="181" T="119708416" />
  <Point X="119" Y="182" T="119708437" />
  <Point X="117" Y="182" T="119708453" />
  <Point X="115" Y="183" T="119708468" />
  <Point X="113" Y="184" T="119708483" />
  <Point X="110" Y="184" T="119708498" />
  <Point X="106" Y="186" T="119708514" />
  <Point X="104" Y="185" T="119708529" />
  <Point X="102" Y="185" T="119708545" />
  <Point X="99" Y="187" T="119708561" />
  <Point X="95" Y="187" T="119708578" />
  <Point X="93" Y="187" T="119708594" />
  <Point X="91" Y="188" T="119708610" />
  <Point X="88" Y="188" T="119708627" />
  <Point X="86" Y="189" T="119708644" />
  <Point X="84" Y="190" T="119708663" />
  <Point X="82" Y="190" T="119708689" />
  <Point X="80" Y="191" T="119708886" />
  <Point X="78" Y="191" T="119708975" />
  <Point X="80" Y="190" T="119709136" />
  <Point X="83" Y="189" T="119709157" />
  <Point X="85" Y="187" T="119709175" />
  <Point X="87" Y="188" T="119709194" />
  <Point X="90" Y="187" T="119709214" />
  <Point X="94" Y="186" T="119709233" />
  <Point X="97" Y="185" T="119709253" />
  <Point X="101" Y="184" T="119709274" />
  <Point X="103" Y="183" T="119709294" />
  <Point X="108" Y="183" T="119709314" />
  <Point X="110" Y="182" T="119709335" />
  <Point X="112" Y="181" T="119709356" />
  <Point X="114" Y="180" T="119709376" />
  <Point X="117" Y="180" T="119709378" />
  <Point X="119" Y="179" T="119709400" />
  <Point X="121" Y="179" T="119709421" />
  <Point X="123" Y="178" T="119709443" />
  <Point X="125" Y="177" T="119709465" />
  <Point X="127" Y="176" T="119709493" />
  <Point X="128" Y="178" T="119709677" />
  <Point X="128" Y="180" T="119709709" />
  <Point X="128" Y="183" T="119709733" />
  <Point X="127" Y="186" T="119709756" />
  <Point X="127" Y="188" T="119709778" />
  <Point X="127" Y="190" T="119709802" />
  <Point X="128" Y="192" T="119709825" />
  <Point X="127" Y="195" T="119709850" />
  <Point X="127" Y="200" T="119709875" />
  <Point X="128" Y="202" T="119709905" />
  <Point X="128" Y="204" T="119709933" />
  <Point X="128" Y="207" T="119709957" />
  <Point X="129" Y="209" T="119709982" />
  <Point X="129" Y="214" T="119710006" />
  <Point X="129" Y="216" T="119710032" />
  <Point X="130" Y="218" T="119710057" />
  <Point X="130" Y="220" T="119710082" />
  <Point X="130" Y="225" T="119710108" />
  <Point X="131" Y="227" T="119710133" />
  <Point X="131" Y="229" T="119710159" />
  <Point X="131" Y="231" T="119710185" />
</Gesture>