﻿<?xml version="1.0" encoding="utf-8" standalone="yes"?>
<Gesture Name="arrow06" Subject="5" Speed="slow" Number="6" NumPts="96" Millseconds="1898" AppName="Gestures" AppVer="3.7.0.0" Date="Friday, March 09, 2007" TimeOfDay="9:53:25 PM">
  <Point X="46" Y="224" T="119718599" />
  <Point X="49" Y="224" T="119718607" />
  <Point X="51" Y="222" T="119718615" />
  <Point X="53" Y="221" T="119718624" />
  <Point X="55" Y="220" T="119718632" />
  <Point X="58" Y="220" T="119718639" />
  <Point X="60" Y="219" T="119718648" />
  <Point X="62" Y="218" T="119718656" />
  <Point X="65" Y="217" T="119718664" />
  <Point X="68" Y="216" T="119718672" />
  <Point X="70" Y="215" T="119718680" />
  <Point X="72" Y="214" T="119718688" />
  <Point X="74" Y="213" T="119718696" />
  <Point X="77" Y="213" T="119718705" />
  <Point X="79" Y="212" T="119718712" />
  <Point X="81" Y="212" T="119718720" />
  <Point X="83" Y="211" T="119718731" />
  <Point X="86" Y="209" T="119718739" />
  <Point X="87" Y="207" T="119718748" />
  <Point X="90" Y="206" T="119718760" />
  <Point X="92" Y="205" T="119718769" />
  <Point X="94" Y="203" T="119718780" />
  <Point X="96" Y="202" T="119718790" />
  <Point X="99" Y="201" T="119718800" />
  <Point X="102" Y="200" T="119718812" />
  <Point X="104" Y="198" T="119718824" />
  <Point X="107" Y="197" T="119718836" />
  <Point X="109" Y="195" T="119718846" />
  <Point X="111" Y="195" T="119718857" />
  <Point X="113" Y="193" T="119718868" />
  <Point X="115" Y="191" T="119718879" />
  <Point X="117" Y="190" T="119718890" />
  <Point X="119" Y="189" T="119718905" />
  <Point X="121" Y="187" T="119718921" />
  <Point X="123" Y="186" T="119718937" />
  <Point X="125" Y="185" T="119718954" />
  <Point X="128" Y="183" T="119718974" />
  <Point X="130" Y="181" T="119718994" />
  <Point X="132" Y="179" T="119719014" />
  <Point X="134" Y="177" T="119719034" />
  <Point X="136" Y="176" T="119719054" />
  <Point X="137" Y="174" T="119719079" />
  <Point X="135" Y="175" T="119719198" />
  <Point X="133" Y="177" T="119719215" />
  <Point X="131" Y="177" T="119719229" />
  <Point X="128" Y="177" T="119719243" />
  <Point X="124" Y="179" T="119719258" />
  <Point X="119" Y="180" T="119719273" />
  <Point X="115" Y="180" T="119719288" />
  <Point X="113" Y="181" T="119719303" />
  <Point X="110" Y="182" T="119719318" />
  <Point X="108" Y="182" T="119719334" />
  <Point X="104" Y="182" T="119719349" />
  <Point X="102" Y="183" T="119719365" />
  <Point X="100" Y="183" T="119719381" />
  <Point X="97" Y="184" T="119719397" />
  <Point X="95" Y="184" T="119719413" />
  <Point X="93" Y="185" T="119719430" />
  <Point X="95" Y="184" T="119719560" />
  <Point X="97" Y="184" T="119719577" />
  <Point X="99" Y="183" T="119719594" />
  <Point X="102" Y="182" T="119719611" />
  <Point X="106" Y="181" T="119719629" />
  <Point X="108" Y="180" T="119719647" />
  <Point X="113" Y="179" T="119719668" />
  <Point X="115" Y="179" T="119719687" />
  <Point X="119" Y="178" T="119719706" />
  <Point X="122" Y="178" T="119719725" />
  <Point X="126" Y="175" T="119719745" />
  <Point X="130" Y="173" T="119719764" />
  <Point X="132" Y="172" T="119719784" />
  <Point X="134" Y="171" T="119719803" />
  <Point X="136" Y="170" T="119719824" />
  <Point X="138" Y="168" T="119719860" />
  <Point X="140" Y="167" T="119719897" />
  <Point X="140" Y="169" T="119720017" />
  <Point X="140" Y="171" T="119720046" />
  <Point X="140" Y="173" T="119720070" />
  <Point X="140" Y="175" T="119720091" />
  <Point X="139" Y="177" T="119720113" />
  <Point X="140" Y="182" T="119720135" />
  <Point X="139" Y="184" T="119720157" />
  <Point X="139" Y="189" T="119720182" />
  <Point X="139" Y="192" T="119720205" />
  <Point X="139" Y="197" T="119720227" />
  <Point X="139" Y="201" T="119720250" />
  <Point X="139" Y="203" T="119720273" />
  <Point X="139" Y="208" T="119720296" />
  <Point X="140" Y="213" T="119720319" />
  <Point X="140" Y="217" T="119720343" />
  <Point X="141" Y="222" T="119720366" />
  <Point X="141" Y="226" T="119720391" />
  <Point X="142" Y="231" T="119720416" />
  <Point X="142" Y="233" T="119720441" />
  <Point X="143" Y="237" T="119720469" />
  <Point X="143" Y="239" T="119720497" />
</Gesture>