﻿<?xml version="1.0" encoding="utf-8" standalone="yes"?>
<Gesture Name="arrow05" Subject="5" Speed="slow" Number="5" NumPts="107" Millseconds="2413" AppName="Gestures" AppVer="3.7.0.0" Date="Friday, March 09, 2007" TimeOfDay="9:53:22 PM">
  <Point X="43" Y="226" T="119715421" />
  <Point X="45" Y="226" T="119715440" />
  <Point X="47" Y="226" T="119715452" />
  <Point X="49" Y="226" T="119715460" />
  <Point X="52" Y="225" T="119715472" />
  <Point X="54" Y="225" T="119715484" />
  <Point X="57" Y="224" T="119715496" />
  <Point X="60" Y="224" T="119715509" />
  <Point X="62" Y="223" T="119715521" />
  <Point X="64" Y="221" T="119715533" />
  <Point X="66" Y="221" T="119715545" />
  <Point X="68" Y="221" T="119715553" />
  <Point X="70" Y="220" T="119715565" />
  <Point X="73" Y="220" T="119715577" />
  <Point X="75" Y="218" T="119715586" />
  <Point X="77" Y="217" T="119715594" />
  <Point X="80" Y="217" T="119715605" />
  <Point X="82" Y="216" T="119715613" />
  <Point X="84" Y="215" T="119715622" />
  <Point X="86" Y="215" T="119715630" />
  <Point X="88" Y="213" T="119715641" />
  <Point X="91" Y="212" T="119715653" />
  <Point X="93" Y="211" T="119715665" />
  <Point X="96" Y="209" T="119715678" />
  <Point X="98" Y="208" T="119715690" />
  <Point X="100" Y="208" T="119715702" />
  <Point X="102" Y="207" T="119715714" />
  <Point X="104" Y="205" T="119715726" />
  <Point X="106" Y="204" T="119715742" />
  <Point X="108" Y="202" T="119715754" />
  <Point X="111" Y="201" T="119715770" />
  <Point X="113" Y="200" T="119715782" />
  <Point X="115" Y="198" T="119715798" />
  <Point X="117" Y="197" T="119715811" />
  <Point X="119" Y="196" T="119715826" />
  <Point X="121" Y="194" T="119715843" />
  <Point X="123" Y="192" T="119715859" />
  <Point X="126" Y="191" T="119715879" />
  <Point X="128" Y="190" T="119715902" />
  <Point X="130" Y="188" T="119715918" />
  <Point X="132" Y="186" T="119715943" />
  <Point X="134" Y="185" T="119715967" />
  <Point X="136" Y="184" T="119715988" />
  <Point X="138" Y="182" T="119716011" />
  <Point X="140" Y="181" T="119716067" />
  <Point X="140" Y="179" T="119716120" />
  <Point X="139" Y="181" T="119716237" />
  <Point X="137" Y="181" T="119716261" />
  <Point X="135" Y="182" T="119716285" />
  <Point X="133" Y="182" T="119716305" />
  <Point X="130" Y="182" T="119716325" />
  <Point X="128" Y="182" T="119716345" />
  <Point X="126" Y="183" T="119716362" />
  <Point X="124" Y="183" T="119716378" />
  <Point X="122" Y="184" T="119716396" />
  <Point X="120" Y="184" T="119716415" />
  <Point X="118" Y="185" T="119716432" />
  <Point X="115" Y="185" T="119716449" />
  <Point X="113" Y="186" T="119716469" />
  <Point X="111" Y="187" T="119716486" />
  <Point X="109" Y="187" T="119716503" />
  <Point X="107" Y="189" T="119716521" />
  <Point X="105" Y="188" T="119716538" />
  <Point X="103" Y="189" T="119716556" />
  <Point X="101" Y="189" T="119716574" />
  <Point X="99" Y="189" T="119716601" />
  <Point X="97" Y="189" T="119716643" />
  <Point X="94" Y="190" T="119716698" />
  <Point X="92" Y="191" T="119716718" />
  <Point X="90" Y="192" T="119716742" />
  <Point X="88" Y="192" T="119716766" />
  <Point X="86" Y="193" T="119716795" />
  <Point X="88" Y="191" T="119716889" />
  <Point X="91" Y="190" T="119716909" />
  <Point X="96" Y="188" T="119716930" />
  <Point X="101" Y="186" T="119716951" />
  <Point X="103" Y="185" T="119716972" />
  <Point X="108" Y="185" T="119716993" />
  <Point X="113" Y="184" T="119717014" />
  <Point X="117" Y="183" T="119717036" />
  <Point X="119" Y="181" T="119717058" />
  <Point X="124" Y="180" T="119717080" />
  <Point X="128" Y="178" T="119717102" />
  <Point X="130" Y="178" T="119717125" />
  <Point X="133" Y="177" T="119717126" />
  <Point X="135" Y="176" T="119717148" />
  <Point X="137" Y="175" T="119717171" />
  <Point X="139" Y="175" T="119717195" />
  <Point X="141" Y="174" T="119717218" />
  <Point X="143" Y="173" T="119717242" />
  <Point X="145" Y="172" T="119717318" />
  <Point X="145" Y="174" T="119717434" />
  <Point X="145" Y="177" T="119717475" />
  <Point X="144" Y="180" T="119717499" />
  <Point X="144" Y="184" T="119717524" />
  <Point X="144" Y="187" T="119717548" />
  <Point X="144" Y="192" T="119717574" />
  <Point X="144" Y="196" T="119717599" />
  <Point X="144" Y="202" T="119717624" />
  <Point X="143" Y="207" T="119717650" />
  <Point X="144" Y="215" T="119717676" />
  <Point X="143" Y="220" T="119717702" />
  <Point X="144" Y="225" T="119717728" />
  <Point X="145" Y="231" T="119717754" />
  <Point X="146" Y="236" T="119717781" />
  <Point X="146" Y="238" T="119717807" />
  <Point X="148" Y="242" T="119717834" />
</Gesture>