﻿<?xml version="1.0" encoding="utf-8" standalone="yes"?>
<Gesture Name="arrow02" Subject="5" Speed="slow" Number="2" NumPts="116" Millseconds="3005" AppName="Gestures" AppVer="3.7.0.0" Date="Friday, March 09, 2007" TimeOfDay="9:53:11 PM">
  <Point X="32" Y="238" T="119703571" />
  <Point X="34" Y="236" T="119703612" />
  <Point X="36" Y="235" T="119703640" />
  <Point X="38" Y="235" T="119703661" />
  <Point X="40" Y="234" T="119703677" />
  <Point X="42" Y="234" T="119703689" />
  <Point X="44" Y="232" T="119703709" />
  <Point X="46" Y="230" T="119703725" />
  <Point X="48" Y="230" T="119703745" />
  <Point X="51" Y="229" T="119703765" />
  <Point X="53" Y="228" T="119703782" />
  <Point X="55" Y="226" T="119703798" />
  <Point X="57" Y="226" T="119703814" />
  <Point X="59" Y="225" T="119703830" />
  <Point X="61" Y="223" T="119703843" />
  <Point X="63" Y="222" T="119703864" />
  <Point X="65" Y="220" T="119703879" />
  <Point X="67" Y="221" T="119703896" />
  <Point X="69" Y="219" T="119703912" />
  <Point X="72" Y="218" T="119703936" />
  <Point X="74" Y="216" T="119703952" />
  <Point X="76" Y="215" T="119703972" />
  <Point X="78" Y="213" T="119703988" />
  <Point X="81" Y="212" T="119704008" />
  <Point X="83" Y="211" T="119704028" />
  <Point X="85" Y="210" T="119704049" />
  <Point X="87" Y="208" T="119704073" />
  <Point X="89" Y="206" T="119704096" />
  <Point X="91" Y="205" T="119704116" />
  <Point X="93" Y="203" T="119704132" />
  <Point X="95" Y="202" T="119704156" />
  <Point X="97" Y="200" T="119704180" />
  <Point X="99" Y="198" T="119704196" />
  <Point X="101" Y="197" T="119704221" />
  <Point X="103" Y="196" T="119704246" />
  <Point X="104" Y="194" T="119704263" />
  <Point X="106" Y="193" T="119704291" />
  <Point X="108" Y="191" T="119704316" />
  <Point X="109" Y="189" T="119704331" />
  <Point X="111" Y="188" T="119704355" />
  <Point X="114" Y="185" T="119704388" />
  <Point X="116" Y="184" T="119704421" />
  <Point X="118" Y="183" T="119704453" />
  <Point X="120" Y="181" T="119704497" />
  <Point X="122" Y="180" T="119704537" />
  <Point X="123" Y="178" T="119704562" />
  <Point X="121" Y="179" T="119704691" />
  <Point X="119" Y="180" T="119704719" />
  <Point X="117" Y="180" T="119704751" />
  <Point X="114" Y="182" T="119704767" />
  <Point X="112" Y="182" T="119704785" />
  <Point X="110" Y="183" T="119704801" />
  <Point X="108" Y="182" T="119704818" />
  <Point X="106" Y="183" T="119704839" />
  <Point X="104" Y="183" T="119704855" />
  <Point X="101" Y="184" T="119704874" />
  <Point X="99" Y="185" T="119704891" />
  <Point X="97" Y="186" T="119704909" />
  <Point X="95" Y="185" T="119704926" />
  <Point X="93" Y="186" T="119704944" />
  <Point X="91" Y="186" T="119704966" />
  <Point X="86" Y="187" T="119704986" />
  <Point X="84" Y="187" T="119705005" />
  <Point X="82" Y="187" T="119705024" />
  <Point X="80" Y="188" T="119705043" />
  <Point X="76" Y="187" T="119705068" />
  <Point X="74" Y="188" T="119705087" />
  <Point X="72" Y="189" T="119705107" />
  <Point X="70" Y="188" T="119705127" />
  <Point X="67" Y="188" T="119705147" />
  <Point X="65" Y="188" T="119705175" />
  <Point X="63" Y="187" T="119705204" />
  <Point X="65" Y="187" T="119705304" />
  <Point X="67" Y="187" T="119705325" />
  <Point X="71" Y="185" T="119705346" />
  <Point X="75" Y="185" T="119705368" />
  <Point X="77" Y="184" T="119705390" />
  <Point X="82" Y="184" T="119705412" />
  <Point X="84" Y="183" T="119705434" />
  <Point X="88" Y="183" T="119705456" />
  <Point X="90" Y="183" T="119705479" />
  <Point X="95" Y="181" T="119705502" />
  <Point X="99" Y="180" T="119705525" />
  <Point X="101" Y="179" T="119705548" />
  <Point X="103" Y="179" T="119705571" />
  <Point X="107" Y="178" T="119705595" />
  <Point X="109" Y="177" T="119705621" />
  <Point X="113" Y="177" T="119705645" />
  <Point X="115" Y="176" T="119705668" />
  <Point X="117" Y="175" T="119705693" />
  <Point X="119" Y="176" T="119705718" />
  <Point X="121" Y="175" T="119705745" />
  <Point X="123" Y="174" T="119705774" />
  <Point X="125" Y="174" T="119705819" />
  <Point X="127" Y="172" T="119705872" />
  <Point X="129" Y="172" T="119705915" />
  <Point X="130" Y="175" T="119706019" />
  <Point X="130" Y="177" T="119706058" />
  <Point X="130" Y="179" T="119706098" />
  <Point X="129" Y="181" T="119706126" />
  <Point X="129" Y="183" T="119706152" />
  <Point X="129" Y="185" T="119706179" />
  <Point X="128" Y="190" T="119706206" />
  <Point X="128" Y="192" T="119706234" />
  <Point X="128" Y="196" T="119706261" />
  <Point X="128" Y="201" T="119706289" />
  <Point X="128" Y="203" T="119706316" />
  <Point X="129" Y="208" T="119706345" />
  <Point X="129" Y="210" T="119706373" />
  <Point X="129" Y="215" T="119706401" />
  <Point X="129" Y="220" T="119706430" />
  <Point X="130" Y="224" T="119706459" />
  <Point X="130" Y="229" T="119706488" />
  <Point X="130" Y="231" T="119706517" />
  <Point X="131" Y="236" T="119706547" />
  <Point X="131" Y="238" T="119706576" />
</Gesture>