﻿<?xml version="1.0" encoding="utf-8" standalone="yes"?>
<Gesture Name="arrow08" Subject="5" Speed="slow" Number="8" NumPts="103" Millseconds="2431" AppName="Gestures" AppVer="3.7.0.0" Date="Friday, March 09, 2007" TimeOfDay="9:53:32 PM">
  <Point X="51" Y="226" T="119724798" />
  <Point X="53" Y="226" T="119724815" />
  <Point X="55" Y="225" T="119724827" />
  <Point X="57" Y="224" T="119724838" />
  <Point X="59" Y="224" T="119724851" />
  <Point X="61" Y="223" T="119724867" />
  <Point X="63" Y="223" T="119724879" />
  <Point X="65" Y="221" T="119724892" />
  <Point X="67" Y="222" T="119724904" />
  <Point X="70" Y="220" T="119724916" />
  <Point X="72" Y="220" T="119724932" />
  <Point X="74" Y="218" T="119724944" />
  <Point X="76" Y="218" T="119724956" />
  <Point X="79" Y="216" T="119724972" />
  <Point X="81" Y="216" T="119724989" />
  <Point X="83" Y="214" T="119725001" />
  <Point X="85" Y="212" T="119725014" />
  <Point X="87" Y="214" T="119725026" />
  <Point X="89" Y="211" T="119725034" />
  <Point X="91" Y="211" T="119725046" />
  <Point X="93" Y="210" T="119725055" />
  <Point X="95" Y="208" T="119725066" />
  <Point X="97" Y="207" T="119725077" />
  <Point X="99" Y="207" T="119725090" />
  <Point X="101" Y="205" T="119725106" />
  <Point X="104" Y="203" T="119725123" />
  <Point X="106" Y="201" T="119725138" />
  <Point X="108" Y="200" T="119725154" />
  <Point X="111" Y="199" T="119725170" />
  <Point X="112" Y="197" T="119725182" />
  <Point X="114" Y="196" T="119725198" />
  <Point X="116" Y="196" T="119725218" />
  <Point X="118" Y="193" T="119725234" />
  <Point X="120" Y="192" T="119725259" />
  <Point X="122" Y="191" T="119725284" />
  <Point X="124" Y="189" T="119725305" />
  <Point X="126" Y="187" T="119725329" />
  <Point X="128" Y="186" T="119725358" />
  <Point X="130" Y="184" T="119725397" />
  <Point X="132" Y="184" T="119725456" />
  <Point X="134" Y="183" T="119725501" />
  <Point X="135" Y="181" T="119725529" />
  <Point X="133" Y="180" T="119725675" />
  <Point X="131" Y="182" T="119725700" />
  <Point X="129" Y="182" T="119725720" />
  <Point X="127" Y="183" T="119725736" />
  <Point X="125" Y="182" T="119725752" />
  <Point X="123" Y="182" T="119725772" />
  <Point X="121" Y="182" T="119725790" />
  <Point X="119" Y="183" T="119725805" />
  <Point X="117" Y="182" T="119725824" />
  <Point X="115" Y="183" T="119725839" />
  <Point X="112" Y="183" T="119725857" />
  <Point X="110" Y="182" T="119725875" />
  <Point X="108" Y="183" T="119725892" />
  <Point X="106" Y="183" T="119725909" />
  <Point X="104" Y="183" T="119725925" />
  <Point X="102" Y="181" T="119725945" />
  <Point X="100" Y="183" T="119725962" />
  <Point X="98" Y="183" T="119725979" />
  <Point X="96" Y="183" T="119725996" />
  <Point X="94" Y="182" T="119726017" />
  <Point X="92" Y="182" T="119726046" />
  <Point X="94" Y="181" T="119726183" />
  <Point X="96" Y="180" T="119726203" />
  <Point X="98" Y="181" T="119726221" />
  <Point X="101" Y="180" T="119726240" />
  <Point X="103" Y="180" T="119726259" />
  <Point X="107" Y="179" T="119726279" />
  <Point X="110" Y="179" T="119726298" />
  <Point X="113" Y="178" T="119726299" />
  <Point X="115" Y="178" T="119726322" />
  <Point X="118" Y="178" T="119726323" />
  <Point X="120" Y="178" T="119726343" />
  <Point X="123" Y="178" T="119726364" />
  <Point X="125" Y="177" T="119726384" />
  <Point X="129" Y="177" T="119726406" />
  <Point X="132" Y="177" T="119726427" />
  <Point X="134" Y="176" T="119726448" />
  <Point X="136" Y="175" T="119726470" />
  <Point X="138" Y="175" T="119726491" />
  <Point X="140" Y="174" T="119726535" />
  <Point X="142" Y="174" T="119726616" />
  <Point X="144" Y="174" T="119726723" />
  <Point X="144" Y="176" T="119726758" />
  <Point X="143" Y="179" T="119726800" />
  <Point X="143" Y="181" T="119726832" />
  <Point X="143" Y="183" T="119726856" />
  <Point X="143" Y="185" T="119726879" />
  <Point X="143" Y="187" T="119726903" />
  <Point X="143" Y="192" T="119726927" />
  <Point X="144" Y="195" T="119726951" />
  <Point X="144" Y="197" T="119726975" />
  <Point X="145" Y="202" T="119726999" />
  <Point X="145" Y="207" T="119727023" />
  <Point X="145" Y="213" T="119727049" />
  <Point X="146" Y="216" T="119727074" />
  <Point X="147" Y="220" T="119727100" />
  <Point X="147" Y="226" T="119727125" />
  <Point X="148" Y="232" T="119727151" />
  <Point X="149" Y="236" T="119727177" />
  <Point X="149" Y="240" T="119727203" />
  <Point X="150" Y="245" T="119727229" />
</Gesture>