﻿<?xml version="1.0" encoding="utf-8" standalone="yes"?>
<Gesture Name="arrow07" Subject="5" Speed="slow" Number="7" NumPts="96" Millseconds="2441" AppName="Gestures" AppVer="3.7.0.0" Date="Friday, March 09, 2007" TimeOfDay="9:53:28 PM">
  <Point X="49" Y="223" T="119721409" />
  <Point X="52" Y="223" T="119721425" />
  <Point X="54" Y="222" T="119721441" />
  <Point X="56" Y="221" T="119721454" />
  <Point X="59" Y="220" T="119721471" />
  <Point X="61" Y="219" T="119721483" />
  <Point X="63" Y="218" T="119721495" />
  <Point X="66" Y="218" T="119721507" />
  <Point X="68" Y="216" T="119721519" />
  <Point X="70" Y="215" T="119721531" />
  <Point X="72" Y="214" T="119721543" />
  <Point X="75" Y="213" T="119721555" />
  <Point X="77" Y="212" T="119721567" />
  <Point X="79" Y="213" T="119721579" />
  <Point X="82" Y="210" T="119721592" />
  <Point X="84" Y="209" T="119721605" />
  <Point X="86" Y="208" T="119721617" />
  <Point X="89" Y="207" T="119721629" />
  <Point X="91" Y="205" T="119721642" />
  <Point X="93" Y="204" T="119721652" />
  <Point X="96" Y="203" T="119721662" />
  <Point X="98" Y="201" T="119721674" />
  <Point X="100" Y="199" T="119721686" />
  <Point X="102" Y="199" T="119721699" />
  <Point X="104" Y="197" T="119721710" />
  <Point X="106" Y="196" T="119721722" />
  <Point X="108" Y="194" T="119721738" />
  <Point X="110" Y="192" T="119721754" />
  <Point X="112" Y="191" T="119721774" />
  <Point X="114" Y="190" T="119721790" />
  <Point X="117" Y="187" T="119721810" />
  <Point X="119" Y="186" T="119721830" />
  <Point X="121" Y="185" T="119721854" />
  <Point X="123" Y="184" T="119721898" />
  <Point X="125" Y="181" T="119721930" />
  <Point X="123" Y="181" T="119722191" />
  <Point X="120" Y="181" T="119722212" />
  <Point X="118" Y="181" T="119722228" />
  <Point X="116" Y="182" T="119722248" />
  <Point X="114" Y="182" T="119722261" />
  <Point X="112" Y="182" T="119722277" />
  <Point X="110" Y="182" T="119722293" />
  <Point X="108" Y="182" T="119722308" />
  <Point X="106" Y="183" T="119722325" />
  <Point X="104" Y="182" T="119722341" />
  <Point X="102" Y="183" T="119722355" />
  <Point X="99" Y="184" T="119722369" />
  <Point X="97" Y="183" T="119722384" />
  <Point X="94" Y="183" T="119722399" />
  <Point X="92" Y="183" T="119722414" />
  <Point X="90" Y="183" T="119722433" />
  <Point X="88" Y="184" T="119722461" />
  <Point X="87" Y="182" T="119722612" />
  <Point X="89" Y="183" T="119722763" />
  <Point X="91" Y="181" T="119722796" />
  <Point X="93" Y="182" T="119722816" />
  <Point X="95" Y="182" T="119722833" />
  <Point X="97" Y="182" T="119722849" />
  <Point X="100" Y="180" T="119722867" />
  <Point X="102" Y="181" T="119722884" />
  <Point X="104" Y="181" T="119722885" />
  <Point X="106" Y="181" T="119722903" />
  <Point X="108" Y="180" T="119722920" />
  <Point X="110" Y="181" T="119722939" />
  <Point X="115" Y="181" T="119722957" />
  <Point X="117" Y="180" T="119722976" />
  <Point X="120" Y="180" T="119722995" />
  <Point X="122" Y="180" T="119723013" />
  <Point X="124" Y="180" T="119723034" />
  <Point X="128" Y="179" T="119723053" />
  <Point X="130" Y="179" T="119723073" />
  <Point X="132" Y="179" T="119723096" />
  <Point X="134" Y="179" T="119723129" />
  <Point X="136" Y="177" T="119723157" />
  <Point X="138" Y="177" T="119723202" />
  <Point X="139" Y="179" T="119723445" />
  <Point X="139" Y="181" T="119723489" />
  <Point X="138" Y="183" T="119723510" />
  <Point X="138" Y="185" T="119723538" />
  <Point X="138" Y="187" T="119723559" />
  <Point X="137" Y="189" T="119723581" />
  <Point X="137" Y="192" T="119723582" />
  <Point X="137" Y="194" T="119723605" />
  <Point X="137" Y="199" T="119723627" />
  <Point X="137" Y="204" T="119723655" />
  <Point X="137" Y="207" T="119723677" />
  <Point X="137" Y="209" T="119723678" />
  <Point X="137" Y="214" T="119723701" />
  <Point X="137" Y="221" T="119723725" />
  <Point X="137" Y="226" T="119723750" />
  <Point X="137" Y="229" T="119723751" />
  <Point X="138" Y="234" T="119723775" />
  <Point X="139" Y="237" T="119723799" />
  <Point X="139" Y="239" T="119723800" />
  <Point X="140" Y="241" T="119723824" />
  <Point X="140" Y="244" T="119723850" />
</Gesture>