﻿<?xml version="1.0" encoding="utf-8" standalone="yes"?>
<Gesture Name="arrow04" Subject="5" Speed="slow" Number="4" NumPts="105" Millseconds="2479" AppName="Gestures" AppVer="3.7.0.0" Date="Friday, March 09, 2007" TimeOfDay="9:53:19 PM">
  <Point X="36" Y="233" T="119711926" />
  <Point X="38" Y="233" T="119711937" />
  <Point X="40" Y="231" T="119711949" />
  <Point X="43" Y="231" T="119711961" />
  <Point X="45" Y="230" T="119711977" />
  <Point X="47" Y="228" T="119711990" />
  <Point X="50" Y="229" T="119712002" />
  <Point X="52" Y="226" T="119712014" />
  <Point X="54" Y="226" T="119712025" />
  <Point X="56" Y="226" T="119712041" />
  <Point X="59" Y="224" T="119712057" />
  <Point X="61" Y="223" T="119712069" />
  <Point X="63" Y="223" T="119712085" />
  <Point X="65" Y="222" T="119712098" />
  <Point X="67" Y="221" T="119712114" />
  <Point X="70" Y="220" T="119712131" />
  <Point X="72" Y="219" T="119712152" />
  <Point X="74" Y="218" T="119712163" />
  <Point X="76" Y="216" T="119712179" />
  <Point X="78" Y="215" T="119712195" />
  <Point X="80" Y="214" T="119712211" />
  <Point X="83" Y="212" T="119712228" />
  <Point X="85" Y="211" T="119712244" />
  <Point X="87" Y="210" T="119712256" />
  <Point X="89" Y="208" T="119712272" />
  <Point X="91" Y="206" T="119712285" />
  <Point X="93" Y="204" T="119712297" />
  <Point X="96" Y="203" T="119712313" />
  <Point X="98" Y="201" T="119712329" />
  <Point X="100" Y="199" T="119712346" />
  <Point X="102" Y="197" T="119712362" />
  <Point X="105" Y="196" T="119712377" />
  <Point X="107" Y="194" T="119712397" />
  <Point X="110" Y="193" T="119712418" />
  <Point X="112" Y="191" T="119712439" />
  <Point X="114" Y="191" T="119712460" />
  <Point X="116" Y="189" T="119712488" />
  <Point X="118" Y="187" T="119712513" />
  <Point X="120" Y="186" T="119712541" />
  <Point X="121" Y="184" T="119712573" />
  <Point X="123" Y="182" T="119712630" />
  <Point X="121" Y="183" T="119712754" />
  <Point X="119" Y="184" T="119712779" />
  <Point X="116" Y="184" T="119712799" />
  <Point X="114" Y="185" T="119712819" />
  <Point X="112" Y="186" T="119712835" />
  <Point X="110" Y="186" T="119712851" />
  <Point X="108" Y="186" T="119712866" />
  <Point X="106" Y="186" T="119712882" />
  <Point X="104" Y="187" T="119712898" />
  <Point X="101" Y="187" T="119712914" />
  <Point X="99" Y="188" T="119712930" />
  <Point X="96" Y="189" T="119712932" />
  <Point X="94" Y="189" T="119712949" />
  <Point X="92" Y="189" T="119712969" />
  <Point X="90" Y="190" T="119712985" />
  <Point X="88" Y="190" T="119713002" />
  <Point X="86" Y="191" T="119713004" />
  <Point X="84" Y="192" T="119713024" />
  <Point X="82" Y="192" T="119713042" />
  <Point X="80" Y="192" T="119713060" />
  <Point X="77" Y="193" T="119713080" />
  <Point X="75" Y="192" T="119713104" />
  <Point X="73" Y="192" T="119713141" />
  <Point X="71" Y="193" T="119713165" />
  <Point X="69" Y="193" T="119713198" />
  <Point X="71" Y="193" T="119713285" />
  <Point X="73" Y="192" T="119713304" />
  <Point X="76" Y="190" T="119713324" />
  <Point X="80" Y="190" T="119713345" />
  <Point X="84" Y="189" T="119713365" />
  <Point X="86" Y="189" T="119713386" />
  <Point X="88" Y="188" T="119713408" />
  <Point X="91" Y="187" T="119713429" />
  <Point X="95" Y="187" T="119713451" />
  <Point X="100" Y="185" T="119713473" />
  <Point X="104" Y="184" T="119713498" />
  <Point X="109" Y="183" T="119713520" />
  <Point X="113" Y="181" T="119713543" />
  <Point X="116" Y="179" T="119713565" />
  <Point X="118" Y="179" T="119713566" />
  <Point X="120" Y="178" T="119713589" />
  <Point X="122" Y="177" T="119713612" />
  <Point X="124" Y="177" T="119713634" />
  <Point X="126" Y="177" T="119713826" />
  <Point X="128" Y="179" T="119713954" />
  <Point X="128" Y="181" T="119713978" />
  <Point X="127" Y="183" T="119714002" />
  <Point X="127" Y="185" T="119714026" />
  <Point X="127" Y="188" T="119714051" />
  <Point X="126" Y="193" T="119714077" />
  <Point X="126" Y="197" T="119714103" />
  <Point X="126" Y="199" T="119714128" />
  <Point X="127" Y="204" T="119714154" />
  <Point X="127" Y="206" T="119714181" />
  <Point X="128" Y="210" T="119714207" />
  <Point X="128" Y="216" T="119714233" />
  <Point X="128" Y="221" T="119714260" />
  <Point X="128" Y="223" T="119714290" />
  <Point X="129" Y="226" T="119714292" />
  <Point X="130" Y="232" T="119714320" />
  <Point X="131" Y="234" T="119714346" />
  <Point X="131" Y="237" T="119714348" />
  <Point X="131" Y="239" T="119714375" />
  <Point X="132" Y="242" T="119714405" />
</Gesture>