﻿<?xml version="1.0" encoding="utf-8" standalone="yes"?>
<Gesture Name="caret01" Subject="5" Speed="slow" Number="1" NumPts="94" Millseconds="2791" AppName="Gestures" AppVer="3.7.0.0" Date="Friday, March 09, 2007" TimeOfDay="9:51:43 PM">
  <Point X="44" Y="231" T="119615204" />
  <Point X="46" Y="230" T="119615256" />
  <Point X="47" Y="228" T="119615276" />
  <Point X="49" Y="226" T="119615332" />
  <Point X="51" Y="224" T="119615380" />
  <Point X="52" Y="222" T="119615405" />
  <Point X="53" Y="220" T="119615429" />
  <Point X="55" Y="219" T="119615469" />
  <Point X="56" Y="216" T="119615489" />
  <Point X="57" Y="214" T="119615521" />
  <Point X="59" Y="212" T="119615545" />
  <Point X="61" Y="210" T="119615582" />
  <Point X="61" Y="208" T="119615602" />
  <Point X="62" Y="206" T="119615635" />
  <Point X="63" Y="204" T="119615659" />
  <Point X="64" Y="201" T="119615684" />
  <Point X="65" Y="199" T="119615716" />
  <Point X="66" Y="197" T="119615759" />
  <Point X="66" Y="195" T="119615780" />
  <Point X="67" Y="193" T="119615808" />
  <Point X="68" Y="191" T="119615848" />
  <Point X="69" Y="189" T="119615880" />
  <Point X="69" Y="187" T="119615901" />
  <Point X="70" Y="185" T="119615921" />
  <Point X="71" Y="182" T="119615956" />
  <Point X="71" Y="180" T="119615993" />
  <Point X="72" Y="177" T="119616013" />
  <Point X="73" Y="175" T="119616068" />
  <Point X="74" Y="172" T="119616088" />
  <Point X="75" Y="170" T="119616128" />
  <Point X="76" Y="168" T="119616149" />
  <Point X="77" Y="166" T="119616169" />
  <Point X="79" Y="164" T="119616210" />
  <Point X="80" Y="162" T="119616229" />
  <Point X="81" Y="159" T="119616250" />
  <Point X="82" Y="157" T="119616278" />
  <Point X="84" Y="156" T="119616311" />
  <Point X="86" Y="154" T="119616344" />
  <Point X="88" Y="151" T="119616379" />
  <Point X="90" Y="149" T="119616403" />
  <Point X="91" Y="147" T="119616428" />
  <Point X="93" Y="145" T="119616455" />
  <Point X="95" Y="143" T="119616476" />
  <Point X="96" Y="141" T="119616493" />
  <Point X="98" Y="139" T="119616521" />
  <Point X="100" Y="136" T="119616549" />
  <Point X="101" Y="134" T="119616565" />
  <Point X="103" Y="132" T="119616597" />
  <Point X="105" Y="130" T="119616629" />
  <Point X="106" Y="128" T="119616677" />
  <Point X="106" Y="130" T="119616961" />
  <Point X="106" Y="132" T="119617038" />
  <Point X="106" Y="134" T="119617075" />
  <Point X="106" Y="136" T="119617096" />
  <Point X="106" Y="138" T="119617125" />
  <Point X="106" Y="141" T="119617145" />
  <Point X="107" Y="143" T="119617186" />
  <Point X="107" Y="145" T="119617202" />
  <Point X="107" Y="148" T="119617219" />
  <Point X="108" Y="150" T="119617242" />
  <Point X="108" Y="152" T="119617259" />
  <Point X="108" Y="155" T="119617282" />
  <Point X="108" Y="157" T="119617300" />
  <Point X="108" Y="161" T="119617318" />
  <Point X="109" Y="163" T="119617336" />
  <Point X="110" Y="165" T="119617354" />
  <Point X="111" Y="168" T="119617373" />
  <Point X="112" Y="170" T="119617394" />
  <Point X="113" Y="173" T="119617414" />
  <Point X="114" Y="176" T="119617434" />
  <Point X="115" Y="178" T="119617453" />
  <Point X="115" Y="180" T="119617473" />
  <Point X="116" Y="184" T="119617493" />
  <Point X="118" Y="186" T="119617513" />
  <Point X="118" Y="189" T="119617533" />
  <Point X="119" Y="192" T="119617553" />
  <Point X="121" Y="197" T="119617575" />
  <Point X="123" Y="199" T="119617595" />
  <Point X="124" Y="202" T="119617616" />
  <Point X="126" Y="204" T="119617638" />
  <Point X="127" Y="209" T="119617659" />
  <Point X="128" Y="211" T="119617681" />
  <Point X="129" Y="214" T="119617703" />
  <Point X="130" Y="216" T="119617725" />
  <Point X="132" Y="220" T="119617750" />
  <Point X="133" Y="223" T="119617772" />
  <Point X="135" Y="225" T="119617795" />
  <Point X="136" Y="229" T="119617818" />
  <Point X="138" Y="233" T="119617842" />
  <Point X="139" Y="236" T="119617865" />
  <Point X="140" Y="238" T="119617889" />
  <Point X="141" Y="240" T="119617916" />
  <Point X="144" Y="244" T="119617945" />
  <Point X="146" Y="246" T="119617995" />
</Gesture>