﻿<?xml version="1.0" encoding="utf-8" standalone="yes"?>
<Gesture Name="caret09" Subject="5" Speed="slow" Number="9" NumPts="75" Millseconds="1804" AppName="Gestures" AppVer="3.7.0.0" Date="Friday, March 09, 2007" TimeOfDay="9:52:05 PM">
  <Point X="79" Y="203" T="119639044" />
  <Point X="81" Y="202" T="119639080" />
  <Point X="83" Y="200" T="119639096" />
  <Point X="84" Y="198" T="119639104" />
  <Point X="86" Y="196" T="119639124" />
  <Point X="88" Y="194" T="119639135" />
  <Point X="90" Y="192" T="119639147" />
  <Point X="91" Y="189" T="119639159" />
  <Point X="93" Y="187" T="119639172" />
  <Point X="94" Y="185" T="119639180" />
  <Point X="95" Y="182" T="119639192" />
  <Point X="96" Y="180" T="119639204" />
  <Point X="98" Y="178" T="119639220" />
  <Point X="99" Y="176" T="119639233" />
  <Point X="99" Y="173" T="119639250" />
  <Point X="100" Y="171" T="119639270" />
  <Point X="101" Y="168" T="119639281" />
  <Point X="101" Y="166" T="119639298" />
  <Point X="102" Y="163" T="119639319" />
  <Point X="103" Y="160" T="119639342" />
  <Point X="103" Y="158" T="119639362" />
  <Point X="103" Y="156" T="119639381" />
  <Point X="103" Y="154" T="119639393" />
  <Point X="103" Y="152" T="119639410" />
  <Point X="104" Y="150" T="119639425" />
  <Point X="105" Y="148" T="119639448" />
  <Point X="106" Y="145" T="119639472" />
  <Point X="106" Y="143" T="119639492" />
  <Point X="107" Y="141" T="119639513" />
  <Point X="108" Y="138" T="119639526" />
  <Point X="109" Y="136" T="119639541" />
  <Point X="110" Y="134" T="119639564" />
  <Point X="111" Y="132" T="119639585" />
  <Point X="112" Y="130" T="119639601" />
  <Point X="114" Y="127" T="119639626" />
  <Point X="116" Y="124" T="119639651" />
  <Point X="118" Y="123" T="119639675" />
  <Point X="119" Y="120" T="119639716" />
  <Point X="121" Y="118" T="119639739" />
  <Point X="122" Y="115" T="119639767" />
  <Point X="123" Y="113" T="119639795" />
  <Point X="124" Y="111" T="119639811" />
  <Point X="126" Y="109" T="119639868" />
  <Point X="127" Y="106" T="119639888" />
  <Point X="128" Y="104" T="119639956" />
  <Point X="130" Y="103" T="119640120" />
  <Point X="131" Y="105" T="119640354" />
  <Point X="130" Y="107" T="119640374" />
  <Point X="130" Y="109" T="119640394" />
  <Point X="130" Y="111" T="119640410" />
  <Point X="130" Y="113" T="119640426" />
  <Point X="131" Y="115" T="119640443" />
  <Point X="131" Y="121" T="119640459" />
  <Point X="131" Y="123" T="119640476" />
  <Point X="132" Y="129" T="119640493" />
  <Point X="132" Y="132" T="119640495" />
  <Point X="133" Y="139" T="119640513" />
  <Point X="135" Y="144" T="119640531" />
  <Point X="136" Y="148" T="119640549" />
  <Point X="137" Y="153" T="119640568" />
  <Point X="138" Y="158" T="119640587" />
  <Point X="139" Y="163" T="119640605" />
  <Point X="139" Y="165" T="119640607" />
  <Point X="141" Y="173" T="119640629" />
  <Point X="143" Y="181" T="119640648" />
  <Point X="145" Y="185" T="119640668" />
  <Point X="148" Y="191" T="119640687" />
  <Point X="151" Y="195" T="119640707" />
  <Point X="153" Y="200" T="119640728" />
  <Point X="157" Y="204" T="119640748" />
  <Point X="160" Y="211" T="119640769" />
  <Point X="165" Y="214" T="119640789" />
  <Point X="167" Y="216" T="119640810" />
  <Point X="168" Y="218" T="119640811" />
  <Point X="170" Y="218" T="119640848" />
</Gesture>