﻿<?xml version="1.0" encoding="utf-8" standalone="yes"?>
<Gesture Name="caret07" Subject="5" Speed="slow" Number="7" NumPts="87" Millseconds="1983" AppName="Gestures" AppVer="3.7.0.0" Date="Friday, March 09, 2007" TimeOfDay="9:52:00 PM">
  <Point X="78" Y="209" T="119633583" />
  <Point X="80" Y="208" T="119633623" />
  <Point X="81" Y="205" T="119633639" />
  <Point X="81" Y="203" T="119633651" />
  <Point X="83" Y="201" T="119633672" />
  <Point X="85" Y="199" T="119633692" />
  <Point X="86" Y="197" T="119633700" />
  <Point X="87" Y="195" T="119633708" />
  <Point X="89" Y="193" T="119633724" />
  <Point X="90" Y="191" T="119633736" />
  <Point X="91" Y="189" T="119633752" />
  <Point X="92" Y="187" T="119633760" />
  <Point X="93" Y="184" T="119633785" />
  <Point X="95" Y="181" T="119633805" />
  <Point X="96" Y="179" T="119633822" />
  <Point X="96" Y="177" T="119633835" />
  <Point X="97" Y="175" T="119633859" />
  <Point X="97" Y="173" T="119633880" />
  <Point X="97" Y="171" T="119633904" />
  <Point X="98" Y="169" T="119633924" />
  <Point X="98" Y="166" T="119633956" />
  <Point X="98" Y="164" T="119633989" />
  <Point X="98" Y="162" T="119634010" />
  <Point X="99" Y="160" T="119634029" />
  <Point X="99" Y="157" T="119634053" />
  <Point X="100" Y="155" T="119634082" />
  <Point X="101" Y="153" T="119634102" />
  <Point X="102" Y="150" T="119634114" />
  <Point X="103" Y="148" T="119634142" />
  <Point X="103" Y="146" T="119634203" />
  <Point X="104" Y="144" T="119634228" />
  <Point X="105" Y="142" T="119634248" />
  <Point X="107" Y="140" T="119634297" />
  <Point X="108" Y="137" T="119634317" />
  <Point X="110" Y="135" T="119634338" />
  <Point X="112" Y="133" T="119634363" />
  <Point X="113" Y="131" T="119634379" />
  <Point X="115" Y="129" T="119634408" />
  <Point X="117" Y="128" T="119634432" />
  <Point X="118" Y="126" T="119634445" />
  <Point X="120" Y="125" T="119634468" />
  <Point X="121" Y="122" T="119634481" />
  <Point X="123" Y="120" T="119634500" />
  <Point X="125" Y="118" T="119634521" />
  <Point X="127" Y="115" T="119634545" />
  <Point X="129" Y="113" T="119634569" />
  <Point X="130" Y="111" T="119634589" />
  <Point X="131" Y="109" T="119634609" />
  <Point X="133" Y="107" T="119634638" />
  <Point X="135" Y="105" T="119634717" />
  <Point X="136" Y="107" T="119634957" />
  <Point X="135" Y="109" T="119634985" />
  <Point X="135" Y="112" T="119635002" />
  <Point X="135" Y="114" T="119635018" />
  <Point X="135" Y="118" T="119635034" />
  <Point X="135" Y="121" T="119635050" />
  <Point X="135" Y="123" T="119635067" />
  <Point X="136" Y="125" T="119635084" />
  <Point X="136" Y="127" T="119635085" />
  <Point X="137" Y="130" T="119635105" />
  <Point X="137" Y="132" T="119635106" />
  <Point X="138" Y="137" T="119635124" />
  <Point X="139" Y="142" T="119635142" />
  <Point X="139" Y="148" T="119635161" />
  <Point X="139" Y="150" T="119635162" />
  <Point X="140" Y="152" T="119635180" />
  <Point X="141" Y="156" T="119635199" />
  <Point X="143" Y="161" T="119635224" />
  <Point X="143" Y="163" T="119635225" />
  <Point X="144" Y="168" T="119635245" />
  <Point X="146" Y="173" T="119635265" />
  <Point X="147" Y="178" T="119635285" />
  <Point X="149" Y="183" T="119635305" />
  <Point X="151" Y="185" T="119635325" />
  <Point X="152" Y="188" T="119635345" />
  <Point X="155" Y="193" T="119635366" />
  <Point X="156" Y="196" T="119635386" />
  <Point X="158" Y="200" T="119635407" />
  <Point X="159" Y="203" T="119635429" />
  <Point X="161" Y="205" T="119635430" />
  <Point X="162" Y="207" T="119635452" />
  <Point X="164" Y="213" T="119635473" />
  <Point X="167" Y="217" T="119635496" />
  <Point X="168" Y="221" T="119635519" />
  <Point X="170" Y="223" T="119635542" />
  <Point X="172" Y="225" T="119635565" />
  <Point X="174" Y="227" T="119635566" />
</Gesture>