﻿<?xml version="1.0" encoding="utf-8" standalone="yes"?>
<Gesture Name="caret10" Subject="5" Speed="slow" Number="10" NumPts="93" Millseconds="2076" AppName="Gestures" AppVer="3.7.0.0" Date="Friday, March 09, 2007" TimeOfDay="9:52:08 PM">
  <Point X="68" Y="230" T="119641606" />
  <Point X="70" Y="227" T="119641626" />
  <Point X="72" Y="226" T="119641642" />
  <Point X="74" Y="224" T="119641657" />
  <Point X="77" Y="223" T="119641677" />
  <Point X="78" Y="221" T="119641693" />
  <Point X="80" Y="219" T="119641705" />
  <Point X="82" Y="216" T="119641721" />
  <Point X="84" Y="215" T="119641741" />
  <Point X="86" Y="212" T="119641765" />
  <Point X="88" Y="210" T="119641781" />
  <Point X="89" Y="208" T="119641801" />
  <Point X="91" Y="206" T="119641814" />
  <Point X="92" Y="203" T="119641827" />
  <Point X="93" Y="201" T="119641839" />
  <Point X="95" Y="199" T="119641860" />
  <Point X="95" Y="197" T="119641873" />
  <Point X="96" Y="195" T="119641906" />
  <Point X="97" Y="193" T="119641926" />
  <Point X="98" Y="191" T="119641949" />
  <Point X="98" Y="188" T="119641966" />
  <Point X="98" Y="186" T="119641989" />
  <Point X="98" Y="184" T="119642006" />
  <Point X="99" Y="181" T="119642026" />
  <Point X="99" Y="179" T="119642042" />
  <Point X="100" Y="177" T="119642054" />
  <Point X="101" Y="175" T="119642070" />
  <Point X="102" Y="173" T="119642094" />
  <Point X="103" Y="171" T="119642118" />
  <Point X="103" Y="168" T="119642130" />
  <Point X="104" Y="165" T="119642154" />
  <Point X="105" Y="163" T="119642179" />
  <Point X="106" Y="161" T="119642195" />
  <Point X="107" Y="159" T="119642212" />
  <Point X="108" Y="157" T="119642232" />
  <Point X="109" Y="154" T="119642257" />
  <Point X="111" Y="152" T="119642280" />
  <Point X="112" Y="150" T="119642297" />
  <Point X="113" Y="148" T="119642312" />
  <Point X="115" Y="146" T="119642328" />
  <Point X="116" Y="144" T="119642344" />
  <Point X="118" Y="141" T="119642360" />
  <Point X="119" Y="139" T="119642393" />
  <Point X="121" Y="137" T="119642421" />
  <Point X="123" Y="135" T="119642445" />
  <Point X="124" Y="133" T="119642461" />
  <Point X="126" Y="130" T="119642481" />
  <Point X="127" Y="128" T="119642505" />
  <Point X="129" Y="126" T="119642529" />
  <Point X="130" Y="124" T="119642549" />
  <Point X="131" Y="122" T="119642565" />
  <Point X="132" Y="120" T="119642581" />
  <Point X="134" Y="118" T="119642605" />
  <Point X="135" Y="115" T="119642642" />
  <Point X="136" Y="113" T="119642671" />
  <Point X="138" Y="111" T="119642719" />
  <Point X="139" Y="109" T="119642760" />
  <Point X="140" Y="106" T="119642812" />
  <Point X="141" Y="108" T="119642968" />
  <Point X="140" Y="111" T="119643024" />
  <Point X="140" Y="113" T="119643061" />
  <Point X="140" Y="115" T="119643085" />
  <Point X="141" Y="117" T="119643105" />
  <Point X="141" Y="119" T="119643129" />
  <Point X="141" Y="121" T="119643149" />
  <Point X="141" Y="123" T="119643168" />
  <Point X="142" Y="126" T="119643186" />
  <Point X="142" Y="131" T="119643206" />
  <Point X="143" Y="133" T="119643225" />
  <Point X="144" Y="135" T="119643254" />
  <Point X="144" Y="138" T="119643273" />
  <Point X="145" Y="141" T="119643293" />
  <Point X="147" Y="146" T="119643313" />
  <Point X="148" Y="150" T="119643334" />
  <Point X="148" Y="152" T="119643335" />
  <Point X="149" Y="157" T="119643357" />
  <Point X="151" Y="161" T="119643378" />
  <Point X="152" Y="166" T="119643399" />
  <Point X="154" Y="170" T="119643421" />
  <Point X="156" Y="175" T="119643442" />
  <Point X="159" Y="182" T="119643464" />
  <Point X="160" Y="184" T="119643486" />
  <Point X="162" Y="187" T="119643487" />
  <Point X="164" Y="191" T="119643512" />
  <Point X="166" Y="196" T="119643536" />
  <Point X="169" Y="203" T="119643560" />
  <Point X="172" Y="208" T="119643584" />
  <Point X="174" Y="211" T="119643607" />
  <Point X="177" Y="215" T="119643630" />
  <Point X="178" Y="218" T="119643654" />
  <Point X="179" Y="220" T="119643655" />
  <Point X="180" Y="222" T="119643681" />
  <Point X="181" Y="224" T="119643682" />
</Gesture>