﻿<?xml version="1.0" encoding="utf-8" standalone="yes"?>
<Gesture Name="caret08" Subject="5" Speed="slow" Number="8" NumPts="78" Millseconds="2215" AppName="Gestures" AppVer="3.7.0.0" Date="Friday, March 09, 2007" TimeOfDay="9:52:03 PM">
  <Point X="80" Y="206" T="119636214" />
  <Point X="81" Y="204" T="119636233" />
  <Point X="82" Y="202" T="119636246" />
  <Point X="83" Y="200" T="119636270" />
  <Point X="85" Y="199" T="119636290" />
  <Point X="87" Y="196" T="119636307" />
  <Point X="88" Y="193" T="119636323" />
  <Point X="89" Y="191" T="119636339" />
  <Point X="90" Y="189" T="119636351" />
  <Point X="92" Y="187" T="119636367" />
  <Point X="93" Y="185" T="119636383" />
  <Point X="94" Y="183" T="119636408" />
  <Point X="95" Y="181" T="119636425" />
  <Point X="95" Y="179" T="119636433" />
  <Point X="96" Y="177" T="119636449" />
  <Point X="97" Y="174" T="119636470" />
  <Point X="98" Y="172" T="119636491" />
  <Point X="99" Y="170" T="119636499" />
  <Point X="99" Y="168" T="119636519" />
  <Point X="100" Y="166" T="119636556" />
  <Point X="100" Y="164" T="119636589" />
  <Point X="100" Y="162" T="119636609" />
  <Point X="100" Y="160" T="119636633" />
  <Point X="100" Y="158" T="119636653" />
  <Point X="101" Y="156" T="119636672" />
  <Point X="102" Y="153" T="119636688" />
  <Point X="103" Y="151" T="119636716" />
  <Point X="103" Y="149" T="119636732" />
  <Point X="104" Y="147" T="119636748" />
  <Point X="106" Y="144" T="119636781" />
  <Point X="108" Y="143" T="119636817" />
  <Point X="109" Y="141" T="119636838" />
  <Point X="110" Y="139" T="119636850" />
  <Point X="112" Y="137" T="119636883" />
  <Point X="113" Y="135" T="119636899" />
  <Point X="115" Y="133" T="119636924" />
  <Point X="116" Y="131" T="119636936" />
  <Point X="117" Y="129" T="119636949" />
  <Point X="120" Y="126" T="119636975" />
  <Point X="121" Y="124" T="119637003" />
  <Point X="124" Y="122" T="119637027" />
  <Point X="126" Y="120" T="119637051" />
  <Point X="127" Y="118" T="119637065" />
  <Point X="129" Y="116" T="119637093" />
  <Point X="130" Y="114" T="119637113" />
  <Point X="131" Y="112" T="119637153" />
  <Point X="132" Y="110" T="119637200" />
  <Point X="133" Y="108" T="119637257" />
  <Point X="134" Y="106" T="119637620" />
  <Point X="136" Y="104" T="119637744" />
  <Point X="136" Y="107" T="119637926" />
  <Point X="136" Y="109" T="119637942" />
  <Point X="136" Y="111" T="119637958" />
  <Point X="136" Y="114" T="119637975" />
  <Point X="136" Y="116" T="119637992" />
  <Point X="136" Y="118" T="119638009" />
  <Point X="136" Y="121" T="119638026" />
  <Point X="137" Y="127" T="119638044" />
  <Point X="138" Y="130" T="119638063" />
  <Point X="138" Y="132" T="119638081" />
  <Point X="139" Y="137" T="119638099" />
  <Point X="139" Y="139" T="119638118" />
  <Point X="140" Y="143" T="119638136" />
  <Point X="141" Y="151" T="119638156" />
  <Point X="142" Y="154" T="119638175" />
  <Point X="142" Y="157" T="119638176" />
  <Point X="144" Y="162" T="119638196" />
  <Point X="146" Y="170" T="119638216" />
  <Point X="148" Y="174" T="119638237" />
  <Point X="152" Y="181" T="119638257" />
  <Point X="155" Y="186" T="119638278" />
  <Point X="160" Y="194" T="119638299" />
  <Point X="164" Y="201" T="119638320" />
  <Point X="167" Y="206" T="119638341" />
  <Point X="168" Y="208" T="119638362" />
  <Point X="171" Y="213" T="119638386" />
  <Point X="173" Y="215" T="119638408" />
  <Point X="174" Y="218" T="119638429" />
</Gesture>