﻿<?xml version="1.0" encoding="utf-8" standalone="yes"?>
<Gesture Name="caret04" Subject="5" Speed="slow" Number="4" NumPts="90" Millseconds="2268" AppName="Gestures" AppVer="3.7.0.0" Date="Friday, March 09, 2007" TimeOfDay="9:51:52 PM">
  <Point X="70" Y="220" T="119625144" />
  <Point X="71" Y="218" T="119625193" />
  <Point X="72" Y="216" T="119625218" />
  <Point X="74" Y="214" T="119625250" />
  <Point X="75" Y="212" T="119625274" />
  <Point X="77" Y="210" T="119625294" />
  <Point X="79" Y="207" T="119625327" />
  <Point X="80" Y="205" T="119625343" />
  <Point X="82" Y="203" T="119625375" />
  <Point X="83" Y="201" T="119625395" />
  <Point X="85" Y="198" T="119625419" />
  <Point X="85" Y="196" T="119625435" />
  <Point X="87" Y="194" T="119625463" />
  <Point X="88" Y="192" T="119625491" />
  <Point X="89" Y="190" T="119625512" />
  <Point X="89" Y="186" T="119625532" />
  <Point X="90" Y="184" T="119625548" />
  <Point X="91" Y="182" T="119625573" />
  <Point X="92" Y="180" T="119625585" />
  <Point X="93" Y="177" T="119625625" />
  <Point X="93" Y="175" T="119625645" />
  <Point X="94" Y="173" T="119625665" />
  <Point X="94" Y="171" T="119625682" />
  <Point X="95" Y="169" T="119625701" />
  <Point X="96" Y="166" T="119625725" />
  <Point X="97" Y="164" T="119625753" />
  <Point X="98" Y="162" T="119625773" />
  <Point X="99" Y="160" T="119625802" />
  <Point X="100" Y="157" T="119625814" />
  <Point X="101" Y="155" T="119625847" />
  <Point X="103" Y="153" T="119625878" />
  <Point X="104" Y="151" T="119625915" />
  <Point X="105" Y="149" T="119625931" />
  <Point X="106" Y="146" T="119625952" />
  <Point X="107" Y="144" T="119625973" />
  <Point X="108" Y="142" T="119626002" />
  <Point X="110" Y="140" T="119626033" />
  <Point X="112" Y="138" T="119626065" />
  <Point X="114" Y="136" T="119626096" />
  <Point X="116" Y="134" T="119626132" />
  <Point X="118" Y="132" T="119626156" />
  <Point X="120" Y="130" T="119626181" />
  <Point X="121" Y="128" T="119626194" />
  <Point X="123" Y="126" T="119626225" />
  <Point X="125" Y="124" T="119626252" />
  <Point X="127" Y="122" T="119626276" />
  <Point X="129" Y="119" T="119626296" />
  <Point X="131" Y="117" T="119626316" />
  <Point X="132" Y="115" T="119626340" />
  <Point X="134" Y="113" T="119626404" />
  <Point X="136" Y="111" T="119626452" />
  <Point X="137" Y="109" T="119626505" />
  <Point X="138" Y="107" T="119626565" />
  <Point X="139" Y="109" T="119626727" />
  <Point X="138" Y="111" T="119626764" />
  <Point X="138" Y="113" T="119626780" />
  <Point X="138" Y="115" T="119626808" />
  <Point X="137" Y="117" T="119626832" />
  <Point X="137" Y="120" T="119626849" />
  <Point X="137" Y="122" T="119626866" />
  <Point X="138" Y="124" T="119626883" />
  <Point X="138" Y="127" T="119626884" />
  <Point X="138" Y="129" T="119626902" />
  <Point X="138" Y="133" T="119626920" />
  <Point X="138" Y="135" T="119626939" />
  <Point X="139" Y="143" T="119626957" />
  <Point X="140" Y="148" T="119626976" />
  <Point X="141" Y="152" T="119626995" />
  <Point X="142" Y="156" T="119627015" />
  <Point X="143" Y="163" T="119627035" />
  <Point X="144" Y="168" T="119627055" />
  <Point X="145" Y="173" T="119627075" />
  <Point X="146" Y="175" T="119627076" />
  <Point X="148" Y="180" T="119627097" />
  <Point X="150" Y="185" T="119627118" />
  <Point X="150" Y="188" T="119627142" />
  <Point X="152" Y="193" T="119627163" />
  <Point X="153" Y="196" T="119627184" />
  <Point X="154" Y="198" T="119627185" />
  <Point X="155" Y="202" T="119627206" />
  <Point X="156" Y="205" T="119627228" />
  <Point X="158" Y="209" T="119627251" />
  <Point X="159" Y="212" T="119627273" />
  <Point X="160" Y="214" T="119627295" />
  <Point X="161" Y="217" T="119627296" />
  <Point X="163" Y="219" T="119627319" />
  <Point X="165" Y="224" T="119627342" />
  <Point X="166" Y="226" T="119627365" />
  <Point X="168" Y="229" T="119627388" />
  <Point X="168" Y="226" T="119627412" />
</Gesture>