﻿<?xml version="1.0" encoding="utf-8" standalone="yes"?>
<Gesture Name="caret05" Subject="5" Speed="slow" Number="5" NumPts="89" Millseconds="2148" AppName="Gestures" AppVer="3.7.0.0" Date="Friday, March 09, 2007" TimeOfDay="9:51:55 PM">
  <Point X="74" Y="215" T="119628104" />
  <Point X="75" Y="212" T="119628144" />
  <Point X="77" Y="210" T="119628156" />
  <Point X="79" Y="209" T="119628183" />
  <Point X="80" Y="207" T="119628200" />
  <Point X="81" Y="204" T="119628208" />
  <Point X="83" Y="203" T="119628232" />
  <Point X="84" Y="201" T="119628253" />
  <Point X="85" Y="198" T="119628269" />
  <Point X="87" Y="196" T="119628289" />
  <Point X="88" Y="193" T="119628301" />
  <Point X="89" Y="191" T="119628329" />
  <Point X="90" Y="189" T="119628345" />
  <Point X="91" Y="187" T="119628361" />
  <Point X="92" Y="185" T="119628378" />
  <Point X="92" Y="182" T="119628405" />
  <Point X="92" Y="180" T="119628430" />
  <Point X="93" Y="177" T="119628454" />
  <Point X="93" Y="175" T="119628479" />
  <Point X="94" Y="172" T="119628503" />
  <Point X="94" Y="170" T="119628531" />
  <Point X="94" Y="168" T="119628547" />
  <Point X="94" Y="165" T="119628571" />
  <Point X="94" Y="163" T="119628587" />
  <Point X="96" Y="161" T="119628608" />
  <Point X="96" Y="158" T="119628628" />
  <Point X="97" Y="156" T="119628673" />
  <Point X="98" Y="153" T="119628693" />
  <Point X="99" Y="151" T="119628734" />
  <Point X="100" Y="149" T="119628773" />
  <Point X="101" Y="147" T="119628793" />
  <Point X="103" Y="146" T="119628834" />
  <Point X="104" Y="144" T="119628854" />
  <Point X="106" Y="142" T="119628871" />
  <Point X="107" Y="140" T="119628887" />
  <Point X="108" Y="138" T="119628903" />
  <Point X="110" Y="135" T="119628920" />
  <Point X="111" Y="133" T="119628935" />
  <Point X="113" Y="131" T="119628960" />
  <Point X="115" Y="129" T="119628980" />
  <Point X="117" Y="127" T="119629008" />
  <Point X="118" Y="124" T="119629021" />
  <Point X="120" Y="122" T="119629044" />
  <Point X="121" Y="120" T="119629064" />
  <Point X="123" Y="118" T="119629092" />
  <Point X="124" Y="116" T="119629106" />
  <Point X="126" Y="114" T="119629132" />
  <Point X="127" Y="112" T="119629160" />
  <Point X="129" Y="110" T="119629212" />
  <Point X="130" Y="108" T="119629252" />
  <Point X="132" Y="106" T="119629337" />
  <Point X="134" Y="104" T="119629388" />
  <Point X="133" Y="106" T="119629541" />
  <Point X="132" Y="109" T="119629561" />
  <Point X="132" Y="111" T="119629578" />
  <Point X="131" Y="113" T="119629606" />
  <Point X="131" Y="115" T="119629626" />
  <Point X="131" Y="117" T="119629643" />
  <Point X="131" Y="120" T="119629660" />
  <Point X="131" Y="123" T="119629677" />
  <Point X="131" Y="127" T="119629695" />
  <Point X="131" Y="130" T="119629712" />
  <Point X="133" Y="137" T="119629731" />
  <Point X="133" Y="139" T="119629749" />
  <Point X="133" Y="142" T="119629750" />
  <Point X="134" Y="145" T="119629769" />
  <Point X="135" Y="150" T="119629787" />
  <Point X="136" Y="155" T="119629807" />
  <Point X="137" Y="159" T="119629826" />
  <Point X="139" Y="164" T="119629846" />
  <Point X="139" Y="167" T="119629847" />
  <Point X="141" Y="169" T="119629867" />
  <Point X="142" Y="174" T="119629887" />
  <Point X="144" Y="179" T="119629907" />
  <Point X="146" Y="184" T="119629928" />
  <Point X="147" Y="186" T="119629948" />
  <Point X="149" Y="191" T="119629969" />
  <Point X="151" Y="195" T="119629990" />
  <Point X="152" Y="200" T="119630011" />
  <Point X="154" Y="202" T="119630033" />
  <Point X="156" Y="207" T="119630055" />
  <Point X="158" Y="209" T="119630077" />
  <Point X="161" Y="215" T="119630099" />
  <Point X="162" Y="218" T="119630122" />
  <Point X="166" Y="225" T="119630147" />
  <Point X="167" Y="227" T="119630170" />
  <Point X="168" Y="229" T="119630171" />
  <Point X="169" Y="231" T="119630203" />
  <Point X="170" Y="229" T="119630252" />
</Gesture>