﻿<?xml version="1.0" encoding="utf-8" standalone="yes"?>
<Gesture Name="caret06" Subject="5" Speed="slow" Number="6" NumPts="84" Millseconds="1997" AppName="Gestures" AppVer="3.7.0.0" Date="Friday, March 09, 2007" TimeOfDay="9:51:57 PM">
  <Point X="76" Y="213" T="119630893" />
  <Point X="77" Y="211" T="119630932" />
  <Point X="79" Y="209" T="119630953" />
  <Point X="80" Y="207" T="119630972" />
  <Point X="82" Y="205" T="119630993" />
  <Point X="84" Y="203" T="119631009" />
  <Point X="85" Y="201" T="119631025" />
  <Point X="87" Y="199" T="119631049" />
  <Point X="89" Y="197" T="119631065" />
  <Point X="90" Y="195" T="119631086" />
  <Point X="91" Y="193" T="119631103" />
  <Point X="92" Y="190" T="119631115" />
  <Point X="93" Y="188" T="119631131" />
  <Point X="93" Y="186" T="119631143" />
  <Point X="94" Y="184" T="119631160" />
  <Point X="95" Y="181" T="119631177" />
  <Point X="95" Y="179" T="119631194" />
  <Point X="96" Y="177" T="119631214" />
  <Point X="96" Y="175" T="119631238" />
  <Point X="96" Y="173" T="119631254" />
  <Point X="96" Y="171" T="119631271" />
  <Point X="97" Y="169" T="119631302" />
  <Point X="97" Y="166" T="119631323" />
  <Point X="98" Y="164" T="119631347" />
  <Point X="99" Y="162" T="119631363" />
  <Point X="100" Y="160" T="119631380" />
  <Point X="101" Y="157" T="119631397" />
  <Point X="103" Y="155" T="119631417" />
  <Point X="103" Y="153" T="119631433" />
  <Point X="105" Y="151" T="119631453" />
  <Point X="106" Y="149" T="119631473" />
  <Point X="108" Y="147" T="119631496" />
  <Point X="109" Y="145" T="119631508" />
  <Point X="111" Y="143" T="119631533" />
  <Point X="112" Y="140" T="119631558" />
  <Point X="114" Y="138" T="119631579" />
  <Point X="115" Y="135" T="119631599" />
  <Point X="117" Y="133" T="119631615" />
  <Point X="118" Y="131" T="119631632" />
  <Point X="120" Y="128" T="119631656" />
  <Point X="122" Y="126" T="119631692" />
  <Point X="124" Y="124" T="119631710" />
  <Point X="126" Y="122" T="119631740" />
  <Point X="128" Y="120" T="119631772" />
  <Point X="130" Y="118" T="119631797" />
  <Point X="131" Y="116" T="119631832" />
  <Point X="133" Y="114" T="119631868" />
  <Point X="135" Y="112" T="119631900" />
  <Point X="136" Y="109" T="119631924" />
  <Point X="137" Y="107" T="119631948" />
  <Point X="139" Y="105" T="119632053" />
  <Point X="139" Y="107" T="119632278" />
  <Point X="138" Y="109" T="119632314" />
  <Point X="138" Y="112" T="119632335" />
  <Point X="138" Y="115" T="119632360" />
  <Point X="138" Y="117" T="119632377" />
  <Point X="138" Y="119" T="119632393" />
  <Point X="138" Y="121" T="119632410" />
  <Point X="139" Y="123" T="119632427" />
  <Point X="139" Y="129" T="119632444" />
  <Point X="139" Y="134" T="119632465" />
  <Point X="139" Y="138" T="119632483" />
  <Point X="139" Y="140" T="119632484" />
  <Point X="139" Y="142" T="119632502" />
  <Point X="139" Y="147" T="119632520" />
  <Point X="140" Y="151" T="119632539" />
  <Point X="141" Y="157" T="119632558" />
  <Point X="142" Y="162" T="119632577" />
  <Point X="143" Y="169" T="119632596" />
  <Point X="144" Y="172" T="119632616" />
  <Point X="145" Y="176" T="119632636" />
  <Point X="147" Y="181" T="119632656" />
  <Point X="149" Y="187" T="119632676" />
  <Point X="151" Y="191" T="119632697" />
  <Point X="153" Y="196" T="119632717" />
  <Point X="155" Y="200" T="119632738" />
  <Point X="157" Y="202" T="119632759" />
  <Point X="158" Y="207" T="119632780" />
  <Point X="159" Y="209" T="119632781" />
  <Point X="160" Y="211" T="119632802" />
  <Point X="163" Y="215" T="119632824" />
  <Point X="165" Y="217" T="119632846" />
  <Point X="165" Y="220" T="119632868" />
  <Point X="167" Y="222" T="119632890" />
</Gesture>