﻿<?xml version="1.0" encoding="utf-8" standalone="yes"?>
<Gesture Name="caret03" Subject="5" Speed="slow" Number="3" NumPts="90" Millseconds="2213" AppName="Gestures" AppVer="3.7.0.0" Date="Friday, March 09, 2007" TimeOfDay="9:51:49 PM">
  <Point X="65" Y="229" T="119622110" />
  <Point X="66" Y="226" T="119622138" />
  <Point X="67" Y="224" T="119622158" />
  <Point X="69" Y="222" T="119622194" />
  <Point X="71" Y="220" T="119622218" />
  <Point X="72" Y="218" T="119622234" />
  <Point X="73" Y="215" T="119622256" />
  <Point X="74" Y="213" T="119622275" />
  <Point X="75" Y="211" T="119622311" />
  <Point X="76" Y="208" T="119622351" />
  <Point X="77" Y="206" T="119622371" />
  <Point X="78" Y="204" T="119622396" />
  <Point X="78" Y="202" T="119622432" />
  <Point X="79" Y="200" T="119622460" />
  <Point X="79" Y="198" T="119622481" />
  <Point X="80" Y="196" T="119622498" />
  <Point X="81" Y="193" T="119622509" />
  <Point X="82" Y="191" T="119622544" />
  <Point X="82" Y="189" T="119622557" />
  <Point X="83" Y="186" T="119622578" />
  <Point X="84" Y="184" T="119622605" />
  <Point X="85" Y="182" T="119622619" />
  <Point X="86" Y="179" T="119622640" />
  <Point X="87" Y="177" T="119622661" />
  <Point X="88" Y="175" T="119622697" />
  <Point X="89" Y="173" T="119622713" />
  <Point X="90" Y="171" T="119622726" />
  <Point X="91" Y="169" T="119622750" />
  <Point X="93" Y="166" T="119622781" />
  <Point X="94" Y="164" T="119622806" />
  <Point X="96" Y="161" T="119622822" />
  <Point X="97" Y="159" T="119622842" />
  <Point X="99" Y="157" T="119622866" />
  <Point X="100" Y="155" T="119622895" />
  <Point X="102" Y="153" T="119622919" />
  <Point X="104" Y="151" T="119622940" />
  <Point X="105" Y="148" T="119622956" />
  <Point X="107" Y="147" T="119622984" />
  <Point X="109" Y="145" T="119623008" />
  <Point X="111" Y="143" T="119623032" />
  <Point X="113" Y="141" T="119623056" />
  <Point X="115" Y="140" T="119623085" />
  <Point X="117" Y="137" T="119623102" />
  <Point X="119" Y="135" T="119623122" />
  <Point X="120" Y="133" T="119623136" />
  <Point X="122" Y="131" T="119623162" />
  <Point X="124" Y="129" T="119623178" />
  <Point X="125" Y="127" T="119623194" />
  <Point X="127" Y="125" T="119623210" />
  <Point X="129" Y="123" T="119623230" />
  <Point X="131" Y="120" T="119623250" />
  <Point X="133" Y="118" T="119623295" />
  <Point X="135" Y="116" T="119623376" />
  <Point X="136" Y="114" T="119623497" />
  <Point X="136" Y="117" T="119623664" />
  <Point X="136" Y="119" T="119623708" />
  <Point X="135" Y="121" T="119623725" />
  <Point X="135" Y="123" T="119623742" />
  <Point X="135" Y="125" T="119623758" />
  <Point X="134" Y="128" T="119623776" />
  <Point X="134" Y="132" T="119623794" />
  <Point X="134" Y="134" T="119623812" />
  <Point X="135" Y="137" T="119623814" />
  <Point X="135" Y="139" T="119623832" />
  <Point X="135" Y="143" T="119623851" />
  <Point X="136" Y="148" T="119623869" />
  <Point X="137" Y="153" T="119623888" />
  <Point X="137" Y="156" T="119623889" />
  <Point X="138" Y="159" T="119623908" />
  <Point X="139" Y="164" T="119623928" />
  <Point X="139" Y="166" T="119623929" />
  <Point X="140" Y="170" T="119623949" />
  <Point X="141" Y="175" T="119623969" />
  <Point X="143" Y="179" T="119623989" />
  <Point X="144" Y="184" T="119624010" />
  <Point X="146" Y="188" T="119624031" />
  <Point X="147" Y="190" T="119624051" />
  <Point X="149" Y="195" T="119624072" />
  <Point X="150" Y="197" T="119624073" />
  <Point X="151" Y="200" T="119624094" />
  <Point X="154" Y="204" T="119624116" />
  <Point X="156" Y="207" T="119624141" />
  <Point X="158" Y="213" T="119624163" />
  <Point X="159" Y="216" T="119624185" />
  <Point X="161" Y="219" T="119624207" />
  <Point X="162" Y="221" T="119624230" />
  <Point X="165" Y="225" T="119624253" />
  <Point X="166" Y="228" T="119624276" />
  <Point X="168" Y="230" T="119624299" />
  <Point X="169" Y="233" T="119624323" />
</Gesture>