﻿<?xml version="1.0" encoding="utf-8" standalone="yes"?>
<Gesture Name="caret02" Subject="5" Speed="slow" Number="2" NumPts="90" Millseconds="2229" AppName="Gestures" AppVer="3.7.0.0" Date="Friday, March 09, 2007" TimeOfDay="9:51:46 PM">
  <Point X="60" Y="234" T="119618949" />
  <Point X="62" Y="231" T="119618981" />
  <Point X="64" Y="230" T="119619026" />
  <Point X="65" Y="228" T="119619046" />
  <Point X="66" Y="226" T="119619066" />
  <Point X="67" Y="224" T="119619079" />
  <Point X="69" Y="221" T="119619107" />
  <Point X="71" Y="219" T="119619140" />
  <Point X="71" Y="217" T="119619157" />
  <Point X="72" Y="215" T="119619178" />
  <Point X="73" Y="213" T="119619190" />
  <Point X="74" Y="211" T="119619214" />
  <Point X="75" Y="209" T="119619246" />
  <Point X="75" Y="207" T="119619261" />
  <Point X="76" Y="205" T="119619277" />
  <Point X="77" Y="202" T="119619323" />
  <Point X="77" Y="200" T="119619344" />
  <Point X="78" Y="198" T="119619372" />
  <Point X="79" Y="194" T="119619399" />
  <Point X="79" Y="192" T="119619424" />
  <Point X="80" Y="190" T="119619440" />
  <Point X="81" Y="187" T="119619464" />
  <Point X="83" Y="184" T="119619488" />
  <Point X="84" Y="182" T="119619513" />
  <Point X="85" Y="180" T="119619533" />
  <Point X="87" Y="178" T="119619565" />
  <Point X="88" Y="176" T="119619590" />
  <Point X="89" Y="174" T="119619622" />
  <Point X="90" Y="172" T="119619642" />
  <Point X="92" Y="169" T="119619666" />
  <Point X="94" Y="167" T="119619686" />
  <Point X="96" Y="165" T="119619722" />
  <Point X="97" Y="163" T="119619738" />
  <Point X="98" Y="161" T="119619759" />
  <Point X="100" Y="159" T="119619783" />
  <Point X="102" Y="157" T="119619807" />
  <Point X="103" Y="154" T="119619831" />
  <Point X="105" Y="152" T="119619851" />
  <Point X="106" Y="150" T="119619879" />
  <Point X="108" Y="148" T="119619903" />
  <Point X="109" Y="146" T="119619923" />
  <Point X="111" Y="144" T="119619952" />
  <Point X="113" Y="142" T="119619971" />
  <Point X="114" Y="139" T="119619990" />
  <Point X="116" Y="137" T="119620019" />
  <Point X="118" Y="135" T="119620033" />
  <Point X="119" Y="133" T="119620048" />
  <Point X="120" Y="131" T="119620067" />
  <Point X="121" Y="128" T="119620082" />
  <Point X="123" Y="126" T="119620098" />
  <Point X="125" Y="124" T="119620127" />
  <Point X="126" Y="122" T="119620159" />
  <Point X="126" Y="124" T="119620446" />
  <Point X="126" Y="126" T="119620462" />
  <Point X="125" Y="128" T="119620482" />
  <Point X="125" Y="130" T="119620499" />
  <Point X="124" Y="132" T="119620516" />
  <Point X="124" Y="134" T="119620532" />
  <Point X="124" Y="137" T="119620549" />
  <Point X="124" Y="139" T="119620566" />
  <Point X="124" Y="142" T="119620584" />
  <Point X="124" Y="146" T="119620602" />
  <Point X="124" Y="151" T="119620620" />
  <Point X="124" Y="153" T="119620638" />
  <Point X="124" Y="155" T="119620656" />
  <Point X="125" Y="157" T="119620675" />
  <Point X="125" Y="159" T="119620676" />
  <Point X="126" Y="162" T="119620694" />
  <Point X="126" Y="164" T="119620713" />
  <Point X="127" Y="168" T="119620732" />
  <Point X="128" Y="173" T="119620752" />
  <Point X="130" Y="177" T="119620772" />
  <Point X="131" Y="180" T="119620796" />
  <Point X="132" Y="182" T="119620817" />
  <Point X="134" Y="187" T="119620838" />
  <Point X="135" Y="190" T="119620858" />
  <Point X="137" Y="195" T="119620879" />
  <Point X="138" Y="197" T="119620900" />
  <Point X="140" Y="199" T="119620920" />
  <Point X="142" Y="204" T="119620942" />
  <Point X="143" Y="206" T="119620964" />
  <Point X="145" Y="211" T="119620986" />
  <Point X="147" Y="215" T="119621015" />
  <Point X="149" Y="219" T="119621041" />
  <Point X="152" Y="223" T="119621064" />
  <Point X="153" Y="225" T="119621086" />
  <Point X="156" Y="229" T="119621109" />
  <Point X="156" Y="231" T="119621132" />
  <Point X="159" Y="236" T="119621155" />
  <Point X="160" Y="238" T="119621178" />
</Gesture>