﻿<?xml version="1.0" encoding="utf-8" standalone="yes"?>
<Gesture Name="check09" Subject="5" Speed="slow" Number="9" NumPts="71" Millseconds="1415" AppName="Gestures" AppVer="3.7.0.0" Date="Friday, March 09, 2007" TimeOfDay="9:38:29 PM">
  <Point X="76" Y="203" T="118821528" />
  <Point X="78" Y="203" T="118821553" />
  <Point X="80" Y="203" T="118821573" />
  <Point X="82" Y="202" T="118821594" />
  <Point X="84" Y="202" T="118821606" />
  <Point X="86" Y="202" T="118821618" />
  <Point X="89" Y="202" T="118821634" />
  <Point X="91" Y="202" T="118821650" />
  <Point X="93" Y="202" T="118821670" />
  <Point X="95" Y="202" T="118821695" />
  <Point X="97" Y="203" T="118821719" />
  <Point X="99" Y="205" T="118821747" />
  <Point X="101" Y="206" T="118821774" />
  <Point X="104" Y="206" T="118821798" />
  <Point X="106" Y="208" T="118821823" />
  <Point X="108" Y="209" T="118821855" />
  <Point X="108" Y="211" T="118821873" />
  <Point X="110" Y="213" T="118821901" />
  <Point X="112" Y="215" T="118821930" />
  <Point X="114" Y="218" T="118821966" />
  <Point X="115" Y="220" T="118821994" />
  <Point X="116" Y="222" T="118822023" />
  <Point X="118" Y="223" T="118822062" />
  <Point X="119" Y="225" T="118822079" />
  <Point X="120" Y="228" T="118822107" />
  <Point X="121" Y="230" T="118822127" />
  <Point X="122" Y="233" T="118822151" />
  <Point X="123" Y="235" T="118822176" />
  <Point X="124" Y="237" T="118822209" />
  <Point X="125" Y="240" T="118822229" />
  <Point X="126" Y="242" T="118822245" />
  <Point X="126" Y="244" T="118822265" />
  <Point X="127" Y="247" T="118822285" />
  <Point X="128" Y="249" T="118822314" />
  <Point X="128" Y="251" T="118822335" />
  <Point X="128" Y="253" T="118822371" />
  <Point X="129" Y="250" T="118822444" />
  <Point X="129" Y="248" T="118822456" />
  <Point X="129" Y="246" T="118822469" />
  <Point X="130" Y="243" T="118822483" />
  <Point X="131" Y="240" T="118822496" />
  <Point X="132" Y="238" T="118822509" />
  <Point X="134" Y="236" T="118822523" />
  <Point X="135" Y="233" T="118822537" />
  <Point X="137" Y="230" T="118822551" />
  <Point X="140" Y="225" T="118822565" />
  <Point X="141" Y="222" T="118822580" />
  <Point X="145" Y="217" T="118822595" />
  <Point X="147" Y="215" T="118822610" />
  <Point X="150" Y="209" T="118822625" />
  <Point X="153" Y="204" T="118822641" />
  <Point X="156" Y="200" T="118822660" />
  <Point X="159" Y="195" T="118822676" />
  <Point X="160" Y="192" T="118822692" />
  <Point X="163" Y="190" T="118822693" />
  <Point X="165" Y="187" T="118822709" />
  <Point X="168" Y="183" T="118822726" />
  <Point X="170" Y="181" T="118822742" />
  <Point X="172" Y="179" T="118822759" />
  <Point X="177" Y="175" T="118822776" />
  <Point X="179" Y="173" T="118822794" />
  <Point X="183" Y="169" T="118822811" />
  <Point X="186" Y="167" T="118822829" />
  <Point X="189" Y="166" T="118822847" />
  <Point X="192" Y="162" T="118822865" />
  <Point X="194" Y="161" T="118822884" />
  <Point X="197" Y="159" T="118822885" />
  <Point X="198" Y="157" T="118822903" />
  <Point X="200" Y="155" T="118822904" />
  <Point X="202" Y="154" T="118822924" />
  <Point X="203" Y="152" T="118822943" />
</Gesture>