﻿<?xml version="1.0" encoding="utf-8" standalone="yes"?>
<Gesture Name="check08" Subject="5" Speed="slow" Number="8" NumPts="74" Millseconds="1493" AppName="Gestures" AppVer="3.7.0.0" Date="Friday, March 09, 2007" TimeOfDay="9:38:27 PM">
  <Point X="76" Y="204" T="118819215" />
  <Point X="78" Y="204" T="118819279" />
  <Point X="80" Y="205" T="118819303" />
  <Point X="82" Y="205" T="118819319" />
  <Point X="84" Y="204" T="118819332" />
  <Point X="86" Y="205" T="118819348" />
  <Point X="88" Y="205" T="118819364" />
  <Point X="91" Y="206" T="118819389" />
  <Point X="93" Y="206" T="118819405" />
  <Point X="95" Y="207" T="118819425" />
  <Point X="97" Y="208" T="118819445" />
  <Point X="99" Y="209" T="118819470" />
  <Point X="101" Y="210" T="118819490" />
  <Point X="103" Y="212" T="118819510" />
  <Point X="105" Y="213" T="118819531" />
  <Point X="107" Y="215" T="118819555" />
  <Point X="109" Y="216" T="118819588" />
  <Point X="110" Y="218" T="118819604" />
  <Point X="112" Y="220" T="118819635" />
  <Point X="113" Y="223" T="118819651" />
  <Point X="115" Y="225" T="118819686" />
  <Point X="115" Y="227" T="118819703" />
  <Point X="116" Y="229" T="118819723" />
  <Point X="118" Y="232" T="118819759" />
  <Point X="119" Y="234" T="118819783" />
  <Point X="120" Y="236" T="118819807" />
  <Point X="121" Y="238" T="118819823" />
  <Point X="121" Y="240" T="118819835" />
  <Point X="122" Y="242" T="118819868" />
  <Point X="122" Y="244" T="118819888" />
  <Point X="122" Y="246" T="118819912" />
  <Point X="123" Y="248" T="118819937" />
  <Point X="124" Y="251" T="118819981" />
  <Point X="125" Y="248" T="118820118" />
  <Point X="126" Y="246" T="118820143" />
  <Point X="126" Y="243" T="118820159" />
  <Point X="127" Y="241" T="118820172" />
  <Point X="128" Y="239" T="118820184" />
  <Point X="129" Y="237" T="118820197" />
  <Point X="130" Y="234" T="118820210" />
  <Point X="131" Y="232" T="118820211" />
  <Point X="132" Y="230" T="118820225" />
  <Point X="133" Y="227" T="118820239" />
  <Point X="134" Y="225" T="118820252" />
  <Point X="136" Y="221" T="118820269" />
  <Point X="137" Y="218" T="118820284" />
  <Point X="138" Y="216" T="118820298" />
  <Point X="140" Y="214" T="118820299" />
  <Point X="141" Y="211" T="118820314" />
  <Point X="142" Y="209" T="118820329" />
  <Point X="144" Y="205" T="118820345" />
  <Point X="146" Y="203" T="118820360" />
  <Point X="148" Y="200" T="118820376" />
  <Point X="150" Y="199" T="118820392" />
  <Point X="153" Y="195" T="118820408" />
  <Point X="155" Y="193" T="118820425" />
  <Point X="156" Y="191" T="118820441" />
  <Point X="159" Y="189" T="118820458" />
  <Point X="160" Y="187" T="118820459" />
  <Point X="162" Y="185" T="118820477" />
  <Point X="164" Y="182" T="118820495" />
  <Point X="166" Y="182" T="118820496" />
  <Point X="168" Y="179" T="118820514" />
  <Point X="172" Y="175" T="118820532" />
  <Point X="174" Y="174" T="118820550" />
  <Point X="178" Y="169" T="118820569" />
  <Point X="181" Y="164" T="118820588" />
  <Point X="186" Y="159" T="118820607" />
  <Point X="188" Y="157" T="118820627" />
  <Point X="190" Y="155" T="118820628" />
  <Point X="195" Y="152" T="118820647" />
  <Point X="197" Y="150" T="118820668" />
  <Point X="199" Y="148" T="118820688" />
  <Point X="200" Y="146" T="118820708" />
</Gesture>