﻿<?xml version="1.0" encoding="utf-8" standalone="yes"?>
<Gesture Name="check05" Subject="5" Speed="slow" Number="5" NumPts="78" Millseconds="1558" AppName="Gestures" AppVer="3.7.0.0" Date="Friday, March 09, 2007" TimeOfDay="9:38:21 PM">
  <Point X="72" Y="202" T="118812748" />
  <Point X="74" Y="202" T="118812804" />
  <Point X="76" Y="204" T="118812836" />
  <Point X="78" Y="205" T="118812857" />
  <Point X="80" Y="206" T="118812882" />
  <Point X="82" Y="208" T="118812910" />
  <Point X="84" Y="210" T="118812930" />
  <Point X="86" Y="212" T="118812963" />
  <Point X="87" Y="214" T="118812986" />
  <Point X="89" Y="214" T="118813010" />
  <Point X="91" Y="216" T="118813030" />
  <Point X="93" Y="217" T="118813056" />
  <Point X="94" Y="219" T="118813071" />
  <Point X="96" Y="221" T="118813103" />
  <Point X="96" Y="223" T="118813116" />
  <Point X="97" Y="225" T="118813137" />
  <Point X="98" Y="227" T="118813153" />
  <Point X="98" Y="229" T="118813161" />
  <Point X="99" Y="232" T="118813181" />
  <Point X="99" Y="234" T="118813201" />
  <Point X="100" Y="237" T="118813222" />
  <Point X="101" Y="239" T="118813246" />
  <Point X="102" Y="241" T="118813267" />
  <Point X="103" Y="243" T="118813294" />
  <Point X="104" Y="245" T="118813311" />
  <Point X="105" Y="247" T="118813331" />
  <Point X="105" Y="249" T="118813348" />
  <Point X="106" Y="251" T="118813375" />
  <Point X="106" Y="253" T="118813391" />
  <Point X="106" Y="255" T="118813411" />
  <Point X="107" Y="257" T="118813460" />
  <Point X="108" Y="255" T="118813541" />
  <Point X="108" Y="253" T="118813561" />
  <Point X="109" Y="251" T="118813578" />
  <Point X="110" Y="249" T="118813590" />
  <Point X="112" Y="247" T="118813611" />
  <Point X="112" Y="244" T="118813623" />
  <Point X="113" Y="241" T="118813639" />
  <Point X="114" Y="239" T="118813655" />
  <Point X="115" Y="237" T="118813668" />
  <Point X="116" Y="234" T="118813687" />
  <Point X="116" Y="232" T="118813700" />
  <Point X="118" Y="230" T="118813714" />
  <Point X="119" Y="227" T="118813731" />
  <Point X="120" Y="225" T="118813745" />
  <Point X="122" Y="224" T="118813760" />
  <Point X="124" Y="221" T="118813774" />
  <Point X="126" Y="219" T="118813789" />
  <Point X="127" Y="216" T="118813803" />
  <Point X="129" Y="214" T="118813818" />
  <Point X="130" Y="212" T="118813833" />
  <Point X="132" Y="210" T="118813849" />
  <Point X="134" Y="208" T="118813864" />
  <Point X="135" Y="205" T="118813880" />
  <Point X="138" Y="201" T="118813897" />
  <Point X="141" Y="198" T="118813913" />
  <Point X="143" Y="195" T="118813930" />
  <Point X="145" Y="193" T="118813947" />
  <Point X="147" Y="191" T="118813964" />
  <Point X="149" Y="189" T="118813981" />
  <Point X="150" Y="186" T="118813998" />
  <Point X="152" Y="184" T="118814015" />
  <Point X="156" Y="180" T="118814033" />
  <Point X="157" Y="177" T="118814050" />
  <Point X="160" Y="175" T="118814068" />
  <Point X="162" Y="173" T="118814086" />
  <Point X="166" Y="169" T="118814105" />
  <Point X="168" Y="167" T="118814123" />
  <Point X="170" Y="165" T="118814124" />
  <Point X="172" Y="163" T="118814143" />
  <Point X="176" Y="161" T="118814163" />
  <Point X="180" Y="157" T="118814182" />
  <Point X="182" Y="155" T="118814201" />
  <Point X="187" Y="153" T="118814221" />
  <Point X="191" Y="150" T="118814241" />
  <Point X="195" Y="147" T="118814264" />
  <Point X="197" Y="146" T="118814285" />
  <Point X="199" Y="145" T="118814306" />
</Gesture>