﻿<?xml version="1.0" encoding="utf-8" standalone="yes"?>
<Gesture Name="check10" Subject="5" Speed="slow" Number="10" NumPts="69" Millseconds="1376" AppName="Gestures" AppVer="3.7.0.0" Date="Friday, March 09, 2007" TimeOfDay="9:38:31 PM">
  <Point X="80" Y="204" T="118823597" />
  <Point X="82" Y="204" T="118823632" />
  <Point X="84" Y="204" T="118823660" />
  <Point X="86" Y="204" T="118823684" />
  <Point X="88" Y="204" T="118823704" />
  <Point X="91" Y="205" T="118823724" />
  <Point X="93" Y="206" T="118823739" />
  <Point X="95" Y="208" T="118823755" />
  <Point X="97" Y="209" T="118823775" />
  <Point X="99" Y="210" T="118823791" />
  <Point X="102" Y="211" T="118823811" />
  <Point X="104" Y="212" T="118823835" />
  <Point X="106" Y="212" T="118823848" />
  <Point X="108" Y="214" T="118823868" />
  <Point X="110" Y="215" T="118823882" />
  <Point X="112" Y="216" T="118823902" />
  <Point X="114" Y="218" T="118823918" />
  <Point X="116" Y="220" T="118823938" />
  <Point X="118" Y="221" T="118823963" />
  <Point X="120" Y="223" T="118823987" />
  <Point X="121" Y="226" T="118824016" />
  <Point X="123" Y="228" T="118824036" />
  <Point X="124" Y="230" T="118824052" />
  <Point X="125" Y="232" T="118824081" />
  <Point X="127" Y="235" T="118824130" />
  <Point X="128" Y="237" T="118824150" />
  <Point X="129" Y="239" T="118824167" />
  <Point X="130" Y="241" T="118824183" />
  <Point X="131" Y="243" T="118824224" />
  <Point X="131" Y="245" T="118824236" />
  <Point X="132" Y="248" T="118824261" />
  <Point X="132" Y="250" T="118824289" />
  <Point X="132" Y="252" T="118824333" />
  <Point X="133" Y="250" T="118824433" />
  <Point X="134" Y="248" T="118824450" />
  <Point X="135" Y="245" T="118824462" />
  <Point X="135" Y="243" T="118824475" />
  <Point X="136" Y="241" T="118824487" />
  <Point X="137" Y="239" T="118824500" />
  <Point X="138" Y="236" T="118824513" />
  <Point X="140" Y="232" T="118824527" />
  <Point X="141" Y="229" T="118824540" />
  <Point X="143" Y="226" T="118824554" />
  <Point X="144" Y="223" T="118824568" />
  <Point X="145" Y="221" T="118824582" />
  <Point X="146" Y="218" T="118824583" />
  <Point X="147" Y="216" T="118824598" />
  <Point X="151" Y="212" T="118824619" />
  <Point X="153" Y="209" T="118824635" />
  <Point X="157" Y="204" T="118824651" />
  <Point X="159" Y="202" T="118824666" />
  <Point X="162" Y="198" T="118824682" />
  <Point X="163" Y="195" T="118824697" />
  <Point X="165" Y="194" T="118824698" />
  <Point X="167" Y="192" T="118824715" />
  <Point X="169" Y="189" T="118824732" />
  <Point X="173" Y="184" T="118824748" />
  <Point X="175" Y="183" T="118824765" />
  <Point X="179" Y="179" T="118824782" />
  <Point X="183" Y="174" T="118824799" />
  <Point X="186" Y="171" T="118824817" />
  <Point X="191" Y="167" T="118824835" />
  <Point X="194" Y="163" T="118824853" />
  <Point X="197" Y="161" T="118824871" />
  <Point X="200" Y="157" T="118824889" />
  <Point X="204" Y="154" T="118824907" />
  <Point X="206" Y="151" T="118824926" />
  <Point X="208" Y="149" T="118824945" />
  <Point X="210" Y="148" T="118824973" />
</Gesture>