﻿<?xml version="1.0" encoding="utf-8" standalone="yes"?>
<Gesture Name="check03" Subject="5" Speed="slow" Number="3" NumPts="74" Millseconds="1309" AppName="Gestures" AppVer="3.7.0.0" Date="Friday, March 09, 2007" TimeOfDay="9:38:16 PM">
  <Point X="68" Y="203" T="118808422" />
  <Point X="70" Y="202" T="118808441" />
  <Point X="72" Y="203" T="118808458" />
  <Point X="75" Y="202" T="118808469" />
  <Point X="77" Y="203" T="118808482" />
  <Point X="80" Y="203" T="118808494" />
  <Point X="82" Y="202" T="118808507" />
  <Point X="85" Y="203" T="118808518" />
  <Point X="87" Y="204" T="118808530" />
  <Point X="89" Y="204" T="118808542" />
  <Point X="91" Y="206" T="118808558" />
  <Point X="92" Y="208" T="118808570" />
  <Point X="94" Y="211" T="118808591" />
  <Point X="96" Y="213" T="118808607" />
  <Point X="97" Y="216" T="118808620" />
  <Point X="99" Y="218" T="118808637" />
  <Point X="101" Y="219" T="118808654" />
  <Point X="103" Y="220" T="118808670" />
  <Point X="104" Y="222" T="118808679" />
  <Point X="105" Y="225" T="118808689" />
  <Point X="107" Y="226" T="118808713" />
  <Point X="108" Y="229" T="118808725" />
  <Point X="110" Y="230" T="118808742" />
  <Point X="111" Y="233" T="118808758" />
  <Point X="113" Y="235" T="118808778" />
  <Point X="114" Y="237" T="118808794" />
  <Point X="114" Y="240" T="118808818" />
  <Point X="115" Y="242" T="118808830" />
  <Point X="116" Y="244" T="118808850" />
  <Point X="116" Y="247" T="118808866" />
  <Point X="117" Y="249" T="118808886" />
  <Point X="117" Y="251" T="118808915" />
  <Point X="118" Y="253" T="118808939" />
  <Point X="119" Y="255" T="118808963" />
  <Point X="119" Y="257" T="118808999" />
  <Point X="120" Y="255" T="118809116" />
  <Point X="121" Y="253" T="118809133" />
  <Point X="121" Y="250" T="118809146" />
  <Point X="122" Y="248" T="118809158" />
  <Point X="123" Y="246" T="118809173" />
  <Point X="124" Y="243" T="118809186" />
  <Point X="125" Y="241" T="118809201" />
  <Point X="126" Y="238" T="118809214" />
  <Point X="127" Y="236" T="118809229" />
  <Point X="128" Y="234" T="118809243" />
  <Point X="129" Y="231" T="118809258" />
  <Point X="131" Y="228" T="118809273" />
  <Point X="132" Y="226" T="118809288" />
  <Point X="133" Y="224" T="118809302" />
  <Point X="135" Y="221" T="118809318" />
  <Point X="137" Y="218" T="118809333" />
  <Point X="139" Y="216" T="118809348" />
  <Point X="140" Y="213" T="118809364" />
  <Point X="142" Y="211" T="118809380" />
  <Point X="143" Y="208" T="118809397" />
  <Point X="144" Y="206" T="118809398" />
  <Point X="146" Y="204" T="118809414" />
  <Point X="149" Y="199" T="118809432" />
  <Point X="150" Y="196" T="118809448" />
  <Point X="152" Y="194" T="118809465" />
  <Point X="155" Y="190" T="118809485" />
  <Point X="157" Y="186" T="118809502" />
  <Point X="159" Y="184" T="118809520" />
  <Point X="161" Y="182" T="118809537" />
  <Point X="165" Y="177" T="118809555" />
  <Point X="167" Y="176" T="118809573" />
  <Point X="171" Y="171" T="118809592" />
  <Point X="174" Y="169" T="118809610" />
  <Point X="177" Y="165" T="118809629" />
  <Point X="181" Y="160" T="118809649" />
  <Point X="184" Y="156" T="118809670" />
  <Point X="186" Y="155" T="118809691" />
  <Point X="187" Y="152" T="118809711" />
  <Point X="189" Y="150" T="118809731" />
</Gesture>