﻿<?xml version="1.0" encoding="utf-8" standalone="yes"?>
<Gesture Name="check01" Subject="5" Speed="slow" Number="1" NumPts="74" Millseconds="1881" AppName="Gestures" AppVer="3.7.0.0" Date="Friday, March 09, 2007" TimeOfDay="9:38:12 PM">
  <Point X="58" Y="207" T="118803779" />
  <Point X="60" Y="207" T="118803915" />
  <Point X="62" Y="208" T="118803990" />
  <Point X="63" Y="210" T="118804022" />
  <Point X="65" Y="211" T="118804063" />
  <Point X="67" Y="211" T="118804104" />
  <Point X="69" Y="212" T="118804152" />
  <Point X="71" Y="214" T="118804193" />
  <Point X="72" Y="216" T="118804226" />
  <Point X="74" Y="219" T="118804258" />
  <Point X="76" Y="220" T="118804302" />
  <Point X="78" Y="223" T="118804326" />
  <Point X="80" Y="224" T="118804370" />
  <Point X="81" Y="227" T="118804402" />
  <Point X="82" Y="229" T="118804410" />
  <Point X="83" Y="231" T="118804435" />
  <Point X="84" Y="233" T="118804467" />
  <Point X="85" Y="236" T="118804491" />
  <Point X="86" Y="239" T="118804524" />
  <Point X="87" Y="241" T="118804552" />
  <Point X="87" Y="243" T="118804567" />
  <Point X="88" Y="245" T="118804587" />
  <Point X="88" Y="247" T="118804604" />
  <Point X="89" Y="249" T="118804623" />
  <Point X="89" Y="252" T="118804648" />
  <Point X="91" Y="254" T="118804669" />
  <Point X="91" Y="256" T="118804696" />
  <Point X="92" Y="259" T="118804720" />
  <Point X="93" Y="261" T="118804744" />
  <Point X="94" Y="264" T="118804776" />
  <Point X="94" Y="266" T="118804825" />
  <Point X="95" Y="263" T="118804890" />
  <Point X="96" Y="261" T="118804914" />
  <Point X="97" Y="258" T="118804927" />
  <Point X="98" Y="256" T="118804946" />
  <Point X="99" Y="254" T="118804963" />
  <Point X="100" Y="252" T="118804975" />
  <Point X="101" Y="250" T="118805003" />
  <Point X="101" Y="248" T="118805016" />
  <Point X="102" Y="246" T="118805031" />
  <Point X="103" Y="244" T="118805047" />
  <Point X="103" Y="241" T="118805062" />
  <Point X="105" Y="239" T="118805087" />
  <Point X="107" Y="236" T="118805111" />
  <Point X="107" Y="234" T="118805125" />
  <Point X="110" Y="231" T="118805144" />
  <Point X="112" Y="229" T="118805164" />
  <Point X="113" Y="227" T="118805180" />
  <Point X="116" Y="225" T="118805205" />
  <Point X="117" Y="223" T="118805220" />
  <Point X="119" Y="221" T="118805237" />
  <Point X="120" Y="218" T="118805252" />
  <Point X="122" Y="216" T="118805268" />
  <Point X="123" Y="214" T="118805284" />
  <Point X="126" Y="212" T="118805300" />
  <Point X="128" Y="210" T="118805317" />
  <Point X="130" Y="208" T="118805334" />
  <Point X="131" Y="206" T="118805353" />
  <Point X="133" Y="203" T="118805370" />
  <Point X="137" Y="199" T="118805387" />
  <Point X="139" Y="197" T="118805404" />
  <Point X="141" Y="196" T="118805422" />
  <Point X="143" Y="194" T="118805439" />
  <Point X="145" Y="191" T="118805457" />
  <Point X="146" Y="189" T="118805475" />
  <Point X="150" Y="185" T="118805494" />
  <Point X="152" Y="183" T="118805512" />
  <Point X="154" Y="181" T="118805531" />
  <Point X="157" Y="177" T="118805554" />
  <Point X="159" Y="175" T="118805576" />
  <Point X="164" Y="171" T="118805599" />
  <Point X="166" Y="169" T="118805618" />
  <Point X="169" Y="165" T="118805638" />
  <Point X="171" Y="163" T="118805660" />
</Gesture>