﻿<?xml version="1.0" encoding="utf-8" standalone="yes"?>
<Gesture Name="check04" Subject="5" Speed="slow" Number="4" NumPts="72" Millseconds="1492" AppName="Gestures" AppVer="3.7.0.0" Date="Friday, March 09, 2007" TimeOfDay="9:38:18 PM">
  <Point X="76" Y="203" T="118810592" />
  <Point X="77" Y="205" T="118810624" />
  <Point X="79" Y="205" T="118810659" />
  <Point X="80" Y="207" T="118810675" />
  <Point X="82" Y="207" T="118810700" />
  <Point X="83" Y="209" T="118810716" />
  <Point X="85" Y="210" T="118810748" />
  <Point X="87" Y="213" T="118810772" />
  <Point X="89" Y="214" T="118810804" />
  <Point X="90" Y="217" T="118810824" />
  <Point X="92" Y="219" T="118810860" />
  <Point X="94" Y="221" T="118810888" />
  <Point X="96" Y="223" T="118810916" />
  <Point X="98" Y="225" T="118810949" />
  <Point X="100" Y="228" T="118810986" />
  <Point X="102" Y="229" T="118811022" />
  <Point X="103" Y="231" T="118811051" />
  <Point X="104" Y="234" T="118811067" />
  <Point X="105" Y="236" T="118811083" />
  <Point X="106" Y="238" T="118811104" />
  <Point X="106" Y="240" T="118811132" />
  <Point X="107" Y="242" T="118811167" />
  <Point X="108" Y="245" T="118811187" />
  <Point X="108" Y="247" T="118811207" />
  <Point X="110" Y="249" T="118811240" />
  <Point X="111" Y="251" T="118811271" />
  <Point X="112" Y="253" T="118811311" />
  <Point X="112" Y="255" T="118811359" />
  <Point X="113" Y="253" T="118811439" />
  <Point X="114" Y="251" T="118811451" />
  <Point X="114" Y="249" T="118811467" />
  <Point X="115" Y="247" T="118811479" />
  <Point X="116" Y="244" T="118811491" />
  <Point X="117" Y="242" T="118811503" />
  <Point X="118" Y="239" T="118811515" />
  <Point X="118" Y="237" T="118811516" />
  <Point X="119" Y="235" T="118811528" />
  <Point X="119" Y="233" T="118811540" />
  <Point X="121" Y="230" T="118811553" />
  <Point X="122" Y="226" T="118811566" />
  <Point X="124" Y="225" T="118811580" />
  <Point X="125" Y="222" T="118811593" />
  <Point X="127" Y="219" T="118811607" />
  <Point X="129" Y="217" T="118811620" />
  <Point X="131" Y="215" T="118811634" />
  <Point X="133" Y="213" T="118811649" />
  <Point X="135" Y="209" T="118811663" />
  <Point X="138" Y="207" T="118811679" />
  <Point X="139" Y="205" T="118811694" />
  <Point X="142" Y="203" T="118811709" />
  <Point X="145" Y="199" T="118811724" />
  <Point X="146" Y="197" T="118811740" />
  <Point X="149" Y="194" T="118811756" />
  <Point X="152" Y="192" T="118811772" />
  <Point X="153" Y="190" T="118811788" />
  <Point X="157" Y="185" T="118811804" />
  <Point X="159" Y="183" T="118811820" />
  <Point X="161" Y="180" T="118811837" />
  <Point X="163" Y="178" T="118811853" />
  <Point X="165" Y="175" T="118811870" />
  <Point X="167" Y="174" T="118811888" />
  <Point X="169" Y="171" T="118811906" />
  <Point X="171" Y="169" T="118811924" />
  <Point X="175" Y="165" T="118811942" />
  <Point X="177" Y="165" T="118811960" />
  <Point X="179" Y="163" T="118811978" />
  <Point X="180" Y="160" T="118811979" />
  <Point X="182" Y="160" T="118811999" />
  <Point X="184" Y="157" T="118812019" />
  <Point X="186" Y="156" T="118812039" />
  <Point X="188" Y="155" T="118812061" />
  <Point X="190" Y="153" T="118812084" />
</Gesture>