﻿<?xml version="1.0" encoding="utf-8" standalone="yes"?>
<Gesture Name="check07" Subject="5" Speed="slow" Number="7" NumPts="65" Millseconds="1155" AppName="Gestures" AppVer="3.7.0.0" Date="Friday, March 09, 2007" TimeOfDay="9:38:25 PM">
  <Point X="74" Y="208" T="118817329" />
  <Point X="77" Y="208" T="118817353" />
  <Point X="79" Y="207" T="118817377" />
  <Point X="81" Y="207" T="118817397" />
  <Point X="83" Y="206" T="118817410" />
  <Point X="85" Y="208" T="118817426" />
  <Point X="87" Y="208" T="118817442" />
  <Point X="90" Y="209" T="118817458" />
  <Point X="92" Y="209" T="118817474" />
  <Point X="94" Y="210" T="118817494" />
  <Point X="96" Y="211" T="118817510" />
  <Point X="98" Y="213" T="118817530" />
  <Point X="101" Y="215" T="118817550" />
  <Point X="103" Y="216" T="118817570" />
  <Point X="105" Y="219" T="118817590" />
  <Point X="107" Y="221" T="118817611" />
  <Point X="109" Y="223" T="118817636" />
  <Point X="110" Y="225" T="118817648" />
  <Point X="112" Y="227" T="118817664" />
  <Point X="113" Y="229" T="118817679" />
  <Point X="114" Y="231" T="118817691" />
  <Point X="115" Y="233" T="118817711" />
  <Point X="117" Y="235" T="118817731" />
  <Point X="118" Y="237" T="118817740" />
  <Point X="119" Y="239" T="118817768" />
  <Point X="121" Y="241" T="118817789" />
  <Point X="121" Y="244" T="118817801" />
  <Point X="123" Y="246" T="118817829" />
  <Point X="123" Y="248" T="118817857" />
  <Point X="125" Y="246" T="118817967" />
  <Point X="126" Y="244" T="118817979" />
  <Point X="126" Y="242" T="118817996" />
  <Point X="127" Y="240" T="118818007" />
  <Point X="129" Y="238" T="118818020" />
  <Point X="130" Y="235" T="118818037" />
  <Point X="131" Y="233" T="118818052" />
  <Point X="133" Y="231" T="118818065" />
  <Point X="134" Y="228" T="118818066" />
  <Point X="135" Y="224" T="118818079" />
  <Point X="137" Y="221" T="118818092" />
  <Point X="139" Y="217" T="118818105" />
  <Point X="141" Y="214" T="118818119" />
  <Point X="143" Y="211" T="118818132" />
  <Point X="145" Y="209" T="118818133" />
  <Point X="146" Y="207" T="118818147" />
  <Point X="151" Y="202" T="118818166" />
  <Point X="152" Y="200" T="118818181" />
  <Point X="155" Y="198" T="118818196" />
  <Point X="157" Y="196" T="118818210" />
  <Point X="160" Y="191" T="118818225" />
  <Point X="162" Y="189" T="118818240" />
  <Point X="164" Y="187" T="118818256" />
  <Point X="168" Y="182" T="118818272" />
  <Point X="170" Y="180" T="118818288" />
  <Point X="173" Y="176" T="118818304" />
  <Point X="175" Y="173" T="118818320" />
  <Point X="179" Y="169" T="118818336" />
  <Point X="180" Y="166" T="118818353" />
  <Point X="184" Y="163" T="118818372" />
  <Point X="186" Y="161" T="118818389" />
  <Point X="190" Y="157" T="118818407" />
  <Point X="193" Y="154" T="118818424" />
  <Point X="197" Y="150" T="118818442" />
  <Point X="199" Y="148" T="118818460" />
  <Point X="201" Y="146" T="118818484" />
</Gesture>