﻿<?xml version="1.0" encoding="utf-8" standalone="yes"?>
<Gesture Name="check06" Subject="5" Speed="slow" Number="6" NumPts="68" Millseconds="1429" AppName="Gestures" AppVer="3.7.0.0" Date="Friday, March 09, 2007" TimeOfDay="9:38:23 PM">
  <Point X="68" Y="213" T="118815038" />
  <Point X="70" Y="211" T="118815082" />
  <Point X="72" Y="211" T="118815123" />
  <Point X="74" Y="209" T="118815147" />
  <Point X="76" Y="209" T="118815167" />
  <Point X="79" Y="208" T="118815187" />
  <Point X="81" Y="208" T="118815211" />
  <Point X="83" Y="208" T="118815235" />
  <Point X="85" Y="209" T="118815255" />
  <Point X="87" Y="210" T="118815276" />
  <Point X="89" Y="209" T="118815300" />
  <Point X="91" Y="210" T="118815324" />
  <Point X="94" Y="211" T="118815348" />
  <Point X="96" Y="213" T="118815368" />
  <Point X="98" Y="213" T="118815389" />
  <Point X="100" Y="214" T="118815414" />
  <Point X="102" Y="215" T="118815438" />
  <Point X="104" Y="217" T="118815462" />
  <Point X="106" Y="218" T="118815482" />
  <Point X="108" Y="220" T="118815501" />
  <Point X="110" Y="221" T="118815525" />
  <Point X="112" Y="224" T="118815550" />
  <Point X="114" Y="226" T="118815573" />
  <Point X="115" Y="228" T="118815590" />
  <Point X="115" Y="230" T="118815602" />
  <Point X="117" Y="232" T="118815630" />
  <Point X="118" Y="234" T="118815654" />
  <Point X="119" Y="236" T="118815670" />
  <Point X="120" Y="238" T="118815682" />
  <Point X="122" Y="240" T="118815710" />
  <Point X="123" Y="242" T="118815731" />
  <Point X="123" Y="244" T="118815747" />
  <Point X="124" Y="246" T="118815758" />
  <Point X="125" Y="248" T="118815779" />
  <Point X="126" Y="250" T="118815804" />
  <Point X="126" Y="252" T="118815833" />
  <Point X="127" Y="254" T="118815854" />
  <Point X="127" Y="257" T="118815885" />
  <Point X="128" Y="254" T="118815995" />
  <Point X="129" Y="252" T="118816008" />
  <Point X="129" Y="249" T="118816021" />
  <Point X="130" Y="247" T="118816035" />
  <Point X="131" Y="245" T="118816048" />
  <Point X="132" Y="242" T="118816062" />
  <Point X="134" Y="237" T="118816076" />
  <Point X="135" Y="235" T="118816090" />
  <Point X="137" Y="231" T="118816105" />
  <Point X="139" Y="226" T="118816120" />
  <Point X="142" Y="222" T="118816134" />
  <Point X="146" Y="216" T="118816150" />
  <Point X="150" Y="211" T="118816166" />
  <Point X="153" Y="206" T="118816181" />
  <Point X="158" Y="201" T="118816201" />
  <Point X="162" Y="195" T="118816217" />
  <Point X="166" Y="191" T="118816233" />
  <Point X="169" Y="185" T="118816249" />
  <Point X="173" Y="181" T="118816266" />
  <Point X="175" Y="178" T="118816283" />
  <Point X="179" Y="175" T="118816300" />
  <Point X="181" Y="173" T="118816317" />
  <Point X="183" Y="170" T="118816334" />
  <Point X="185" Y="168" T="118816351" />
  <Point X="189" Y="164" T="118816369" />
  <Point X="191" Y="162" T="118816388" />
  <Point X="195" Y="159" T="118816406" />
  <Point X="197" Y="156" T="118816427" />
  <Point X="199" Y="155" T="118816448" />
  <Point X="201" Y="153" T="118816467" />
</Gesture>