﻿<?xml version="1.0" encoding="utf-8" standalone="yes"?>
<Gesture Name="check02" Subject="5" Speed="slow" Number="2" NumPts="69" Millseconds="1157" AppName="Gestures" AppVer="3.7.0.0" Date="Friday, March 09, 2007" TimeOfDay="9:38:14 PM">
  <Point X="69" Y="202" T="118806492" />
  <Point X="71" Y="202" T="118806520" />
  <Point X="73" Y="203" T="118806540" />
  <Point X="76" Y="203" T="118806556" />
  <Point X="78" Y="205" T="118806573" />
  <Point X="80" Y="207" T="118806584" />
  <Point X="82" Y="208" T="118806598" />
  <Point X="84" Y="210" T="118806609" />
  <Point X="85" Y="212" T="118806617" />
  <Point X="87" Y="214" T="118806633" />
  <Point X="89" Y="216" T="118806653" />
  <Point X="91" Y="218" T="118806674" />
  <Point X="93" Y="220" T="118806690" />
  <Point X="95" Y="223" T="118806710" />
  <Point X="96" Y="226" T="118806727" />
  <Point X="97" Y="228" T="118806740" />
  <Point X="98" Y="230" T="118806753" />
  <Point X="99" Y="233" T="118806765" />
  <Point X="101" Y="235" T="118806785" />
  <Point X="101" Y="237" T="118806798" />
  <Point X="102" Y="239" T="118806814" />
  <Point X="103" Y="241" T="118806826" />
  <Point X="104" Y="243" T="118806842" />
  <Point X="104" Y="245" T="118806855" />
  <Point X="105" Y="247" T="118806871" />
  <Point X="106" Y="250" T="118806892" />
  <Point X="106" Y="252" T="118806912" />
  <Point X="107" Y="254" T="118806936" />
  <Point X="107" Y="257" T="118806973" />
  <Point X="108" Y="254" T="118807042" />
  <Point X="109" Y="252" T="118807066" />
  <Point X="110" Y="249" T="118807086" />
  <Point X="110" Y="247" T="118807098" />
  <Point X="111" Y="245" T="118807111" />
  <Point X="112" Y="243" T="118807123" />
  <Point X="113" Y="240" T="118807138" />
  <Point X="114" Y="238" T="118807150" />
  <Point X="115" Y="236" T="118807163" />
  <Point X="116" Y="233" T="118807175" />
  <Point X="117" Y="231" T="118807188" />
  <Point X="119" Y="228" T="118807201" />
  <Point X="120" Y="226" T="118807215" />
  <Point X="121" Y="224" T="118807228" />
  <Point X="124" Y="218" T="118807242" />
  <Point X="125" Y="216" T="118807258" />
  <Point X="126" Y="214" T="118807272" />
  <Point X="128" Y="211" T="118807286" />
  <Point X="129" Y="209" T="118807301" />
  <Point X="130" Y="207" T="118807316" />
  <Point X="132" Y="205" T="118807331" />
  <Point X="134" Y="203" T="118807346" />
  <Point X="136" Y="198" T="118807362" />
  <Point X="138" Y="196" T="118807378" />
  <Point X="140" Y="194" T="118807394" />
  <Point X="143" Y="190" T="118807410" />
  <Point X="145" Y="187" T="118807427" />
  <Point X="149" Y="184" T="118807443" />
  <Point X="151" Y="182" T="118807460" />
  <Point X="153" Y="180" T="118807477" />
  <Point X="156" Y="175" T="118807495" />
  <Point X="160" Y="171" T="118807515" />
  <Point X="164" Y="166" T="118807535" />
  <Point X="166" Y="164" T="118807553" />
  <Point X="170" Y="160" T="118807573" />
  <Point X="172" Y="159" T="118807575" />
  <Point X="174" Y="156" T="118807593" />
  <Point X="178" Y="152" T="118807611" />
  <Point X="182" Y="148" T="118807630" />
  <Point X="186" Y="145" T="118807649" />
</Gesture>