﻿<?xml version="1.0" encoding="utf-8" standalone="yes"?>
<Gesture Name="circle04" Subject="5" Speed="slow" Number="4" NumPts="140" Millseconds="3091" AppName="Gestures" AppVer="3.7.0.0" Date="Friday, March 09, 2007" TimeOfDay="9:36:49 PM">
  <Point X="117" Y="136" T="118719498" />
  <Point X="115" Y="135" T="118719606" />
  <Point X="113" Y="135" T="118719630" />
  <Point X="111" Y="135" T="118719646" />
  <Point X="108" Y="136" T="118719661" />
  <Point X="106" Y="135" T="118719677" />
  <Point X="104" Y="135" T="118719690" />
  <Point X="102" Y="136" T="118719702" />
  <Point X="100" Y="137" T="118719717" />
  <Point X="98" Y="136" T="118719734" />
  <Point X="96" Y="137" T="118719751" />
  <Point X="94" Y="137" T="118719771" />
  <Point X="92" Y="138" T="118719787" />
  <Point X="90" Y="139" T="118719804" />
  <Point X="87" Y="139" T="118719825" />
  <Point X="85" Y="141" T="118719841" />
  <Point X="83" Y="142" T="118719857" />
  <Point X="81" Y="144" T="118719878" />
  <Point X="78" Y="146" T="118719902" />
  <Point X="77" Y="148" T="118719923" />
  <Point X="75" Y="149" T="118719943" />
  <Point X="73" Y="152" T="118719968" />
  <Point X="71" Y="155" T="118719989" />
  <Point X="70" Y="157" T="118720002" />
  <Point X="68" Y="160" T="118720034" />
  <Point X="67" Y="162" T="118720050" />
  <Point X="66" Y="164" T="118720062" />
  <Point X="65" Y="166" T="118720086" />
  <Point X="64" Y="168" T="118720098" />
  <Point X="63" Y="170" T="118720118" />
  <Point X="63" Y="173" T="118720134" />
  <Point X="63" Y="175" T="118720150" />
  <Point X="63" Y="178" T="118720170" />
  <Point X="63" Y="180" T="118720183" />
  <Point X="63" Y="182" T="118720205" />
  <Point X="63" Y="184" T="118720218" />
  <Point X="62" Y="186" T="118720230" />
  <Point X="62" Y="188" T="118720246" />
  <Point X="62" Y="191" T="118720259" />
  <Point X="63" Y="193" T="118720278" />
  <Point X="63" Y="195" T="118720298" />
  <Point X="63" Y="198" T="118720311" />
  <Point X="64" Y="200" T="118720326" />
  <Point X="64" Y="202" T="118720340" />
  <Point X="64" Y="204" T="118720355" />
  <Point X="65" Y="207" T="118720374" />
  <Point X="66" Y="209" T="118720388" />
  <Point X="66" Y="211" T="118720403" />
  <Point X="68" Y="214" T="118720427" />
  <Point X="69" Y="216" T="118720443" />
  <Point X="70" Y="218" T="118720458" />
  <Point X="71" Y="220" T="118720473" />
  <Point X="71" Y="223" T="118720491" />
  <Point X="73" Y="226" T="118720508" />
  <Point X="74" Y="228" T="118720527" />
  <Point X="74" Y="230" T="118720543" />
  <Point X="75" Y="232" T="118720559" />
  <Point X="76" Y="235" T="118720576" />
  <Point X="77" Y="237" T="118720593" />
  <Point X="78" Y="240" T="118720610" />
  <Point X="80" Y="243" T="118720627" />
  <Point X="82" Y="245" T="118720647" />
  <Point X="83" Y="247" T="118720664" />
  <Point X="84" Y="249" T="118720682" />
  <Point X="87" Y="250" T="118720700" />
  <Point X="88" Y="253" T="118720719" />
  <Point X="90" Y="255" T="118720738" />
  <Point X="94" Y="258" T="118720758" />
  <Point X="96" Y="259" T="118720777" />
  <Point X="99" Y="260" T="118720797" />
  <Point X="101" Y="262" T="118720816" />
  <Point X="103" Y="262" T="118720836" />
  <Point X="105" Y="263" T="118720855" />
  <Point X="108" Y="264" T="118720875" />
  <Point X="110" Y="264" T="118720895" />
  <Point X="112" Y="265" T="118720915" />
  <Point X="114" Y="265" T="118720935" />
  <Point X="116" Y="266" T="118720936" />
  <Point X="118" Y="265" T="118720957" />
  <Point X="121" Y="266" T="118720978" />
  <Point X="125" Y="266" T="118721000" />
  <Point X="127" Y="266" T="118721021" />
  <Point X="129" Y="267" T="118721042" />
  <Point X="134" Y="267" T="118721066" />
  <Point X="136" Y="265" T="118721088" />
  <Point X="140" Y="265" T="118721110" />
  <Point X="142" Y="265" T="118721132" />
  <Point X="144" Y="265" T="118721156" />
  <Point X="148" Y="263" T="118721180" />
  <Point X="150" Y="262" T="118721204" />
  <Point X="155" Y="260" T="118721228" />
  <Point X="157" Y="258" T="118721254" />
  <Point X="159" Y="257" T="118721278" />
  <Point X="161" Y="256" T="118721302" />
  <Point X="163" Y="254" T="118721326" />
  <Point X="165" Y="252" T="118721351" />
  <Point X="169" Y="248" T="118721376" />
  <Point X="171" Y="246" T="118721401" />
  <Point X="173" Y="241" T="118721426" />
  <Point X="175" Y="239" T="118721452" />
  <Point X="177" Y="235" T="118721477" />
  <Point X="178" Y="233" T="118721503" />
  <Point X="179" Y="229" T="118721529" />
  <Point X="181" Y="224" T="118721556" />
  <Point X="182" Y="222" T="118721583" />
  <Point X="184" Y="218" T="118721610" />
  <Point X="185" Y="216" T="118721636" />
  <Point X="186" Y="211" T="118721667" />
  <Point X="186" Y="209" T="118721694" />
  <Point X="187" Y="205" T="118721722" />
  <Point X="187" Y="203" T="118721750" />
  <Point X="187" Y="200" T="118721779" />
  <Point X="187" Y="198" T="118721780" />
  <Point X="187" Y="196" T="118721809" />
  <Point X="187" Y="192" T="118721838" />
  <Point X="186" Y="190" T="118721868" />
  <Point X="186" Y="188" T="118721897" />
  <Point X="185" Y="186" T="118721926" />
  <Point X="184" Y="181" T="118721956" />
  <Point X="183" Y="178" T="118721985" />
  <Point X="182" Y="176" T="118722015" />
  <Point X="181" Y="174" T="118722045" />
  <Point X="179" Y="170" T="118722077" />
  <Point X="177" Y="168" T="118722108" />
  <Point X="175" Y="165" T="118722138" />
  <Point X="173" Y="163" T="118722169" />
  <Point X="171" Y="162" T="118722200" />
  <Point X="169" Y="160" T="118722231" />
  <Point X="167" Y="160" T="118722263" />
  <Point X="163" Y="157" T="118722295" />
  <Point X="161" Y="156" T="118722326" />
  <Point X="159" Y="155" T="118722359" />
  <Point X="157" Y="153" T="118722360" />
  <Point X="155" Y="153" T="118722392" />
  <Point X="153" Y="151" T="118722424" />
  <Point X="151" Y="151" T="118722457" />
  <Point X="150" Y="149" T="118722490" />
  <Point X="145" Y="147" T="118722523" />
  <Point X="141" Y="145" T="118722556" />
  <Point X="139" Y="144" T="118722589" />
</Gesture>