﻿<?xml version="1.0" encoding="utf-8" standalone="yes"?>
<Gesture Name="circle06" Subject="5" Speed="slow" Number="6" NumPts="120" Millseconds="2736" AppName="Gestures" AppVer="3.7.0.0" Date="Friday, March 09, 2007" TimeOfDay="9:36:56 PM">
  <Point X="132" Y="149" T="118727168" />
  <Point X="123" Y="142" T="118727173" />
  <Point X="121" Y="140" T="118727180" />
  <Point X="120" Y="138" T="118727235" />
  <Point X="119" Y="140" T="118727271" />
  <Point X="117" Y="139" T="118727308" />
  <Point X="115" Y="138" T="118727333" />
  <Point X="113" Y="140" T="118727361" />
  <Point X="110" Y="141" T="118727385" />
  <Point X="108" Y="141" T="118727409" />
  <Point X="106" Y="140" T="118727441" />
  <Point X="104" Y="142" T="118727465" />
  <Point X="102" Y="142" T="118727490" />
  <Point X="100" Y="143" T="118727515" />
  <Point X="98" Y="144" T="118727540" />
  <Point X="96" Y="146" T="118727564" />
  <Point X="94" Y="147" T="118727589" />
  <Point X="92" Y="148" T="118727617" />
  <Point X="90" Y="150" T="118727641" />
  <Point X="88" Y="151" T="118727670" />
  <Point X="86" Y="153" T="118727694" />
  <Point X="85" Y="155" T="118727711" />
  <Point X="83" Y="156" T="118727738" />
  <Point X="81" Y="158" T="118727771" />
  <Point X="79" Y="159" T="118727807" />
  <Point X="77" Y="162" T="118727839" />
  <Point X="75" Y="163" T="118727879" />
  <Point X="74" Y="166" T="118727903" />
  <Point X="72" Y="168" T="118727940" />
  <Point X="71" Y="170" T="118727968" />
  <Point X="70" Y="173" T="118728004" />
  <Point X="69" Y="175" T="118728056" />
  <Point X="68" Y="177" T="118728080" />
  <Point X="68" Y="179" T="118728108" />
  <Point X="67" Y="182" T="118728137" />
  <Point X="66" Y="185" T="118728159" />
  <Point X="65" Y="187" T="118728182" />
  <Point X="65" Y="189" T="118728194" />
  <Point X="65" Y="191" T="118728218" />
  <Point X="64" Y="193" T="118728235" />
  <Point X="64" Y="195" T="118728251" />
  <Point X="63" Y="198" T="118728271" />
  <Point X="63" Y="200" T="118728295" />
  <Point X="63" Y="203" T="118728309" />
  <Point X="63" Y="205" T="118728323" />
  <Point X="63" Y="207" T="118728337" />
  <Point X="64" Y="209" T="118728351" />
  <Point X="64" Y="211" T="118728366" />
  <Point X="64" Y="216" T="118728381" />
  <Point X="65" Y="218" T="118728399" />
  <Point X="66" Y="220" T="118728415" />
  <Point X="66" Y="222" T="118728430" />
  <Point X="68" Y="225" T="118728446" />
  <Point X="69" Y="227" T="118728462" />
  <Point X="70" Y="232" T="118728478" />
  <Point X="71" Y="234" T="118728494" />
  <Point X="73" Y="236" T="118728510" />
  <Point X="74" Y="238" T="118728527" />
  <Point X="76" Y="240" T="118728544" />
  <Point X="77" Y="243" T="118728561" />
  <Point X="79" Y="245" T="118728578" />
  <Point X="81" Y="248" T="118728595" />
  <Point X="83" Y="249" T="118728613" />
  <Point X="86" Y="254" T="118728631" />
  <Point X="89" Y="254" T="118728649" />
  <Point X="93" Y="258" T="118728668" />
  <Point X="95" Y="260" T="118728686" />
  <Point X="99" Y="263" T="118728705" />
  <Point X="102" Y="263" T="118728727" />
  <Point X="104" Y="264" T="118728728" />
  <Point X="106" Y="265" T="118728748" />
  <Point X="110" Y="266" T="118728768" />
  <Point X="112" Y="268" T="118728788" />
  <Point X="116" Y="269" T="118728808" />
  <Point X="118" Y="269" T="118728829" />
  <Point X="123" Y="270" T="118728850" />
  <Point X="125" Y="269" T="118728870" />
  <Point X="128" Y="269" T="118728891" />
  <Point X="132" Y="268" T="118728911" />
  <Point X="134" Y="268" T="118728932" />
  <Point X="136" Y="267" T="118728953" />
  <Point X="138" Y="266" T="118728974" />
  <Point X="140" Y="265" T="118728975" />
  <Point X="143" Y="265" T="118728997" />
  <Point X="145" Y="263" T="118729019" />
  <Point X="149" Y="261" T="118729042" />
  <Point X="151" Y="260" T="118729064" />
  <Point X="154" Y="259" T="118729086" />
  <Point X="156" Y="258" T="118729109" />
  <Point X="160" Y="254" T="118729135" />
  <Point X="164" Y="250" T="118729160" />
  <Point X="166" Y="248" T="118729185" />
  <Point X="170" Y="244" T="118729209" />
  <Point X="174" Y="239" T="118729242" />
  <Point X="176" Y="235" T="118729267" />
  <Point X="178" Y="232" T="118729292" />
  <Point X="180" Y="227" T="118729318" />
  <Point X="181" Y="223" T="118729346" />
  <Point X="181" Y="221" T="118729371" />
  <Point X="181" Y="216" T="118729396" />
  <Point X="181" Y="212" T="118729422" />
  <Point X="181" Y="210" T="118729450" />
  <Point X="180" Y="205" T="118729476" />
  <Point X="180" Y="202" T="118729502" />
  <Point X="179" Y="198" T="118729529" />
  <Point X="179" Y="196" T="118729555" />
  <Point X="179" Y="193" T="118729582" />
  <Point X="178" Y="191" T="118729609" />
  <Point X="177" Y="188" T="118729639" />
  <Point X="177" Y="186" T="118729640" />
  <Point X="175" Y="184" T="118729668" />
  <Point X="174" Y="182" T="118729696" />
  <Point X="172" Y="179" T="118729723" />
  <Point X="170" Y="177" T="118729756" />
  <Point X="167" Y="174" T="118729785" />
  <Point X="163" Y="170" T="118729813" />
  <Point X="161" Y="168" T="118729845" />
  <Point X="159" Y="166" T="118729846" />
  <Point X="157" Y="164" T="118729875" />
  <Point X="155" Y="162" T="118729904" />
</Gesture>