﻿<?xml version="1.0" encoding="utf-8" standalone="yes"?>
<Gesture Name="circle01" Subject="5" Speed="slow" Number="1" NumPts="136" Millseconds="3446" AppName="Gestures" AppVer="3.7.0.0" Date="Friday, March 09, 2007" TimeOfDay="9:36:37 PM">
  <Point X="115" Y="141" T="118706691" />
  <Point X="115" Y="143" T="118706726" />
  <Point X="113" Y="143" T="118706847" />
  <Point X="110" Y="142" T="118706875" />
  <Point X="108" Y="143" T="118706899" />
  <Point X="106" Y="143" T="118706932" />
  <Point X="104" Y="143" T="118706960" />
  <Point X="102" Y="143" T="118706983" />
  <Point X="100" Y="144" T="118707007" />
  <Point X="98" Y="144" T="118707039" />
  <Point X="96" Y="145" T="118707067" />
  <Point X="94" Y="145" T="118707095" />
  <Point X="93" Y="147" T="118707115" />
  <Point X="91" Y="147" T="118707140" />
  <Point X="89" Y="148" T="118707165" />
  <Point X="87" Y="149" T="118707201" />
  <Point X="85" Y="150" T="118707241" />
  <Point X="83" Y="152" T="118707281" />
  <Point X="81" Y="154" T="118707312" />
  <Point X="79" Y="156" T="118707361" />
  <Point X="77" Y="158" T="118707410" />
  <Point X="76" Y="160" T="118707433" />
  <Point X="75" Y="162" T="118707457" />
  <Point X="73" Y="164" T="118707494" />
  <Point X="73" Y="166" T="118707521" />
  <Point X="72" Y="168" T="118707548" />
  <Point X="71" Y="170" T="118707568" />
  <Point X="70" Y="172" T="118707593" />
  <Point X="70" Y="175" T="118707605" />
  <Point X="70" Y="177" T="118707638" />
  <Point X="70" Y="180" T="118707659" />
  <Point X="70" Y="182" T="118707686" />
  <Point X="70" Y="184" T="118707710" />
  <Point X="70" Y="186" T="118707727" />
  <Point X="70" Y="189" T="118707751" />
  <Point X="71" Y="191" T="118707767" />
  <Point X="71" Y="193" T="118707788" />
  <Point X="71" Y="195" T="118707800" />
  <Point X="71" Y="197" T="118707824" />
  <Point X="72" Y="199" T="118707841" />
  <Point X="73" Y="202" T="118707865" />
  <Point X="74" Y="204" T="118707893" />
  <Point X="75" Y="206" T="118707921" />
  <Point X="76" Y="208" T="118707942" />
  <Point X="77" Y="210" T="118707966" />
  <Point X="79" Y="213" T="118707995" />
  <Point X="79" Y="215" T="118708011" />
  <Point X="80" Y="218" T="118708027" />
  <Point X="81" Y="220" T="118708051" />
  <Point X="81" Y="222" T="118708067" />
  <Point X="83" Y="224" T="118708098" />
  <Point X="84" Y="227" T="118708122" />
  <Point X="84" Y="229" T="118708137" />
  <Point X="85" Y="231" T="118708154" />
  <Point X="87" Y="233" T="118708170" />
  <Point X="88" Y="235" T="118708188" />
  <Point X="90" Y="237" T="118708218" />
  <Point X="91" Y="239" T="118708234" />
  <Point X="92" Y="241" T="118708251" />
  <Point X="94" Y="243" T="118708268" />
  <Point X="95" Y="245" T="118708286" />
  <Point X="97" Y="248" T="118708311" />
  <Point X="98" Y="250" T="118708331" />
  <Point X="100" Y="251" T="118708351" />
  <Point X="102" Y="253" T="118708369" />
  <Point X="104" Y="254" T="118708387" />
  <Point X="105" Y="256" T="118708406" />
  <Point X="107" Y="257" T="118708425" />
  <Point X="110" Y="258" T="118708444" />
  <Point X="112" Y="259" T="118708463" />
  <Point X="114" Y="260" T="118708483" />
  <Point X="117" Y="262" T="118708502" />
  <Point X="119" Y="263" T="118708522" />
  <Point X="121" Y="264" T="118708542" />
  <Point X="123" Y="264" T="118708562" />
  <Point X="125" Y="265" T="118708582" />
  <Point X="127" Y="265" T="118708603" />
  <Point X="129" Y="266" T="118708623" />
  <Point X="131" Y="266" T="118708644" />
  <Point X="133" Y="266" T="118708665" />
  <Point X="135" Y="267" T="118708687" />
  <Point X="138" Y="266" T="118708709" />
  <Point X="140" Y="266" T="118708731" />
  <Point X="142" Y="266" T="118708755" />
  <Point X="144" Y="266" T="118708778" />
  <Point X="146" Y="265" T="118708800" />
  <Point X="148" Y="264" T="118708823" />
  <Point X="151" Y="264" T="118708846" />
  <Point X="153" Y="263" T="118708870" />
  <Point X="156" Y="261" T="118708893" />
  <Point X="158" Y="261" T="118708917" />
  <Point X="160" Y="260" T="118708940" />
  <Point X="163" Y="258" T="118708965" />
  <Point X="165" Y="257" T="118708989" />
  <Point X="166" Y="255" T="118709013" />
  <Point X="168" Y="253" T="118709038" />
  <Point X="170" Y="251" T="118709063" />
  <Point X="173" Y="247" T="118709088" />
  <Point X="174" Y="245" T="118709113" />
  <Point X="175" Y="242" T="118709138" />
  <Point X="177" Y="240" T="118709164" />
  <Point X="179" Y="237" T="118709190" />
  <Point X="180" Y="233" T="118709216" />
  <Point X="182" Y="231" T="118709242" />
  <Point X="183" Y="227" T="118709271" />
  <Point X="184" Y="222" T="118709297" />
  <Point X="184" Y="218" T="118709324" />
  <Point X="184" Y="213" T="118709352" />
  <Point X="184" Y="210" T="118709379" />
  <Point X="184" Y="206" T="118709407" />
  <Point X="184" Y="202" T="118709435" />
  <Point X="184" Y="198" T="118709463" />
  <Point X="184" Y="195" T="118709491" />
  <Point X="184" Y="190" T="118709519" />
  <Point X="183" Y="186" T="118709548" />
  <Point X="182" Y="184" T="118709576" />
  <Point X="180" Y="179" T="118709605" />
  <Point X="180" Y="177" T="118709634" />
  <Point X="178" Y="174" T="118709663" />
  <Point X="177" Y="172" T="118709693" />
  <Point X="175" Y="170" T="118709722" />
  <Point X="173" Y="168" T="118709724" />
  <Point X="172" Y="166" T="118709753" />
  <Point X="170" Y="163" T="118709786" />
  <Point X="166" Y="162" T="118709817" />
  <Point X="164" Y="160" T="118709848" />
  <Point X="160" Y="159" T="118709880" />
  <Point X="157" Y="157" T="118709910" />
  <Point X="155" Y="155" T="118709941" />
  <Point X="153" Y="154" T="118709974" />
  <Point X="149" Y="153" T="118710005" />
  <Point X="147" Y="152" T="118710038" />
  <Point X="143" Y="150" T="118710070" />
  <Point X="141" Y="147" T="118710102" />
  <Point X="139" Y="147" T="118710103" />
  <Point X="134" Y="147" T="118710137" />
</Gesture>