﻿<?xml version="1.0" encoding="utf-8" standalone="yes"?>
<Gesture Name="circle09" Subject="5" Speed="slow" Number="9" NumPts="118" Millseconds="2403" AppName="Gestures" AppVer="3.7.0.0" Date="Friday, March 09, 2007" TimeOfDay="9:37:07 PM">
  <Point X="124" Y="151" T="118737995" />
  <Point X="122" Y="152" T="118738067" />
  <Point X="120" Y="150" T="118738096" />
  <Point X="118" Y="151" T="118738120" />
  <Point X="116" Y="150" T="118738145" />
  <Point X="114" Y="151" T="118738161" />
  <Point X="112" Y="150" T="118738181" />
  <Point X="109" Y="152" T="118738196" />
  <Point X="107" Y="152" T="118738212" />
  <Point X="105" Y="153" T="118738228" />
  <Point X="103" Y="153" T="118738244" />
  <Point X="101" Y="153" T="118738260" />
  <Point X="99" Y="154" T="118738276" />
  <Point X="97" Y="155" T="118738292" />
  <Point X="95" Y="155" T="118738305" />
  <Point X="92" Y="155" T="118738322" />
  <Point X="90" Y="156" T="118738335" />
  <Point X="88" Y="157" T="118738355" />
  <Point X="86" Y="159" T="118738375" />
  <Point X="83" Y="160" T="118738399" />
  <Point X="81" Y="161" T="118738418" />
  <Point X="80" Y="163" T="118738430" />
  <Point X="78" Y="164" T="118738447" />
  <Point X="76" Y="165" T="118738462" />
  <Point X="74" Y="167" T="118738487" />
  <Point X="72" Y="169" T="118738520" />
  <Point X="71" Y="171" T="118738540" />
  <Point X="69" Y="173" T="118738573" />
  <Point X="68" Y="175" T="118738590" />
  <Point X="67" Y="177" T="118738602" />
  <Point X="66" Y="179" T="118738626" />
  <Point X="66" Y="182" T="118738650" />
  <Point X="65" Y="184" T="118738666" />
  <Point X="65" Y="186" T="118738682" />
  <Point X="65" Y="188" T="118738699" />
  <Point X="64" Y="191" T="118738712" />
  <Point X="64" Y="193" T="118738731" />
  <Point X="63" Y="197" T="118738756" />
  <Point X="63" Y="199" T="118738776" />
  <Point X="64" Y="201" T="118738792" />
  <Point X="64" Y="203" T="118738805" />
  <Point X="65" Y="205" T="118738818" />
  <Point X="65" Y="207" T="118738832" />
  <Point X="65" Y="209" T="118738846" />
  <Point X="66" Y="211" T="118738860" />
  <Point X="66" Y="214" T="118738874" />
  <Point X="66" Y="218" T="118738888" />
  <Point X="67" Y="220" T="118738903" />
  <Point X="68" Y="222" T="118738918" />
  <Point X="69" Y="224" T="118738933" />
  <Point X="70" Y="229" T="118738948" />
  <Point X="71" Y="231" T="118738963" />
  <Point X="72" Y="233" T="118738979" />
  <Point X="73" Y="236" T="118738998" />
  <Point X="74" Y="238" T="118739015" />
  <Point X="75" Y="241" T="118739032" />
  <Point X="77" Y="243" T="118739048" />
  <Point X="78" Y="245" T="118739064" />
  <Point X="81" Y="249" T="118739082" />
  <Point X="83" Y="251" T="118739101" />
  <Point X="84" Y="254" T="118739121" />
  <Point X="88" Y="259" T="118739139" />
  <Point X="90" Y="260" T="118739162" />
  <Point X="92" Y="262" T="118739180" />
  <Point X="95" Y="263" T="118739198" />
  <Point X="97" Y="264" T="118739217" />
  <Point X="102" Y="266" T="118739235" />
  <Point X="104" Y="266" T="118739254" />
  <Point X="106" Y="268" T="118739273" />
  <Point X="111" Y="269" T="118739293" />
  <Point X="113" Y="270" T="118739312" />
  <Point X="117" Y="270" T="118739331" />
  <Point X="121" Y="271" T="118739351" />
  <Point X="123" Y="270" T="118739374" />
  <Point X="127" Y="272" T="118739394" />
  <Point X="130" Y="272" T="118739414" />
  <Point X="132" Y="273" T="118739415" />
  <Point X="134" Y="273" T="118739436" />
  <Point X="138" Y="274" T="118739457" />
  <Point X="140" Y="274" T="118739481" />
  <Point X="143" Y="275" T="118739503" />
  <Point X="148" Y="276" T="118739526" />
  <Point X="150" Y="275" T="118739548" />
  <Point X="155" Y="275" T="118739577" />
  <Point X="157" Y="274" T="118739600" />
  <Point X="160" Y="274" T="118739601" />
  <Point X="162" Y="274" T="118739624" />
  <Point X="164" Y="274" T="118739648" />
  <Point X="166" Y="272" T="118739674" />
  <Point X="170" Y="270" T="118739698" />
  <Point X="173" Y="268" T="118739722" />
  <Point X="175" Y="266" T="118739746" />
  <Point X="176" Y="264" T="118739770" />
  <Point X="179" Y="259" T="118739796" />
  <Point X="180" Y="256" T="118739821" />
  <Point X="180" Y="254" T="118739845" />
  <Point X="182" Y="249" T="118739871" />
  <Point X="183" Y="246" T="118739897" />
  <Point X="184" Y="242" T="118739922" />
  <Point X="184" Y="237" T="118739948" />
  <Point X="184" Y="232" T="118739974" />
  <Point X="184" Y="227" T="118740000" />
  <Point X="184" Y="224" T="118740026" />
  <Point X="183" Y="220" T="118740028" />
  <Point X="183" Y="217" T="118740054" />
  <Point X="181" Y="211" T="118740084" />
  <Point X="179" Y="206" T="118740111" />
  <Point X="178" Y="202" T="118740138" />
  <Point X="178" Y="199" T="118740139" />
  <Point X="177" Y="194" T="118740167" />
  <Point X="176" Y="191" T="118740196" />
  <Point X="174" Y="187" T="118740224" />
  <Point X="171" Y="183" T="118740252" />
  <Point X="168" Y="180" T="118740281" />
  <Point X="165" Y="178" T="118740310" />
  <Point X="159" Y="175" T="118740339" />
  <Point X="155" Y="172" T="118740368" />
  <Point X="152" Y="168" T="118740398" />
</Gesture>