﻿<?xml version="1.0" encoding="utf-8" standalone="yes"?>
<Gesture Name="circle02" Subject="5" Speed="slow" Number="2" NumPts="138" Millseconds="3539" AppName="Gestures" AppVer="3.7.0.0" Date="Friday, March 09, 2007" TimeOfDay="9:36:41 PM">
  <Point X="116" Y="137" T="118710953" />
  <Point X="114" Y="137" T="118711097" />
  <Point X="112" Y="136" T="118711137" />
  <Point X="110" Y="136" T="118711169" />
  <Point X="108" Y="136" T="118711194" />
  <Point X="106" Y="135" T="118711218" />
  <Point X="104" Y="135" T="118711238" />
  <Point X="101" Y="136" T="118711266" />
  <Point X="99" Y="137" T="118711287" />
  <Point X="97" Y="137" T="118711307" />
  <Point X="95" Y="138" T="118711327" />
  <Point X="93" Y="137" T="118711351" />
  <Point X="91" Y="139" T="118711376" />
  <Point X="89" Y="139" T="118711404" />
  <Point X="87" Y="141" T="118711435" />
  <Point X="86" Y="143" T="118711472" />
  <Point X="84" Y="145" T="118711513" />
  <Point X="82" Y="146" T="118711551" />
  <Point X="81" Y="148" T="118711574" />
  <Point X="79" Y="150" T="118711610" />
  <Point X="77" Y="152" T="118711646" />
  <Point X="76" Y="154" T="118711670" />
  <Point X="75" Y="156" T="118711698" />
  <Point X="74" Y="158" T="118711722" />
  <Point X="73" Y="161" T="118711747" />
  <Point X="73" Y="163" T="118711779" />
  <Point X="72" Y="165" T="118711808" />
  <Point X="72" Y="168" T="118711832" />
  <Point X="71" Y="170" T="118711848" />
  <Point X="71" Y="173" T="118711864" />
  <Point X="72" Y="175" T="118711893" />
  <Point X="72" Y="177" T="118711918" />
  <Point X="72" Y="179" T="118711930" />
  <Point X="72" Y="181" T="118711942" />
  <Point X="72" Y="183" T="118711955" />
  <Point X="72" Y="185" T="118711967" />
  <Point X="72" Y="188" T="118711983" />
  <Point X="73" Y="190" T="118711999" />
  <Point X="73" Y="192" T="118712012" />
  <Point X="73" Y="194" T="118712024" />
  <Point X="74" Y="197" T="118712043" />
  <Point X="75" Y="199" T="118712062" />
  <Point X="75" Y="201" T="118712083" />
  <Point X="76" Y="203" T="118712099" />
  <Point X="77" Y="206" T="118712123" />
  <Point X="78" Y="208" T="118712139" />
  <Point X="78" Y="210" T="118712159" />
  <Point X="79" Y="212" T="118712175" />
  <Point X="80" Y="215" T="118712195" />
  <Point X="81" Y="217" T="118712211" />
  <Point X="81" Y="219" T="118712226" />
  <Point X="82" Y="221" T="118712243" />
  <Point X="84" Y="223" T="118712264" />
  <Point X="85" Y="226" T="118712284" />
  <Point X="86" Y="228" T="118712300" />
  <Point X="87" Y="230" T="118712316" />
  <Point X="89" Y="232" T="118712333" />
  <Point X="90" Y="234" T="118712349" />
  <Point X="92" Y="237" T="118712366" />
  <Point X="93" Y="239" T="118712383" />
  <Point X="95" Y="242" T="118712408" />
  <Point X="96" Y="244" T="118712425" />
  <Point X="98" Y="246" T="118712448" />
  <Point X="99" Y="248" T="118712468" />
  <Point X="101" Y="250" T="118712492" />
  <Point X="102" Y="252" T="118712516" />
  <Point X="103" Y="254" T="118712534" />
  <Point X="105" Y="255" T="118712561" />
  <Point X="107" Y="257" T="118712585" />
  <Point X="109" Y="259" T="118712617" />
  <Point X="111" Y="260" T="118712645" />
  <Point X="113" Y="262" T="118712673" />
  <Point X="115" Y="263" T="118712705" />
  <Point X="117" Y="264" T="118712742" />
  <Point X="119" Y="264" T="118712770" />
  <Point X="121" Y="264" T="118712795" />
  <Point X="123" Y="265" T="118712823" />
  <Point X="125" Y="265" T="118712850" />
  <Point X="127" Y="265" T="118712879" />
  <Point X="129" Y="266" T="118712900" />
  <Point X="131" Y="265" T="118712922" />
  <Point X="133" Y="265" T="118712943" />
  <Point X="136" Y="266" T="118712966" />
  <Point X="138" Y="264" T="118712990" />
  <Point X="142" Y="265" T="118713013" />
  <Point X="144" Y="265" T="118713035" />
  <Point X="146" Y="264" T="118713058" />
  <Point X="148" Y="264" T="118713080" />
  <Point X="150" Y="263" T="118713104" />
  <Point X="152" Y="261" T="118713127" />
  <Point X="154" Y="260" T="118713150" />
  <Point X="156" Y="260" T="118713152" />
  <Point X="159" Y="258" T="118713175" />
  <Point X="161" Y="257" T="118713200" />
  <Point X="163" Y="256" T="118713224" />
  <Point X="165" Y="254" T="118713249" />
  <Point X="167" Y="252" T="118713274" />
  <Point X="169" Y="251" T="118713298" />
  <Point X="170" Y="248" T="118713323" />
  <Point X="172" Y="247" T="118713349" />
  <Point X="174" Y="245" T="118713374" />
  <Point X="177" Y="241" T="118713401" />
  <Point X="179" Y="238" T="118713428" />
  <Point X="181" Y="236" T="118713454" />
  <Point X="183" Y="232" T="118713481" />
  <Point X="184" Y="229" T="118713508" />
  <Point X="185" Y="227" T="118713535" />
  <Point X="186" Y="224" T="118713562" />
  <Point X="187" Y="220" T="118713590" />
  <Point X="188" Y="218" T="118713619" />
  <Point X="189" Y="213" T="118713652" />
  <Point X="189" Y="208" T="118713685" />
  <Point X="189" Y="204" T="118713714" />
  <Point X="189" Y="202" T="118713742" />
  <Point X="188" Y="198" T="118713770" />
  <Point X="188" Y="194" T="118713799" />
  <Point X="187" Y="192" T="118713828" />
  <Point X="185" Y="190" T="118713857" />
  <Point X="183" Y="185" T="118713887" />
  <Point X="181" Y="181" T="118713916" />
  <Point X="180" Y="179" T="118713946" />
  <Point X="177" Y="174" T="118713976" />
  <Point X="176" Y="172" T="118714009" />
  <Point X="174" Y="170" T="118714039" />
  <Point X="173" Y="167" T="118714069" />
  <Point X="172" Y="165" T="118714101" />
  <Point X="170" Y="163" T="118714132" />
  <Point X="166" Y="159" T="118714164" />
  <Point X="164" Y="157" T="118714195" />
  <Point X="162" Y="155" T="118714226" />
  <Point X="160" Y="154" T="118714258" />
  <Point X="156" Y="152" T="118714291" />
  <Point X="154" Y="151" T="118714323" />
  <Point X="150" Y="149" T="118714356" />
  <Point X="146" Y="147" T="118714390" />
  <Point X="141" Y="143" T="118714423" />
  <Point X="134" Y="140" T="118714456" />
  <Point X="132" Y="139" T="118714492" />
</Gesture>