﻿<?xml version="1.0" encoding="utf-8" standalone="yes"?>
<Gesture Name="circle03" Subject="5" Speed="slow" Number="3" NumPts="135" Millseconds="3120" AppName="Gestures" AppVer="3.7.0.0" Date="Friday, March 09, 2007" TimeOfDay="9:36:45 PM">
  <Point X="117" Y="136" T="118715397" />
  <Point X="115" Y="135" T="118715490" />
  <Point X="113" Y="135" T="118715538" />
  <Point X="111" Y="136" T="118715558" />
  <Point X="109" Y="136" T="118715579" />
  <Point X="106" Y="137" T="118715603" />
  <Point X="104" Y="136" T="118715627" />
  <Point X="102" Y="136" T="118715648" />
  <Point X="100" Y="137" T="118715664" />
  <Point X="98" Y="137" T="118715680" />
  <Point X="96" Y="139" T="118715696" />
  <Point X="94" Y="138" T="118715712" />
  <Point X="92" Y="140" T="118715732" />
  <Point X="90" Y="141" T="118715752" />
  <Point X="88" Y="142" T="118715781" />
  <Point X="86" Y="144" T="118715809" />
  <Point X="84" Y="145" T="118715837" />
  <Point X="82" Y="147" T="118715866" />
  <Point X="80" Y="149" T="118715898" />
  <Point X="79" Y="151" T="118715923" />
  <Point X="77" Y="154" T="118715959" />
  <Point X="76" Y="156" T="118715984" />
  <Point X="75" Y="158" T="118716027" />
  <Point X="73" Y="160" T="118716051" />
  <Point X="72" Y="163" T="118716092" />
  <Point X="71" Y="165" T="118716112" />
  <Point X="70" Y="167" T="118716128" />
  <Point X="70" Y="169" T="118716148" />
  <Point X="69" Y="171" T="118716169" />
  <Point X="69" Y="173" T="118716190" />
  <Point X="68" Y="176" T="118716201" />
  <Point X="68" Y="178" T="118716222" />
  <Point X="68" Y="180" T="118716234" />
  <Point X="67" Y="182" T="118716251" />
  <Point X="66" Y="185" T="118716271" />
  <Point X="66" Y="187" T="118716283" />
  <Point X="66" Y="189" T="118716295" />
  <Point X="66" Y="191" T="118716308" />
  <Point X="66" Y="193" T="118716320" />
  <Point X="66" Y="195" T="118716339" />
  <Point X="66" Y="198" T="118716352" />
  <Point X="66" Y="200" T="118716365" />
  <Point X="67" Y="202" T="118716378" />
  <Point X="67" Y="205" T="118716392" />
  <Point X="68" Y="207" T="118716406" />
  <Point X="68" Y="209" T="118716420" />
  <Point X="68" Y="212" T="118716434" />
  <Point X="69" Y="214" T="118716435" />
  <Point X="69" Y="217" T="118716452" />
  <Point X="70" Y="219" T="118716468" />
  <Point X="70" Y="221" T="118716483" />
  <Point X="71" Y="224" T="118716498" />
  <Point X="72" Y="228" T="118716514" />
  <Point X="73" Y="230" T="118716530" />
  <Point X="73" Y="232" T="118716554" />
  <Point X="75" Y="234" T="118716556" />
  <Point X="76" Y="237" T="118716572" />
  <Point X="78" Y="240" T="118716590" />
  <Point X="79" Y="242" T="118716607" />
  <Point X="81" Y="244" T="118716624" />
  <Point X="82" Y="246" T="118716641" />
  <Point X="83" Y="249" T="118716659" />
  <Point X="85" Y="251" T="118716677" />
  <Point X="87" Y="253" T="118716694" />
  <Point X="89" Y="255" T="118716714" />
  <Point X="91" Y="256" T="118716734" />
  <Point X="92" Y="258" T="118716752" />
  <Point X="94" Y="258" T="118716771" />
  <Point X="96" Y="260" T="118716789" />
  <Point X="98" Y="261" T="118716808" />
  <Point X="100" Y="263" T="118716827" />
  <Point X="104" Y="264" T="118716846" />
  <Point X="106" Y="265" T="118716865" />
  <Point X="108" Y="267" T="118716885" />
  <Point X="110" Y="268" T="118716905" />
  <Point X="112" Y="267" T="118716925" />
  <Point X="116" Y="268" T="118716949" />
  <Point X="118" Y="268" T="118716971" />
  <Point X="123" Y="267" T="118716993" />
  <Point X="125" Y="266" T="118717014" />
  <Point X="129" Y="266" T="118717036" />
  <Point X="131" Y="265" T="118717057" />
  <Point X="134" Y="265" T="118717079" />
  <Point X="136" Y="264" T="118717101" />
  <Point X="138" Y="264" T="118717124" />
  <Point X="140" Y="263" T="118717147" />
  <Point X="142" Y="262" T="118717170" />
  <Point X="146" Y="259" T="118717193" />
  <Point X="148" Y="258" T="118717216" />
  <Point X="150" Y="258" T="118717239" />
  <Point X="154" Y="255" T="118717263" />
  <Point X="156" Y="253" T="118717287" />
  <Point X="158" Y="252" T="118717311" />
  <Point X="160" Y="250" T="118717335" />
  <Point X="162" Y="248" T="118717359" />
  <Point X="163" Y="245" T="118717383" />
  <Point X="166" Y="241" T="118717408" />
  <Point X="167" Y="238" T="118717433" />
  <Point X="168" Y="235" T="118717461" />
  <Point X="169" Y="232" T="118717486" />
  <Point X="171" Y="228" T="118717512" />
  <Point X="171" Y="224" T="118717538" />
  <Point X="172" Y="219" T="118717565" />
  <Point X="172" Y="215" T="118717591" />
  <Point X="172" Y="213" T="118717617" />
  <Point X="171" Y="211" T="118717644" />
  <Point X="171" Y="209" T="118717671" />
  <Point X="169" Y="204" T="118717698" />
  <Point X="168" Y="202" T="118717725" />
  <Point X="167" Y="198" T="118717754" />
  <Point X="166" Y="195" T="118717781" />
  <Point X="165" Y="193" T="118717809" />
  <Point X="164" Y="189" T="118717837" />
  <Point X="164" Y="187" T="118717865" />
  <Point X="163" Y="184" T="118717893" />
  <Point X="163" Y="180" T="118717922" />
  <Point X="162" Y="178" T="118717951" />
  <Point X="160" Y="173" T="118717980" />
  <Point X="159" Y="171" T="118718010" />
  <Point X="158" Y="168" T="118718042" />
  <Point X="156" Y="166" T="118718071" />
  <Point X="154" Y="164" T="118718106" />
  <Point X="153" Y="162" T="118718136" />
  <Point X="152" Y="159" T="118718167" />
  <Point X="150" Y="158" T="118718197" />
  <Point X="149" Y="156" T="118718229" />
  <Point X="147" Y="154" T="118718259" />
  <Point X="145" Y="152" T="118718291" />
  <Point X="143" Y="151" T="118718322" />
  <Point X="141" Y="149" T="118718353" />
  <Point X="139" Y="147" T="118718385" />
  <Point X="137" Y="146" T="118718419" />
  <Point X="133" Y="142" T="118718452" />
  <Point X="131" Y="139" T="118718484" />
  <Point X="129" Y="140" T="118718517" />
</Gesture>