﻿<?xml version="1.0" encoding="utf-8" standalone="yes"?>
<Gesture Name="circle10" Subject="5" Speed="slow" Number="10" NumPts="111" Millseconds="2434" AppName="Gestures" AppVer="3.7.0.0" Date="Friday, March 09, 2007" TimeOfDay="9:37:20 PM">
  <Point X="113" Y="145" T="118751153" />
  <Point X="111" Y="144" T="118751293" />
  <Point X="109" Y="144" T="118751322" />
  <Point X="107" Y="144" T="118751342" />
  <Point X="105" Y="142" T="118751366" />
  <Point X="103" Y="143" T="118751391" />
  <Point X="101" Y="143" T="118751411" />
  <Point X="99" Y="143" T="118751435" />
  <Point X="96" Y="142" T="118751463" />
  <Point X="94" Y="143" T="118751483" />
  <Point X="92" Y="145" T="118751503" />
  <Point X="90" Y="145" T="118751523" />
  <Point X="88" Y="147" T="118751551" />
  <Point X="86" Y="148" T="118751575" />
  <Point X="84" Y="148" T="118751604" />
  <Point X="82" Y="150" T="118751633" />
  <Point X="80" Y="151" T="118751664" />
  <Point X="78" Y="153" T="118751685" />
  <Point X="76" Y="155" T="118751717" />
  <Point X="75" Y="157" T="118751733" />
  <Point X="74" Y="159" T="118751766" />
  <Point X="73" Y="162" T="118751798" />
  <Point X="72" Y="164" T="118751826" />
  <Point X="71" Y="166" T="118751843" />
  <Point X="71" Y="168" T="118751863" />
  <Point X="70" Y="170" T="118751883" />
  <Point X="70" Y="172" T="118751893" />
  <Point X="70" Y="175" T="118751915" />
  <Point X="70" Y="177" T="118751935" />
  <Point X="70" Y="179" T="118751956" />
  <Point X="70" Y="182" T="118751968" />
  <Point X="70" Y="184" T="118751988" />
  <Point X="70" Y="186" T="118752004" />
  <Point X="71" Y="188" T="118752020" />
  <Point X="71" Y="190" T="118752033" />
  <Point X="71" Y="192" T="118752052" />
  <Point X="71" Y="194" T="118752065" />
  <Point X="71" Y="196" T="118752079" />
  <Point X="71" Y="199" T="118752092" />
  <Point X="72" Y="202" T="118752106" />
  <Point X="72" Y="204" T="118752120" />
  <Point X="73" Y="206" T="118752134" />
  <Point X="73" Y="209" T="118752149" />
  <Point X="74" Y="211" T="118752167" />
  <Point X="75" Y="213" T="118752181" />
  <Point X="76" Y="215" T="118752197" />
  <Point X="77" Y="218" T="118752212" />
  <Point X="78" Y="220" T="118752213" />
  <Point X="78" Y="222" T="118752230" />
  <Point X="79" Y="224" T="118752246" />
  <Point X="80" Y="227" T="118752262" />
  <Point X="82" Y="229" T="118752278" />
  <Point X="83" Y="232" T="118752294" />
  <Point X="85" Y="236" T="118752311" />
  <Point X="87" Y="239" T="118752328" />
  <Point X="89" Y="241" T="118752344" />
  <Point X="90" Y="243" T="118752361" />
  <Point X="92" Y="245" T="118752379" />
  <Point X="94" Y="247" T="118752397" />
  <Point X="96" Y="250" T="118752415" />
  <Point X="99" Y="251" T="118752433" />
  <Point X="103" Y="254" T="118752451" />
  <Point X="105" Y="255" T="118752470" />
  <Point X="108" Y="257" T="118752489" />
  <Point X="112" Y="259" T="118752508" />
  <Point X="114" Y="260" T="118752528" />
  <Point X="116" Y="260" T="118752529" />
  <Point X="118" Y="261" T="118752550" />
  <Point X="122" Y="263" T="118752571" />
  <Point X="124" Y="263" T="118752591" />
  <Point X="129" Y="263" T="118752611" />
  <Point X="131" Y="264" T="118752632" />
  <Point X="133" Y="264" T="118752633" />
  <Point X="135" Y="264" T="118752654" />
  <Point X="140" Y="264" T="118752675" />
  <Point X="144" Y="263" T="118752697" />
  <Point X="146" Y="263" T="118752718" />
  <Point X="148" Y="263" T="118752740" />
  <Point X="150" Y="262" T="118752764" />
  <Point X="152" Y="260" T="118752786" />
  <Point X="154" Y="258" T="118752808" />
  <Point X="158" Y="255" T="118752831" />
  <Point X="160" Y="253" T="118752854" />
  <Point X="161" Y="250" T="118752877" />
  <Point X="162" Y="248" T="118752902" />
  <Point X="165" Y="243" T="118752926" />
  <Point X="167" Y="239" T="118752950" />
  <Point X="168" Y="237" T="118752974" />
  <Point X="169" Y="233" T="118752998" />
  <Point X="170" Y="228" T="118753023" />
  <Point X="170" Y="223" T="118753049" />
  <Point X="171" Y="221" T="118753073" />
  <Point X="171" Y="219" T="118753098" />
  <Point X="170" Y="215" T="118753123" />
  <Point X="170" Y="210" T="118753151" />
  <Point X="171" Y="208" T="118753177" />
  <Point X="170" Y="203" T="118753202" />
  <Point X="170" Y="200" T="118753228" />
  <Point X="170" Y="197" T="118753255" />
  <Point X="168" Y="193" T="118753281" />
  <Point X="167" Y="191" T="118753308" />
  <Point X="166" Y="188" T="118753334" />
  <Point X="163" Y="184" T="118753361" />
  <Point X="160" Y="180" T="118753389" />
  <Point X="158" Y="177" T="118753416" />
  <Point X="155" Y="173" T="118753443" />
  <Point X="151" Y="166" T="118753472" />
  <Point X="147" Y="163" T="118753500" />
  <Point X="140" Y="159" T="118753529" />
  <Point X="136" Y="158" T="118753558" />
  <Point X="134" Y="157" T="118753587" />
</Gesture>