﻿<?xml version="1.0" encoding="utf-8" standalone="yes"?>
<Gesture Name="circle05" Subject="5" Speed="slow" Number="5" NumPts="133" Millseconds="2867" AppName="Gestures" AppVer="3.7.0.0" Date="Friday, March 09, 2007" TimeOfDay="9:36:53 PM">
  <Point X="122" Y="137" T="118723361" />
  <Point X="120" Y="138" T="118723432" />
  <Point X="118" Y="139" T="118723465" />
  <Point X="115" Y="140" T="118723494" />
  <Point X="113" Y="139" T="118723514" />
  <Point X="111" Y="140" T="118723531" />
  <Point X="109" Y="140" T="118723547" />
  <Point X="107" Y="140" T="118723563" />
  <Point X="105" Y="141" T="118723579" />
  <Point X="103" Y="142" T="118723598" />
  <Point X="101" Y="142" T="118723614" />
  <Point X="99" Y="142" T="118723634" />
  <Point X="97" Y="144" T="118723655" />
  <Point X="94" Y="144" T="118723675" />
  <Point X="92" Y="146" T="118723696" />
  <Point X="90" Y="147" T="118723713" />
  <Point X="88" Y="148" T="118723734" />
  <Point X="86" Y="150" T="118723754" />
  <Point X="84" Y="153" T="118723770" />
  <Point X="82" Y="155" T="118723794" />
  <Point X="81" Y="157" T="118723810" />
  <Point X="79" Y="158" T="118723838" />
  <Point X="77" Y="161" T="118723859" />
  <Point X="75" Y="163" T="118723892" />
  <Point X="74" Y="165" T="118723903" />
  <Point X="73" Y="167" T="118723923" />
  <Point X="72" Y="169" T="118723939" />
  <Point X="71" Y="171" T="118723950" />
  <Point X="70" Y="173" T="118723972" />
  <Point X="70" Y="176" T="118723985" />
  <Point X="69" Y="178" T="118724002" />
  <Point X="69" Y="180" T="118724018" />
  <Point X="68" Y="183" T="118724038" />
  <Point X="68" Y="185" T="118724054" />
  <Point X="68" Y="187" T="118724067" />
  <Point X="68" Y="189" T="118724082" />
  <Point X="68" Y="191" T="118724094" />
  <Point X="67" Y="194" T="118724111" />
  <Point X="67" Y="196" T="118724124" />
  <Point X="67" Y="198" T="118724138" />
  <Point X="67" Y="200" T="118724158" />
  <Point X="68" Y="202" T="118724171" />
  <Point X="68" Y="204" T="118724185" />
  <Point X="68" Y="207" T="118724199" />
  <Point X="68" Y="210" T="118724213" />
  <Point X="68" Y="212" T="118724227" />
  <Point X="69" Y="215" T="118724241" />
  <Point X="70" Y="217" T="118724256" />
  <Point X="70" Y="219" T="118724271" />
  <Point X="71" Y="221" T="118724286" />
  <Point X="72" Y="224" T="118724301" />
  <Point X="73" Y="226" T="118724303" />
  <Point X="74" Y="228" T="118724318" />
  <Point X="75" Y="230" T="118724334" />
  <Point X="77" Y="232" T="118724350" />
  <Point X="78" Y="234" T="118724367" />
  <Point X="80" Y="237" T="118724383" />
  <Point X="82" Y="239" T="118724399" />
  <Point X="84" Y="241" T="118724418" />
  <Point X="85" Y="243" T="118724435" />
  <Point X="88" Y="245" T="118724452" />
  <Point X="88" Y="247" T="118724470" />
  <Point X="90" Y="249" T="118724487" />
  <Point X="93" Y="251" T="118724505" />
  <Point X="95" Y="254" T="118724524" />
  <Point X="97" Y="255" T="118724542" />
  <Point X="99" Y="257" T="118724560" />
  <Point X="104" Y="258" T="118724579" />
  <Point X="106" Y="259" T="118724598" />
  <Point X="108" Y="261" T="118724617" />
  <Point X="112" Y="264" T="118724637" />
  <Point X="114" Y="263" T="118724656" />
  <Point X="116" Y="264" T="118724676" />
  <Point X="118" Y="265" T="118724696" />
  <Point X="123" Y="266" T="118724716" />
  <Point X="125" Y="265" T="118724737" />
  <Point X="129" Y="266" T="118724758" />
  <Point X="131" Y="266" T="118724778" />
  <Point X="134" Y="265" T="118724799" />
  <Point X="136" Y="265" T="118724822" />
  <Point X="138" Y="264" T="118724843" />
  <Point X="140" Y="264" T="118724865" />
  <Point X="142" Y="264" T="118724887" />
  <Point X="144" Y="264" T="118724909" />
  <Point X="148" Y="262" T="118724933" />
  <Point X="150" Y="262" T="118724956" />
  <Point X="155" Y="260" T="118724979" />
  <Point X="157" Y="259" T="118725003" />
  <Point X="161" Y="256" T="118725027" />
  <Point X="163" Y="255" T="118725051" />
  <Point X="165" Y="254" T="118725074" />
  <Point X="166" Y="252" T="118725098" />
  <Point X="168" Y="249" T="118725122" />
  <Point X="170" Y="248" T="118725145" />
  <Point X="172" Y="247" T="118725169" />
  <Point X="175" Y="242" T="118725194" />
  <Point X="177" Y="240" T="118725219" />
  <Point X="179" Y="238" T="118725243" />
  <Point X="180" Y="236" T="118725268" />
  <Point X="183" Y="230" T="118725293" />
  <Point X="183" Y="228" T="118725318" />
  <Point X="185" Y="226" T="118725344" />
  <Point X="186" Y="221" T="118725370" />
  <Point X="186" Y="219" T="118725396" />
  <Point X="186" Y="217" T="118725422" />
  <Point X="187" Y="212" T="118725450" />
  <Point X="187" Y="208" T="118725478" />
  <Point X="187" Y="204" T="118725506" />
  <Point X="187" Y="202" T="118725534" />
  <Point X="186" Y="199" T="118725535" />
  <Point X="186" Y="195" T="118725564" />
  <Point X="185" Y="193" T="118725592" />
  <Point X="185" Y="191" T="118725620" />
  <Point X="184" Y="187" T="118725648" />
  <Point X="184" Y="184" T="118725676" />
  <Point X="184" Y="181" T="118725705" />
  <Point X="182" Y="177" T="118725734" />
  <Point X="181" Y="175" T="118725764" />
  <Point X="178" Y="173" T="118725793" />
  <Point X="175" Y="169" T="118725822" />
  <Point X="171" Y="167" T="118725852" />
  <Point X="169" Y="165" T="118725882" />
  <Point X="165" Y="161" T="118725912" />
  <Point X="163" Y="159" T="118725945" />
  <Point X="159" Y="157" T="118725976" />
  <Point X="157" Y="155" T="118726006" />
  <Point X="155" Y="154" T="118726037" />
  <Point X="153" Y="153" T="118726068" />
  <Point X="151" Y="151" T="118726100" />
  <Point X="147" Y="149" T="118726131" />
  <Point X="145" Y="147" T="118726163" />
  <Point X="141" Y="145" T="118726196" />
  <Point X="139" Y="144" T="118726228" />
</Gesture>