﻿<?xml version="1.0" encoding="utf-8" standalone="yes"?>
<Gesture Name="circle08" Subject="5" Speed="slow" Number="8" NumPts="130" Millseconds="2812" AppName="Gestures" AppVer="3.7.0.0" Date="Friday, March 09, 2007" TimeOfDay="9:37:04 PM">
  <Point X="126" Y="150" T="118734289" />
  <Point X="126" Y="148" T="118734317" />
  <Point X="125" Y="150" T="118734353" />
  <Point X="123" Y="149" T="118734384" />
  <Point X="121" Y="148" T="118734413" />
  <Point X="119" Y="148" T="118734438" />
  <Point X="117" Y="149" T="118734461" />
  <Point X="115" Y="149" T="118734481" />
  <Point X="112" Y="148" T="118734506" />
  <Point X="110" Y="149" T="118734527" />
  <Point X="108" Y="150" T="118734543" />
  <Point X="106" Y="150" T="118734563" />
  <Point X="104" Y="152" T="118734580" />
  <Point X="102" Y="153" T="118734596" />
  <Point X="100" Y="154" T="118734613" />
  <Point X="98" Y="155" T="118734632" />
  <Point X="95" Y="157" T="118734653" />
  <Point X="93" Y="158" T="118734673" />
  <Point X="91" Y="159" T="118734689" />
  <Point X="89" Y="161" T="118734709" />
  <Point X="87" Y="163" T="118734730" />
  <Point X="85" Y="164" T="118734754" />
  <Point X="83" Y="166" T="118734779" />
  <Point X="82" Y="168" T="118734799" />
  <Point X="81" Y="171" T="118734822" />
  <Point X="79" Y="173" T="118734846" />
  <Point X="78" Y="175" T="118734870" />
  <Point X="77" Y="177" T="118734890" />
  <Point X="76" Y="179" T="118734902" />
  <Point X="75" Y="181" T="118734914" />
  <Point X="73" Y="184" T="118734938" />
  <Point X="72" Y="186" T="118734962" />
  <Point X="71" Y="189" T="118734982" />
  <Point X="71" Y="191" T="118734998" />
  <Point X="70" Y="193" T="118735015" />
  <Point X="70" Y="196" T="118735028" />
  <Point X="69" Y="198" T="118735044" />
  <Point X="68" Y="201" T="118735057" />
  <Point X="68" Y="203" T="118735080" />
  <Point X="68" Y="205" T="118735093" />
  <Point X="68" Y="207" T="118735108" />
  <Point X="68" Y="209" T="118735121" />
  <Point X="67" Y="212" T="118735134" />
  <Point X="68" Y="214" T="118735149" />
  <Point X="68" Y="216" T="118735162" />
  <Point X="68" Y="218" T="118735176" />
  <Point X="68" Y="221" T="118735196" />
  <Point X="68" Y="223" T="118735210" />
  <Point X="68" Y="225" T="118735224" />
  <Point X="69" Y="227" T="118735239" />
  <Point X="69" Y="229" T="118735255" />
  <Point X="70" Y="232" T="118735271" />
  <Point X="71" Y="234" T="118735287" />
  <Point X="71" Y="236" T="118735288" />
  <Point X="72" Y="238" T="118735305" />
  <Point X="72" Y="240" T="118735322" />
  <Point X="73" Y="242" T="118735339" />
  <Point X="75" Y="244" T="118735368" />
  <Point X="76" Y="246" T="118735385" />
  <Point X="78" Y="247" T="118735401" />
  <Point X="78" Y="249" T="118735419" />
  <Point X="80" Y="251" T="118735436" />
  <Point X="83" Y="253" T="118735456" />
  <Point X="85" Y="255" T="118735477" />
  <Point X="87" Y="257" T="118735495" />
  <Point X="88" Y="259" T="118735513" />
  <Point X="89" Y="261" T="118735532" />
  <Point X="93" Y="263" T="118735551" />
  <Point X="95" Y="265" T="118735577" />
  <Point X="97" Y="266" T="118735602" />
  <Point X="99" Y="267" T="118735622" />
  <Point X="101" Y="269" T="118735641" />
  <Point X="103" Y="269" T="118735661" />
  <Point X="105" Y="270" T="118735681" />
  <Point X="107" Y="271" T="118735701" />
  <Point X="109" Y="272" T="118735721" />
  <Point X="112" Y="273" T="118735723" />
  <Point X="114" Y="273" T="118735743" />
  <Point X="116" Y="273" T="118735764" />
  <Point X="119" Y="274" T="118735786" />
  <Point X="121" Y="274" T="118735787" />
  <Point X="123" Y="275" T="118735808" />
  <Point X="125" Y="275" T="118735833" />
  <Point X="130" Y="274" T="118735855" />
  <Point X="131" Y="276" T="118735877" />
  <Point X="134" Y="274" T="118735879" />
  <Point X="136" Y="274" T="118735901" />
  <Point X="138" Y="274" T="118735924" />
  <Point X="142" Y="274" T="118735948" />
  <Point X="144" Y="274" T="118735971" />
  <Point X="148" Y="272" T="118735995" />
  <Point X="150" Y="272" T="118736018" />
  <Point X="152" Y="270" T="118736043" />
  <Point X="157" Y="267" T="118736067" />
  <Point X="159" Y="266" T="118736092" />
  <Point X="161" Y="265" T="118736116" />
  <Point X="165" Y="262" T="118736141" />
  <Point X="169" Y="258" T="118736166" />
  <Point X="172" Y="255" T="118736191" />
  <Point X="174" Y="254" T="118736216" />
  <Point X="176" Y="250" T="118736242" />
  <Point X="178" Y="247" T="118736268" />
  <Point X="180" Y="242" T="118736295" />
  <Point X="181" Y="240" T="118736321" />
  <Point X="182" Y="236" T="118736348" />
  <Point X="182" Y="231" T="118736375" />
  <Point X="182" Y="228" T="118736402" />
  <Point X="182" Y="224" T="118736429" />
  <Point X="182" Y="219" T="118736456" />
  <Point X="182" Y="216" T="118736484" />
  <Point X="181" Y="212" T="118736511" />
  <Point X="180" Y="207" T="118736541" />
  <Point X="179" Y="202" T="118736569" />
  <Point X="178" Y="200" T="118736597" />
  <Point X="177" Y="198" T="118736625" />
  <Point X="176" Y="194" T="118736654" />
  <Point X="175" Y="192" T="118736682" />
  <Point X="174" Y="189" T="118736712" />
  <Point X="171" Y="184" T="118736762" />
  <Point X="169" Y="180" T="118736792" />
  <Point X="168" Y="178" T="118736822" />
  <Point X="167" Y="176" T="118736854" />
  <Point X="165" Y="173" T="118736884" />
  <Point X="164" Y="171" T="118736915" />
  <Point X="162" Y="171" T="118736945" />
  <Point X="160" Y="168" T="118736975" />
  <Point X="156" Y="166" T="118737007" />
  <Point X="154" Y="165" T="118737037" />
  <Point X="150" Y="162" T="118737069" />
  <Point X="148" Y="157" T="118737101" />
</Gesture>