﻿<?xml version="1.0" encoding="utf-8" standalone="yes"?>
<Gesture Name="circle07" Subject="5" Speed="slow" Number="7" NumPts="128" Millseconds="2763" AppName="Gestures" AppVer="3.7.0.0" Date="Friday, March 09, 2007" TimeOfDay="9:37:00 PM">
  <Point X="130" Y="150" T="118730768" />
  <Point X="128" Y="149" T="118730849" />
  <Point X="126" Y="150" T="118730877" />
  <Point X="124" Y="149" T="118730901" />
  <Point X="122" Y="149" T="118730922" />
  <Point X="119" Y="148" T="118730946" />
  <Point X="117" Y="147" T="118730966" />
  <Point X="115" Y="148" T="118730978" />
  <Point X="113" Y="148" T="118730994" />
  <Point X="111" Y="149" T="118731006" />
  <Point X="109" Y="149" T="118731022" />
  <Point X="106" Y="149" T="118731038" />
  <Point X="104" Y="151" T="118731050" />
  <Point X="102" Y="151" T="118731066" />
  <Point X="100" Y="151" T="118731079" />
  <Point X="98" Y="152" T="118731096" />
  <Point X="97" Y="154" T="118731108" />
  <Point X="94" Y="155" T="118731127" />
  <Point X="93" Y="157" T="118731140" />
  <Point X="90" Y="158" T="118731160" />
  <Point X="88" Y="160" T="118731179" />
  <Point X="86" Y="161" T="118731199" />
  <Point X="84" Y="163" T="118731218" />
  <Point X="82" Y="164" T="118731238" />
  <Point X="81" Y="166" T="118731259" />
  <Point X="79" Y="168" T="118731279" />
  <Point X="78" Y="170" T="118731304" />
  <Point X="76" Y="172" T="118731332" />
  <Point X="75" Y="174" T="118731344" />
  <Point X="74" Y="176" T="118731368" />
  <Point X="73" Y="179" T="118731392" />
  <Point X="72" Y="181" T="118731421" />
  <Point X="71" Y="184" T="118731448" />
  <Point X="71" Y="186" T="118731473" />
  <Point X="70" Y="188" T="118731497" />
  <Point X="70" Y="191" T="118731510" />
  <Point X="70" Y="193" T="118731530" />
  <Point X="70" Y="195" T="118731546" />
  <Point X="70" Y="197" T="118731563" />
  <Point X="70" Y="200" T="118731591" />
  <Point X="70" Y="202" T="118731611" />
  <Point X="71" Y="205" T="118731627" />
  <Point X="71" Y="207" T="118731647" />
  <Point X="71" Y="209" T="118731664" />
  <Point X="72" Y="212" T="118731684" />
  <Point X="72" Y="214" T="118731704" />
  <Point X="72" Y="217" T="118731724" />
  <Point X="72" Y="219" T="118731740" />
  <Point X="73" Y="221" T="118731756" />
  <Point X="73" Y="223" T="118731773" />
  <Point X="73" Y="225" T="118731790" />
  <Point X="74" Y="228" T="118731806" />
  <Point X="75" Y="233" T="118731822" />
  <Point X="76" Y="235" T="118731841" />
  <Point X="77" Y="237" T="118731858" />
  <Point X="77" Y="239" T="118731874" />
  <Point X="78" Y="241" T="118731890" />
  <Point X="80" Y="243" T="118731906" />
  <Point X="81" Y="245" T="118731923" />
  <Point X="82" Y="248" T="118731940" />
  <Point X="83" Y="250" T="118731958" />
  <Point X="85" Y="252" T="118731977" />
  <Point X="87" Y="254" T="118731995" />
  <Point X="88" Y="256" T="118732013" />
  <Point X="89" Y="258" T="118732031" />
  <Point X="92" Y="259" T="118732050" />
  <Point X="94" Y="262" T="118732068" />
  <Point X="96" Y="263" T="118732087" />
  <Point X="98" Y="266" T="118732106" />
  <Point X="100" Y="266" T="118732125" />
  <Point X="102" Y="267" T="118732144" />
  <Point X="105" Y="268" T="118732145" />
  <Point X="107" Y="269" T="118732165" />
  <Point X="109" Y="271" T="118732185" />
  <Point X="111" Y="271" T="118732205" />
  <Point X="113" Y="271" T="118732226" />
  <Point X="115" Y="272" T="118732246" />
  <Point X="117" Y="272" T="118732267" />
  <Point X="119" Y="273" T="118732291" />
  <Point X="121" Y="273" T="118732312" />
  <Point X="124" Y="272" T="118732334" />
  <Point X="126" Y="273" T="118732355" />
  <Point X="130" Y="272" T="118732377" />
  <Point X="132" Y="273" T="118732400" />
  <Point X="136" Y="273" T="118732422" />
  <Point X="139" Y="272" T="118732444" />
  <Point X="141" Y="270" T="118732467" />
  <Point X="145" Y="269" T="118732490" />
  <Point X="147" Y="270" T="118732513" />
  <Point X="151" Y="268" T="118732537" />
  <Point X="153" Y="267" T="118732560" />
  <Point X="157" Y="264" T="118732584" />
  <Point X="159" Y="264" T="118732608" />
  <Point X="163" Y="261" T="118732632" />
  <Point X="165" Y="259" T="118732656" />
  <Point X="169" Y="256" T="118732682" />
  <Point X="172" Y="254" T="118732707" />
  <Point X="175" Y="250" T="118732732" />
  <Point X="177" Y="248" T="118732757" />
  <Point X="178" Y="246" T="118732785" />
  <Point X="179" Y="243" T="118732786" />
  <Point X="180" Y="240" T="118732811" />
  <Point X="182" Y="235" T="118732838" />
  <Point X="182" Y="233" T="118732863" />
  <Point X="183" Y="229" T="118732890" />
  <Point X="183" Y="227" T="118732916" />
  <Point X="184" Y="225" T="118732917" />
  <Point X="184" Y="223" T="118732945" />
  <Point X="184" Y="219" T="118732973" />
  <Point X="184" Y="213" T="118733002" />
  <Point X="184" Y="209" T="118733030" />
  <Point X="184" Y="205" T="118733058" />
  <Point X="184" Y="203" T="118733086" />
  <Point X="182" Y="198" T="118733114" />
  <Point X="180" Y="193" T="118733142" />
  <Point X="178" Y="189" T="118733170" />
  <Point X="177" Y="187" T="118733199" />
  <Point X="176" Y="185" T="118733228" />
  <Point X="174" Y="181" T="118733257" />
  <Point X="172" Y="177" T="118733289" />
  <Point X="169" Y="176" T="118733318" />
  <Point X="169" Y="173" T="118733346" />
  <Point X="164" Y="170" T="118733376" />
  <Point X="162" Y="169" T="118733406" />
  <Point X="160" Y="166" T="118733435" />
  <Point X="156" Y="163" T="118733466" />
  <Point X="152" Y="162" T="118733499" />
  <Point X="150" Y="160" T="118733531" />
</Gesture>