﻿<?xml version="1.0" encoding="utf-8" standalone="yes"?>
<Gesture Name="delete_mark05" Subject="5" Speed="slow" Number="5" NumPts="112" Millseconds="2980" AppName="Gestures" AppVer="3.7.0.0" Date="Friday, March 09, 2007" TimeOfDay="9:32:26 PM">
  <Point X="84" Y="146" T="118455872" />
  <Point X="86" Y="147" T="118455940" />
  <Point X="87" Y="149" T="118455956" />
  <Point X="87" Y="151" T="118455969" />
  <Point X="88" Y="153" T="118455994" />
  <Point X="89" Y="156" T="118456013" />
  <Point X="91" Y="158" T="118456061" />
  <Point X="92" Y="161" T="118456082" />
  <Point X="93" Y="163" T="118456102" />
  <Point X="94" Y="165" T="118456130" />
  <Point X="95" Y="167" T="118456153" />
  <Point X="96" Y="169" T="118456178" />
  <Point X="97" Y="171" T="118456206" />
  <Point X="98" Y="174" T="118456222" />
  <Point X="99" Y="176" T="118456239" />
  <Point X="100" Y="178" T="118456264" />
  <Point X="101" Y="180" T="118456289" />
  <Point X="102" Y="182" T="118456306" />
  <Point X="104" Y="185" T="118456346" />
  <Point X="104" Y="187" T="118456358" />
  <Point X="106" Y="189" T="118456378" />
  <Point X="107" Y="191" T="118456398" />
  <Point X="108" Y="193" T="118456447" />
  <Point X="110" Y="195" T="118456483" />
  <Point X="111" Y="197" T="118456516" />
  <Point X="113" Y="197" T="118456557" />
  <Point X="114" Y="199" T="118456569" />
  <Point X="115" Y="201" T="118456593" />
  <Point X="117" Y="204" T="118456625" />
  <Point X="119" Y="205" T="118456674" />
  <Point X="121" Y="208" T="118456697" />
  <Point X="122" Y="210" T="118456718" />
  <Point X="124" Y="212" T="118456746" />
  <Point X="126" Y="213" T="118456783" />
  <Point X="127" Y="215" T="118456808" />
  <Point X="129" Y="215" T="118456833" />
  <Point X="131" Y="217" T="118456866" />
  <Point X="133" Y="218" T="118456894" />
  <Point X="135" Y="220" T="118456922" />
  <Point X="137" Y="222" T="118456950" />
  <Point X="139" Y="223" T="118456979" />
  <Point X="141" Y="225" T="118457011" />
  <Point X="139" Y="224" T="118457148" />
  <Point X="136" Y="226" T="118457168" />
  <Point X="134" Y="226" T="118457189" />
  <Point X="132" Y="224" T="118457208" />
  <Point X="130" Y="224" T="118457228" />
  <Point X="128" Y="225" T="118457248" />
  <Point X="126" Y="224" T="118457272" />
  <Point X="124" Y="225" T="118457296" />
  <Point X="122" Y="225" T="118457320" />
  <Point X="120" Y="225" T="118457340" />
  <Point X="118" Y="224" T="118457360" />
  <Point X="116" Y="225" T="118457381" />
  <Point X="114" Y="225" T="118457402" />
  <Point X="111" Y="225" T="118457422" />
  <Point X="109" Y="225" T="118457438" />
  <Point X="107" Y="225" T="118457458" />
  <Point X="105" Y="225" T="118457478" />
  <Point X="103" Y="224" T="118457495" />
  <Point X="101" Y="225" T="118457514" />
  <Point X="99" Y="223" T="118457546" />
  <Point X="97" Y="224" T="118457574" />
  <Point X="94" Y="222" T="118457599" />
  <Point X="92" Y="223" T="118457619" />
  <Point X="90" Y="224" T="118457637" />
  <Point X="88" Y="223" T="118457659" />
  <Point X="86" Y="224" T="118457683" />
  <Point X="84" Y="223" T="118457707" />
  <Point X="82" Y="224" T="118457726" />
  <Point X="80" Y="222" T="118457746" />
  <Point X="77" Y="222" T="118457766" />
  <Point X="75" Y="223" T="118457785" />
  <Point X="73" Y="222" T="118457805" />
  <Point X="71" Y="222" T="118457826" />
  <Point X="69" Y="222" T="118457848" />
  <Point X="67" Y="221" T="118457879" />
  <Point X="65" Y="220" T="118457903" />
  <Point X="63" Y="220" T="118457924" />
  <Point X="61" Y="220" T="118457947" />
  <Point X="59" Y="220" T="118457971" />
  <Point X="57" Y="220" T="118457993" />
  <Point X="55" Y="218" T="118458043" />
  <Point X="57" Y="216" T="118458136" />
  <Point X="59" Y="217" T="118458181" />
  <Point X="61" Y="216" T="118458207" />
  <Point X="63" Y="215" T="118458230" />
  <Point X="65" Y="214" T="118458253" />
  <Point X="68" Y="213" T="118458276" />
  <Point X="70" Y="213" T="118458277" />
  <Point X="72" Y="212" T="118458302" />
  <Point X="77" Y="207" T="118458326" />
  <Point X="81" Y="205" T="118458350" />
  <Point X="86" Y="201" T="118458374" />
  <Point X="90" Y="198" T="118458401" />
  <Point X="94" Y="195" T="118458426" />
  <Point X="98" Y="191" T="118458451" />
  <Point X="102" Y="188" T="118458476" />
  <Point X="104" Y="186" T="118458502" />
  <Point X="108" Y="182" T="118458527" />
  <Point X="110" Y="180" T="118458553" />
  <Point X="112" Y="178" T="118458579" />
  <Point X="116" Y="174" T="118458606" />
  <Point X="117" Y="172" T="118458632" />
  <Point X="120" Y="168" T="118458659" />
  <Point X="123" Y="165" T="118458686" />
  <Point X="125" Y="163" T="118458713" />
  <Point X="126" Y="160" T="118458740" />
  <Point X="129" Y="156" T="118458767" />
  <Point X="132" Y="151" T="118458796" />
  <Point X="134" Y="147" T="118458824" />
  <Point X="135" Y="144" T="118458852" />
</Gesture>