﻿<?xml version="1.0" encoding="utf-8" standalone="yes"?>
<Gesture Name="delete_mark02" Subject="5" Speed="slow" Number="2" NumPts="130" Millseconds="3159" AppName="Gestures" AppVer="3.7.0.0" Date="Friday, March 09, 2007" TimeOfDay="9:32:15 PM">
  <Point X="87" Y="149" T="118444698" />
  <Point X="88" Y="151" T="118444746" />
  <Point X="90" Y="151" T="118444774" />
  <Point X="92" Y="153" T="118444786" />
  <Point X="93" Y="155" T="118444795" />
  <Point X="94" Y="157" T="118444823" />
  <Point X="96" Y="159" T="118444843" />
  <Point X="97" Y="161" T="118444863" />
  <Point X="98" Y="164" T="118444884" />
  <Point X="99" Y="166" T="118444903" />
  <Point X="100" Y="169" T="118444918" />
  <Point X="101" Y="171" T="118444931" />
  <Point X="103" Y="172" T="118444950" />
  <Point X="105" Y="174" T="118444973" />
  <Point X="106" Y="177" T="118444994" />
  <Point X="106" Y="179" T="118445002" />
  <Point X="108" Y="181" T="118445023" />
  <Point X="109" Y="183" T="118445038" />
  <Point X="110" Y="185" T="118445051" />
  <Point X="112" Y="187" T="118445075" />
  <Point X="114" Y="189" T="118445103" />
  <Point X="115" Y="191" T="118445131" />
  <Point X="117" Y="193" T="118445155" />
  <Point X="119" Y="195" T="118445188" />
  <Point X="121" Y="197" T="118445216" />
  <Point X="123" Y="197" T="118445256" />
  <Point X="124" Y="199" T="118445280" />
  <Point X="126" Y="202" T="118445312" />
  <Point X="128" Y="203" T="118445348" />
  <Point X="129" Y="205" T="118445360" />
  <Point X="131" Y="206" T="118445389" />
  <Point X="133" Y="208" T="118445417" />
  <Point X="135" Y="210" T="118445445" />
  <Point X="137" Y="210" T="118445473" />
  <Point X="138" Y="212" T="118445496" />
  <Point X="140" Y="214" T="118445541" />
  <Point X="142" Y="215" T="118445574" />
  <Point X="144" Y="216" T="118445598" />
  <Point X="146" Y="218" T="118445626" />
  <Point X="148" Y="219" T="118445654" />
  <Point X="150" Y="220" T="118445683" />
  <Point X="152" Y="222" T="118445703" />
  <Point X="155" Y="223" T="118445728" />
  <Point X="157" Y="224" T="118445751" />
  <Point X="159" Y="225" T="118445775" />
  <Point X="161" Y="226" T="118445803" />
  <Point X="163" Y="226" T="118445827" />
  <Point X="165" Y="228" T="118445853" />
  <Point X="167" Y="229" T="118445878" />
  <Point X="169" Y="228" T="118445906" />
  <Point X="170" Y="230" T="118445934" />
  <Point X="168" Y="231" T="118445991" />
  <Point X="166" Y="231" T="118446007" />
  <Point X="164" Y="231" T="118446023" />
  <Point X="161" Y="232" T="118446038" />
  <Point X="159" Y="232" T="118446054" />
  <Point X="157" Y="231" T="118446070" />
  <Point X="155" Y="231" T="118446087" />
  <Point X="153" Y="231" T="118446104" />
  <Point X="151" Y="230" T="118446120" />
  <Point X="148" Y="230" T="118446137" />
  <Point X="146" Y="231" T="118446154" />
  <Point X="144" Y="230" T="118446155" />
  <Point X="142" Y="230" T="118446172" />
  <Point X="139" Y="231" T="118446192" />
  <Point X="137" Y="230" T="118446219" />
  <Point X="135" Y="230" T="118446243" />
  <Point X="133" Y="230" T="118446263" />
  <Point X="131" Y="230" T="118446284" />
  <Point X="129" Y="229" T="118446307" />
  <Point X="127" Y="230" T="118446327" />
  <Point X="125" Y="229" T="118446347" />
  <Point X="123" Y="230" T="118446367" />
  <Point X="121" Y="229" T="118446387" />
  <Point X="119" Y="229" T="118446407" />
  <Point X="117" Y="229" T="118446428" />
  <Point X="115" Y="228" T="118446449" />
  <Point X="113" Y="229" T="118446470" />
  <Point X="110" Y="227" T="118446491" />
  <Point X="108" Y="228" T="118446513" />
  <Point X="106" Y="227" T="118446534" />
  <Point X="104" Y="228" T="118446556" />
  <Point X="102" Y="228" T="118446578" />
  <Point X="100" Y="228" T="118446600" />
  <Point X="98" Y="228" T="118446622" />
  <Point X="96" Y="228" T="118446644" />
  <Point X="92" Y="227" T="118446667" />
  <Point X="90" Y="227" T="118446690" />
  <Point X="87" Y="227" T="118446716" />
  <Point X="85" Y="228" T="118446739" />
  <Point X="83" Y="226" T="118446763" />
  <Point X="81" Y="227" T="118446786" />
  <Point X="79" Y="226" T="118446811" />
  <Point X="77" Y="226" T="118446835" />
  <Point X="73" Y="226" T="118446860" />
  <Point X="71" Y="226" T="118446884" />
  <Point X="69" Y="225" T="118446909" />
  <Point X="66" Y="225" T="118446934" />
  <Point X="64" Y="225" T="118446960" />
  <Point X="62" Y="225" T="118446985" />
  <Point X="63" Y="223" T="118447068" />
  <Point X="65" Y="222" T="118447095" />
  <Point X="67" Y="221" T="118447121" />
  <Point X="69" Y="219" T="118447148" />
  <Point X="73" Y="218" T="118447174" />
  <Point X="78" Y="217" T="118447204" />
  <Point X="80" Y="216" T="118447230" />
  <Point X="82" Y="214" T="118447231" />
  <Point X="84" Y="214" T="118447258" />
  <Point X="89" Y="210" T="118447286" />
  <Point X="93" Y="208" T="118447315" />
  <Point X="97" Y="206" T="118447343" />
  <Point X="103" Y="201" T="118447372" />
  <Point X="107" Y="198" T="118447400" />
  <Point X="111" Y="196" T="118447429" />
  <Point X="113" Y="195" T="118447458" />
  <Point X="115" Y="193" T="118447459" />
  <Point X="118" Y="191" T="118447489" />
  <Point X="123" Y="188" T="118447520" />
  <Point X="125" Y="185" T="118447550" />
  <Point X="129" Y="181" T="118447579" />
  <Point X="132" Y="178" T="118447610" />
  <Point X="136" Y="174" T="118447640" />
  <Point X="139" Y="170" T="118447671" />
  <Point X="141" Y="168" T="118447701" />
  <Point X="143" Y="166" T="118447732" />
  <Point X="146" Y="162" T="118447763" />
  <Point X="149" Y="158" T="118447794" />
  <Point X="152" Y="153" T="118447825" />
  <Point X="155" Y="149" T="118447857" />
</Gesture>