﻿<?xml version="1.0" encoding="utf-8" standalone="yes"?>
<Gesture Name="delete_mark03" Subject="5" Speed="slow" Number="3" NumPts="112" Millseconds="2575" AppName="Gestures" AppVer="3.7.0.0" Date="Friday, March 09, 2007" TimeOfDay="9:32:19 PM">
  <Point X="75" Y="148" T="118449181" />
  <Point X="75" Y="146" T="118449207" />
  <Point X="76" Y="148" T="118449248" />
  <Point X="78" Y="150" T="118449281" />
  <Point X="80" Y="151" T="118449313" />
  <Point X="80" Y="154" T="118449322" />
  <Point X="82" Y="156" T="118449338" />
  <Point X="83" Y="158" T="118449354" />
  <Point X="85" Y="160" T="118449373" />
  <Point X="85" Y="162" T="118449381" />
  <Point X="87" Y="165" T="118449397" />
  <Point X="88" Y="167" T="118449414" />
  <Point X="89" Y="169" T="118449426" />
  <Point X="91" Y="171" T="118449442" />
  <Point X="92" Y="173" T="118449450" />
  <Point X="93" Y="175" T="118449467" />
  <Point X="95" Y="177" T="118449484" />
  <Point X="96" Y="179" T="118449492" />
  <Point X="97" Y="181" T="118449509" />
  <Point X="99" Y="183" T="118449521" />
  <Point X="100" Y="185" T="118449533" />
  <Point X="101" Y="187" T="118449550" />
  <Point X="102" Y="190" T="118449570" />
  <Point X="103" Y="192" T="118449594" />
  <Point X="105" Y="194" T="118449619" />
  <Point X="106" Y="196" T="118449639" />
  <Point X="107" Y="199" T="118449663" />
  <Point X="109" Y="201" T="118449687" />
  <Point X="111" Y="202" T="118449710" />
  <Point X="112" Y="205" T="118449722" />
  <Point X="114" Y="207" T="118449747" />
  <Point X="115" Y="209" T="118449763" />
  <Point X="117" Y="211" T="118449784" />
  <Point X="119" Y="212" T="118449816" />
  <Point X="121" Y="215" T="118449841" />
  <Point X="123" Y="217" T="118449866" />
  <Point X="124" Y="219" T="118449882" />
  <Point X="126" Y="219" T="118449910" />
  <Point X="128" Y="221" T="118449938" />
  <Point X="130" Y="223" T="118449966" />
  <Point X="131" Y="225" T="118449979" />
  <Point X="133" Y="225" T="118450011" />
  <Point X="135" Y="226" T="118450051" />
  <Point X="137" Y="227" T="118450084" />
  <Point X="139" Y="229" T="118450119" />
  <Point X="141" Y="231" T="118450160" />
  <Point X="139" Y="233" T="118450326" />
  <Point X="136" Y="233" T="118450342" />
  <Point X="134" Y="233" T="118450358" />
  <Point X="132" Y="233" T="118450374" />
  <Point X="129" Y="233" T="118450390" />
  <Point X="127" Y="234" T="118450405" />
  <Point X="125" Y="233" T="118450421" />
  <Point X="123" Y="234" T="118450437" />
  <Point X="121" Y="233" T="118450452" />
  <Point X="119" Y="233" T="118450469" />
  <Point X="116" Y="234" T="118450485" />
  <Point X="114" Y="235" T="118450502" />
  <Point X="112" Y="234" T="118450519" />
  <Point X="109" Y="234" T="118450536" />
  <Point X="107" Y="233" T="118450553" />
  <Point X="105" Y="234" T="118450570" />
  <Point X="103" Y="233" T="118450588" />
  <Point X="101" Y="233" T="118450606" />
  <Point X="99" Y="232" T="118450625" />
  <Point X="96" Y="233" T="118450644" />
  <Point X="94" Y="231" T="118450663" />
  <Point X="92" Y="231" T="118450681" />
  <Point X="90" Y="230" T="118450703" />
  <Point X="88" Y="230" T="118450722" />
  <Point X="86" Y="231" T="118450723" />
  <Point X="84" Y="231" T="118450742" />
  <Point X="82" Y="231" T="118450761" />
  <Point X="80" Y="231" T="118450762" />
  <Point X="77" Y="231" T="118450783" />
  <Point X="75" Y="231" T="118450803" />
  <Point X="71" Y="230" T="118450823" />
  <Point X="68" Y="229" T="118450846" />
  <Point X="66" Y="230" T="118450867" />
  <Point X="65" Y="228" T="118450915" />
  <Point X="63" Y="228" T="118451019" />
  <Point X="63" Y="226" T="118451040" />
  <Point X="64" Y="224" T="118451071" />
  <Point X="66" Y="223" T="118451103" />
  <Point X="67" Y="221" T="118451126" />
  <Point X="70" Y="218" T="118451150" />
  <Point X="72" Y="216" T="118451174" />
  <Point X="74" Y="214" T="118451197" />
  <Point X="78" Y="210" T="118451223" />
  <Point X="81" Y="206" T="118451247" />
  <Point X="85" Y="202" T="118451270" />
  <Point X="87" Y="200" T="118451294" />
  <Point X="90" Y="195" T="118451319" />
  <Point X="92" Y="193" T="118451320" />
  <Point X="94" Y="191" T="118451344" />
  <Point X="97" Y="187" T="118451369" />
  <Point X="99" Y="185" T="118451394" />
  <Point X="100" Y="183" T="118451395" />
  <Point X="102" Y="181" T="118451421" />
  <Point X="104" Y="179" T="118451446" />
  <Point X="105" Y="177" T="118451447" />
  <Point X="106" Y="175" T="118451473" />
  <Point X="108" Y="173" T="118451498" />
  <Point X="110" Y="170" T="118451525" />
  <Point X="111" Y="168" T="118451551" />
  <Point X="114" Y="164" T="118451578" />
  <Point X="116" Y="162" T="118451604" />
  <Point X="118" Y="160" T="118451643" />
  <Point X="118" Y="157" T="118451670" />
  <Point X="120" Y="155" T="118451698" />
  <Point X="123" Y="151" T="118451726" />
  <Point X="126" Y="145" T="118451756" />
</Gesture>