﻿<?xml version="1.0" encoding="utf-8" standalone="yes"?>
<Gesture Name="delete_mark09" Subject="5" Speed="slow" Number="9" NumPts="114" Millseconds="3159" AppName="Gestures" AppVer="3.7.0.0" Date="Friday, March 09, 2007" TimeOfDay="9:32:40 PM">
  <Point X="77" Y="149" T="118469703" />
  <Point X="78" Y="151" T="118469811" />
  <Point X="80" Y="153" T="118469860" />
  <Point X="81" Y="156" T="118469885" />
  <Point X="82" Y="158" T="118469938" />
  <Point X="83" Y="161" T="118469962" />
  <Point X="84" Y="163" T="118469983" />
  <Point X="85" Y="165" T="118470007" />
  <Point X="86" Y="167" T="118470019" />
  <Point X="87" Y="169" T="118470043" />
  <Point X="88" Y="171" T="118470059" />
  <Point X="89" Y="173" T="118470079" />
  <Point X="91" Y="176" T="118470095" />
  <Point X="92" Y="178" T="118470115" />
  <Point X="94" Y="180" T="118470132" />
  <Point X="94" Y="183" T="118470140" />
  <Point X="95" Y="185" T="118470152" />
  <Point X="97" Y="187" T="118470176" />
  <Point X="99" Y="189" T="118470192" />
  <Point X="101" Y="191" T="118470221" />
  <Point X="102" Y="193" T="118470233" />
  <Point X="104" Y="195" T="118470258" />
  <Point X="106" Y="196" T="118470281" />
  <Point X="108" Y="198" T="118470310" />
  <Point X="109" Y="200" T="118470342" />
  <Point X="111" Y="202" T="118470371" />
  <Point X="112" Y="204" T="118470387" />
  <Point X="114" Y="206" T="118470416" />
  <Point X="117" Y="206" T="118470444" />
  <Point X="119" Y="208" T="118470473" />
  <Point X="120" Y="210" T="118470493" />
  <Point X="122" Y="213" T="118470521" />
  <Point X="124" Y="214" T="118470546" />
  <Point X="126" Y="214" T="118470570" />
  <Point X="129" Y="215" T="118470599" />
  <Point X="131" Y="217" T="118470627" />
  <Point X="133" Y="218" T="118470658" />
  <Point X="135" Y="218" T="118470683" />
  <Point X="137" Y="220" T="118470711" />
  <Point X="139" Y="220" T="118470739" />
  <Point X="141" Y="221" T="118470768" />
  <Point X="143" Y="222" T="118470804" />
  <Point X="142" Y="224" T="118470993" />
  <Point X="140" Y="224" T="118471053" />
  <Point X="138" Y="225" T="118471089" />
  <Point X="136" Y="226" T="118471109" />
  <Point X="134" Y="225" T="118471133" />
  <Point X="132" Y="225" T="118471153" />
  <Point X="130" Y="224" T="118471177" />
  <Point X="128" Y="226" T="118471197" />
  <Point X="126" Y="226" T="118471213" />
  <Point X="124" Y="226" T="118471230" />
  <Point X="122" Y="227" T="118471249" />
  <Point X="120" Y="226" T="118471269" />
  <Point X="118" Y="227" T="118471286" />
  <Point X="115" Y="228" T="118471306" />
  <Point X="113" Y="228" T="118471322" />
  <Point X="111" Y="227" T="118471339" />
  <Point X="109" Y="229" T="118471356" />
  <Point X="107" Y="230" T="118471373" />
  <Point X="105" Y="231" T="118471391" />
  <Point X="103" Y="230" T="118471410" />
  <Point X="101" Y="230" T="118471438" />
  <Point X="99" Y="230" T="118471466" />
  <Point X="97" Y="230" T="118471493" />
  <Point X="95" Y="229" T="118471521" />
  <Point X="93" Y="230" T="118471541" />
  <Point X="91" Y="229" T="118471566" />
  <Point X="89" Y="228" T="118471590" />
  <Point X="87" Y="228" T="118471614" />
  <Point X="85" Y="228" T="118471633" />
  <Point X="82" Y="227" T="118471655" />
  <Point X="80" Y="228" T="118471674" />
  <Point X="78" Y="226" T="118471698" />
  <Point X="76" Y="226" T="118471719" />
  <Point X="74" Y="226" T="118471739" />
  <Point X="72" Y="225" T="118471760" />
  <Point X="69" Y="226" T="118471785" />
  <Point X="65" Y="224" T="118471810" />
  <Point X="63" Y="225" T="118471832" />
  <Point X="61" Y="225" T="118471853" />
  <Point X="59" Y="225" T="118471875" />
  <Point X="57" Y="225" T="118471897" />
  <Point X="55" Y="224" T="118471939" />
  <Point X="53" Y="224" T="118471983" />
  <Point X="52" Y="222" T="118472088" />
  <Point X="54" Y="219" T="118472127" />
  <Point X="56" Y="219" T="118472163" />
  <Point X="58" Y="217" T="118472192" />
  <Point X="60" Y="215" T="118472217" />
  <Point X="62" Y="213" T="118472244" />
  <Point X="64" Y="211" T="118472268" />
  <Point X="67" Y="208" T="118472292" />
  <Point X="69" Y="207" T="118472317" />
  <Point X="72" Y="203" T="118472341" />
  <Point X="75" Y="202" T="118472366" />
  <Point X="79" Y="198" T="118472391" />
  <Point X="83" Y="195" T="118472417" />
  <Point X="84" Y="193" T="118472442" />
  <Point X="88" Y="189" T="118472470" />
  <Point X="91" Y="188" T="118472496" />
  <Point X="93" Y="186" T="118472522" />
  <Point X="97" Y="182" T="118472551" />
  <Point X="100" Y="178" T="118472579" />
  <Point X="101" Y="176" T="118472606" />
  <Point X="103" Y="175" T="118472633" />
  <Point X="105" Y="173" T="118472662" />
  <Point X="108" Y="169" T="118472690" />
  <Point X="111" Y="166" T="118472717" />
  <Point X="113" Y="162" T="118472745" />
  <Point X="115" Y="160" T="118472775" />
  <Point X="118" Y="155" T="118472803" />
  <Point X="120" Y="151" T="118472832" />
  <Point X="122" Y="149" T="118472862" />
</Gesture>