﻿<?xml version="1.0" encoding="utf-8" standalone="yes"?>
<Gesture Name="delete_mark01" Subject="5" Speed="slow" Number="1" NumPts="126" Millseconds="3143" AppName="Gestures" AppVer="3.7.0.0" Date="Friday, March 09, 2007" TimeOfDay="9:32:11 PM">
  <Point X="78" Y="147" T="118440589" />
  <Point X="80" Y="148" T="118440690" />
  <Point X="81" Y="150" T="118440723" />
  <Point X="82" Y="152" T="118440735" />
  <Point X="82" Y="155" T="118440743" />
  <Point X="83" Y="157" T="118440759" />
  <Point X="83" Y="160" T="118440771" />
  <Point X="84" Y="162" T="118440791" />
  <Point X="85" Y="164" T="118440803" />
  <Point X="86" Y="166" T="118440819" />
  <Point X="88" Y="169" T="118440836" />
  <Point X="89" Y="171" T="118440849" />
  <Point X="89" Y="173" T="118440857" />
  <Point X="91" Y="174" T="118440869" />
  <Point X="93" Y="176" T="118440890" />
  <Point X="95" Y="177" T="118440911" />
  <Point X="97" Y="179" T="118440928" />
  <Point X="98" Y="182" T="118440944" />
  <Point X="99" Y="184" T="118440956" />
  <Point X="101" Y="186" T="118440977" />
  <Point X="102" Y="189" T="118440989" />
  <Point X="104" Y="191" T="118441021" />
  <Point X="106" Y="193" T="118441046" />
  <Point X="108" Y="194" T="118441073" />
  <Point X="109" Y="196" T="118441085" />
  <Point X="111" Y="196" T="118441106" />
  <Point X="113" Y="198" T="118441126" />
  <Point X="115" Y="199" T="118441154" />
  <Point X="116" Y="201" T="118441182" />
  <Point X="118" Y="203" T="118441211" />
  <Point X="121" Y="204" T="118441239" />
  <Point X="122" Y="206" T="118441258" />
  <Point X="124" Y="206" T="118441282" />
  <Point X="126" Y="208" T="118441311" />
  <Point X="127" Y="210" T="118441332" />
  <Point X="129" Y="211" T="118441356" />
  <Point X="131" Y="213" T="118441377" />
  <Point X="133" Y="213" T="118441401" />
  <Point X="135" Y="214" T="118441425" />
  <Point X="137" Y="214" T="118441450" />
  <Point X="139" Y="215" T="118441474" />
  <Point X="141" Y="217" T="118441502" />
  <Point X="143" Y="218" T="118441530" />
  <Point X="145" Y="219" T="118441558" />
  <Point X="147" Y="220" T="118441582" />
  <Point X="149" Y="221" T="118441610" />
  <Point X="151" Y="223" T="118441634" />
  <Point X="152" Y="225" T="118441658" />
  <Point X="154" Y="224" T="118441682" />
  <Point X="156" Y="225" T="118441706" />
  <Point X="158" Y="227" T="118441734" />
  <Point X="160" Y="228" T="118441770" />
  <Point X="162" Y="229" T="118441799" />
  <Point X="164" Y="229" T="118441839" />
  <Point X="166" Y="230" T="118441893" />
  <Point X="166" Y="232" T="118441940" />
  <Point X="164" Y="233" T="118441965" />
  <Point X="162" Y="233" T="118441982" />
  <Point X="160" Y="233" T="118441999" />
  <Point X="158" Y="233" T="118442018" />
  <Point X="155" Y="235" T="118442037" />
  <Point X="153" Y="233" T="118442055" />
  <Point X="151" Y="233" T="118442076" />
  <Point X="149" Y="233" T="118442096" />
  <Point X="147" Y="233" T="118442114" />
  <Point X="145" Y="234" T="118442133" />
  <Point X="143" Y="234" T="118442151" />
  <Point X="141" Y="234" T="118442170" />
  <Point X="139" Y="234" T="118442189" />
  <Point X="137" Y="234" T="118442208" />
  <Point X="135" Y="233" T="118442229" />
  <Point X="133" Y="234" T="118442248" />
  <Point X="131" Y="234" T="118442269" />
  <Point X="128" Y="233" T="118442289" />
  <Point X="126" Y="233" T="118442309" />
  <Point X="124" Y="233" T="118442330" />
  <Point X="122" Y="233" T="118442352" />
  <Point X="120" Y="232" T="118442373" />
  <Point X="118" Y="232" T="118442395" />
  <Point X="114" Y="232" T="118442417" />
  <Point X="112" Y="231" T="118442439" />
  <Point X="109" Y="231" T="118442461" />
  <Point X="105" Y="231" T="118442483" />
  <Point X="102" Y="231" T="118442506" />
  <Point X="98" Y="231" T="118442528" />
  <Point X="95" Y="230" T="118442551" />
  <Point X="93" Y="231" T="118442575" />
  <Point X="91" Y="231" T="118442598" />
  <Point X="89" Y="231" T="118442621" />
  <Point X="87" Y="229" T="118442645" />
  <Point X="83" Y="228" T="118442671" />
  <Point X="81" Y="229" T="118442695" />
  <Point X="79" Y="227" T="118442719" />
  <Point X="77" Y="226" T="118442743" />
  <Point X="75" Y="226" T="118442768" />
  <Point X="73" Y="226" T="118442794" />
  <Point X="71" Y="225" T="118442819" />
  <Point X="69" Y="225" T="118442844" />
  <Point X="66" Y="225" T="118442869" />
  <Point X="64" Y="225" T="118442900" />
  <Point X="62" Y="224" T="118442940" />
  <Point X="64" Y="224" T="118443035" />
  <Point X="66" Y="222" T="118443061" />
  <Point X="71" Y="220" T="118443088" />
  <Point X="75" Y="218" T="118443115" />
  <Point X="79" Y="215" T="118443144" />
  <Point X="85" Y="211" T="118443172" />
  <Point X="88" Y="210" T="118443199" />
  <Point X="91" Y="207" T="118443227" />
  <Point X="95" Y="203" T="118443255" />
  <Point X="99" Y="201" T="118443284" />
  <Point X="104" Y="197" T="118443312" />
  <Point X="108" Y="195" T="118443341" />
  <Point X="112" Y="191" T="118443370" />
  <Point X="115" Y="188" T="118443399" />
  <Point X="117" Y="186" T="118443427" />
  <Point X="121" Y="183" T="118443456" />
  <Point X="123" Y="181" T="118443486" />
  <Point X="125" Y="179" T="118443515" />
  <Point X="129" Y="175" T="118443546" />
  <Point X="132" Y="171" T="118443577" />
  <Point X="135" Y="167" T="118443607" />
  <Point X="139" Y="164" T="118443640" />
  <Point X="142" Y="157" T="118443671" />
  <Point X="145" Y="153" T="118443702" />
  <Point X="146" Y="151" T="118443732" />
</Gesture>