﻿<?xml version="1.0" encoding="utf-8" standalone="yes"?>
<Gesture Name="delete_mark07" Subject="5" Speed="slow" Number="7" NumPts="113" Millseconds="2592" AppName="Gestures" AppVer="3.7.0.0" Date="Friday, March 09, 2007" TimeOfDay="9:32:33 PM">
  <Point X="76" Y="148" T="118462878" />
  <Point X="78" Y="150" T="118462982" />
  <Point X="80" Y="152" T="118463007" />
  <Point X="82" Y="154" T="118463031" />
  <Point X="84" Y="157" T="118463047" />
  <Point X="85" Y="159" T="118463063" />
  <Point X="86" Y="162" T="118463079" />
  <Point X="86" Y="164" T="118463095" />
  <Point X="87" Y="166" T="118463107" />
  <Point X="88" Y="168" T="118463132" />
  <Point X="89" Y="170" T="118463148" />
  <Point X="89" Y="173" T="118463165" />
  <Point X="91" Y="175" T="118463190" />
  <Point X="92" Y="177" T="118463215" />
  <Point X="94" Y="179" T="118463240" />
  <Point X="95" Y="181" T="118463256" />
  <Point X="97" Y="183" T="118463276" />
  <Point X="98" Y="186" T="118463295" />
  <Point X="100" Y="188" T="118463328" />
  <Point X="101" Y="190" T="118463348" />
  <Point X="103" Y="192" T="118463370" />
  <Point X="105" Y="194" T="118463384" />
  <Point X="107" Y="196" T="118463410" />
  <Point X="108" Y="198" T="118463423" />
  <Point X="111" Y="199" T="118463444" />
  <Point X="113" Y="202" T="118463472" />
  <Point X="115" Y="202" T="118463493" />
  <Point X="117" Y="205" T="118463509" />
  <Point X="119" Y="205" T="118463529" />
  <Point X="121" Y="206" T="118463545" />
  <Point X="123" Y="208" T="118463565" />
  <Point X="125" Y="210" T="118463585" />
  <Point X="127" Y="209" T="118463606" />
  <Point X="128" Y="211" T="118463618" />
  <Point X="131" Y="212" T="118463633" />
  <Point X="133" Y="214" T="118463650" />
  <Point X="135" Y="216" T="118463674" />
  <Point X="137" Y="218" T="118463695" />
  <Point X="139" Y="220" T="118463714" />
  <Point X="141" Y="220" T="118463734" />
  <Point X="143" Y="221" T="118463750" />
  <Point X="145" Y="222" T="118463766" />
  <Point X="148" Y="224" T="118463783" />
  <Point X="150" Y="224" T="118463803" />
  <Point X="152" Y="225" T="118463843" />
  <Point X="150" Y="226" T="118463940" />
  <Point X="148" Y="226" T="118463956" />
  <Point X="145" Y="227" T="118463971" />
  <Point X="143" Y="227" T="118463986" />
  <Point X="141" Y="226" T="118464001" />
  <Point X="139" Y="227" T="118464016" />
  <Point X="137" Y="227" T="118464032" />
  <Point X="134" Y="228" T="118464047" />
  <Point X="132" Y="227" T="118464048" />
  <Point X="130" Y="227" T="118464065" />
  <Point X="128" Y="229" T="118464082" />
  <Point X="126" Y="227" T="118464099" />
  <Point X="121" Y="228" T="118464115" />
  <Point X="119" Y="228" T="118464132" />
  <Point X="115" Y="230" T="118464150" />
  <Point X="110" Y="229" T="118464167" />
  <Point X="106" Y="230" T="118464185" />
  <Point X="102" Y="231" T="118464203" />
  <Point X="98" Y="233" T="118464222" />
  <Point X="93" Y="232" T="118464241" />
  <Point X="90" Y="232" T="118464260" />
  <Point X="86" Y="232" T="118464279" />
  <Point X="84" Y="230" T="118464298" />
  <Point X="79" Y="229" T="118464317" />
  <Point X="74" Y="228" T="118464337" />
  <Point X="72" Y="227" T="118464356" />
  <Point X="68" Y="226" T="118464377" />
  <Point X="66" Y="226" T="118464397" />
  <Point X="64" Y="226" T="118464417" />
  <Point X="61" Y="225" T="118464437" />
  <Point X="59" Y="225" T="118464459" />
  <Point X="58" Y="223" T="118464492" />
  <Point X="57" Y="221" T="118464588" />
  <Point X="59" Y="220" T="118464616" />
  <Point X="61" Y="219" T="118464637" />
  <Point X="63" Y="218" T="118464659" />
  <Point X="68" Y="216" T="118464681" />
  <Point X="70" Y="214" T="118464703" />
  <Point X="75" Y="211" T="118464726" />
  <Point X="77" Y="210" T="118464750" />
  <Point X="81" Y="206" T="118464773" />
  <Point X="83" Y="205" T="118464797" />
  <Point X="85" Y="203" T="118464821" />
  <Point X="89" Y="200" T="118464845" />
  <Point X="91" Y="199" T="118464869" />
  <Point X="93" Y="196" T="118464892" />
  <Point X="95" Y="195" T="118464917" />
  <Point X="96" Y="193" T="118464941" />
  <Point X="98" Y="192" T="118464965" />
  <Point X="100" Y="189" T="118464990" />
  <Point X="101" Y="187" T="118465015" />
  <Point X="102" Y="184" T="118465040" />
  <Point X="103" Y="182" T="118465065" />
  <Point X="105" Y="179" T="118465090" />
  <Point X="107" Y="177" T="118465116" />
  <Point X="108" Y="175" T="118465142" />
  <Point X="110" Y="173" T="118465168" />
  <Point X="112" Y="170" T="118465194" />
  <Point X="113" Y="168" T="118465221" />
  <Point X="115" Y="165" T="118465247" />
  <Point X="116" Y="163" T="118465274" />
  <Point X="118" Y="161" T="118465301" />
  <Point X="120" Y="156" T="118465328" />
  <Point X="122" Y="154" T="118465356" />
  <Point X="123" Y="149" T="118465384" />
  <Point X="124" Y="144" T="118465412" />
  <Point X="124" Y="138" T="118465443" />
  <Point X="125" Y="136" T="118465470" />
</Gesture>