﻿<?xml version="1.0" encoding="utf-8" standalone="yes"?>
<Gesture Name="delete_mark08" Subject="5" Speed="slow" Number="8" NumPts="109" Millseconds="2452" AppName="Gestures" AppVer="3.7.0.0" Date="Friday, March 09, 2007" TimeOfDay="9:32:36 PM">
  <Point X="74" Y="148" T="118466340" />
  <Point X="76" Y="149" T="118466416" />
  <Point X="78" Y="151" T="118466440" />
  <Point X="79" Y="154" T="118466468" />
  <Point X="80" Y="156" T="118466493" />
  <Point X="82" Y="158" T="118466513" />
  <Point X="83" Y="161" T="118466538" />
  <Point X="85" Y="163" T="118466558" />
  <Point X="85" Y="165" T="118466575" />
  <Point X="87" Y="167" T="118466599" />
  <Point X="89" Y="169" T="118466616" />
  <Point X="91" Y="172" T="118466636" />
  <Point X="93" Y="174" T="118466660" />
  <Point X="94" Y="176" T="118466684" />
  <Point X="96" Y="179" T="118466697" />
  <Point X="98" Y="181" T="118466718" />
  <Point X="98" Y="183" T="118466726" />
  <Point X="100" Y="184" T="118466742" />
  <Point X="102" Y="186" T="118466757" />
  <Point X="103" Y="188" T="118466766" />
  <Point X="105" Y="191" T="118466786" />
  <Point X="107" Y="191" T="118466811" />
  <Point X="109" Y="193" T="118466826" />
  <Point X="111" Y="195" T="118466843" />
  <Point X="113" Y="197" T="118466855" />
  <Point X="115" Y="198" T="118466871" />
  <Point X="117" Y="200" T="118466887" />
  <Point X="119" Y="202" T="118466907" />
  <Point X="120" Y="204" T="118466919" />
  <Point X="122" Y="205" T="118466935" />
  <Point X="124" Y="206" T="118466951" />
  <Point X="126" Y="207" T="118466968" />
  <Point X="128" Y="210" T="118466980" />
  <Point X="130" Y="211" T="118466997" />
  <Point X="132" Y="212" T="118467017" />
  <Point X="134" Y="212" T="118467034" />
  <Point X="136" Y="213" T="118467054" />
  <Point X="138" Y="214" T="118467069" />
  <Point X="140" Y="215" T="118467089" />
  <Point X="142" Y="217" T="118467118" />
  <Point X="141" Y="219" T="118467182" />
  <Point X="138" Y="219" T="118467209" />
  <Point X="136" Y="220" T="118467228" />
  <Point X="134" Y="220" T="118467249" />
  <Point X="132" Y="221" T="118467270" />
  <Point X="130" Y="221" T="118467290" />
  <Point X="127" Y="221" T="118467310" />
  <Point X="125" Y="222" T="118467331" />
  <Point X="123" Y="223" T="118467355" />
  <Point X="121" Y="224" T="118467374" />
  <Point X="119" Y="224" T="118467389" />
  <Point X="117" Y="225" T="118467405" />
  <Point X="114" Y="225" T="118467420" />
  <Point X="112" Y="226" T="118467436" />
  <Point X="110" Y="227" T="118467454" />
  <Point X="108" Y="228" T="118467470" />
  <Point X="106" Y="228" T="118467495" />
  <Point X="104" Y="228" T="118467512" />
  <Point X="102" Y="228" T="118467529" />
  <Point X="100" Y="229" T="118467546" />
  <Point X="98" Y="228" T="118467563" />
  <Point X="95" Y="229" T="118467581" />
  <Point X="90" Y="229" T="118467599" />
  <Point X="88" Y="229" T="118467617" />
  <Point X="86" Y="229" T="118467635" />
  <Point X="84" Y="229" T="118467654" />
  <Point X="82" Y="227" T="118467672" />
  <Point X="80" Y="227" T="118467691" />
  <Point X="78" Y="226" T="118467711" />
  <Point X="76" Y="227" T="118467731" />
  <Point X="74" Y="226" T="118467755" />
  <Point X="72" Y="226" T="118467776" />
  <Point X="69" Y="225" T="118467803" />
  <Point X="67" Y="225" T="118467827" />
  <Point X="65" Y="224" T="118467859" />
  <Point X="63" Y="223" T="118467895" />
  <Point X="61" Y="224" T="118467935" />
  <Point X="61" Y="222" T="118467987" />
  <Point X="61" Y="220" T="118468032" />
  <Point X="62" Y="217" T="118468072" />
  <Point X="64" Y="215" T="118468096" />
  <Point X="65" Y="213" T="118468118" />
  <Point X="67" Y="212" T="118468139" />
  <Point X="69" Y="210" T="118468162" />
  <Point X="71" Y="208" T="118468184" />
  <Point X="74" Y="204" T="118468207" />
  <Point X="76" Y="203" T="118468230" />
  <Point X="80" Y="200" T="118468253" />
  <Point X="82" Y="197" T="118468277" />
  <Point X="86" Y="193" T="118468300" />
  <Point X="89" Y="190" T="118468324" />
  <Point X="91" Y="188" T="118468348" />
  <Point X="93" Y="186" T="118468372" />
  <Point X="96" Y="182" T="118468399" />
  <Point X="99" Y="179" T="118468424" />
  <Point X="102" Y="177" T="118468449" />
  <Point X="105" Y="176" T="118468474" />
  <Point X="106" Y="174" T="118468501" />
  <Point X="110" Y="172" T="118468527" />
  <Point X="113" Y="168" T="118468553" />
  <Point X="115" Y="167" T="118468579" />
  <Point X="118" Y="163" T="118468605" />
  <Point X="119" Y="161" T="118468631" />
  <Point X="122" Y="157" T="118468658" />
  <Point X="124" Y="154" T="118468684" />
  <Point X="127" Y="148" T="118468711" />
  <Point X="129" Y="144" T="118468737" />
  <Point X="132" Y="137" T="118468765" />
  <Point X="135" Y="130" T="118468792" />
</Gesture>