﻿<?xml version="1.0" encoding="utf-8" standalone="yes"?>
<Gesture Name="delete_mark10" Subject="5" Speed="slow" Number="10" NumPts="115" Millseconds="2779" AppName="Gestures" AppVer="3.7.0.0" Date="Friday, March 09, 2007" TimeOfDay="9:32:44 PM">
  <Point X="71" Y="155" T="118474070" />
  <Point X="73" Y="156" T="118474154" />
  <Point X="74" Y="158" T="118474175" />
  <Point X="75" Y="160" T="118474211" />
  <Point X="76" Y="162" T="118474230" />
  <Point X="77" Y="164" T="118474250" />
  <Point X="78" Y="167" T="118474266" />
  <Point X="80" Y="169" T="118474302" />
  <Point X="81" Y="171" T="118474322" />
  <Point X="82" Y="174" T="118474343" />
  <Point X="84" Y="176" T="118474363" />
  <Point X="86" Y="178" T="118474387" />
  <Point X="87" Y="180" T="118474400" />
  <Point X="88" Y="183" T="118474420" />
  <Point X="90" Y="185" T="118474445" />
  <Point X="92" Y="187" T="118474461" />
  <Point X="93" Y="189" T="118474481" />
  <Point X="94" Y="191" T="118474505" />
  <Point X="96" Y="192" T="118474533" />
  <Point X="97" Y="194" T="118474549" />
  <Point X="99" Y="196" T="118474582" />
  <Point X="101" Y="197" T="118474606" />
  <Point X="103" Y="199" T="118474626" />
  <Point X="105" Y="201" T="118474650" />
  <Point X="106" Y="203" T="118474667" />
  <Point X="108" Y="204" T="118474700" />
  <Point X="110" Y="205" T="118474724" />
  <Point X="111" Y="207" T="118474740" />
  <Point X="114" Y="209" T="118474769" />
  <Point X="116" Y="210" T="118474788" />
  <Point X="118" Y="211" T="118474808" />
  <Point X="120" Y="212" T="118474832" />
  <Point X="121" Y="214" T="118474852" />
  <Point X="123" Y="214" T="118474873" />
  <Point X="126" Y="215" T="118474902" />
  <Point X="128" Y="215" T="118474926" />
  <Point X="130" Y="217" T="118474954" />
  <Point X="132" Y="219" T="118474978" />
  <Point X="134" Y="220" T="118475002" />
  <Point X="136" Y="221" T="118475031" />
  <Point X="138" Y="222" T="118475055" />
  <Point X="140" Y="223" T="118475083" />
  <Point X="142" Y="224" T="118475112" />
  <Point X="144" Y="226" T="118475148" />
  <Point X="146" Y="226" T="118475185" />
  <Point X="148" Y="226" T="118475226" />
  <Point X="149" Y="228" T="118475290" />
  <Point X="147" Y="230" T="118475326" />
  <Point X="145" Y="230" T="118475346" />
  <Point X="142" Y="231" T="118475366" />
  <Point X="140" Y="231" T="118475382" />
  <Point X="138" Y="230" T="118475399" />
  <Point X="136" Y="230" T="118475415" />
  <Point X="134" Y="231" T="118475431" />
  <Point X="132" Y="231" T="118475448" />
  <Point X="130" Y="231" T="118475469" />
  <Point X="128" Y="231" T="118475485" />
  <Point X="126" Y="231" T="118475502" />
  <Point X="124" Y="232" T="118475519" />
  <Point X="121" Y="232" T="118475537" />
  <Point X="119" Y="232" T="118475555" />
  <Point X="117" Y="233" T="118475573" />
  <Point X="115" Y="233" T="118475591" />
  <Point X="113" Y="233" T="118475610" />
  <Point X="110" Y="233" T="118475629" />
  <Point X="108" Y="233" T="118475647" />
  <Point X="106" Y="232" T="118475666" />
  <Point X="104" Y="233" T="118475685" />
  <Point X="102" Y="233" T="118475704" />
  <Point X="100" Y="232" T="118475724" />
  <Point X="97" Y="231" T="118475743" />
  <Point X="95" Y="232" T="118475763" />
  <Point X="93" Y="230" T="118475782" />
  <Point X="91" Y="230" T="118475803" />
  <Point X="87" Y="230" T="118475823" />
  <Point X="85" Y="229" T="118475844" />
  <Point X="83" Y="230" T="118475865" />
  <Point X="81" Y="230" T="118475866" />
  <Point X="79" Y="229" T="118475887" />
  <Point X="77" Y="229" T="118475909" />
  <Point X="73" Y="227" T="118475931" />
  <Point X="71" Y="226" T="118475953" />
  <Point X="69" Y="226" T="118475975" />
  <Point X="65" Y="225" T="118475997" />
  <Point X="63" Y="225" T="118476020" />
  <Point X="59" Y="226" T="118476044" />
  <Point X="57" Y="226" T="118476067" />
  <Point X="55" Y="224" T="118476106" />
  <Point X="56" Y="221" T="118476190" />
  <Point X="58" Y="220" T="118476214" />
  <Point X="59" Y="218" T="118476237" />
  <Point X="64" Y="215" T="118476262" />
  <Point X="69" Y="211" T="118476286" />
  <Point X="74" Y="208" T="118476310" />
  <Point X="78" Y="204" T="118476335" />
  <Point X="83" Y="202" T="118476360" />
  <Point X="87" Y="196" T="118476385" />
  <Point X="92" Y="193" T="118476410" />
  <Point X="96" Y="190" T="118476436" />
  <Point X="98" Y="187" T="118476461" />
  <Point X="100" Y="186" T="118476487" />
  <Point X="103" Y="184" T="118476513" />
  <Point X="105" Y="182" T="118476514" />
  <Point X="106" Y="180" T="118476541" />
  <Point X="108" Y="178" T="118476568" />
  <Point X="109" Y="176" T="118476594" />
  <Point X="112" Y="173" T="118476624" />
  <Point X="114" Y="171" T="118476651" />
  <Point X="116" Y="169" T="118476679" />
  <Point X="118" Y="167" T="118476706" />
  <Point X="121" Y="163" T="118476734" />
  <Point X="124" Y="160" T="118476763" />
  <Point X="126" Y="158" T="118476791" />
  <Point X="127" Y="156" T="118476819" />
  <Point X="129" Y="154" T="118476849" />
</Gesture>