﻿<?xml version="1.0" encoding="utf-8" standalone="yes"?>
<Gesture Name="delete_mark04" Subject="5" Speed="slow" Number="4" NumPts="99" Millseconds="2257" AppName="Gestures" AppVer="3.7.0.0" Date="Friday, March 09, 2007" TimeOfDay="9:32:22 PM">
  <Point X="86" Y="147" T="118452702" />
  <Point X="87" Y="150" T="118452847" />
  <Point X="88" Y="152" T="118452867" />
  <Point X="88" Y="155" T="118452883" />
  <Point X="89" Y="157" T="118452904" />
  <Point X="89" Y="159" T="118452916" />
  <Point X="90" Y="162" T="118452936" />
  <Point X="91" Y="164" T="118452956" />
  <Point X="93" Y="166" T="118452984" />
  <Point X="94" Y="168" T="118453004" />
  <Point X="96" Y="170" T="118453020" />
  <Point X="96" Y="172" T="118453036" />
  <Point X="97" Y="174" T="118453044" />
  <Point X="98" Y="176" T="118453060" />
  <Point X="99" Y="179" T="118453081" />
  <Point X="101" Y="180" T="118453101" />
  <Point X="103" Y="183" T="118453116" />
  <Point X="105" Y="184" T="118453137" />
  <Point X="106" Y="187" T="118453149" />
  <Point X="107" Y="189" T="118453170" />
  <Point X="108" Y="191" T="118453190" />
  <Point X="111" Y="192" T="118453218" />
  <Point X="112" Y="195" T="118453234" />
  <Point X="113" Y="197" T="118453267" />
  <Point X="115" Y="200" T="118453291" />
  <Point X="116" Y="202" T="118453311" />
  <Point X="117" Y="204" T="118453340" />
  <Point X="119" Y="206" T="118453368" />
  <Point X="121" Y="208" T="118453388" />
  <Point X="122" Y="211" T="118453404" />
  <Point X="123" Y="213" T="118453428" />
  <Point X="125" Y="215" T="118453456" />
  <Point X="126" Y="217" T="118453468" />
  <Point X="128" Y="218" T="118453492" />
  <Point X="129" Y="220" T="118453513" />
  <Point X="131" Y="223" T="118453534" />
  <Point X="132" Y="225" T="118453554" />
  <Point X="134" Y="226" T="118453582" />
  <Point X="135" Y="228" T="118453595" />
  <Point X="137" Y="230" T="118453623" />
  <Point X="139" Y="232" T="118453647" />
  <Point X="139" Y="234" T="118453683" />
  <Point X="138" Y="236" T="118453736" />
  <Point X="136" Y="236" T="118453752" />
  <Point X="133" Y="237" T="118453769" />
  <Point X="131" Y="237" T="118453785" />
  <Point X="128" Y="237" T="118453800" />
  <Point X="126" Y="237" T="118453814" />
  <Point X="123" Y="237" T="118453830" />
  <Point X="121" Y="236" T="118453845" />
  <Point X="118" Y="236" T="118453846" />
  <Point X="116" Y="235" T="118453863" />
  <Point X="111" Y="234" T="118453881" />
  <Point X="106" Y="234" T="118453908" />
  <Point X="104" Y="233" T="118453926" />
  <Point X="102" Y="233" T="118453942" />
  <Point X="100" Y="232" T="118453958" />
  <Point X="98" Y="232" T="118453975" />
  <Point X="96" Y="232" T="118453993" />
  <Point X="94" Y="232" T="118454015" />
  <Point X="92" Y="231" T="118454041" />
  <Point X="90" Y="231" T="118454063" />
  <Point X="89" Y="229" T="118454081" />
  <Point X="87" Y="228" T="118454104" />
  <Point X="85" Y="228" T="118454127" />
  <Point X="83" Y="226" T="118454146" />
  <Point X="81" Y="226" T="118454164" />
  <Point X="79" Y="225" T="118454183" />
  <Point X="77" Y="225" T="118454203" />
  <Point X="75" Y="223" T="118454222" />
  <Point X="73" Y="221" T="118454246" />
  <Point X="71" Y="222" T="118454265" />
  <Point X="69" Y="221" T="118454285" />
  <Point X="67" Y="220" T="118454305" />
  <Point X="66" Y="218" T="118454334" />
  <Point X="65" Y="215" T="118454446" />
  <Point X="67" Y="214" T="118454470" />
  <Point X="69" Y="214" T="118454491" />
  <Point X="71" Y="212" T="118454511" />
  <Point X="76" Y="209" T="118454533" />
  <Point X="81" Y="206" T="118454555" />
  <Point X="85" Y="201" T="118454576" />
  <Point X="89" Y="198" T="118454598" />
  <Point X="91" Y="196" T="118454620" />
  <Point X="95" Y="192" T="118454643" />
  <Point X="97" Y="190" T="118454665" />
  <Point X="101" Y="186" T="118454689" />
  <Point X="105" Y="182" T="118454712" />
  <Point X="108" Y="179" T="118454735" />
  <Point X="111" Y="176" T="118454759" />
  <Point X="113" Y="175" T="118454784" />
  <Point X="117" Y="170" T="118454807" />
  <Point X="118" Y="168" T="118454831" />
  <Point X="122" Y="164" T="118454856" />
  <Point X="126" Y="157" T="118454884" />
  <Point X="130" Y="153" T="118454909" />
  <Point X="133" Y="147" T="118454933" />
  <Point X="135" Y="145" T="118454935" />
  <Point X="137" Y="142" T="118454959" />
</Gesture>