﻿<?xml version="1.0" encoding="utf-8" standalone="yes"?>
<Gesture Name="delete_mark06" Subject="5" Speed="slow" Number="6" NumPts="107" Millseconds="2383" AppName="Gestures" AppVer="3.7.0.0" Date="Friday, March 09, 2007" TimeOfDay="9:32:29 PM">
  <Point X="83" Y="150" T="118459707" />
  <Point X="81" Y="148" T="118459816" />
  <Point X="82" Y="150" T="118459839" />
  <Point X="84" Y="151" T="118459864" />
  <Point X="86" Y="153" T="118459881" />
  <Point X="87" Y="156" T="118459897" />
  <Point X="89" Y="157" T="118459921" />
  <Point X="90" Y="159" T="118459933" />
  <Point X="92" Y="161" T="118459953" />
  <Point X="93" Y="164" T="118459965" />
  <Point X="94" Y="166" T="118459981" />
  <Point X="96" Y="168" T="118459998" />
  <Point X="97" Y="170" T="118460013" />
  <Point X="99" Y="172" T="118460033" />
  <Point X="100" Y="174" T="118460062" />
  <Point X="101" Y="176" T="118460075" />
  <Point X="103" Y="178" T="118460095" />
  <Point X="104" Y="180" T="118460103" />
  <Point X="105" Y="183" T="118460119" />
  <Point X="106" Y="185" T="118460136" />
  <Point X="108" Y="187" T="118460156" />
  <Point X="110" Y="190" T="118460176" />
  <Point X="112" Y="192" T="118460197" />
  <Point X="114" Y="194" T="118460218" />
  <Point X="116" Y="196" T="118460234" />
  <Point X="117" Y="198" T="118460250" />
  <Point X="119" Y="199" T="118460275" />
  <Point X="121" Y="201" T="118460296" />
  <Point X="123" Y="203" T="118460320" />
  <Point X="125" Y="206" T="118460344" />
  <Point X="128" Y="208" T="118460369" />
  <Point X="130" Y="210" T="118460393" />
  <Point X="132" Y="211" T="118460425" />
  <Point X="133" Y="213" T="118460448" />
  <Point X="135" Y="214" T="118460477" />
  <Point X="137" Y="215" T="118460498" />
  <Point X="139" Y="217" T="118460518" />
  <Point X="142" Y="218" T="118460542" />
  <Point X="144" Y="218" T="118460566" />
  <Point X="146" Y="219" T="118460587" />
  <Point X="148" Y="221" T="118460610" />
  <Point X="150" Y="223" T="118460646" />
  <Point X="148" Y="223" T="118460750" />
  <Point X="145" Y="222" T="118460767" />
  <Point X="143" Y="223" T="118460781" />
  <Point X="141" Y="222" T="118460796" />
  <Point X="139" Y="223" T="118460810" />
  <Point X="137" Y="223" T="118460825" />
  <Point X="135" Y="221" T="118460840" />
  <Point X="133" Y="221" T="118460856" />
  <Point X="130" Y="222" T="118460871" />
  <Point X="128" Y="221" T="118460892" />
  <Point X="126" Y="222" T="118460912" />
  <Point X="124" Y="222" T="118460933" />
  <Point X="122" Y="222" T="118460950" />
  <Point X="119" Y="222" T="118460970" />
  <Point X="117" Y="222" T="118460990" />
  <Point X="115" Y="222" T="118461007" />
  <Point X="113" Y="221" T="118461023" />
  <Point X="111" Y="222" T="118461042" />
  <Point X="109" Y="222" T="118461059" />
  <Point X="106" Y="222" T="118461077" />
  <Point X="104" Y="222" T="118461095" />
  <Point X="100" Y="223" T="118461113" />
  <Point X="98" Y="221" T="118461131" />
  <Point X="93" Y="222" T="118461151" />
  <Point X="91" Y="223" T="118461170" />
  <Point X="89" Y="223" T="118461171" />
  <Point X="87" Y="222" T="118461190" />
  <Point X="85" Y="221" T="118461210" />
  <Point X="82" Y="221" T="118461229" />
  <Point X="80" Y="221" T="118461252" />
  <Point X="78" Y="221" T="118461272" />
  <Point X="76" Y="220" T="118461292" />
  <Point X="74" Y="220" T="118461314" />
  <Point X="72" Y="220" T="118461338" />
  <Point X="70" Y="220" T="118461362" />
  <Point X="67" Y="222" T="118461386" />
  <Point X="65" Y="221" T="118461418" />
  <Point X="66" Y="218" T="118461474" />
  <Point X="68" Y="216" T="118461495" />
  <Point X="70" Y="213" T="118461517" />
  <Point X="74" Y="210" T="118461540" />
  <Point X="76" Y="208" T="118461562" />
  <Point X="80" Y="205" T="118461585" />
  <Point X="82" Y="202" T="118461608" />
  <Point X="86" Y="200" T="118461631" />
  <Point X="90" Y="196" T="118461655" />
  <Point X="94" Y="192" T="118461678" />
  <Point X="99" Y="189" T="118461702" />
  <Point X="103" Y="185" T="118461726" />
  <Point X="106" Y="180" T="118461750" />
  <Point X="108" Y="178" T="118461777" />
  <Point X="110" Y="176" T="118461801" />
  <Point X="112" Y="173" T="118461826" />
  <Point X="114" Y="171" T="118461827" />
  <Point X="115" Y="169" T="118461851" />
  <Point X="118" Y="167" T="118461877" />
  <Point X="119" Y="165" T="118461878" />
  <Point X="120" Y="163" T="118461904" />
  <Point X="124" Y="158" T="118461930" />
  <Point X="125" Y="156" T="118461956" />
  <Point X="129" Y="151" T="118461983" />
  <Point X="131" Y="146" T="118462010" />
  <Point X="134" Y="142" T="118462037" />
  <Point X="136" Y="136" T="118462064" />
  <Point X="138" Y="131" T="118462090" />
</Gesture>