﻿<?xml version="1.0" encoding="utf-8" standalone="yes"?>
<Gesture Name="left_curly_brace07" Subject="5" Speed="slow" Number="7" NumPts="91" Millseconds="2231" AppName="Gestures" AppVer="3.7.0.0" Date="Friday, March 09, 2007" TimeOfDay="9:49:00 PM">
  <Point X="169" Y="158" T="119452706" />
  <Point X="165" Y="153" T="119452712" />
  <Point X="163" Y="151" T="119452717" />
  <Point X="161" Y="149" T="119452726" />
  <Point X="159" Y="148" T="119452782" />
  <Point X="156" Y="149" T="119452807" />
  <Point X="154" Y="148" T="119452831" />
  <Point X="152" Y="148" T="119452852" />
  <Point X="150" Y="148" T="119452868" />
  <Point X="148" Y="148" T="119452892" />
  <Point X="146" Y="148" T="119452912" />
  <Point X="144" Y="149" T="119452936" />
  <Point X="142" Y="150" T="119452956" />
  <Point X="140" Y="150" T="119452977" />
  <Point X="137" Y="152" T="119452998" />
  <Point X="135" Y="153" T="119453023" />
  <Point X="133" Y="155" T="119453048" />
  <Point X="131" Y="156" T="119453068" />
  <Point X="130" Y="158" T="119453080" />
  <Point X="128" Y="160" T="119453112" />
  <Point X="126" Y="162" T="119453149" />
  <Point X="126" Y="165" T="119453161" />
  <Point X="125" Y="167" T="119453185" />
  <Point X="125" Y="169" T="119453210" />
  <Point X="125" Y="171" T="119453226" />
  <Point X="125" Y="173" T="119453236" />
  <Point X="125" Y="175" T="119453259" />
  <Point X="126" Y="177" T="119453284" />
  <Point X="126" Y="179" T="119453296" />
  <Point X="127" Y="181" T="119453320" />
  <Point X="127" Y="184" T="119453331" />
  <Point X="128" Y="186" T="119453357" />
  <Point X="128" Y="188" T="119453373" />
  <Point X="128" Y="190" T="119453394" />
  <Point X="128" Y="193" T="119453410" />
  <Point X="128" Y="195" T="119453438" />
  <Point X="128" Y="197" T="119453458" />
  <Point X="128" Y="199" T="119453475" />
  <Point X="128" Y="201" T="119453494" />
  <Point X="128" Y="203" T="119453510" />
  <Point X="127" Y="205" T="119453554" />
  <Point X="127" Y="207" T="119453570" />
  <Point X="126" Y="209" T="119453611" />
  <Point X="125" Y="211" T="119453643" />
  <Point X="123" Y="212" T="119453688" />
  <Point X="121" Y="213" T="119453748" />
  <Point X="119" Y="213" T="119453788" />
  <Point X="117" Y="215" T="119453813" />
  <Point X="115" Y="216" T="119453841" />
  <Point X="113" Y="217" T="119453865" />
  <Point X="111" Y="218" T="119453893" />
  <Point X="109" Y="218" T="119453913" />
  <Point X="107" Y="219" T="119453937" />
  <Point X="105" Y="218" T="119453974" />
  <Point X="107" Y="217" T="119454119" />
  <Point X="109" Y="217" T="119454143" />
  <Point X="112" Y="216" T="119454164" />
  <Point X="114" Y="216" T="119454184" />
  <Point X="116" Y="215" T="119454204" />
  <Point X="118" Y="214" T="119454225" />
  <Point X="120" Y="215" T="119454250" />
  <Point X="122" Y="215" T="119454273" />
  <Point X="124" Y="216" T="119454301" />
  <Point X="126" Y="217" T="119454325" />
  <Point X="128" Y="219" T="119454353" />
  <Point X="129" Y="221" T="119454381" />
  <Point X="129" Y="223" T="119454413" />
  <Point X="130" Y="226" T="119454441" />
  <Point X="130" Y="228" T="119454466" />
  <Point X="130" Y="230" T="119454498" />
  <Point X="130" Y="232" T="119454518" />
  <Point X="130" Y="234" T="119454538" />
  <Point X="130" Y="236" T="119454558" />
  <Point X="130" Y="239" T="119454578" />
  <Point X="130" Y="241" T="119454598" />
  <Point X="131" Y="244" T="119454622" />
  <Point X="131" Y="246" T="119454643" />
  <Point X="131" Y="248" T="119454664" />
  <Point X="131" Y="250" T="119454685" />
  <Point X="132" Y="252" T="119454706" />
  <Point X="133" Y="255" T="119454730" />
  <Point X="134" Y="257" T="119454752" />
  <Point X="137" Y="257" T="119454774" />
  <Point X="139" Y="258" T="119454775" />
  <Point X="141" Y="259" T="119454797" />
  <Point X="145" Y="260" T="119454820" />
  <Point X="150" Y="260" T="119454843" />
  <Point X="154" Y="261" T="119454866" />
  <Point X="159" Y="260" T="119454889" />
  <Point X="164" Y="261" T="119454913" />
  <Point X="169" Y="261" T="119454937" />
</Gesture>