﻿<?xml version="1.0" encoding="utf-8" standalone="yes"?>
<Gesture Name="left_sq_bracket03" Subject="5" Speed="slow" Number="3" NumPts="87" Millseconds="2813" AppName="Gestures" AppVer="3.7.0.0" Date="Friday, March 09, 2007" TimeOfDay="9:47:29 PM">
  <Point X="140" Y="154" T="119361014" />
  <Point X="138" Y="153" T="119361074" />
  <Point X="136" Y="154" T="119361119" />
  <Point X="134" Y="153" T="119361142" />
  <Point X="132" Y="155" T="119361163" />
  <Point X="129" Y="154" T="119361191" />
  <Point X="127" Y="155" T="119361211" />
  <Point X="125" Y="154" T="119361231" />
  <Point X="123" Y="155" T="119361251" />
  <Point X="121" Y="154" T="119361275" />
  <Point X="119" Y="155" T="119361295" />
  <Point X="117" Y="154" T="119361319" />
  <Point X="115" Y="155" T="119361339" />
  <Point X="113" Y="156" T="119361363" />
  <Point X="111" Y="157" T="119361409" />
  <Point X="109" Y="158" T="119361458" />
  <Point X="107" Y="158" T="119361562" />
  <Point X="105" Y="158" T="119361625" />
  <Point X="103" Y="158" T="119361682" />
  <Point X="101" Y="158" T="119361767" />
  <Point X="99" Y="158" T="119361851" />
  <Point X="97" Y="157" T="119361940" />
  <Point X="96" Y="159" T="119362029" />
  <Point X="96" Y="157" T="119362044" />
  <Point X="96" Y="159" T="119362193" />
  <Point X="96" Y="161" T="119362237" />
  <Point X="96" Y="163" T="119362257" />
  <Point X="96" Y="165" T="119362293" />
  <Point X="96" Y="167" T="119362326" />
  <Point X="96" Y="169" T="119362358" />
  <Point X="96" Y="172" T="119362378" />
  <Point X="96" Y="174" T="119362407" />
  <Point X="96" Y="176" T="119362432" />
  <Point X="96" Y="178" T="119362460" />
  <Point X="96" Y="180" T="119362489" />
  <Point X="96" Y="182" T="119362501" />
  <Point X="96" Y="185" T="119362529" />
  <Point X="96" Y="187" T="119362553" />
  <Point X="96" Y="189" T="119362586" />
  <Point X="96" Y="191" T="119362613" />
  <Point X="96" Y="193" T="119362641" />
  <Point X="97" Y="195" T="119362670" />
  <Point X="97" Y="198" T="119362686" />
  <Point X="98" Y="200" T="119362731" />
  <Point X="99" Y="202" T="119362747" />
  <Point X="100" Y="204" T="119362783" />
  <Point X="102" Y="205" T="119362815" />
  <Point X="103" Y="208" T="119362847" />
  <Point X="105" Y="210" T="119362875" />
  <Point X="106" Y="212" T="119362911" />
  <Point X="108" Y="214" T="119362939" />
  <Point X="109" Y="216" T="119362967" />
  <Point X="110" Y="218" T="119363000" />
  <Point X="110" Y="220" T="119363024" />
  <Point X="111" Y="222" T="119363040" />
  <Point X="112" Y="224" T="119363069" />
  <Point X="112" Y="226" T="119363109" />
  <Point X="113" Y="228" T="119363130" />
  <Point X="113" Y="230" T="119363147" />
  <Point X="114" Y="232" T="119363163" />
  <Point X="114" Y="234" T="119363198" />
  <Point X="114" Y="236" T="119363217" />
  <Point X="115" Y="239" T="119363237" />
  <Point X="116" Y="241" T="119363265" />
  <Point X="116" Y="243" T="119363283" />
  <Point X="116" Y="246" T="119363305" />
  <Point X="116" Y="248" T="119363325" />
  <Point X="116" Y="250" T="119363357" />
  <Point X="117" Y="253" T="119363381" />
  <Point X="117" Y="255" T="119363400" />
  <Point X="117" Y="257" T="119363419" />
  <Point X="118" Y="259" T="119363441" />
  <Point X="118" Y="262" T="119363469" />
  <Point X="119" Y="264" T="119363505" />
  <Point X="121" Y="264" T="119363558" />
  <Point X="123" Y="264" T="119363590" />
  <Point X="125" Y="264" T="119363614" />
  <Point X="127" Y="263" T="119363638" />
  <Point X="131" Y="263" T="119363663" />
  <Point X="136" Y="263" T="119363684" />
  <Point X="140" Y="262" T="119363706" />
  <Point X="142" Y="262" T="119363728" />
  <Point X="146" Y="262" T="119363750" />
  <Point X="150" Y="263" T="119363772" />
  <Point X="155" Y="263" T="119363795" />
  <Point X="157" Y="263" T="119363826" />
  <Point X="159" Y="264" T="119363827" />
</Gesture>