﻿<?xml version="1.0" encoding="utf-8" standalone="yes"?>
<Gesture Name="left_sq_bracket09" Subject="5" Speed="slow" Number="9" NumPts="85" Millseconds="2130" AppName="Gestures" AppVer="3.7.0.0" Date="Friday, March 09, 2007" TimeOfDay="9:47:48 PM">
  <Point X="140" Y="163" T="119380980" />
  <Point X="138" Y="162" T="119381074" />
  <Point X="137" Y="164" T="119381107" />
  <Point X="135" Y="163" T="119381135" />
  <Point X="133" Y="163" T="119381163" />
  <Point X="131" Y="164" T="119381183" />
  <Point X="129" Y="164" T="119381198" />
  <Point X="127" Y="163" T="119381214" />
  <Point X="125" Y="162" T="119381230" />
  <Point X="122" Y="163" T="119381251" />
  <Point X="120" Y="164" T="119381267" />
  <Point X="118" Y="164" T="119381287" />
  <Point X="116" Y="164" T="119381303" />
  <Point X="113" Y="164" T="119381324" />
  <Point X="111" Y="164" T="119381345" />
  <Point X="109" Y="165" T="119381370" />
  <Point X="107" Y="163" T="119381394" />
  <Point X="105" Y="163" T="119381426" />
  <Point X="103" Y="164" T="119381450" />
  <Point X="101" Y="165" T="119381482" />
  <Point X="99" Y="165" T="119381527" />
  <Point X="98" Y="167" T="119381623" />
  <Point X="98" Y="169" T="119381647" />
  <Point X="98" Y="171" T="119381667" />
  <Point X="98" Y="173" T="119381692" />
  <Point X="97" Y="175" T="119381717" />
  <Point X="97" Y="177" T="119381737" />
  <Point X="97" Y="179" T="119381747" />
  <Point X="97" Y="181" T="119381772" />
  <Point X="97" Y="184" T="119381788" />
  <Point X="97" Y="186" T="119381816" />
  <Point X="97" Y="189" T="119381836" />
  <Point X="98" Y="191" T="119381856" />
  <Point X="98" Y="193" T="119381869" />
  <Point X="98" Y="195" T="119381888" />
  <Point X="98" Y="197" T="119381900" />
  <Point X="98" Y="199" T="119381912" />
  <Point X="97" Y="201" T="119381925" />
  <Point X="97" Y="203" T="119381937" />
  <Point X="97" Y="205" T="119381952" />
  <Point X="97" Y="207" T="119381969" />
  <Point X="98" Y="210" T="119381985" />
  <Point X="98" Y="212" T="119382006" />
  <Point X="98" Y="214" T="119382022" />
  <Point X="98" Y="217" T="119382042" />
  <Point X="99" Y="219" T="119382063" />
  <Point X="100" Y="222" T="119382079" />
  <Point X="101" Y="225" T="119382108" />
  <Point X="103" Y="226" T="119382156" />
  <Point X="105" Y="228" T="119382187" />
  <Point X="107" Y="230" T="119382211" />
  <Point X="109" Y="230" T="119382243" />
  <Point X="111" Y="231" T="119382271" />
  <Point X="112" Y="234" T="119382295" />
  <Point X="114" Y="236" T="119382328" />
  <Point X="115" Y="238" T="119382348" />
  <Point X="116" Y="240" T="119382377" />
  <Point X="118" Y="243" T="119382409" />
  <Point X="119" Y="245" T="119382429" />
  <Point X="120" Y="247" T="119382462" />
  <Point X="121" Y="251" T="119382490" />
  <Point X="122" Y="253" T="119382510" />
  <Point X="122" Y="255" T="119382535" />
  <Point X="123" Y="257" T="119382553" />
  <Point X="124" Y="260" T="119382579" />
  <Point X="124" Y="262" T="119382611" />
  <Point X="125" Y="264" T="119382643" />
  <Point X="125" Y="266" T="119382691" />
  <Point X="127" Y="265" T="119382768" />
  <Point X="129" Y="265" T="119382796" />
  <Point X="131" Y="264" T="119382816" />
  <Point X="133" Y="264" T="119382836" />
  <Point X="136" Y="262" T="119382856" />
  <Point X="138" Y="261" T="119382876" />
  <Point X="142" Y="261" T="119382896" />
  <Point X="145" Y="260" T="119382916" />
  <Point X="147" Y="260" T="119382937" />
  <Point X="149" Y="261" T="119382958" />
  <Point X="151" Y="260" T="119382979" />
  <Point X="155" Y="262" T="119383001" />
  <Point X="159" Y="262" T="119383022" />
  <Point X="164" Y="261" T="119383044" />
  <Point X="166" Y="261" T="119383066" />
  <Point X="168" Y="261" T="119383088" />
  <Point X="170" Y="261" T="119383110" />
</Gesture>