﻿<?xml version="1.0" encoding="utf-8" standalone="yes"?>
<Gesture Name="left_curly_brace09" Subject="5" Speed="slow" Number="9" NumPts="81" Millseconds="2088" AppName="Gestures" AppVer="3.7.0.0" Date="Friday, March 09, 2007" TimeOfDay="9:49:06 PM">
  <Point X="153" Y="153" T="119458556" />
  <Point X="151" Y="154" T="119458632" />
  <Point X="149" Y="153" T="119458656" />
  <Point X="147" Y="153" T="119458668" />
  <Point X="144" Y="154" T="119458681" />
  <Point X="142" Y="154" T="119458697" />
  <Point X="140" Y="154" T="119458715" />
  <Point X="137" Y="154" T="119458731" />
  <Point X="135" Y="154" T="119458744" />
  <Point X="133" Y="155" T="119458756" />
  <Point X="131" Y="155" T="119458768" />
  <Point X="129" Y="155" T="119458784" />
  <Point X="127" Y="155" T="119458803" />
  <Point X="125" Y="157" T="119458831" />
  <Point X="123" Y="158" T="119458876" />
  <Point X="121" Y="160" T="119458926" />
  <Point X="121" Y="162" T="119458946" />
  <Point X="120" Y="164" T="119458969" />
  <Point X="119" Y="166" T="119458993" />
  <Point X="118" Y="169" T="119459022" />
  <Point X="116" Y="172" T="119459054" />
  <Point X="116" Y="174" T="119459074" />
  <Point X="115" Y="177" T="119459095" />
  <Point X="115" Y="179" T="119459115" />
  <Point X="115" Y="181" T="119459131" />
  <Point X="114" Y="183" T="119459147" />
  <Point X="114" Y="186" T="119459159" />
  <Point X="114" Y="188" T="119459184" />
  <Point X="114" Y="190" T="119459200" />
  <Point X="113" Y="192" T="119459220" />
  <Point X="114" Y="194" T="119459240" />
  <Point X="114" Y="196" T="119459261" />
  <Point X="114" Y="198" T="119459277" />
  <Point X="115" Y="201" T="119459299" />
  <Point X="115" Y="203" T="119459312" />
  <Point X="115" Y="205" T="119459337" />
  <Point X="116" Y="208" T="119459361" />
  <Point X="116" Y="210" T="119459398" />
  <Point X="115" Y="212" T="119459418" />
  <Point X="115" Y="214" T="119459435" />
  <Point X="115" Y="216" T="119459450" />
  <Point X="114" Y="219" T="119459487" />
  <Point X="112" Y="220" T="119459526" />
  <Point X="110" Y="222" T="119459558" />
  <Point X="108" Y="221" T="119459583" />
  <Point X="106" Y="221" T="119459607" />
  <Point X="104" Y="220" T="119459636" />
  <Point X="102" Y="219" T="119459676" />
  <Point X="100" Y="221" T="119459733" />
  <Point X="102" Y="221" T="119459869" />
  <Point X="104" Y="222" T="119459905" />
  <Point X="106" Y="222" T="119459930" />
  <Point X="108" Y="221" T="119459954" />
  <Point X="110" Y="221" T="119459988" />
  <Point X="112" Y="222" T="119460016" />
  <Point X="114" Y="223" T="119460056" />
  <Point X="115" Y="226" T="119460080" />
  <Point X="116" Y="228" T="119460112" />
  <Point X="118" Y="230" T="119460145" />
  <Point X="118" Y="233" T="119460165" />
  <Point X="120" Y="235" T="119460188" />
  <Point X="121" Y="237" T="119460233" />
  <Point X="121" Y="240" T="119460253" />
  <Point X="121" Y="242" T="119460286" />
  <Point X="121" Y="244" T="119460304" />
  <Point X="122" Y="246" T="119460334" />
  <Point X="123" Y="249" T="119460370" />
  <Point X="123" Y="251" T="119460390" />
  <Point X="124" Y="254" T="119460411" />
  <Point X="126" Y="255" T="119460434" />
  <Point X="128" Y="257" T="119460455" />
  <Point X="130" Y="258" T="119460474" />
  <Point X="132" Y="259" T="119460494" />
  <Point X="134" Y="259" T="119460514" />
  <Point X="140" Y="261" T="119460534" />
  <Point X="142" Y="261" T="119460557" />
  <Point X="145" Y="261" T="119460558" />
  <Point X="149" Y="261" T="119460579" />
  <Point X="154" Y="260" T="119460601" />
  <Point X="158" Y="260" T="119460622" />
  <Point X="164" Y="258" T="119460644" />
</Gesture>