﻿<?xml version="1.0" encoding="utf-8" standalone="yes"?>
<Gesture Name="left_sq_bracket07" Subject="5" Speed="slow" Number="7" NumPts="87" Millseconds="2522" AppName="Gestures" AppVer="3.7.0.0" Date="Friday, March 09, 2007" TimeOfDay="9:47:43 PM">
  <Point X="152" Y="153" T="119375349" />
  <Point X="150" Y="154" T="119375468" />
  <Point X="148" Y="154" T="119375517" />
  <Point X="146" Y="155" T="119375541" />
  <Point X="144" Y="155" T="119375570" />
  <Point X="142" Y="154" T="119375594" />
  <Point X="139" Y="155" T="119375618" />
  <Point X="137" Y="156" T="119375642" />
  <Point X="135" Y="156" T="119375670" />
  <Point X="133" Y="157" T="119375698" />
  <Point X="130" Y="157" T="119375722" />
  <Point X="128" Y="157" T="119375746" />
  <Point X="126" Y="157" T="119375778" />
  <Point X="124" Y="158" T="119375814" />
  <Point X="122" Y="158" T="119375838" />
  <Point X="120" Y="158" T="119375868" />
  <Point X="118" Y="159" T="119375915" />
  <Point X="116" Y="159" T="119375948" />
  <Point X="114" Y="160" T="119375997" />
  <Point X="112" Y="161" T="119376046" />
  <Point X="110" Y="162" T="119376102" />
  <Point X="108" Y="162" T="119376138" />
  <Point X="107" Y="164" T="119376159" />
  <Point X="105" Y="166" T="119376239" />
  <Point X="104" Y="168" T="119376295" />
  <Point X="105" Y="170" T="119376336" />
  <Point X="105" Y="172" T="119376352" />
  <Point X="105" Y="174" T="119376368" />
  <Point X="106" Y="176" T="119376388" />
  <Point X="106" Y="178" T="119376404" />
  <Point X="106" Y="181" T="119376424" />
  <Point X="106" Y="183" T="119376448" />
  <Point X="106" Y="186" T="119376476" />
  <Point X="106" Y="188" T="119376495" />
  <Point X="107" Y="191" T="119376520" />
  <Point X="107" Y="193" T="119376541" />
  <Point X="107" Y="195" T="119376558" />
  <Point X="107" Y="197" T="119376578" />
  <Point X="108" Y="200" T="119376606" />
  <Point X="108" Y="202" T="119376630" />
  <Point X="108" Y="204" T="119376679" />
  <Point X="108" Y="207" T="119376703" />
  <Point X="109" Y="209" T="119376735" />
  <Point X="109" Y="211" T="119376771" />
  <Point X="109" Y="213" T="119376795" />
  <Point X="110" Y="215" T="119376827" />
  <Point X="111" Y="217" T="119376875" />
  <Point X="112" Y="219" T="119376911" />
  <Point X="114" Y="220" T="119376939" />
  <Point X="116" Y="221" T="119376964" />
  <Point X="118" Y="221" T="119376984" />
  <Point X="120" Y="222" T="119377008" />
  <Point X="123" Y="224" T="119377036" />
  <Point X="125" Y="226" T="119377073" />
  <Point X="127" Y="228" T="119377109" />
  <Point X="128" Y="230" T="119377130" />
  <Point X="130" Y="233" T="119377167" />
  <Point X="130" Y="235" T="119377187" />
  <Point X="132" Y="237" T="119377223" />
  <Point X="132" Y="239" T="119377243" />
  <Point X="133" Y="241" T="119377260" />
  <Point X="133" Y="243" T="119377278" />
  <Point X="134" Y="246" T="119377296" />
  <Point X="135" Y="248" T="119377313" />
  <Point X="136" Y="250" T="119377332" />
  <Point X="137" Y="253" T="119377360" />
  <Point X="137" Y="255" T="119377378" />
  <Point X="138" Y="257" T="119377397" />
  <Point X="138" Y="260" T="119377416" />
  <Point X="138" Y="262" T="119377435" />
  <Point X="139" Y="264" T="119377460" />
  <Point X="139" Y="267" T="119377489" />
  <Point X="140" Y="269" T="119377532" />
  <Point X="141" Y="271" T="119377568" />
  <Point X="143" Y="271" T="119377621" />
  <Point X="145" Y="270" T="119377649" />
  <Point X="147" Y="269" T="119377669" />
  <Point X="149" Y="268" T="119377690" />
  <Point X="153" Y="267" T="119377712" />
  <Point X="155" Y="266" T="119377733" />
  <Point X="157" Y="266" T="119377734" />
  <Point X="160" Y="266" T="119377756" />
  <Point X="165" Y="266" T="119377778" />
  <Point X="170" Y="265" T="119377800" />
  <Point X="174" Y="265" T="119377822" />
  <Point X="176" Y="262" T="119377845" />
  <Point X="178" Y="260" T="119377871" />
</Gesture>