﻿<?xml version="1.0" encoding="utf-8" standalone="yes"?>
<Gesture Name="left_curly_brace08" Subject="5" Speed="slow" Number="8" NumPts="89" Millseconds="2580" AppName="Gestures" AppVer="3.7.0.0" Date="Friday, March 09, 2007" TimeOfDay="9:49:03 PM">
  <Point X="164" Y="159" T="119455442" />
  <Point X="159" Y="154" T="119455447" />
  <Point X="156" Y="152" T="119455465" />
  <Point X="156" Y="150" T="119455489" />
  <Point X="154" Y="151" T="119455562" />
  <Point X="152" Y="151" T="119455585" />
  <Point X="150" Y="151" T="119455605" />
  <Point X="147" Y="153" T="119455629" />
  <Point X="145" Y="152" T="119455649" />
  <Point X="143" Y="153" T="119455669" />
  <Point X="141" Y="152" T="119455690" />
  <Point X="139" Y="153" T="119455706" />
  <Point X="137" Y="154" T="119455722" />
  <Point X="135" Y="154" T="119455738" />
  <Point X="133" Y="154" T="119455755" />
  <Point X="131" Y="154" T="119455775" />
  <Point X="129" Y="155" T="119455796" />
  <Point X="127" Y="157" T="119455819" />
  <Point X="125" Y="157" T="119455852" />
  <Point X="124" Y="159" T="119455877" />
  <Point X="122" Y="159" T="119455920" />
  <Point X="121" Y="161" T="119455969" />
  <Point X="119" Y="162" T="119456034" />
  <Point X="118" Y="165" T="119456058" />
  <Point X="118" Y="167" T="119456097" />
  <Point X="118" Y="169" T="119456125" />
  <Point X="118" Y="171" T="119456170" />
  <Point X="118" Y="173" T="119456190" />
  <Point X="118" Y="175" T="119456243" />
  <Point X="120" Y="177" T="119456274" />
  <Point X="121" Y="179" T="119456298" />
  <Point X="122" Y="181" T="119456319" />
  <Point X="122" Y="183" T="119456335" />
  <Point X="123" Y="185" T="119456353" />
  <Point X="124" Y="187" T="119456390" />
  <Point X="124" Y="190" T="119456403" />
  <Point X="124" Y="192" T="119456439" />
  <Point X="124" Y="194" T="119456455" />
  <Point X="125" Y="196" T="119456499" />
  <Point X="125" Y="198" T="119456527" />
  <Point X="126" Y="200" T="119456571" />
  <Point X="126" Y="202" T="119456596" />
  <Point X="127" Y="204" T="119456632" />
  <Point X="127" Y="206" T="119456664" />
  <Point X="128" Y="209" T="119456688" />
  <Point X="128" Y="211" T="119456704" />
  <Point X="128" Y="213" T="119456736" />
  <Point X="128" Y="215" T="119456751" />
  <Point X="127" Y="217" T="119456775" />
  <Point X="126" Y="219" T="119456795" />
  <Point X="125" Y="222" T="119456835" />
  <Point X="123" Y="224" T="119456860" />
  <Point X="121" Y="226" T="119456887" />
  <Point X="119" Y="229" T="119456911" />
  <Point X="118" Y="231" T="119456935" />
  <Point X="116" Y="231" T="119456961" />
  <Point X="114" Y="232" T="119456989" />
  <Point X="112" Y="234" T="119457030" />
  <Point X="114" Y="234" T="119457263" />
  <Point X="116" Y="234" T="119457283" />
  <Point X="118" Y="233" T="119457304" />
  <Point X="120" Y="233" T="119457321" />
  <Point X="122" Y="233" T="119457340" />
  <Point X="125" Y="234" T="119457364" />
  <Point X="127" Y="234" T="119457388" />
  <Point X="129" Y="235" T="119457440" />
  <Point X="131" Y="235" T="119457485" />
  <Point X="131" Y="237" T="119457505" />
  <Point X="131" Y="239" T="119457528" />
  <Point X="131" Y="241" T="119457566" />
  <Point X="131" Y="243" T="119457586" />
  <Point X="131" Y="245" T="119457608" />
  <Point X="130" Y="247" T="119457628" />
  <Point X="130" Y="249" T="119457676" />
  <Point X="130" Y="252" T="119457701" />
  <Point X="130" Y="254" T="119457729" />
  <Point X="130" Y="256" T="119457749" />
  <Point X="130" Y="258" T="119457773" />
  <Point X="132" Y="260" T="119457797" />
  <Point X="132" Y="262" T="119457818" />
  <Point X="134" Y="264" T="119457840" />
  <Point X="139" Y="265" T="119457861" />
  <Point X="142" Y="265" T="119457883" />
  <Point X="146" Y="266" T="119457908" />
  <Point X="151" Y="266" T="119457931" />
  <Point X="157" Y="265" T="119457953" />
  <Point X="162" Y="264" T="119457976" />
  <Point X="167" Y="263" T="119457999" />
  <Point X="169" Y="264" T="119458022" />
</Gesture>