﻿<?xml version="1.0" encoding="utf-8" standalone="yes"?>
<Gesture Name="left_curly_brace06" Subject="5" Speed="slow" Number="6" NumPts="93" Millseconds="2222" AppName="Gestures" AppVer="3.7.0.0" Date="Friday, March 09, 2007" TimeOfDay="9:48:57 PM">
  <Point X="159" Y="146" T="119449969" />
  <Point X="158" Y="144" T="119450046" />
  <Point X="155" Y="145" T="119450071" />
  <Point X="153" Y="146" T="119450091" />
  <Point X="151" Y="145" T="119450108" />
  <Point X="149" Y="146" T="119450124" />
  <Point X="147" Y="146" T="119450140" />
  <Point X="145" Y="146" T="119450156" />
  <Point X="143" Y="146" T="119450180" />
  <Point X="141" Y="146" T="119450208" />
  <Point X="139" Y="148" T="119450228" />
  <Point X="137" Y="150" T="119450248" />
  <Point X="134" Y="152" T="119450272" />
  <Point X="133" Y="154" T="119450297" />
  <Point X="130" Y="155" T="119450322" />
  <Point X="129" Y="157" T="119450335" />
  <Point X="127" Y="160" T="119450350" />
  <Point X="126" Y="162" T="119450371" />
  <Point X="125" Y="165" T="119450380" />
  <Point X="124" Y="167" T="119450395" />
  <Point X="123" Y="170" T="119450412" />
  <Point X="123" Y="172" T="119450428" />
  <Point X="122" Y="175" T="119450437" />
  <Point X="122" Y="178" T="119450460" />
  <Point X="122" Y="181" T="119450475" />
  <Point X="122" Y="183" T="119450487" />
  <Point X="122" Y="186" T="119450503" />
  <Point X="123" Y="188" T="119450515" />
  <Point X="123" Y="190" T="119450526" />
  <Point X="123" Y="192" T="119450536" />
  <Point X="123" Y="194" T="119450547" />
  <Point X="124" Y="196" T="119450560" />
  <Point X="124" Y="199" T="119450576" />
  <Point X="125" Y="201" T="119450596" />
  <Point X="126" Y="204" T="119450613" />
  <Point X="127" Y="207" T="119450638" />
  <Point X="127" Y="209" T="119450650" />
  <Point X="128" Y="211" T="119450670" />
  <Point X="129" Y="213" T="119450695" />
  <Point X="130" Y="215" T="119450715" />
  <Point X="131" Y="218" T="119450743" />
  <Point X="132" Y="220" T="119450764" />
  <Point X="133" Y="222" T="119450797" />
  <Point X="133" Y="224" T="119450824" />
  <Point X="132" Y="226" T="119450845" />
  <Point X="130" Y="229" T="119450873" />
  <Point X="129" Y="231" T="119450897" />
  <Point X="127" Y="233" T="119450917" />
  <Point X="125" Y="234" T="119450949" />
  <Point X="123" Y="236" T="119450977" />
  <Point X="121" Y="237" T="119451005" />
  <Point X="120" Y="239" T="119451020" />
  <Point X="118" Y="239" T="119451041" />
  <Point X="117" Y="241" T="119451058" />
  <Point X="115" Y="242" T="119451074" />
  <Point X="113" Y="242" T="119451101" />
  <Point X="112" Y="244" T="119451133" />
  <Point X="114" Y="243" T="119451290" />
  <Point X="116" Y="241" T="119451310" />
  <Point X="118" Y="239" T="119451327" />
  <Point X="120" Y="238" T="119451345" />
  <Point X="122" Y="237" T="119451367" />
  <Point X="124" Y="236" T="119451391" />
  <Point X="126" Y="234" T="119451415" />
  <Point X="128" Y="233" T="119451435" />
  <Point X="130" Y="234" T="119451463" />
  <Point X="132" Y="234" T="119451506" />
  <Point X="133" Y="236" T="119451543" />
  <Point X="134" Y="239" T="119451579" />
  <Point X="135" Y="241" T="119451624" />
  <Point X="135" Y="243" T="119451656" />
  <Point X="135" Y="245" T="119451676" />
  <Point X="135" Y="248" T="119451704" />
  <Point X="134" Y="250" T="119451737" />
  <Point X="134" Y="252" T="119451761" />
  <Point X="135" Y="254" T="119451805" />
  <Point X="136" Y="256" T="119451838" />
  <Point X="138" Y="258" T="119451866" />
  <Point X="140" Y="259" T="119451890" />
  <Point X="142" Y="260" T="119451914" />
  <Point X="144" Y="261" T="119451935" />
  <Point X="146" Y="262" T="119451960" />
  <Point X="149" Y="264" T="119451982" />
  <Point X="154" Y="264" T="119452004" />
  <Point X="158" Y="264" T="119452026" />
  <Point X="160" Y="265" T="119452049" />
  <Point X="165" Y="266" T="119452071" />
  <Point X="169" Y="267" T="119452095" />
  <Point X="172" Y="267" T="119452117" />
  <Point X="174" Y="267" T="119452119" />
  <Point X="178" Y="269" T="119452142" />
  <Point X="181" Y="269" T="119452166" />
  <Point X="185" Y="267" T="119452191" />
</Gesture>