﻿<?xml version="1.0" encoding="utf-8" standalone="yes"?>
<Gesture Name="left_sq_bracket10" Subject="5" Speed="slow" Number="10" NumPts="83" Millseconds="2009" AppName="Gestures" AppVer="3.7.0.0" Date="Friday, March 09, 2007" TimeOfDay="9:47:51 PM">
  <Point X="143" Y="166" T="119383599" />
  <Point X="141" Y="165" T="119383702" />
  <Point X="138" Y="167" T="119383727" />
  <Point X="136" Y="166" T="119383746" />
  <Point X="134" Y="166" T="119383765" />
  <Point X="132" Y="165" T="119383782" />
  <Point X="130" Y="167" T="119383799" />
  <Point X="128" Y="166" T="119383815" />
  <Point X="126" Y="166" T="119383832" />
  <Point X="123" Y="166" T="119383853" />
  <Point X="121" Y="166" T="119383869" />
  <Point X="119" Y="166" T="119383889" />
  <Point X="117" Y="167" T="119383914" />
  <Point X="115" Y="166" T="119383930" />
  <Point X="113" Y="166" T="119383955" />
  <Point X="111" Y="167" T="119383983" />
  <Point X="109" Y="167" T="119384003" />
  <Point X="107" Y="167" T="119384032" />
  <Point X="105" Y="169" T="119384092" />
  <Point X="103" Y="171" T="119384205" />
  <Point X="103" Y="173" T="119384233" />
  <Point X="102" Y="175" T="119384265" />
  <Point X="102" Y="177" T="119384277" />
  <Point X="102" Y="179" T="119384289" />
  <Point X="102" Y="181" T="119384305" />
  <Point X="102" Y="183" T="119384315" />
  <Point X="102" Y="185" T="119384338" />
  <Point X="102" Y="188" T="119384358" />
  <Point X="102" Y="190" T="119384370" />
  <Point X="102" Y="192" T="119384398" />
  <Point X="102" Y="194" T="119384414" />
  <Point X="102" Y="197" T="119384438" />
  <Point X="102" Y="199" T="119384458" />
  <Point X="101" Y="202" T="119384471" />
  <Point X="103" Y="204" T="119384507" />
  <Point X="103" Y="206" T="119384520" />
  <Point X="103" Y="208" T="119384532" />
  <Point X="104" Y="210" T="119384555" />
  <Point X="104" Y="212" T="119384568" />
  <Point X="105" Y="214" T="119384588" />
  <Point X="106" Y="216" T="119384608" />
  <Point X="107" Y="218" T="119384629" />
  <Point X="109" Y="220" T="119384653" />
  <Point X="110" Y="222" T="119384677" />
  <Point X="112" Y="223" T="119384705" />
  <Point X="114" Y="225" T="119384734" />
  <Point X="115" Y="227" T="119384762" />
  <Point X="117" Y="229" T="119384786" />
  <Point X="118" Y="231" T="119384814" />
  <Point X="120" Y="234" T="119384849" />
  <Point X="121" Y="236" T="119384876" />
  <Point X="121" Y="238" T="119384897" />
  <Point X="121" Y="240" T="119384918" />
  <Point X="122" Y="243" T="119384948" />
  <Point X="122" Y="245" T="119384965" />
  <Point X="123" Y="247" T="119384981" />
  <Point X="123" Y="250" T="119385001" />
  <Point X="123" Y="252" T="119385018" />
  <Point X="123" Y="254" T="119385034" />
  <Point X="124" Y="256" T="119385057" />
  <Point X="123" Y="258" T="119385074" />
  <Point X="123" Y="260" T="119385117" />
  <Point X="123" Y="262" T="119385166" />
  <Point X="125" Y="261" T="119385231" />
  <Point X="127" Y="263" T="119385259" />
  <Point X="129" Y="261" T="119385279" />
  <Point X="131" Y="262" T="119385299" />
  <Point X="133" Y="262" T="119385318" />
  <Point X="135" Y="260" T="119385337" />
  <Point X="140" Y="259" T="119385356" />
  <Point X="142" Y="260" T="119385376" />
  <Point X="147" Y="259" T="119385396" />
  <Point X="149" Y="258" T="119385416" />
  <Point X="153" Y="258" T="119385436" />
  <Point X="156" Y="257" T="119385456" />
  <Point X="158" Y="258" T="119385476" />
  <Point X="160" Y="258" T="119385497" />
  <Point X="162" Y="258" T="119385518" />
  <Point X="167" Y="259" T="119385540" />
  <Point X="169" Y="258" T="119385561" />
  <Point X="172" Y="258" T="119385582" />
  <Point X="174" Y="258" T="119385583" />
  <Point X="176" Y="258" T="119385608" />
</Gesture>