﻿<?xml version="1.0" encoding="utf-8" standalone="yes"?>
<Gesture Name="left_sq_bracket08" Subject="5" Speed="slow" Number="8" NumPts="83" Millseconds="1995" AppName="Gestures" AppVer="3.7.0.0" Date="Friday, March 09, 2007" TimeOfDay="9:47:46 PM">
  <Point X="148" Y="157" T="119378399" />
  <Point X="146" Y="157" T="119378471" />
  <Point X="144" Y="156" T="119378499" />
  <Point X="142" Y="156" T="119378520" />
  <Point X="140" Y="157" T="119378539" />
  <Point X="138" Y="156" T="119378559" />
  <Point X="136" Y="157" T="119378583" />
  <Point X="134" Y="155" T="119378607" />
  <Point X="132" Y="156" T="119378631" />
  <Point X="130" Y="156" T="119378655" />
  <Point X="128" Y="155" T="119378679" />
  <Point X="126" Y="155" T="119378700" />
  <Point X="124" Y="155" T="119378720" />
  <Point X="121" Y="155" T="119378742" />
  <Point X="119" Y="155" T="119378757" />
  <Point X="117" Y="155" T="119378778" />
  <Point X="115" Y="156" T="119378794" />
  <Point X="113" Y="155" T="119378822" />
  <Point X="111" Y="155" T="119378907" />
  <Point X="110" Y="157" T="119378983" />
  <Point X="110" Y="159" T="119379003" />
  <Point X="109" Y="162" T="119379024" />
  <Point X="108" Y="164" T="119379043" />
  <Point X="108" Y="167" T="119379064" />
  <Point X="107" Y="169" T="119379088" />
  <Point X="107" Y="171" T="119379100" />
  <Point X="107" Y="173" T="119379112" />
  <Point X="106" Y="175" T="119379128" />
  <Point X="106" Y="178" T="119379144" />
  <Point X="106" Y="180" T="119379160" />
  <Point X="106" Y="182" T="119379176" />
  <Point X="106" Y="185" T="119379196" />
  <Point X="106" Y="187" T="119379216" />
  <Point X="106" Y="189" T="119379229" />
  <Point X="106" Y="191" T="119379245" />
  <Point X="106" Y="193" T="119379260" />
  <Point X="106" Y="195" T="119379272" />
  <Point X="105" Y="198" T="119379305" />
  <Point X="105" Y="200" T="119379325" />
  <Point X="105" Y="202" T="119379341" />
  <Point X="106" Y="204" T="119379361" />
  <Point X="107" Y="206" T="119379386" />
  <Point X="107" Y="208" T="119379402" />
  <Point X="110" Y="210" T="119379438" />
  <Point X="111" Y="212" T="119379463" />
  <Point X="112" Y="214" T="119379477" />
  <Point X="112" Y="216" T="119379492" />
  <Point X="114" Y="218" T="119379519" />
  <Point X="116" Y="220" T="119379547" />
  <Point X="118" Y="223" T="119379576" />
  <Point X="119" Y="225" T="119379591" />
  <Point X="120" Y="227" T="119379612" />
  <Point X="121" Y="229" T="119379632" />
  <Point X="121" Y="232" T="119379652" />
  <Point X="123" Y="234" T="119379693" />
  <Point X="123" Y="236" T="119379709" />
  <Point X="123" Y="238" T="119379729" />
  <Point X="124" Y="240" T="119379752" />
  <Point X="125" Y="242" T="119379773" />
  <Point X="125" Y="245" T="119379790" />
  <Point X="125" Y="247" T="119379808" />
  <Point X="126" Y="249" T="119379825" />
  <Point X="126" Y="251" T="119379853" />
  <Point X="125" Y="254" T="119379877" />
  <Point X="125" Y="256" T="119379895" />
  <Point X="125" Y="258" T="119379914" />
  <Point X="125" Y="260" T="119379932" />
  <Point X="124" Y="263" T="119379951" />
  <Point X="125" Y="265" T="119379985" />
  <Point X="127" Y="265" T="119380111" />
  <Point X="129" Y="265" T="119380131" />
  <Point X="131" Y="265" T="119380151" />
  <Point X="132" Y="263" T="119380173" />
  <Point X="137" Y="264" T="119380196" />
  <Point X="141" Y="264" T="119380219" />
  <Point X="143" Y="264" T="119380243" />
  <Point X="147" Y="264" T="119380264" />
  <Point X="150" Y="264" T="119380285" />
  <Point X="155" Y="263" T="119380306" />
  <Point X="160" Y="262" T="119380328" />
  <Point X="164" Y="262" T="119380350" />
  <Point X="169" Y="262" T="119380372" />
  <Point X="171" Y="262" T="119380394" />
</Gesture>