﻿<?xml version="1.0" encoding="utf-8" standalone="yes"?>
<Gesture Name="left_curly_brace10" Subject="5" Speed="slow" Number="10" NumPts="85" Millseconds="1900" AppName="Gestures" AppVer="3.7.0.0" Date="Friday, March 09, 2007" TimeOfDay="9:49:08 PM">
  <Point X="152" Y="154" T="119461321" />
  <Point X="150" Y="154" T="119461368" />
  <Point X="148" Y="155" T="119461396" />
  <Point X="146" Y="154" T="119461413" />
  <Point X="144" Y="155" T="119461424" />
  <Point X="142" Y="156" T="119461436" />
  <Point X="140" Y="154" T="119461452" />
  <Point X="138" Y="155" T="119461468" />
  <Point X="136" Y="157" T="119461488" />
  <Point X="134" Y="157" T="119461509" />
  <Point X="131" Y="158" T="119461530" />
  <Point X="129" Y="159" T="119461546" />
  <Point X="127" Y="161" T="119461563" />
  <Point X="125" Y="164" T="119461583" />
  <Point X="124" Y="166" T="119461604" />
  <Point X="123" Y="168" T="119461628" />
  <Point X="122" Y="170" T="119461645" />
  <Point X="121" Y="173" T="119461665" />
  <Point X="120" Y="175" T="119461697" />
  <Point X="120" Y="178" T="119461717" />
  <Point X="120" Y="180" T="119461738" />
  <Point X="121" Y="182" T="119461758" />
  <Point X="121" Y="184" T="119461771" />
  <Point X="121" Y="186" T="119461782" />
  <Point X="121" Y="188" T="119461803" />
  <Point X="120" Y="191" T="119461827" />
  <Point X="120" Y="193" T="119461839" />
  <Point X="121" Y="196" T="119461859" />
  <Point X="121" Y="198" T="119461880" />
  <Point X="121" Y="200" T="119461897" />
  <Point X="121" Y="203" T="119461909" />
  <Point X="122" Y="205" T="119461933" />
  <Point X="122" Y="207" T="119461945" />
  <Point X="123" Y="209" T="119461966" />
  <Point X="124" Y="211" T="119461987" />
  <Point X="124" Y="213" T="119462004" />
  <Point X="124" Y="216" T="119462028" />
  <Point X="124" Y="218" T="119462048" />
  <Point X="123" Y="220" T="119462069" />
  <Point X="122" Y="222" T="119462105" />
  <Point X="121" Y="225" T="119462125" />
  <Point X="118" Y="226" T="119462149" />
  <Point X="116" Y="226" T="119462173" />
  <Point X="113" Y="227" T="119462194" />
  <Point X="111" Y="227" T="119462214" />
  <Point X="109" Y="226" T="119462234" />
  <Point X="107" Y="227" T="119462255" />
  <Point X="105" Y="228" T="119462279" />
  <Point X="104" Y="230" T="119462303" />
  <Point X="102" Y="229" T="119462383" />
  <Point X="104" Y="230" T="119462467" />
  <Point X="106" Y="228" T="119462487" />
  <Point X="108" Y="227" T="119462508" />
  <Point X="113" Y="227" T="119462543" />
  <Point X="115" Y="227" T="119462560" />
  <Point X="117" Y="227" T="119462580" />
  <Point X="119" Y="227" T="119462609" />
  <Point X="121" Y="228" T="119462633" />
  <Point X="122" Y="230" T="119462653" />
  <Point X="123" Y="232" T="119462682" />
  <Point X="123" Y="234" T="119462702" />
  <Point X="123" Y="236" T="119462719" />
  <Point X="123" Y="239" T="119462738" />
  <Point X="123" Y="241" T="119462762" />
  <Point X="124" Y="243" T="119462790" />
  <Point X="124" Y="245" T="119462818" />
  <Point X="125" Y="247" T="119462838" />
  <Point X="125" Y="249" T="119462862" />
  <Point X="126" Y="251" T="119462881" />
  <Point X="126" Y="253" T="119462900" />
  <Point X="126" Y="256" T="119462923" />
  <Point X="127" Y="258" T="119462942" />
  <Point X="128" Y="260" T="119462975" />
  <Point X="130" Y="263" T="119463004" />
  <Point X="133" Y="264" T="119463028" />
  <Point X="135" Y="265" T="119463048" />
  <Point X="139" Y="265" T="119463069" />
  <Point X="141" Y="266" T="119463090" />
  <Point X="146" Y="266" T="119463111" />
  <Point X="151" Y="266" T="119463132" />
  <Point X="156" Y="267" T="119463154" />
  <Point X="159" Y="267" T="119463175" />
  <Point X="161" Y="265" T="119463176" />
  <Point X="164" Y="266" T="119463199" />
  <Point X="168" Y="265" T="119463221" />
</Gesture>