﻿<?xml version="1.0" encoding="utf-8" standalone="yes"?>
<Gesture Name="left_sq_bracket06" Subject="5" Speed="slow" Number="6" NumPts="90" Millseconds="2376" AppName="Gestures" AppVer="3.7.0.0" Date="Friday, March 09, 2007" TimeOfDay="9:47:40 PM">
  <Point X="147" Y="141" T="119372453" />
  <Point X="145" Y="141" T="119372558" />
  <Point X="143" Y="142" T="119372586" />
  <Point X="141" Y="141" T="119372606" />
  <Point X="139" Y="141" T="119372627" />
  <Point X="136" Y="141" T="119372647" />
  <Point X="134" Y="140" T="119372667" />
  <Point X="132" Y="140" T="119372687" />
  <Point X="130" Y="141" T="119372707" />
  <Point X="128" Y="140" T="119372731" />
  <Point X="126" Y="140" T="119372751" />
  <Point X="124" Y="140" T="119372775" />
  <Point X="122" Y="141" T="119372795" />
  <Point X="119" Y="141" T="119372816" />
  <Point X="117" Y="140" T="119372848" />
  <Point X="115" Y="141" T="119372877" />
  <Point X="113" Y="141" T="119372913" />
  <Point X="111" Y="141" T="119372945" />
  <Point X="109" Y="142" T="119372989" />
  <Point X="107" Y="142" T="119373053" />
  <Point X="106" Y="144" T="119373065" />
  <Point X="104" Y="145" T="119373130" />
  <Point X="103" Y="147" T="119373169" />
  <Point X="103" Y="149" T="119373198" />
  <Point X="102" Y="152" T="119373233" />
  <Point X="102" Y="154" T="119373253" />
  <Point X="102" Y="156" T="119373277" />
  <Point X="102" Y="158" T="119373309" />
  <Point X="102" Y="160" T="119373334" />
  <Point X="103" Y="162" T="119373370" />
  <Point X="103" Y="164" T="119373414" />
  <Point X="103" Y="167" T="119373463" />
  <Point X="104" Y="169" T="119373488" />
  <Point X="105" Y="171" T="119373508" />
  <Point X="105" Y="173" T="119373545" />
  <Point X="106" Y="175" T="119373568" />
  <Point X="106" Y="177" T="119373593" />
  <Point X="107" Y="180" T="119373613" />
  <Point X="108" Y="182" T="119373633" />
  <Point X="109" Y="184" T="119373657" />
  <Point X="110" Y="186" T="119373673" />
  <Point X="111" Y="189" T="119373690" />
  <Point X="114" Y="190" T="119373723" />
  <Point X="115" Y="192" T="119373738" />
  <Point X="116" Y="194" T="119373763" />
  <Point X="117" Y="196" T="119373783" />
  <Point X="118" Y="199" T="119373815" />
  <Point X="118" Y="201" T="119373835" />
  <Point X="119" Y="203" T="119373863" />
  <Point X="120" Y="205" T="119373883" />
  <Point X="121" Y="207" T="119373899" />
  <Point X="121" Y="209" T="119373928" />
  <Point X="121" Y="211" T="119373948" />
  <Point X="122" Y="214" T="119373969" />
  <Point X="122" Y="216" T="119373998" />
  <Point X="122" Y="218" T="119374018" />
  <Point X="122" Y="220" T="119374039" />
  <Point X="122" Y="222" T="119374056" />
  <Point X="122" Y="224" T="119374072" />
  <Point X="122" Y="226" T="119374099" />
  <Point X="122" Y="228" T="119374118" />
  <Point X="122" Y="230" T="119374135" />
  <Point X="122" Y="233" T="119374158" />
  <Point X="122" Y="235" T="119374176" />
  <Point X="122" Y="237" T="119374195" />
  <Point X="122" Y="239" T="119374213" />
  <Point X="122" Y="242" T="119374236" />
  <Point X="122" Y="244" T="119374260" />
  <Point X="122" Y="246" T="119374279" />
  <Point X="123" Y="249" T="119374320" />
  <Point X="123" Y="251" T="119374356" />
  <Point X="123" Y="253" T="119374410" />
  <Point X="125" Y="253" T="119374454" />
  <Point X="127" Y="253" T="119374479" />
  <Point X="129" Y="254" T="119374499" />
  <Point X="131" Y="253" T="119374520" />
  <Point X="134" Y="254" T="119374540" />
  <Point X="136" Y="253" T="119374561" />
  <Point X="140" Y="254" T="119374582" />
  <Point X="142" Y="253" T="119374603" />
  <Point X="145" Y="254" T="119374625" />
  <Point X="149" Y="254" T="119374646" />
  <Point X="152" Y="254" T="119374668" />
  <Point X="156" Y="255" T="119374691" />
  <Point X="158" Y="254" T="119374714" />
  <Point X="162" Y="254" T="119374736" />
  <Point X="167" Y="254" T="119374760" />
  <Point X="171" Y="253" T="119374783" />
  <Point X="173" Y="253" T="119374806" />
  <Point X="175" Y="252" T="119374829" />
</Gesture>