﻿<?xml version="1.0" encoding="utf-8" standalone="yes"?>
<Gesture Name="left_curly_brace03" Subject="5" Speed="slow" Number="3" NumPts="95" Millseconds="2722" AppName="Gestures" AppVer="3.7.0.0" Date="Friday, March 09, 2007" TimeOfDay="9:48:49 PM">
  <Point X="150" Y="151" T="119441118" />
  <Point X="149" Y="149" T="119441130" />
  <Point X="147" Y="148" T="119441203" />
  <Point X="145" Y="148" T="119441235" />
  <Point X="143" Y="149" T="119441258" />
  <Point X="141" Y="149" T="119441283" />
  <Point X="139" Y="149" T="119441314" />
  <Point X="137" Y="150" T="119441342" />
  <Point X="135" Y="150" T="119441362" />
  <Point X="133" Y="150" T="119441382" />
  <Point X="130" Y="152" T="119441406" />
  <Point X="128" Y="151" T="119441435" />
  <Point X="127" Y="153" T="119441451" />
  <Point X="125" Y="153" T="119441480" />
  <Point X="122" Y="155" T="119441509" />
  <Point X="120" Y="156" T="119441546" />
  <Point X="119" Y="158" T="119441578" />
  <Point X="117" Y="160" T="119441603" />
  <Point X="115" Y="161" T="119441635" />
  <Point X="114" Y="164" T="119441672" />
  <Point X="113" Y="166" T="119441692" />
  <Point X="111" Y="168" T="119441716" />
  <Point X="111" Y="170" T="119441736" />
  <Point X="110" Y="172" T="119441755" />
  <Point X="110" Y="174" T="119441768" />
  <Point X="110" Y="177" T="119441797" />
  <Point X="110" Y="179" T="119441821" />
  <Point X="110" Y="181" T="119441837" />
  <Point X="110" Y="184" T="119441849" />
  <Point X="111" Y="186" T="119441869" />
  <Point X="111" Y="188" T="119441885" />
  <Point X="111" Y="190" T="119441901" />
  <Point X="111" Y="192" T="119441925" />
  <Point X="112" Y="194" T="119441941" />
  <Point X="112" Y="196" T="119441970" />
  <Point X="112" Y="199" T="119441987" />
  <Point X="112" Y="201" T="119441999" />
  <Point X="112" Y="203" T="119442028" />
  <Point X="112" Y="205" T="119442041" />
  <Point X="112" Y="208" T="119442064" />
  <Point X="112" Y="210" T="119442096" />
  <Point X="112" Y="212" T="119442121" />
  <Point X="112" Y="215" T="119442149" />
  <Point X="113" Y="217" T="119442181" />
  <Point X="113" Y="219" T="119442202" />
  <Point X="113" Y="221" T="119442218" />
  <Point X="113" Y="223" T="119442247" />
  <Point X="113" Y="226" T="119442271" />
  <Point X="112" Y="228" T="119442290" />
  <Point X="111" Y="231" T="119442326" />
  <Point X="110" Y="233" T="119442346" />
  <Point X="109" Y="235" T="119442374" />
  <Point X="108" Y="237" T="119442391" />
  <Point X="106" Y="237" T="119442422" />
  <Point X="105" Y="240" T="119442442" />
  <Point X="103" Y="241" T="119442465" />
  <Point X="101" Y="242" T="119442486" />
  <Point X="99" Y="243" T="119442514" />
  <Point X="97" Y="244" T="119442550" />
  <Point X="96" Y="246" T="119442716" />
  <Point X="98" Y="245" T="119442926" />
  <Point X="100" Y="245" T="119442947" />
  <Point X="102" Y="244" T="119442967" />
  <Point X="104" Y="244" T="119442985" />
  <Point X="106" Y="245" T="119443004" />
  <Point X="108" Y="245" T="119443040" />
  <Point X="110" Y="245" T="119443072" />
  <Point X="112" Y="247" T="119443111" />
  <Point X="113" Y="249" T="119443159" />
  <Point X="115" Y="251" T="119443191" />
  <Point X="115" Y="253" T="119443210" />
  <Point X="116" Y="255" T="119443235" />
  <Point X="117" Y="257" T="119443268" />
  <Point X="117" Y="260" T="119443296" />
  <Point X="117" Y="262" T="119443317" />
  <Point X="119" Y="264" T="119443366" />
  <Point X="119" Y="266" T="119443386" />
  <Point X="121" Y="269" T="119443430" />
  <Point X="122" Y="271" T="119443451" />
  <Point X="123" Y="274" T="119443486" />
  <Point X="125" Y="275" T="119443523" />
  <Point X="126" Y="277" T="119443548" />
  <Point X="128" Y="279" T="119443575" />
  <Point X="130" Y="281" T="119443603" />
  <Point X="132" Y="283" T="119443627" />
  <Point X="134" Y="283" T="119443649" />
  <Point X="136" Y="284" T="119443672" />
  <Point X="139" Y="284" T="119443695" />
  <Point X="141" Y="283" T="119443696" />
  <Point X="143" Y="282" T="119443719" />
  <Point X="148" Y="283" T="119443743" />
  <Point X="153" Y="282" T="119443767" />
  <Point X="158" Y="280" T="119443791" />
  <Point X="162" Y="279" T="119443816" />
  <Point X="166" Y="279" T="119443840" />
</Gesture>