﻿<?xml version="1.0" encoding="utf-8" standalone="yes"?>
<Gesture Name="left_sq_bracket04" Subject="5" Speed="slow" Number="4" NumPts="84" Millseconds="2522" AppName="Gestures" AppVer="3.7.0.0" Date="Friday, March 09, 2007" TimeOfDay="9:47:33 PM">
  <Point X="137" Y="158" T="119364791" />
  <Point X="135" Y="157" T="119364866" />
  <Point X="133" Y="157" T="119364903" />
  <Point X="131" Y="158" T="119364928" />
  <Point X="129" Y="159" T="119364947" />
  <Point X="127" Y="159" T="119364968" />
  <Point X="125" Y="159" T="119364992" />
  <Point X="122" Y="159" T="119365017" />
  <Point X="120" Y="159" T="119365037" />
  <Point X="118" Y="159" T="119365057" />
  <Point X="116" Y="160" T="119365080" />
  <Point X="114" Y="160" T="119365109" />
  <Point X="112" Y="159" T="119365142" />
  <Point X="110" Y="160" T="119365167" />
  <Point X="108" Y="159" T="119365192" />
  <Point X="106" Y="159" T="119365225" />
  <Point X="103" Y="158" T="119365257" />
  <Point X="101" Y="159" T="119365293" />
  <Point X="99" Y="159" T="119365324" />
  <Point X="97" Y="159" T="119365360" />
  <Point X="95" Y="159" T="119365385" />
  <Point X="93" Y="160" T="119365417" />
  <Point X="92" Y="162" T="119365659" />
  <Point X="92" Y="164" T="119365671" />
  <Point X="92" Y="166" T="119365723" />
  <Point X="92" Y="168" T="119365743" />
  <Point X="92" Y="170" T="119365768" />
  <Point X="92" Y="172" T="119365807" />
  <Point X="92" Y="174" T="119365844" />
  <Point X="92" Y="176" T="119365880" />
  <Point X="92" Y="178" T="119365896" />
  <Point X="92" Y="180" T="119365908" />
  <Point X="91" Y="183" T="119365936" />
  <Point X="92" Y="185" T="119365985" />
  <Point X="92" Y="188" T="119366018" />
  <Point X="92" Y="190" T="119366043" />
  <Point X="91" Y="192" T="119366084" />
  <Point X="91" Y="194" T="119366107" />
  <Point X="92" Y="197" T="119366140" />
  <Point X="92" Y="199" T="119366153" />
  <Point X="93" Y="201" T="119366180" />
  <Point X="94" Y="203" T="119366204" />
  <Point X="95" Y="205" T="119366240" />
  <Point X="97" Y="207" T="119366272" />
  <Point X="98" Y="209" T="119366299" />
  <Point X="99" Y="212" T="119366323" />
  <Point X="101" Y="214" T="119366347" />
  <Point X="101" Y="216" T="119366363" />
  <Point X="103" Y="219" T="119366395" />
  <Point X="103" Y="221" T="119366419" />
  <Point X="105" Y="223" T="119366439" />
  <Point X="105" Y="226" T="119366464" />
  <Point X="106" Y="228" T="119366484" />
  <Point X="107" Y="230" T="119366505" />
  <Point X="108" Y="233" T="119366538" />
  <Point X="108" Y="235" T="119366554" />
  <Point X="109" Y="237" T="119366574" />
  <Point X="110" Y="240" T="119366590" />
  <Point X="110" Y="242" T="119366623" />
  <Point X="110" Y="245" T="119366640" />
  <Point X="110" Y="247" T="119366657" />
  <Point X="111" Y="249" T="119366686" />
  <Point X="111" Y="252" T="119366720" />
  <Point X="110" Y="254" T="119366745" />
  <Point X="110" Y="256" T="119366764" />
  <Point X="110" Y="258" T="119366790" />
  <Point X="110" Y="260" T="119366821" />
  <Point X="109" Y="262" T="119366897" />
  <Point X="111" Y="263" T="119367018" />
  <Point X="113" Y="263" T="119367042" />
  <Point X="116" Y="262" T="119367061" />
  <Point X="118" Y="263" T="119367081" />
  <Point X="120" Y="263" T="119367101" />
  <Point X="122" Y="264" T="119367121" />
  <Point X="127" Y="265" T="119367141" />
  <Point X="129" Y="265" T="119367162" />
  <Point X="133" Y="266" T="119367183" />
  <Point X="136" Y="267" T="119367203" />
  <Point X="140" Y="267" T="119367225" />
  <Point X="142" Y="266" T="119367246" />
  <Point X="145" Y="265" T="119367247" />
  <Point X="147" Y="266" T="119367269" />
  <Point X="151" Y="264" T="119367291" />
  <Point X="156" Y="264" T="119367313" />
</Gesture>