﻿<?xml version="1.0" encoding="utf-8" standalone="yes"?>
<Gesture Name="left_curly_brace01" Subject="5" Speed="slow" Number="1" NumPts="84" Millseconds="2096" AppName="Gestures" AppVer="3.7.0.0" Date="Friday, March 09, 2007" TimeOfDay="9:48:42 PM">
  <Point X="142" Y="144" T="119435262" />
  <Point X="140" Y="143" T="119435301" />
  <Point X="138" Y="143" T="119435350" />
  <Point X="136" Y="143" T="119435374" />
  <Point X="134" Y="144" T="119435399" />
  <Point X="132" Y="144" T="119435415" />
  <Point X="129" Y="146" T="119435431" />
  <Point X="127" Y="147" T="119435451" />
  <Point X="125" Y="149" T="119435480" />
  <Point X="123" Y="152" T="119435500" />
  <Point X="121" Y="153" T="119435520" />
  <Point X="120" Y="155" T="119435528" />
  <Point X="118" Y="158" T="119435544" />
  <Point X="118" Y="160" T="119435556" />
  <Point X="116" Y="162" T="119435573" />
  <Point X="116" Y="164" T="119435586" />
  <Point X="115" Y="166" T="119435598" />
  <Point X="115" Y="169" T="119435617" />
  <Point X="114" Y="171" T="119435630" />
  <Point X="114" Y="173" T="119435646" />
  <Point X="114" Y="176" T="119435658" />
  <Point X="114" Y="178" T="119435678" />
  <Point X="114" Y="180" T="119435687" />
  <Point X="115" Y="182" T="119435702" />
  <Point X="115" Y="184" T="119435715" />
  <Point X="115" Y="187" T="119435735" />
  <Point X="115" Y="189" T="119435750" />
  <Point X="116" Y="191" T="119435774" />
  <Point X="116" Y="193" T="119435786" />
  <Point X="116" Y="195" T="119435798" />
  <Point X="116" Y="198" T="119435818" />
  <Point X="116" Y="200" T="119435838" />
  <Point X="116" Y="202" T="119435854" />
  <Point X="116" Y="204" T="119435870" />
  <Point X="115" Y="206" T="119435895" />
  <Point X="115" Y="208" T="119435907" />
  <Point X="113" Y="210" T="119435935" />
  <Point X="111" Y="212" T="119435952" />
  <Point X="109" Y="214" T="119435972" />
  <Point X="107" Y="216" T="119435988" />
  <Point X="105" Y="216" T="119436005" />
  <Point X="103" Y="218" T="119436020" />
  <Point X="100" Y="219" T="119436036" />
  <Point X="98" Y="221" T="119436052" />
  <Point X="96" Y="222" T="119436079" />
  <Point X="94" Y="224" T="119436111" />
  <Point X="92" Y="226" T="119436156" />
  <Point X="94" Y="225" T="119436495" />
  <Point X="97" Y="224" T="119436524" />
  <Point X="99" Y="224" T="119436548" />
  <Point X="101" Y="223" T="119436585" />
  <Point X="103" Y="225" T="119436617" />
  <Point X="105" Y="225" T="119436646" />
  <Point X="107" Y="225" T="119436675" />
  <Point X="109" Y="226" T="119436714" />
  <Point X="111" Y="227" T="119436738" />
  <Point X="112" Y="229" T="119436771" />
  <Point X="114" Y="231" T="119436794" />
  <Point X="115" Y="233" T="119436819" />
  <Point X="115" Y="235" T="119436843" />
  <Point X="116" Y="237" T="119436866" />
  <Point X="116" Y="239" T="119436887" />
  <Point X="116" Y="242" T="119436905" />
  <Point X="116" Y="244" T="119436924" />
  <Point X="116" Y="246" T="119436942" />
  <Point X="116" Y="248" T="119436968" />
  <Point X="116" Y="251" T="119436986" />
  <Point X="117" Y="253" T="119437008" />
  <Point X="117" Y="255" T="119437028" />
  <Point X="118" Y="257" T="119437048" />
  <Point X="118" Y="260" T="119437068" />
  <Point X="118" Y="262" T="119437088" />
  <Point X="119" Y="264" T="119437109" />
  <Point X="121" Y="266" T="119437141" />
  <Point X="123" Y="269" T="119437161" />
  <Point X="125" Y="271" T="119437184" />
  <Point X="126" Y="273" T="119437205" />
  <Point X="129" Y="272" T="119437225" />
  <Point X="133" Y="275" T="119437247" />
  <Point X="137" Y="275" T="119437268" />
  <Point X="142" Y="274" T="119437292" />
  <Point X="146" Y="274" T="119437314" />
  <Point X="152" Y="274" T="119437337" />
  <Point X="154" Y="274" T="119437358" />
</Gesture>