﻿<?xml version="1.0" encoding="utf-8" standalone="yes"?>
<Gesture Name="left_sq_bracket01" Subject="5" Speed="slow" Number="1" NumPts="97" Millseconds="3178" AppName="Gestures" AppVer="3.7.0.0" Date="Friday, March 09, 2007" TimeOfDay="9:47:22 PM">
  <Point X="126" Y="147" T="119353590" />
  <Point X="125" Y="149" T="119353621" />
  <Point X="123" Y="148" T="119353662" />
  <Point X="121" Y="149" T="119353694" />
  <Point X="119" Y="149" T="119353719" />
  <Point X="117" Y="148" T="119353743" />
  <Point X="115" Y="148" T="119353763" />
  <Point X="113" Y="149" T="119353780" />
  <Point X="111" Y="149" T="119353796" />
  <Point X="109" Y="149" T="119353813" />
  <Point X="107" Y="149" T="119353838" />
  <Point X="105" Y="150" T="119353862" />
  <Point X="103" Y="149" T="119353886" />
  <Point X="101" Y="149" T="119353902" />
  <Point X="99" Y="150" T="119353919" />
  <Point X="97" Y="151" T="119353940" />
  <Point X="95" Y="152" T="119353964" />
  <Point X="93" Y="152" T="119353997" />
  <Point X="90" Y="151" T="119354029" />
  <Point X="88" Y="153" T="119354077" />
  <Point X="86" Y="152" T="119354187" />
  <Point X="86" Y="154" T="119354298" />
  <Point X="85" Y="157" T="119354346" />
  <Point X="85" Y="159" T="119354387" />
  <Point X="85" Y="161" T="119354427" />
  <Point X="85" Y="163" T="119354464" />
  <Point X="86" Y="165" T="119354504" />
  <Point X="86" Y="167" T="119354528" />
  <Point X="86" Y="169" T="119354573" />
  <Point X="87" Y="172" T="119354606" />
  <Point X="87" Y="174" T="119354638" />
  <Point X="88" Y="176" T="119354678" />
  <Point X="89" Y="178" T="119354727" />
  <Point X="89" Y="180" T="119354770" />
  <Point X="91" Y="182" T="119354811" />
  <Point X="92" Y="184" T="119354840" />
  <Point X="94" Y="186" T="119354877" />
  <Point X="95" Y="188" T="119354905" />
  <Point X="95" Y="191" T="119354937" />
  <Point X="96" Y="193" T="119354969" />
  <Point X="96" Y="195" T="119354997" />
  <Point X="96" Y="197" T="119355033" />
  <Point X="96" Y="199" T="119355054" />
  <Point X="96" Y="201" T="119355101" />
  <Point X="96" Y="203" T="119355149" />
  <Point X="97" Y="205" T="119355189" />
  <Point X="97" Y="208" T="119355217" />
  <Point X="97" Y="210" T="119355249" />
  <Point X="97" Y="212" T="119355274" />
  <Point X="97" Y="214" T="119355294" />
  <Point X="97" Y="216" T="119355334" />
  <Point X="97" Y="219" T="119355362" />
  <Point X="97" Y="221" T="119355381" />
  <Point X="97" Y="223" T="119355418" />
  <Point X="96" Y="225" T="119355447" />
  <Point X="96" Y="227" T="119355487" />
  <Point X="96" Y="230" T="119355512" />
  <Point X="96" Y="232" T="119355531" />
  <Point X="96" Y="234" T="119355560" />
  <Point X="96" Y="236" T="119355596" />
  <Point X="97" Y="238" T="119355633" />
  <Point X="97" Y="240" T="119355677" />
  <Point X="97" Y="242" T="119355705" />
  <Point X="97" Y="245" T="119355741" />
  <Point X="97" Y="247" T="119355813" />
  <Point X="97" Y="250" T="119355841" />
  <Point X="97" Y="252" T="119355901" />
  <Point X="98" Y="254" T="119355983" />
  <Point X="100" Y="253" T="119356047" />
  <Point X="102" Y="254" T="119356075" />
  <Point X="104" Y="254" T="119356104" />
  <Point X="106" Y="254" T="119356132" />
  <Point X="108" Y="253" T="119356156" />
  <Point X="110" Y="254" T="119356181" />
  <Point X="112" Y="254" T="119356202" />
  <Point X="114" Y="254" T="119356223" />
  <Point X="116" Y="255" T="119356244" />
  <Point X="118" Y="254" T="119356267" />
  <Point X="120" Y="254" T="119356291" />
  <Point X="122" Y="255" T="119356320" />
  <Point X="124" Y="255" T="119356341" />
  <Point X="126" Y="254" T="119356368" />
  <Point X="128" Y="253" T="119356390" />
  <Point X="130" Y="254" T="119356417" />
  <Point X="132" Y="253" T="119356445" />
  <Point X="134" Y="253" T="119356478" />
  <Point X="137" Y="254" T="119356514" />
  <Point X="139" Y="255" T="119356542" />
  <Point X="141" Y="256" T="119356574" />
  <Point X="143" Y="255" T="119356598" />
  <Point X="145" Y="255" T="119356622" />
  <Point X="147" Y="254" T="119356645" />
  <Point X="149" Y="255" T="119356669" />
  <Point X="153" Y="254" T="119356693" />
  <Point X="155" Y="254" T="119356719" />
  <Point X="158" Y="254" T="119356743" />
  <Point X="160" Y="253" T="119356768" />
</Gesture>