﻿<?xml version="1.0" encoding="utf-8" standalone="yes"?>
<Gesture Name="left_sq_bracket05" Subject="5" Speed="slow" Number="5" NumPts="93" Millseconds="2166" AppName="Gestures" AppVer="3.7.0.0" Date="Friday, March 09, 2007" TimeOfDay="9:47:37 PM">
  <Point X="148" Y="139" T="119369690" />
  <Point X="146" Y="139" T="119369726" />
  <Point X="144" Y="138" T="119369770" />
  <Point X="142" Y="138" T="119369793" />
  <Point X="140" Y="138" T="119369810" />
  <Point X="137" Y="140" T="119369825" />
  <Point X="135" Y="140" T="119369840" />
  <Point X="133" Y="139" T="119369856" />
  <Point X="130" Y="140" T="119369872" />
  <Point X="128" Y="140" T="119369889" />
  <Point X="126" Y="139" T="119369905" />
  <Point X="124" Y="141" T="119369921" />
  <Point X="121" Y="141" T="119369937" />
  <Point X="119" Y="141" T="119369953" />
  <Point X="117" Y="142" T="119369970" />
  <Point X="115" Y="142" T="119369987" />
  <Point X="113" Y="142" T="119370002" />
  <Point X="111" Y="142" T="119370019" />
  <Point X="109" Y="143" T="119370036" />
  <Point X="107" Y="142" T="119370052" />
  <Point X="105" Y="143" T="119370076" />
  <Point X="103" Y="143" T="119370104" />
  <Point X="101" Y="142" T="119370132" />
  <Point X="99" Y="143" T="119370156" />
  <Point X="97" Y="143" T="119370201" />
  <Point X="95" Y="144" T="119370254" />
  <Point X="93" Y="146" T="119370315" />
  <Point X="93" Y="148" T="119370339" />
  <Point X="93" Y="150" T="119370359" />
  <Point X="93" Y="153" T="119370379" />
  <Point X="93" Y="155" T="119370412" />
  <Point X="93" Y="157" T="119370432" />
  <Point X="93" Y="160" T="119370448" />
  <Point X="92" Y="163" T="119370472" />
  <Point X="92" Y="165" T="119370493" />
  <Point X="92" Y="167" T="119370513" />
  <Point X="92" Y="169" T="119370554" />
  <Point X="92" Y="171" T="119370570" />
  <Point X="92" Y="173" T="119370590" />
  <Point X="93" Y="176" T="119370606" />
  <Point X="92" Y="178" T="119370622" />
  <Point X="92" Y="180" T="119370647" />
  <Point X="92" Y="182" T="119370663" />
  <Point X="93" Y="184" T="119370696" />
  <Point X="93" Y="187" T="119370720" />
  <Point X="93" Y="189" T="119370734" />
  <Point X="94" Y="191" T="119370776" />
  <Point X="96" Y="191" T="119370800" />
  <Point X="98" Y="191" T="119370824" />
  <Point X="100" Y="193" T="119370848" />
  <Point X="103" Y="195" T="119370876" />
  <Point X="104" Y="197" T="119370897" />
  <Point X="105" Y="199" T="119370921" />
  <Point X="106" Y="201" T="119370946" />
  <Point X="108" Y="203" T="119370971" />
  <Point X="108" Y="205" T="119370992" />
  <Point X="109" Y="207" T="119371009" />
  <Point X="110" Y="209" T="119371025" />
  <Point X="111" Y="212" T="119371052" />
  <Point X="112" Y="214" T="119371069" />
  <Point X="113" Y="216" T="119371101" />
  <Point X="113" Y="218" T="119371120" />
  <Point X="113" Y="220" T="119371144" />
  <Point X="113" Y="223" T="119371176" />
  <Point X="114" Y="225" T="119371194" />
  <Point X="114" Y="227" T="119371212" />
  <Point X="114" Y="229" T="119371231" />
  <Point X="114" Y="231" T="119371249" />
  <Point X="114" Y="234" T="119371273" />
  <Point X="114" Y="236" T="119371292" />
  <Point X="114" Y="239" T="119371313" />
  <Point X="114" Y="241" T="119371333" />
  <Point X="114" Y="243" T="119371352" />
  <Point X="114" Y="245" T="119371372" />
  <Point X="114" Y="247" T="119371393" />
  <Point X="114" Y="250" T="119371413" />
  <Point X="113" Y="252" T="119371434" />
  <Point X="113" Y="254" T="119371454" />
  <Point X="113" Y="256" T="119371475" />
  <Point X="114" Y="258" T="119371505" />
  <Point X="114" Y="260" T="119371553" />
  <Point X="116" Y="260" T="119371598" />
  <Point X="118" Y="260" T="119371620" />
  <Point X="122" Y="259" T="119371642" />
  <Point X="127" Y="258" T="119371665" />
  <Point X="132" Y="256" T="119371688" />
  <Point X="137" Y="257" T="119371715" />
  <Point X="142" Y="257" T="119371737" />
  <Point X="147" Y="258" T="119371761" />
  <Point X="154" Y="258" T="119371785" />
  <Point X="159" Y="257" T="119371808" />
  <Point X="165" Y="256" T="119371832" />
  <Point X="168" Y="254" T="119371856" />
</Gesture>