﻿<?xml version="1.0" encoding="utf-8" standalone="yes"?>
<Gesture Name="left_curly_brace02" Subject="5" Speed="slow" Number="2" NumPts="89" Millseconds="2299" AppName="Gestures" AppVer="3.7.0.0" Date="Friday, March 09, 2007" TimeOfDay="9:48:45 PM">
  <Point X="143" Y="143" T="119438013" />
  <Point X="141" Y="144" T="119438053" />
  <Point X="139" Y="143" T="119438078" />
  <Point X="137" Y="145" T="119438098" />
  <Point X="135" Y="146" T="119438122" />
  <Point X="133" Y="147" T="119438142" />
  <Point X="130" Y="148" T="119438163" />
  <Point X="128" Y="149" T="119438178" />
  <Point X="127" Y="151" T="119438195" />
  <Point X="125" Y="153" T="119438216" />
  <Point X="123" Y="155" T="119438236" />
  <Point X="121" Y="157" T="119438256" />
  <Point X="119" Y="160" T="119438276" />
  <Point X="118" Y="162" T="119438289" />
  <Point X="117" Y="164" T="119438305" />
  <Point X="116" Y="167" T="119438322" />
  <Point X="115" Y="169" T="119438334" />
  <Point X="115" Y="171" T="119438350" />
  <Point X="115" Y="173" T="119438367" />
  <Point X="115" Y="175" T="119438383" />
  <Point X="115" Y="177" T="119438395" />
  <Point X="115" Y="180" T="119438411" />
  <Point X="116" Y="182" T="119438422" />
  <Point X="116" Y="185" T="119438431" />
  <Point X="116" Y="187" T="119438451" />
  <Point X="116" Y="189" T="119438461" />
  <Point X="117" Y="191" T="119438475" />
  <Point X="117" Y="194" T="119438491" />
  <Point X="117" Y="196" T="119438502" />
  <Point X="117" Y="198" T="119438514" />
  <Point X="117" Y="200" T="119438528" />
  <Point X="117" Y="202" T="119438540" />
  <Point X="117" Y="205" T="119438553" />
  <Point X="116" Y="207" T="119438566" />
  <Point X="116" Y="209" T="119438579" />
  <Point X="115" Y="212" T="119438595" />
  <Point X="115" Y="214" T="119438607" />
  <Point X="114" Y="216" T="119438619" />
  <Point X="113" Y="218" T="119438632" />
  <Point X="111" Y="220" T="119438648" />
  <Point X="109" Y="221" T="119438664" />
  <Point X="107" Y="223" T="119438680" />
  <Point X="105" Y="224" T="119438696" />
  <Point X="103" Y="225" T="119438712" />
  <Point X="100" Y="226" T="119438728" />
  <Point X="98" Y="228" T="119438744" />
  <Point X="96" Y="229" T="119438760" />
  <Point X="95" Y="231" T="119438780" />
  <Point X="93" Y="232" T="119438816" />
  <Point X="92" Y="234" T="119438865" />
  <Point X="94" Y="234" T="119439083" />
  <Point X="96" Y="234" T="119439135" />
  <Point X="98" Y="233" T="119439175" />
  <Point X="100" Y="233" T="119439200" />
  <Point X="102" Y="232" T="119439222" />
  <Point X="104" Y="233" T="119439245" />
  <Point X="106" Y="233" T="119439290" />
  <Point X="108" Y="233" T="119439334" />
  <Point X="109" Y="236" T="119439367" />
  <Point X="111" Y="236" T="119439420" />
  <Point X="112" Y="238" T="119439444" />
  <Point X="114" Y="239" T="119439496" />
  <Point X="115" Y="241" T="119439536" />
  <Point X="116" Y="243" T="119439573" />
  <Point X="116" Y="246" T="119439609" />
  <Point X="117" Y="248" T="119439672" />
  <Point X="117" Y="250" T="119439696" />
  <Point X="117" Y="253" T="119439752" />
  <Point X="117" Y="255" T="119439780" />
  <Point X="117" Y="257" T="119439799" />
  <Point X="118" Y="259" T="119439844" />
  <Point X="119" Y="261" T="119439877" />
  <Point X="119" Y="263" T="119439897" />
  <Point X="119" Y="265" T="119439925" />
  <Point X="120" Y="267" T="119439958" />
  <Point X="121" Y="270" T="119439990" />
  <Point X="123" Y="272" T="119440026" />
  <Point X="125" Y="273" T="119440058" />
  <Point X="127" Y="274" T="119440089" />
  <Point X="128" Y="276" T="119440110" />
  <Point X="131" Y="277" T="119440131" />
  <Point X="133" Y="277" T="119440153" />
  <Point X="135" Y="278" T="119440175" />
  <Point X="139" Y="280" T="119440197" />
  <Point X="141" Y="279" T="119440219" />
  <Point X="146" Y="279" T="119440242" />
  <Point X="151" Y="277" T="119440265" />
  <Point X="155" Y="278" T="119440288" />
  <Point X="160" Y="277" T="119440312" />
</Gesture>