﻿<?xml version="1.0" encoding="utf-8" standalone="yes"?>
<Gesture Name="left_curly_brace04" Subject="5" Speed="slow" Number="4" NumPts="93" Millseconds="2288" AppName="Gestures" AppVer="3.7.0.0" Date="Friday, March 09, 2007" TimeOfDay="9:48:52 PM">
  <Point X="157" Y="141" T="119444448" />
  <Point X="155" Y="140" T="119444523" />
  <Point X="153" Y="141" T="119444544" />
  <Point X="150" Y="141" T="119444560" />
  <Point X="148" Y="141" T="119444577" />
  <Point X="146" Y="142" T="119444589" />
  <Point X="143" Y="142" T="119444605" />
  <Point X="141" Y="143" T="119444622" />
  <Point X="138" Y="143" T="119444638" />
  <Point X="136" Y="143" T="119444654" />
  <Point X="134" Y="144" T="119444674" />
  <Point X="132" Y="146" T="119444691" />
  <Point X="130" Y="148" T="119444710" />
  <Point X="128" Y="149" T="119444730" />
  <Point X="126" Y="151" T="119444747" />
  <Point X="125" Y="153" T="119444760" />
  <Point X="124" Y="155" T="119444776" />
  <Point X="122" Y="157" T="119444792" />
  <Point X="121" Y="160" T="119444805" />
  <Point X="121" Y="162" T="119444821" />
  <Point X="120" Y="165" T="119444833" />
  <Point X="120" Y="167" T="119444858" />
  <Point X="120" Y="169" T="119444873" />
  <Point X="120" Y="171" T="119444886" />
  <Point X="120" Y="174" T="119444906" />
  <Point X="120" Y="176" T="119444922" />
  <Point X="120" Y="178" T="119444939" />
  <Point X="120" Y="180" T="119444955" />
  <Point X="121" Y="182" T="119444975" />
  <Point X="121" Y="184" T="119444991" />
  <Point X="121" Y="186" T="119445007" />
  <Point X="122" Y="188" T="119445027" />
  <Point X="122" Y="190" T="119445048" />
  <Point X="122" Y="192" T="119445077" />
  <Point X="122" Y="194" T="119445113" />
  <Point X="122" Y="197" T="119445134" />
  <Point X="122" Y="199" T="119445150" />
  <Point X="122" Y="201" T="119445182" />
  <Point X="122" Y="203" T="119445213" />
  <Point X="122" Y="205" T="119445237" />
  <Point X="122" Y="208" T="119445261" />
  <Point X="121" Y="210" T="119445285" />
  <Point X="119" Y="211" T="119445322" />
  <Point X="118" Y="214" T="119445341" />
  <Point X="116" Y="213" T="119445365" />
  <Point X="113" Y="214" T="119445393" />
  <Point X="111" Y="215" T="119445421" />
  <Point X="109" Y="215" T="119445445" />
  <Point X="107" Y="217" T="119445469" />
  <Point X="105" Y="218" T="119445501" />
  <Point X="103" Y="219" T="119445554" />
  <Point X="105" Y="219" T="119445762" />
  <Point X="107" Y="218" T="119445786" />
  <Point X="109" Y="218" T="119445811" />
  <Point X="111" Y="220" T="119445864" />
  <Point X="114" Y="220" T="119445899" />
  <Point X="116" Y="221" T="119445936" />
  <Point X="117" Y="223" T="119445964" />
  <Point X="119" Y="224" T="119446009" />
  <Point X="120" Y="227" T="119446036" />
  <Point X="121" Y="229" T="119446053" />
  <Point X="121" Y="231" T="119446080" />
  <Point X="123" Y="233" T="119446116" />
  <Point X="123" Y="235" T="119446140" />
  <Point X="123" Y="237" T="119446159" />
  <Point X="123" Y="239" T="119446177" />
  <Point X="123" Y="242" T="119446200" />
  <Point X="123" Y="244" T="119446219" />
  <Point X="123" Y="246" T="119446245" />
  <Point X="123" Y="248" T="119446265" />
  <Point X="123" Y="250" T="119446285" />
  <Point X="123" Y="252" T="119446304" />
  <Point X="123" Y="254" T="119446324" />
  <Point X="123" Y="257" T="119446349" />
  <Point X="124" Y="259" T="119446374" />
  <Point X="125" Y="261" T="119446406" />
  <Point X="126" Y="263" T="119446426" />
  <Point X="128" Y="265" T="119446454" />
  <Point X="130" Y="266" T="119446478" />
  <Point X="132" Y="266" T="119446502" />
  <Point X="134" Y="266" T="119446527" />
  <Point X="137" Y="266" T="119446548" />
  <Point X="139" Y="266" T="119446570" />
  <Point X="141" Y="268" T="119446592" />
  <Point X="143" Y="267" T="119446614" />
  <Point X="146" Y="267" T="119446615" />
  <Point X="148" Y="267" T="119446638" />
  <Point X="150" Y="267" T="119446639" />
  <Point X="152" Y="267" T="119446662" />
  <Point X="155" Y="267" T="119446663" />
  <Point X="160" Y="267" T="119446687" />
  <Point X="164" Y="267" T="119446711" />
  <Point X="166" Y="266" T="119446736" />
</Gesture>