﻿<?xml version="1.0" encoding="utf-8" standalone="yes"?>
<Gesture Name="left_curly_brace05" Subject="5" Speed="slow" Number="5" NumPts="87" Millseconds="2072" AppName="Gestures" AppVer="3.7.0.0" Date="Friday, March 09, 2007" TimeOfDay="9:48:54 PM">
  <Point X="161" Y="147" T="119447354" />
  <Point X="160" Y="145" T="119447382" />
  <Point X="158" Y="146" T="119447419" />
  <Point X="155" Y="145" T="119447447" />
  <Point X="153" Y="145" T="119447467" />
  <Point X="151" Y="146" T="119447486" />
  <Point X="148" Y="145" T="119447506" />
  <Point X="146" Y="145" T="119447518" />
  <Point X="144" Y="146" T="119447534" />
  <Point X="142" Y="146" T="119447554" />
  <Point X="139" Y="148" T="119447586" />
  <Point X="138" Y="150" T="119447607" />
  <Point X="136" Y="151" T="119447631" />
  <Point X="134" Y="153" T="119447651" />
  <Point X="132" Y="155" T="119447675" />
  <Point X="131" Y="158" T="119447704" />
  <Point X="129" Y="160" T="119447724" />
  <Point X="128" Y="162" T="119447732" />
  <Point X="126" Y="164" T="119447753" />
  <Point X="125" Y="167" T="119447766" />
  <Point X="124" Y="170" T="119447786" />
  <Point X="123" Y="172" T="119447797" />
  <Point X="123" Y="174" T="119447810" />
  <Point X="123" Y="176" T="119447822" />
  <Point X="123" Y="178" T="119447834" />
  <Point X="123" Y="181" T="119447846" />
  <Point X="124" Y="183" T="119447862" />
  <Point X="124" Y="185" T="119447874" />
  <Point X="125" Y="187" T="119447890" />
  <Point X="125" Y="189" T="119447902" />
  <Point X="125" Y="191" T="119447914" />
  <Point X="126" Y="193" T="119447930" />
  <Point X="126" Y="196" T="119447943" />
  <Point X="126" Y="198" T="119447954" />
  <Point X="126" Y="200" T="119447974" />
  <Point X="126" Y="202" T="119447987" />
  <Point X="127" Y="204" T="119448002" />
  <Point X="126" Y="206" T="119448023" />
  <Point X="126" Y="208" T="119448044" />
  <Point X="126" Y="211" T="119448059" />
  <Point X="126" Y="214" T="119448104" />
  <Point X="124" Y="216" T="119448156" />
  <Point X="122" Y="218" T="119448189" />
  <Point X="120" Y="218" T="119448228" />
  <Point X="118" Y="219" T="119448253" />
  <Point X="116" Y="221" T="119448277" />
  <Point X="114" Y="222" T="119448301" />
  <Point X="112" Y="224" T="119448344" />
  <Point X="110" Y="225" T="119448384" />
  <Point X="108" Y="225" T="119448413" />
  <Point X="107" Y="227" T="119448489" />
  <Point X="109" Y="226" T="119448562" />
  <Point X="111" Y="226" T="119448582" />
  <Point X="113" Y="224" T="119448611" />
  <Point X="115" Y="224" T="119448644" />
  <Point X="117" Y="223" T="119448668" />
  <Point X="119" Y="221" T="119448704" />
  <Point X="121" Y="222" T="119448733" />
  <Point X="122" Y="224" T="119448752" />
  <Point X="124" Y="225" T="119448793" />
  <Point X="125" Y="227" T="119448837" />
  <Point X="126" Y="229" T="119448854" />
  <Point X="126" Y="231" T="119448882" />
  <Point X="126" Y="233" T="119448902" />
  <Point X="126" Y="236" T="119448922" />
  <Point X="126" Y="238" T="119448947" />
  <Point X="126" Y="240" T="119448967" />
  <Point X="126" Y="243" T="119448986" />
  <Point X="126" Y="245" T="119449005" />
  <Point X="126" Y="247" T="119449024" />
  <Point X="126" Y="249" T="119449060" />
  <Point X="127" Y="251" T="119449080" />
  <Point X="128" Y="254" T="119449117" />
  <Point X="128" Y="256" T="119449138" />
  <Point X="129" Y="258" T="119449158" />
  <Point X="130" Y="260" T="119449178" />
  <Point X="131" Y="263" T="119449199" />
  <Point X="133" Y="264" T="119449220" />
  <Point X="135" Y="266" T="119449241" />
  <Point X="137" Y="267" T="119449262" />
  <Point X="141" Y="268" T="119449284" />
  <Point X="146" Y="269" T="119449306" />
  <Point X="150" Y="269" T="119449328" />
  <Point X="158" Y="269" T="119449356" />
  <Point X="164" Y="268" T="119449380" />
  <Point X="168" Y="267" T="119449402" />
  <Point X="170" Y="267" T="119449426" />
</Gesture>