﻿<?xml version="1.0" encoding="utf-8" standalone="yes"?>
<Gesture Name="left_sq_bracket02" Subject="5" Speed="slow" Number="2" NumPts="87" Millseconds="2979" AppName="Gestures" AppVer="3.7.0.0" Date="Friday, March 09, 2007" TimeOfDay="9:47:26 PM">
  <Point X="133" Y="152" T="119357415" />
  <Point X="132" Y="150" T="119357423" />
  <Point X="130" Y="151" T="119357527" />
  <Point X="128" Y="152" T="119357573" />
  <Point X="125" Y="152" T="119357606" />
  <Point X="123" Y="152" T="119357636" />
  <Point X="121" Y="152" T="119357672" />
  <Point X="119" Y="150" T="119357725" />
  <Point X="117" Y="151" T="119357768" />
  <Point X="115" Y="151" T="119357800" />
  <Point X="113" Y="152" T="119357841" />
  <Point X="111" Y="150" T="119357881" />
  <Point X="109" Y="150" T="119357926" />
  <Point X="107" Y="149" T="119357962" />
  <Point X="105" Y="149" T="119357999" />
  <Point X="103" Y="149" T="119358032" />
  <Point X="101" Y="149" T="119358105" />
  <Point X="100" Y="151" T="119358298" />
  <Point X="100" Y="153" T="119358323" />
  <Point X="99" Y="156" T="119358351" />
  <Point X="100" Y="158" T="119358384" />
  <Point X="100" Y="160" T="119358412" />
  <Point X="100" Y="163" T="119358440" />
  <Point X="101" Y="166" T="119358472" />
  <Point X="101" Y="168" T="119358496" />
  <Point X="101" Y="170" T="119358519" />
  <Point X="100" Y="172" T="119358547" />
  <Point X="100" Y="175" T="119358567" />
  <Point X="100" Y="177" T="119358604" />
  <Point X="100" Y="179" T="119358624" />
  <Point X="100" Y="182" T="119358646" />
  <Point X="100" Y="184" T="119358664" />
  <Point X="100" Y="186" T="119358696" />
  <Point X="99" Y="188" T="119358721" />
  <Point X="99" Y="190" T="119358741" />
  <Point X="99" Y="192" T="119358774" />
  <Point X="100" Y="194" T="119358802" />
  <Point X="100" Y="196" T="119358858" />
  <Point X="101" Y="198" T="119358922" />
  <Point X="103" Y="199" T="119358962" />
  <Point X="105" Y="199" T="119358995" />
  <Point X="107" Y="201" T="119359028" />
  <Point X="109" Y="204" T="119359067" />
  <Point X="111" Y="205" T="119359103" />
  <Point X="112" Y="207" T="119359127" />
  <Point X="113" Y="209" T="119359160" />
  <Point X="115" Y="211" T="119359208" />
  <Point X="115" Y="214" T="119359232" />
  <Point X="117" Y="215" T="119359276" />
  <Point X="118" Y="217" T="119359309" />
  <Point X="119" Y="220" T="119359349" />
  <Point X="120" Y="222" T="119359414" />
  <Point X="121" Y="224" T="119359445" />
  <Point X="121" Y="227" T="119359490" />
  <Point X="121" Y="229" T="119359506" />
  <Point X="121" Y="231" T="119359530" />
  <Point X="122" Y="233" T="119359550" />
  <Point X="122" Y="235" T="119359566" />
  <Point X="122" Y="238" T="119359623" />
  <Point X="121" Y="240" T="119359647" />
  <Point X="121" Y="242" T="119359691" />
  <Point X="121" Y="244" T="119359727" />
  <Point X="121" Y="246" T="119359760" />
  <Point X="121" Y="248" T="119359788" />
  <Point X="121" Y="250" T="119359812" />
  <Point X="121" Y="253" T="119359844" />
  <Point X="121" Y="255" T="119359868" />
  <Point X="123" Y="256" T="119359978" />
  <Point X="125" Y="256" T="119360006" />
  <Point X="128" Y="257" T="119360029" />
  <Point X="130" Y="257" T="119360048" />
  <Point X="132" Y="257" T="119360069" />
  <Point X="134" Y="257" T="119360088" />
  <Point X="136" Y="257" T="119360108" />
  <Point X="138" Y="257" T="119360128" />
  <Point X="140" Y="257" T="119360149" />
  <Point X="145" Y="258" T="119360170" />
  <Point X="147" Y="258" T="119360190" />
  <Point X="149" Y="257" T="119360211" />
  <Point X="151" Y="257" T="119360233" />
  <Point X="153" Y="257" T="119360255" />
  <Point X="155" Y="257" T="119360278" />
  <Point X="158" Y="256" T="119360300" />
  <Point X="160" Y="255" T="119360322" />
  <Point X="162" Y="256" T="119360344" />
  <Point X="166" Y="255" T="119360367" />
  <Point X="168" Y="255" T="119360394" />
</Gesture>