﻿<?xml version="1.0" encoding="utf-8" standalone="yes"?>
<Gesture Name="pigtail08" Subject="5" Speed="slow" Number="8" NumPts="119" Millseconds="2632" AppName="Gestures" AppVer="3.7.0.0" Date="Friday, March 09, 2007" TimeOfDay="9:40:21 PM">
  <Point X="66" Y="236" T="118932266" />
  <Point X="68" Y="238" T="118932309" />
  <Point X="69" Y="236" T="118932350" />
  <Point X="71" Y="235" T="118932419" />
  <Point X="73" Y="236" T="118932451" />
  <Point X="75" Y="236" T="118932487" />
  <Point X="77" Y="235" T="118932515" />
  <Point X="79" Y="235" T="118932543" />
  <Point X="81" Y="233" T="118932563" />
  <Point X="83" Y="233" T="118932583" />
  <Point X="86" Y="233" T="118932611" />
  <Point X="88" Y="232" T="118932635" />
  <Point X="90" Y="232" T="118932663" />
  <Point X="92" Y="231" T="118932688" />
  <Point X="95" Y="229" T="118932708" />
  <Point X="97" Y="229" T="118932728" />
  <Point X="99" Y="228" T="118932746" />
  <Point X="101" Y="227" T="118932762" />
  <Point X="103" Y="226" T="118932778" />
  <Point X="105" Y="225" T="118932797" />
  <Point X="107" Y="224" T="118932821" />
  <Point X="109" Y="223" T="118932846" />
  <Point X="111" Y="222" T="118932870" />
  <Point X="113" Y="220" T="118932886" />
  <Point X="115" Y="220" T="118932910" />
  <Point X="117" Y="219" T="118932926" />
  <Point X="119" Y="218" T="118932951" />
  <Point X="122" Y="216" T="118932971" />
  <Point X="124" Y="216" T="118932987" />
  <Point X="124" Y="214" T="118932998" />
  <Point X="126" Y="214" T="118933015" />
  <Point X="128" Y="213" T="118933035" />
  <Point X="131" Y="211" T="118933055" />
  <Point X="133" Y="210" T="118933072" />
  <Point X="135" Y="208" T="118933088" />
  <Point X="137" Y="208" T="118933109" />
  <Point X="138" Y="206" T="118933121" />
  <Point X="140" Y="206" T="118933141" />
  <Point X="142" Y="204" T="118933154" />
  <Point X="144" Y="202" T="118933170" />
  <Point X="146" Y="200" T="118933186" />
  <Point X="148" Y="199" T="118933199" />
  <Point X="151" Y="197" T="118933218" />
  <Point X="153" Y="195" T="118933234" />
  <Point X="155" Y="193" T="118933251" />
  <Point X="156" Y="191" T="118933265" />
  <Point X="157" Y="188" T="118933279" />
  <Point X="159" Y="187" T="118933299" />
  <Point X="160" Y="185" T="118933315" />
  <Point X="162" Y="183" T="118933338" />
  <Point X="163" Y="180" T="118933354" />
  <Point X="164" Y="178" T="118933370" />
  <Point X="165" Y="176" T="118933394" />
  <Point X="166" Y="173" T="118933410" />
  <Point X="167" Y="171" T="118933425" />
  <Point X="168" Y="169" T="118933450" />
  <Point X="168" Y="166" T="118933471" />
  <Point X="169" Y="164" T="118933507" />
  <Point X="169" Y="162" T="118933531" />
  <Point X="167" Y="160" T="118933568" />
  <Point X="165" Y="159" T="118933612" />
  <Point X="163" Y="160" T="118933636" />
  <Point X="161" Y="159" T="118933665" />
  <Point X="159" Y="161" T="118933685" />
  <Point X="157" Y="162" T="118933709" />
  <Point X="155" Y="162" T="118933728" />
  <Point X="153" Y="164" T="118933749" />
  <Point X="151" Y="165" T="118933770" />
  <Point X="149" Y="166" T="118933790" />
  <Point X="147" Y="168" T="118933811" />
  <Point X="145" Y="168" T="118933812" />
  <Point X="144" Y="170" T="118933832" />
  <Point X="140" Y="173" T="118933852" />
  <Point X="138" Y="175" T="118933872" />
  <Point X="136" Y="177" T="118933892" />
  <Point X="133" Y="180" T="118933912" />
  <Point X="131" Y="184" T="118933933" />
  <Point X="129" Y="185" T="118933954" />
  <Point X="126" Y="189" T="118933975" />
  <Point X="125" Y="191" T="118933996" />
  <Point X="124" Y="194" T="118933997" />
  <Point X="122" Y="196" T="118934022" />
  <Point X="121" Y="200" T="118934045" />
  <Point X="118" Y="205" T="118934068" />
  <Point X="117" Y="208" T="118934090" />
  <Point X="117" Y="210" T="118934112" />
  <Point X="115" Y="215" T="118934137" />
  <Point X="113" Y="219" T="118934161" />
  <Point X="112" Y="222" T="118934184" />
  <Point X="112" Y="225" T="118934185" />
  <Point X="112" Y="227" T="118934209" />
  <Point X="111" Y="230" T="118934235" />
  <Point X="110" Y="234" T="118934260" />
  <Point X="112" Y="236" T="118934293" />
  <Point X="113" Y="238" T="118934317" />
  <Point X="114" Y="240" T="118934342" />
  <Point X="116" Y="240" T="118934369" />
  <Point X="118" Y="242" T="118934394" />
  <Point X="120" Y="242" T="118934419" />
  <Point X="122" Y="243" T="118934445" />
  <Point X="124" Y="243" T="118934470" />
  <Point X="129" Y="243" T="118934496" />
  <Point X="131" Y="243" T="118934522" />
  <Point X="135" Y="243" T="118934548" />
  <Point X="137" Y="243" T="118934550" />
  <Point X="142" Y="241" T="118934578" />
  <Point X="146" Y="241" T="118934606" />
  <Point X="154" Y="240" T="118934634" />
  <Point X="159" Y="239" T="118934661" />
  <Point X="164" Y="238" T="118934689" />
  <Point X="166" Y="238" T="118934690" />
  <Point X="171" Y="235" T="118934718" />
  <Point X="179" Y="232" T="118934746" />
  <Point X="188" Y="227" T="118934778" />
  <Point X="194" Y="224" T="118934808" />
  <Point X="200" Y="222" T="118934837" />
  <Point X="202" Y="221" T="118934838" />
  <Point X="207" Y="218" T="118934867" />
  <Point X="213" Y="214" T="118934898" />
</Gesture>