﻿<?xml version="1.0" encoding="utf-8" standalone="yes"?>
<Gesture Name="pigtail06" Subject="5" Speed="slow" Number="6" NumPts="114" Millseconds="2147" AppName="Gestures" AppVer="3.7.0.0" Date="Friday, March 09, 2007" TimeOfDay="9:40:14 PM">
  <Point X="50" Y="239" T="118925935" />
  <Point X="52" Y="239" T="118925980" />
  <Point X="54" Y="239" T="118926000" />
  <Point X="56" Y="237" T="118926017" />
  <Point X="58" Y="237" T="118926029" />
  <Point X="60" Y="238" T="118926041" />
  <Point X="62" Y="236" T="118926052" />
  <Point X="64" Y="235" T="118926065" />
  <Point X="66" Y="234" T="118926077" />
  <Point X="69" Y="233" T="118926089" />
  <Point X="71" Y="232" T="118926105" />
  <Point X="73" Y="232" T="118926121" />
  <Point X="76" Y="232" T="118926133" />
  <Point X="78" Y="230" T="118926149" />
  <Point X="80" Y="229" T="118926162" />
  <Point X="82" Y="228" T="118926175" />
  <Point X="84" Y="228" T="118926188" />
  <Point X="87" Y="226" T="118926200" />
  <Point X="89" Y="225" T="118926213" />
  <Point X="91" Y="224" T="118926228" />
  <Point X="93" Y="223" T="118926240" />
  <Point X="96" Y="222" T="118926253" />
  <Point X="98" Y="221" T="118926269" />
  <Point X="100" Y="220" T="118926281" />
  <Point X="102" Y="218" T="118926294" />
  <Point X="104" Y="218" T="118926309" />
  <Point X="106" Y="216" T="118926326" />
  <Point X="108" Y="215" T="118926346" />
  <Point X="110" Y="214" T="118926358" />
  <Point X="113" Y="213" T="118926378" />
  <Point X="115" Y="211" T="118926394" />
  <Point X="117" Y="209" T="118926410" />
  <Point X="119" Y="207" T="118926422" />
  <Point X="121" Y="206" T="118926438" />
  <Point X="123" Y="204" T="118926455" />
  <Point X="125" Y="202" T="118926471" />
  <Point X="127" Y="200" T="118926487" />
  <Point X="128" Y="197" T="118926499" />
  <Point X="130" Y="195" T="118926519" />
  <Point X="131" Y="193" T="118926532" />
  <Point X="132" Y="190" T="118926545" />
  <Point X="133" Y="188" T="118926563" />
  <Point X="134" Y="185" T="118926576" />
  <Point X="135" Y="183" T="118926590" />
  <Point X="136" Y="181" T="118926607" />
  <Point X="137" Y="179" T="118926621" />
  <Point X="138" Y="177" T="118926635" />
  <Point X="139" Y="175" T="118926668" />
  <Point X="139" Y="173" T="118926683" />
  <Point X="139" Y="171" T="118926697" />
  <Point X="138" Y="169" T="118926716" />
  <Point X="137" Y="167" T="118926736" />
  <Point X="135" Y="165" T="118926784" />
  <Point X="134" Y="163" T="118926805" />
  <Point X="132" Y="165" T="118926821" />
  <Point X="130" Y="164" T="118926842" />
  <Point X="128" Y="165" T="118926866" />
  <Point X="126" Y="165" T="118926886" />
  <Point X="124" Y="165" T="118926907" />
  <Point X="123" Y="167" T="118926924" />
  <Point X="121" Y="168" T="118926944" />
  <Point X="119" Y="170" T="118926961" />
  <Point X="117" Y="169" T="118926979" />
  <Point X="115" Y="171" T="118926997" />
  <Point X="113" Y="173" T="118927015" />
  <Point X="111" Y="175" T="118927033" />
  <Point X="109" Y="178" T="118927052" />
  <Point X="107" Y="180" T="118927070" />
  <Point X="105" Y="181" T="118927071" />
  <Point X="104" Y="183" T="118927090" />
  <Point X="102" Y="185" T="118927110" />
  <Point X="99" Y="189" T="118927130" />
  <Point X="98" Y="192" T="118927149" />
  <Point X="95" Y="196" T="118927169" />
  <Point X="94" Y="198" T="118927191" />
  <Point X="91" Y="203" T="118927211" />
  <Point X="89" Y="205" T="118927232" />
  <Point X="88" Y="209" T="118927252" />
  <Point X="85" Y="214" T="118927274" />
  <Point X="84" Y="216" T="118927295" />
  <Point X="84" Y="219" T="118927316" />
  <Point X="83" Y="223" T="118927338" />
  <Point X="83" Y="226" T="118927360" />
  <Point X="83" Y="228" T="118927383" />
  <Point X="83" Y="230" T="118927384" />
  <Point X="82" Y="232" T="118927407" />
  <Point X="83" Y="237" T="118927431" />
  <Point X="84" Y="239" T="118927455" />
  <Point X="85" Y="242" T="118927478" />
  <Point X="86" Y="244" T="118927504" />
  <Point X="88" Y="245" T="118927528" />
  <Point X="91" Y="247" T="118927551" />
  <Point X="92" Y="249" T="118927552" />
  <Point X="95" Y="249" T="118927575" />
  <Point X="97" Y="251" T="118927600" />
  <Point X="101" Y="251" T="118927624" />
  <Point X="103" Y="251" T="118927648" />
  <Point X="106" Y="251" T="118927673" />
  <Point X="110" Y="252" T="118927698" />
  <Point X="115" Y="253" T="118927723" />
  <Point X="119" Y="254" T="118927748" />
  <Point X="121" Y="253" T="118927773" />
  <Point X="126" Y="253" T="118927798" />
  <Point X="131" Y="252" T="118927824" />
  <Point X="135" Y="252" T="118927850" />
  <Point X="138" Y="251" T="118927851" />
  <Point X="143" Y="250" T="118927879" />
  <Point X="149" Y="249" T="118927908" />
  <Point X="156" Y="247" T="118927937" />
  <Point X="162" Y="244" T="118927966" />
  <Point X="170" Y="242" T="118927995" />
  <Point X="175" Y="240" T="118928024" />
  <Point X="181" Y="237" T="118928054" />
  <Point X="183" Y="236" T="118928082" />
</Gesture>