﻿<?xml version="1.0" encoding="utf-8" standalone="yes"?>
<Gesture Name="pigtail04" Subject="5" Speed="slow" Number="4" NumPts="112" Millseconds="2128" AppName="Gestures" AppVer="3.7.0.0" Date="Friday, March 09, 2007" TimeOfDay="9:40:08 PM">
  <Point X="40" Y="245" T="118919519" />
  <Point X="43" Y="245" T="118919534" />
  <Point X="45" Y="243" T="118919558" />
  <Point X="47" Y="243" T="118919575" />
  <Point X="49" Y="242" T="118919586" />
  <Point X="51" Y="242" T="118919603" />
  <Point X="53" Y="241" T="118919623" />
  <Point X="55" Y="240" T="118919635" />
  <Point X="57" Y="240" T="118919647" />
  <Point X="59" Y="239" T="118919659" />
  <Point X="61" Y="238" T="118919671" />
  <Point X="63" Y="237" T="118919684" />
  <Point X="65" Y="236" T="118919696" />
  <Point X="67" Y="234" T="118919704" />
  <Point X="69" Y="234" T="118919717" />
  <Point X="71" Y="232" T="118919734" />
  <Point X="73" Y="231" T="118919747" />
  <Point X="75" Y="230" T="118919758" />
  <Point X="77" Y="230" T="118919770" />
  <Point X="79" Y="228" T="118919779" />
  <Point X="81" Y="226" T="118919791" />
  <Point X="83" Y="225" T="118919807" />
  <Point X="86" Y="223" T="118919823" />
  <Point X="88" Y="221" T="118919835" />
  <Point X="90" Y="221" T="118919847" />
  <Point X="91" Y="219" T="118919859" />
  <Point X="93" Y="218" T="118919871" />
  <Point X="96" Y="216" T="118919887" />
  <Point X="98" Y="215" T="118919903" />
  <Point X="100" Y="214" T="118919919" />
  <Point X="101" Y="211" T="118919931" />
  <Point X="104" Y="210" T="118919947" />
  <Point X="106" Y="207" T="118919968" />
  <Point X="108" Y="205" T="118919985" />
  <Point X="109" Y="203" T="118920001" />
  <Point X="112" Y="201" T="118920022" />
  <Point X="114" Y="200" T="118920043" />
  <Point X="115" Y="198" T="118920055" />
  <Point X="117" Y="195" T="118920068" />
  <Point X="119" Y="193" T="118920081" />
  <Point X="120" Y="191" T="118920094" />
  <Point X="122" Y="189" T="118920107" />
  <Point X="124" Y="187" T="118920123" />
  <Point X="125" Y="184" T="118920136" />
  <Point X="127" Y="182" T="118920155" />
  <Point X="127" Y="180" T="118920169" />
  <Point X="129" Y="178" T="118920183" />
  <Point X="131" Y="176" T="118920199" />
  <Point X="132" Y="173" T="118920214" />
  <Point X="132" Y="171" T="118920229" />
  <Point X="133" Y="169" T="118920247" />
  <Point X="134" Y="167" T="118920264" />
  <Point X="134" Y="165" T="118920284" />
  <Point X="134" Y="163" T="118920308" />
  <Point X="134" Y="161" T="118920324" />
  <Point X="133" Y="159" T="118920357" />
  <Point X="132" Y="157" T="118920385" />
  <Point X="130" Y="156" T="118920420" />
  <Point X="128" Y="156" T="118920445" />
  <Point X="126" Y="157" T="118920465" />
  <Point X="124" Y="157" T="118920485" />
  <Point X="122" Y="159" T="118920502" />
  <Point X="120" Y="158" T="118920520" />
  <Point X="117" Y="160" T="118920538" />
  <Point X="115" Y="162" T="118920556" />
  <Point X="113" Y="163" T="118920574" />
  <Point X="112" Y="165" T="118920594" />
  <Point X="108" Y="168" T="118920613" />
  <Point X="106" Y="170" T="118920632" />
  <Point X="104" Y="172" T="118920651" />
  <Point X="103" Y="174" T="118920671" />
  <Point X="100" Y="179" T="118920690" />
  <Point X="99" Y="182" T="118920710" />
  <Point X="97" Y="186" T="118920730" />
  <Point X="96" Y="189" T="118920751" />
  <Point X="95" Y="191" T="118920771" />
  <Point X="94" Y="195" T="118920793" />
  <Point X="91" Y="201" T="118920814" />
  <Point X="90" Y="203" T="118920835" />
  <Point X="89" Y="208" T="118920856" />
  <Point X="88" Y="212" T="118920878" />
  <Point X="87" Y="215" T="118920900" />
  <Point X="86" Y="219" T="118920922" />
  <Point X="85" Y="224" T="118920944" />
  <Point X="84" Y="227" T="118920970" />
  <Point X="84" Y="229" T="118920993" />
  <Point X="84" Y="234" T="118921016" />
  <Point X="85" Y="236" T="118921039" />
  <Point X="85" Y="238" T="118921063" />
  <Point X="87" Y="240" T="118921089" />
  <Point X="87" Y="242" T="118921113" />
  <Point X="91" Y="246" T="118921136" />
  <Point X="93" Y="248" T="118921161" />
  <Point X="95" Y="249" T="118921185" />
  <Point X="99" Y="249" T="118921210" />
  <Point X="101" Y="251" T="118921234" />
  <Point X="105" Y="251" T="118921263" />
  <Point X="107" Y="251" T="118921292" />
  <Point X="112" Y="252" T="118921322" />
  <Point X="114" Y="252" T="118921348" />
  <Point X="119" Y="251" T="118921374" />
  <Point X="121" Y="251" T="118921399" />
  <Point X="123" Y="252" T="118921425" />
  <Point X="126" Y="251" T="118921426" />
  <Point X="130" Y="251" T="118921453" />
  <Point X="134" Y="250" T="118921480" />
  <Point X="139" Y="248" T="118921507" />
  <Point X="146" Y="246" T="118921535" />
  <Point X="155" Y="244" T="118921563" />
  <Point X="162" Y="242" T="118921591" />
  <Point X="169" Y="241" T="118921619" />
  <Point X="178" Y="239" T="118921647" />
</Gesture>