﻿<?xml version="1.0" encoding="utf-8" standalone="yes"?>
<Gesture Name="pigtail10" Subject="5" Speed="slow" Number="10" NumPts="117" Millseconds="2403" AppName="Gestures" AppVer="3.7.0.0" Date="Friday, March 09, 2007" TimeOfDay="9:40:28 PM">
  <Point X="61" Y="245" T="118939930" />
  <Point X="63" Y="245" T="118939962" />
  <Point X="65" Y="246" T="118939986" />
  <Point X="67" Y="246" T="118940007" />
  <Point X="70" Y="245" T="118940027" />
  <Point X="72" Y="244" T="118940044" />
  <Point X="74" Y="244" T="118940060" />
  <Point X="77" Y="243" T="118940076" />
  <Point X="79" Y="242" T="118940092" />
  <Point X="82" Y="242" T="118940108" />
  <Point X="84" Y="240" T="118940120" />
  <Point X="86" Y="239" T="118940131" />
  <Point X="88" Y="238" T="118940147" />
  <Point X="90" Y="237" T="118940159" />
  <Point X="93" Y="235" T="118940172" />
  <Point X="95" Y="235" T="118940185" />
  <Point X="97" Y="234" T="118940198" />
  <Point X="99" Y="233" T="118940210" />
  <Point X="101" Y="231" T="118940223" />
  <Point X="104" Y="230" T="118940234" />
  <Point X="106" Y="229" T="118940246" />
  <Point X="108" Y="227" T="118940263" />
  <Point X="110" Y="227" T="118940275" />
  <Point X="112" Y="225" T="118940287" />
  <Point X="114" Y="224" T="118940300" />
  <Point X="116" Y="222" T="118940312" />
  <Point X="118" Y="221" T="118940324" />
  <Point X="120" Y="219" T="118940334" />
  <Point X="122" Y="217" T="118940345" />
  <Point X="124" Y="216" T="118940360" />
  <Point X="126" Y="213" T="118940376" />
  <Point X="128" Y="211" T="118940392" />
  <Point X="130" Y="209" T="118940413" />
  <Point X="131" Y="207" T="118940429" />
  <Point X="133" Y="205" T="118940450" />
  <Point X="135" Y="203" T="118940471" />
  <Point X="137" Y="200" T="118940490" />
  <Point X="138" Y="198" T="118940507" />
  <Point X="140" Y="197" T="118940531" />
  <Point X="142" Y="195" T="118940551" />
  <Point X="143" Y="193" T="118940564" />
  <Point X="145" Y="191" T="118940587" />
  <Point X="146" Y="188" T="118940608" />
  <Point X="147" Y="186" T="118940632" />
  <Point X="148" Y="184" T="118940646" />
  <Point X="149" Y="182" T="118940668" />
  <Point X="150" Y="179" T="118940688" />
  <Point X="151" Y="177" T="118940704" />
  <Point X="152" Y="175" T="118940724" />
  <Point X="152" Y="172" T="118940748" />
  <Point X="152" Y="170" T="118940780" />
  <Point X="152" Y="168" T="118940812" />
  <Point X="151" Y="166" T="118940837" />
  <Point X="150" Y="164" T="118940861" />
  <Point X="149" Y="161" T="118940885" />
  <Point X="147" Y="160" T="118940937" />
  <Point X="145" Y="159" T="118940969" />
  <Point X="143" Y="159" T="118941002" />
  <Point X="141" Y="159" T="118941021" />
  <Point X="138" Y="159" T="118941042" />
  <Point X="136" Y="161" T="118941059" />
  <Point X="134" Y="162" T="118941076" />
  <Point X="132" Y="162" T="118941094" />
  <Point X="130" Y="164" T="118941114" />
  <Point X="128" Y="165" T="118941132" />
  <Point X="126" Y="166" T="118941151" />
  <Point X="123" Y="167" T="118941170" />
  <Point X="122" Y="169" T="118941188" />
  <Point X="120" Y="170" T="118941207" />
  <Point X="118" Y="172" T="118941226" />
  <Point X="116" Y="174" T="118941245" />
  <Point X="113" Y="176" T="118941265" />
  <Point X="112" Y="179" T="118941286" />
  <Point X="110" Y="181" T="118941287" />
  <Point X="108" Y="183" T="118941307" />
  <Point X="107" Y="186" T="118941328" />
  <Point X="104" Y="190" T="118941349" />
  <Point X="102" Y="194" T="118941371" />
  <Point X="101" Y="199" T="118941392" />
  <Point X="101" Y="201" T="118941414" />
  <Point X="100" Y="203" T="118941415" />
  <Point X="98" Y="207" T="118941437" />
  <Point X="97" Y="212" T="118941459" />
  <Point X="96" Y="214" T="118941484" />
  <Point X="95" Y="220" T="118941506" />
  <Point X="94" Y="222" T="118941529" />
  <Point X="94" Y="226" T="118941551" />
  <Point X="94" Y="229" T="118941574" />
  <Point X="95" Y="232" T="118941597" />
  <Point X="96" Y="234" T="118941621" />
  <Point X="96" Y="238" T="118941644" />
  <Point X="98" Y="241" T="118941670" />
  <Point X="99" Y="243" T="118941698" />
  <Point X="100" Y="245" T="118941722" />
  <Point X="102" Y="247" T="118941746" />
  <Point X="104" Y="249" T="118941771" />
  <Point X="106" Y="250" T="118941796" />
  <Point X="108" Y="251" T="118941823" />
  <Point X="112" Y="252" T="118941848" />
  <Point X="114" Y="252" T="118941874" />
  <Point X="118" Y="252" T="118941900" />
  <Point X="120" Y="252" T="118941930" />
  <Point X="125" Y="252" T="118941957" />
  <Point X="129" Y="252" T="118941984" />
  <Point X="133" Y="252" T="118942015" />
  <Point X="137" Y="252" T="118942043" />
  <Point X="141" Y="250" T="118942070" />
  <Point X="146" Y="250" T="118942097" />
  <Point X="153" Y="249" T="118942127" />
  <Point X="158" Y="248" T="118942154" />
  <Point X="165" Y="247" T="118942182" />
  <Point X="170" Y="244" T="118942214" />
  <Point X="178" Y="241" T="118942242" />
  <Point X="180" Y="239" T="118942243" />
  <Point X="187" Y="238" T="118942272" />
  <Point X="192" Y="236" T="118942301" />
  <Point X="199" Y="232" T="118942333" />
</Gesture>