﻿<?xml version="1.0" encoding="utf-8" standalone="yes"?>
<Gesture Name="pigtail02" Subject="5" Speed="slow" Number="2" NumPts="115" Millseconds="2389" AppName="Gestures" AppVer="3.7.0.0" Date="Friday, March 09, 2007" TimeOfDay="9:40:00 PM">
  <Point X="55" Y="235" T="118911824" />
  <Point X="56" Y="233" T="118911836" />
  <Point X="58" Y="233" T="118911853" />
  <Point X="60" Y="233" T="118911872" />
  <Point X="62" Y="231" T="118911893" />
  <Point X="64" Y="230" T="118911917" />
  <Point X="66" Y="229" T="118911937" />
  <Point X="68" Y="227" T="118911953" />
  <Point X="69" Y="225" T="118911966" />
  <Point X="71" Y="224" T="118911986" />
  <Point X="73" Y="223" T="118912002" />
  <Point X="76" Y="221" T="118912019" />
  <Point X="78" Y="220" T="118912035" />
  <Point X="80" Y="218" T="118912052" />
  <Point X="82" Y="218" T="118912068" />
  <Point X="84" Y="216" T="118912085" />
  <Point X="87" Y="215" T="118912106" />
  <Point X="88" Y="213" T="118912118" />
  <Point X="90" Y="212" T="118912134" />
  <Point X="92" Y="209" T="118912146" />
  <Point X="95" Y="208" T="118912163" />
  <Point X="97" Y="206" T="118912175" />
  <Point X="99" Y="205" T="118912191" />
  <Point X="101" Y="203" T="118912207" />
  <Point X="104" Y="202" T="118912224" />
  <Point X="105" Y="200" T="118912234" />
  <Point X="107" Y="198" T="118912249" />
  <Point X="109" Y="196" T="118912265" />
  <Point X="111" Y="194" T="118912277" />
  <Point X="113" Y="192" T="118912297" />
  <Point X="115" Y="190" T="118912317" />
  <Point X="117" Y="187" T="118912333" />
  <Point X="119" Y="185" T="118912350" />
  <Point X="120" Y="183" T="118912363" />
  <Point X="121" Y="181" T="118912384" />
  <Point X="122" Y="179" T="118912396" />
  <Point X="123" Y="176" T="118912415" />
  <Point X="123" Y="174" T="118912431" />
  <Point X="124" Y="172" T="118912447" />
  <Point X="125" Y="169" T="118912475" />
  <Point X="125" Y="167" T="118912499" />
  <Point X="125" Y="165" T="118912512" />
  <Point X="126" Y="163" T="118912535" />
  <Point X="126" Y="161" T="118912551" />
  <Point X="126" Y="158" T="118912568" />
  <Point X="126" Y="156" T="118912582" />
  <Point X="126" Y="154" T="118912596" />
  <Point X="126" Y="152" T="118912619" />
  <Point X="125" Y="150" T="118912655" />
  <Point X="125" Y="148" T="118912675" />
  <Point X="123" Y="147" T="118912715" />
  <Point X="120" Y="146" T="118912744" />
  <Point X="118" Y="147" T="118912769" />
  <Point X="116" Y="147" T="118912801" />
  <Point X="114" Y="148" T="118912837" />
  <Point X="112" Y="150" T="118912879" />
  <Point X="111" Y="152" T="118912895" />
  <Point X="109" Y="154" T="118912918" />
  <Point X="108" Y="156" T="118912935" />
  <Point X="106" Y="159" T="118912952" />
  <Point X="104" Y="161" T="118912970" />
  <Point X="102" Y="164" T="118912987" />
  <Point X="101" Y="166" T="118913005" />
  <Point X="97" Y="172" T="118913023" />
  <Point X="96" Y="175" T="118913041" />
  <Point X="94" Y="177" T="118913059" />
  <Point X="93" Y="182" T="118913079" />
  <Point X="92" Y="184" T="118913097" />
  <Point X="89" Y="189" T="118913116" />
  <Point X="88" Y="193" T="118913136" />
  <Point X="86" Y="196" T="118913155" />
  <Point X="85" Y="199" T="118913175" />
  <Point X="84" Y="204" T="118913195" />
  <Point X="84" Y="206" T="118913215" />
  <Point X="83" Y="210" T="118913235" />
  <Point X="82" Y="215" T="118913256" />
  <Point X="81" Y="220" T="118913277" />
  <Point X="81" Y="222" T="118913298" />
  <Point X="81" Y="226" T="118913321" />
  <Point X="81" Y="229" T="118913343" />
  <Point X="81" Y="233" T="118913364" />
  <Point X="81" Y="235" T="118913386" />
  <Point X="82" Y="237" T="118913407" />
  <Point X="83" Y="240" T="118913430" />
  <Point X="84" Y="242" T="118913452" />
  <Point X="85" Y="244" T="118913474" />
  <Point X="86" Y="246" T="118913498" />
  <Point X="87" Y="248" T="118913521" />
  <Point X="89" Y="249" T="118913554" />
  <Point X="91" Y="250" T="118913586" />
  <Point X="93" Y="252" T="118913614" />
  <Point X="95" Y="252" T="118913637" />
  <Point X="97" Y="253" T="118913661" />
  <Point X="99" Y="251" T="118913686" />
  <Point X="101" Y="253" T="118913711" />
  <Point X="103" Y="251" T="118913735" />
  <Point X="105" Y="251" T="118913760" />
  <Point X="107" Y="250" T="118913785" />
  <Point X="110" Y="249" T="118913810" />
  <Point X="114" Y="248" T="118913858" />
  <Point X="116" Y="247" T="118913884" />
  <Point X="118" Y="246" T="118913909" />
  <Point X="120" Y="244" T="118913934" />
  <Point X="122" Y="244" T="118913963" />
  <Point X="124" Y="243" T="118913989" />
  <Point X="126" Y="241" T="118914015" />
  <Point X="128" Y="239" T="118914041" />
  <Point X="132" Y="237" T="118914068" />
  <Point X="139" Y="232" T="118914095" />
  <Point X="142" Y="231" T="118914122" />
  <Point X="144" Y="231" T="118914123" />
  <Point X="148" Y="227" T="118914152" />
  <Point X="152" Y="224" T="118914182" />
  <Point X="155" Y="222" T="118914184" />
  <Point X="159" Y="220" T="118914213" />
</Gesture>