﻿<?xml version="1.0" encoding="utf-8" standalone="yes"?>
<Gesture Name="pigtail03" Subject="5" Speed="slow" Number="3" NumPts="119" Millseconds="2448" AppName="Gestures" AppVer="3.7.0.0" Date="Friday, March 09, 2007" TimeOfDay="9:40:04 PM">
  <Point X="35" Y="245" T="118915658" />
  <Point X="37" Y="244" T="118915673" />
  <Point X="40" Y="243" T="118915689" />
  <Point X="43" Y="241" T="118915702" />
  <Point X="45" Y="240" T="118915718" />
  <Point X="47" Y="240" T="118915730" />
  <Point X="49" Y="239" T="118915742" />
  <Point X="51" Y="239" T="118915754" />
  <Point X="53" Y="237" T="118915766" />
  <Point X="56" Y="237" T="118915778" />
  <Point X="58" Y="235" T="118915790" />
  <Point X="60" Y="235" T="118915802" />
  <Point X="62" Y="233" T="118915814" />
  <Point X="64" Y="232" T="118915830" />
  <Point X="66" Y="231" T="118915843" />
  <Point X="68" Y="229" T="118915855" />
  <Point X="70" Y="228" T="118915868" />
  <Point X="72" Y="227" T="118915884" />
  <Point X="74" Y="226" T="118915896" />
  <Point X="76" Y="225" T="118915908" />
  <Point X="79" Y="225" T="118915920" />
  <Point X="80" Y="222" T="118915932" />
  <Point X="83" Y="222" T="118915943" />
  <Point X="85" Y="222" T="118915960" />
  <Point X="87" Y="219" T="118915972" />
  <Point X="89" Y="219" T="118915988" />
  <Point X="90" Y="217" T="118916000" />
  <Point X="92" Y="217" T="118916016" />
  <Point X="93" Y="215" T="118916028" />
  <Point X="95" Y="213" T="118916044" />
  <Point X="97" Y="212" T="118916060" />
  <Point X="99" Y="211" T="118916080" />
  <Point X="101" Y="209" T="118916092" />
  <Point X="103" Y="208" T="118916109" />
  <Point X="105" Y="206" T="118916121" />
  <Point X="107" Y="204" T="118916138" />
  <Point X="109" Y="203" T="118916154" />
  <Point X="110" Y="201" T="118916166" />
  <Point X="113" Y="198" T="118916182" />
  <Point X="114" Y="196" T="118916198" />
  <Point X="116" Y="194" T="118916219" />
  <Point X="118" Y="192" T="118916243" />
  <Point X="118" Y="190" T="118916256" />
  <Point X="120" Y="187" T="118916271" />
  <Point X="122" Y="185" T="118916295" />
  <Point X="123" Y="183" T="118916309" />
  <Point X="125" Y="181" T="118916328" />
  <Point X="126" Y="179" T="118916342" />
  <Point X="128" Y="177" T="118916357" />
  <Point X="130" Y="175" T="118916381" />
  <Point X="131" Y="173" T="118916405" />
  <Point X="131" Y="171" T="118916420" />
  <Point X="132" Y="169" T="118916436" />
  <Point X="133" Y="167" T="118916453" />
  <Point X="134" Y="164" T="118916470" />
  <Point X="134" Y="162" T="118916488" />
  <Point X="134" Y="160" T="118916512" />
  <Point X="133" Y="158" T="118916548" />
  <Point X="133" Y="155" T="118916575" />
  <Point X="131" Y="155" T="118916631" />
  <Point X="129" Y="152" T="118916659" />
  <Point X="127" Y="153" T="118916687" />
  <Point X="125" Y="152" T="118916719" />
  <Point X="123" Y="153" T="118916743" />
  <Point X="121" Y="154" T="118916767" />
  <Point X="119" Y="154" T="118916791" />
  <Point X="117" Y="157" T="118916811" />
  <Point X="115" Y="157" T="118916832" />
  <Point X="111" Y="161" T="118916854" />
  <Point X="109" Y="163" T="118916876" />
  <Point X="107" Y="165" T="118916896" />
  <Point X="105" Y="167" T="118916916" />
  <Point X="103" Y="169" T="118916935" />
  <Point X="101" Y="173" T="118916956" />
  <Point X="99" Y="175" T="118916982" />
  <Point X="99" Y="177" T="118917002" />
  <Point X="96" Y="182" T="118917023" />
  <Point X="94" Y="184" T="118917044" />
  <Point X="93" Y="187" T="118917065" />
  <Point X="92" Y="190" T="118917086" />
  <Point X="89" Y="194" T="118917108" />
  <Point X="88" Y="197" T="118917129" />
  <Point X="87" Y="202" T="118917151" />
  <Point X="86" Y="204" T="118917174" />
  <Point X="85" Y="209" T="118917199" />
  <Point X="84" Y="211" T="118917222" />
  <Point X="83" Y="214" T="118917245" />
  <Point X="81" Y="219" T="118917268" />
  <Point X="81" Y="221" T="118917291" />
  <Point X="80" Y="225" T="118917315" />
  <Point X="79" Y="229" T="118917339" />
  <Point X="78" Y="231" T="118917362" />
  <Point X="78" Y="234" T="118917387" />
  <Point X="78" Y="238" T="118917412" />
  <Point X="78" Y="240" T="118917436" />
  <Point X="78" Y="245" T="118917461" />
  <Point X="80" Y="247" T="118917503" />
  <Point X="81" Y="249" T="118917528" />
  <Point X="83" Y="251" T="118917553" />
  <Point X="85" Y="252" T="118917578" />
  <Point X="87" Y="252" T="118917607" />
  <Point X="89" Y="252" T="118917632" />
  <Point X="91" Y="252" T="118917659" />
  <Point X="93" Y="252" T="118917685" />
  <Point X="95" Y="251" T="118917714" />
  <Point X="97" Y="251" T="118917740" />
  <Point X="102" Y="249" T="118917767" />
  <Point X="104" Y="249" T="118917794" />
  <Point X="106" Y="247" T="118917822" />
  <Point X="110" Y="247" T="118917849" />
  <Point X="114" Y="244" T="118917877" />
  <Point X="117" Y="242" T="118917905" />
  <Point X="119" Y="242" T="118917933" />
  <Point X="123" Y="239" T="118917961" />
  <Point X="125" Y="238" T="118917990" />
  <Point X="129" Y="235" T="118918018" />
  <Point X="133" Y="232" T="118918048" />
  <Point X="137" Y="229" T="118918077" />
  <Point X="139" Y="227" T="118918106" />
</Gesture>