﻿<?xml version="1.0" encoding="utf-8" standalone="yes"?>
<Gesture Name="pigtail09" Subject="5" Speed="slow" Number="9" NumPts="120" Millseconds="2475" AppName="Gestures" AppVer="3.7.0.0" Date="Friday, March 09, 2007" TimeOfDay="9:40:25 PM">
  <Point X="48" Y="242" T="118936361" />
  <Point X="50" Y="241" T="118936376" />
  <Point X="52" Y="240" T="118936392" />
  <Point X="55" Y="239" T="118936409" />
  <Point X="57" Y="240" T="118936425" />
  <Point X="59" Y="238" T="118936438" />
  <Point X="61" Y="237" T="118936450" />
  <Point X="63" Y="236" T="118936462" />
  <Point X="66" Y="235" T="118936474" />
  <Point X="68" Y="234" T="118936486" />
  <Point X="71" Y="233" T="118936502" />
  <Point X="73" Y="232" T="118936514" />
  <Point X="76" Y="231" T="118936526" />
  <Point X="79" Y="229" T="118936538" />
  <Point X="81" Y="229" T="118936551" />
  <Point X="83" Y="226" T="118936563" />
  <Point X="85" Y="227" T="118936576" />
  <Point X="88" Y="225" T="118936587" />
  <Point X="90" Y="223" T="118936600" />
  <Point X="92" Y="222" T="118936612" />
  <Point X="94" Y="220" T="118936624" />
  <Point X="97" Y="219" T="118936636" />
  <Point X="99" Y="217" T="118936648" />
  <Point X="102" Y="215" T="118936660" />
  <Point X="105" Y="214" T="118936671" />
  <Point X="107" Y="212" T="118936684" />
  <Point X="109" Y="211" T="118936696" />
  <Point X="111" Y="209" T="118936708" />
  <Point X="113" Y="206" T="118936724" />
  <Point X="115" Y="204" T="118936740" />
  <Point X="117" Y="202" T="118936760" />
  <Point X="118" Y="198" T="118936780" />
  <Point X="120" Y="196" T="118936805" />
  <Point X="121" Y="194" T="118936821" />
  <Point X="123" Y="192" T="118936837" />
  <Point X="124" Y="189" T="118936850" />
  <Point X="126" Y="186" T="118936873" />
  <Point X="127" Y="184" T="118936886" />
  <Point X="128" Y="182" T="118936905" />
  <Point X="128" Y="180" T="118936933" />
  <Point X="129" Y="177" T="118936949" />
  <Point X="129" Y="175" T="118936973" />
  <Point X="129" Y="173" T="118936986" />
  <Point X="129" Y="170" T="118937018" />
  <Point X="129" Y="168" T="118937045" />
  <Point X="129" Y="166" T="118937073" />
  <Point X="129" Y="164" T="118937101" />
  <Point X="128" Y="162" T="118937121" />
  <Point X="126" Y="160" T="118937165" />
  <Point X="124" Y="160" T="118937201" />
  <Point X="122" Y="158" T="118937242" />
  <Point X="120" Y="159" T="118937273" />
  <Point X="118" Y="159" T="118937297" />
  <Point X="116" Y="159" T="118937318" />
  <Point X="114" Y="161" T="118937338" />
  <Point X="112" Y="161" T="118937359" />
  <Point X="110" Y="162" T="118937376" />
  <Point X="108" Y="163" T="118937392" />
  <Point X="106" Y="165" T="118937411" />
  <Point X="103" Y="166" T="118937431" />
  <Point X="101" Y="167" T="118937448" />
  <Point X="99" Y="169" T="118937467" />
  <Point X="98" Y="171" T="118937485" />
  <Point X="96" Y="172" T="118937503" />
  <Point X="95" Y="174" T="118937521" />
  <Point X="92" Y="177" T="118937543" />
  <Point X="91" Y="179" T="118937562" />
  <Point X="90" Y="181" T="118937580" />
  <Point X="89" Y="183" T="118937600" />
  <Point X="88" Y="185" T="118937618" />
  <Point X="87" Y="188" T="118937638" />
  <Point X="86" Y="190" T="118937657" />
  <Point X="85" Y="192" T="118937677" />
  <Point X="82" Y="197" T="118937697" />
  <Point X="82" Y="199" T="118937717" />
  <Point X="81" Y="201" T="118937737" />
  <Point X="80" Y="206" T="118937758" />
  <Point X="80" Y="208" T="118937780" />
  <Point X="80" Y="210" T="118937800" />
  <Point X="80" Y="212" T="118937822" />
  <Point X="80" Y="217" T="118937846" />
  <Point X="80" Y="219" T="118937847" />
  <Point X="80" Y="221" T="118937871" />
  <Point X="80" Y="224" T="118937893" />
  <Point X="80" Y="226" T="118937916" />
  <Point X="80" Y="228" T="118937938" />
  <Point X="81" Y="230" T="118937961" />
  <Point X="81" Y="232" T="118937984" />
  <Point X="82" Y="235" T="118938007" />
  <Point X="82" Y="237" T="118938031" />
  <Point X="83" Y="239" T="118938055" />
  <Point X="84" Y="241" T="118938080" />
  <Point X="85" Y="245" T="118938104" />
  <Point X="87" Y="245" T="118938140" />
  <Point X="89" Y="247" T="118938169" />
  <Point X="91" Y="248" T="118938193" />
  <Point X="93" Y="249" T="118938218" />
  <Point X="95" Y="250" T="118938243" />
  <Point X="97" Y="251" T="118938268" />
  <Point X="101" Y="251" T="118938294" />
  <Point X="103" Y="251" T="118938319" />
  <Point X="108" Y="252" T="118938345" />
  <Point X="112" Y="252" T="118938374" />
  <Point X="117" Y="252" T="118938401" />
  <Point X="121" Y="251" T="118938427" />
  <Point X="126" Y="251" T="118938454" />
  <Point X="133" Y="250" T="118938481" />
  <Point X="138" Y="250" T="118938509" />
  <Point X="142" Y="249" T="118938536" />
  <Point X="146" Y="248" T="118938564" />
  <Point X="156" Y="246" T="118938593" />
  <Point X="161" Y="244" T="118938621" />
  <Point X="166" Y="241" T="118938650" />
  <Point X="174" Y="239" T="118938679" />
  <Point X="179" Y="236" T="118938708" />
  <Point X="186" Y="232" T="118938737" />
  <Point X="192" Y="227" T="118938770" />
  <Point X="197" Y="227" T="118938804" />
  <Point X="199" Y="225" T="118938806" />
  <Point X="204" Y="223" T="118938836" />
</Gesture>