﻿<?xml version="1.0" encoding="utf-8" standalone="yes"?>
<Gesture Name="pigtail01" Subject="5" Speed="slow" Number="1" NumPts="127" Millseconds="2896" AppName="Gestures" AppVer="3.7.0.0" Date="Friday, March 09, 2007" TimeOfDay="9:39:57 PM">
  <Point X="43" Y="236" T="118907654" />
  <Point X="45" Y="237" T="118907726" />
  <Point X="48" Y="235" T="118907747" />
  <Point X="50" Y="234" T="118907763" />
  <Point X="52" Y="234" T="118907783" />
  <Point X="54" Y="233" T="118907807" />
  <Point X="56" Y="232" T="118907828" />
  <Point X="58" Y="232" T="118907848" />
  <Point X="60" Y="230" T="118907868" />
  <Point X="63" Y="230" T="118907888" />
  <Point X="65" Y="229" T="118907904" />
  <Point X="67" Y="228" T="118907924" />
  <Point X="69" Y="226" T="118907940" />
  <Point X="71" Y="225" T="118907961" />
  <Point X="73" Y="225" T="118907978" />
  <Point X="75" Y="223" T="118907994" />
  <Point X="78" Y="221" T="118908010" />
  <Point X="80" Y="221" T="118908022" />
  <Point X="82" Y="220" T="118908038" />
  <Point X="84" Y="219" T="118908054" />
  <Point X="87" Y="218" T="118908071" />
  <Point X="89" Y="215" T="118908095" />
  <Point X="91" Y="215" T="118908116" />
  <Point X="93" Y="214" T="118908132" />
  <Point X="94" Y="212" T="118908144" />
  <Point X="96" Y="211" T="118908161" />
  <Point X="98" Y="209" T="118908181" />
  <Point X="100" Y="206" T="118908198" />
  <Point X="102" Y="206" T="118908218" />
  <Point X="103" Y="204" T="118908229" />
  <Point X="105" Y="202" T="118908250" />
  <Point X="107" Y="200" T="118908267" />
  <Point X="109" Y="198" T="118908287" />
  <Point X="111" Y="195" T="118908300" />
  <Point X="113" Y="194" T="118908318" />
  <Point X="115" Y="192" T="118908330" />
  <Point X="117" Y="190" T="118908342" />
  <Point X="119" Y="188" T="118908367" />
  <Point X="120" Y="186" T="118908387" />
  <Point X="121" Y="183" T="118908403" />
  <Point X="123" Y="181" T="118908431" />
  <Point X="124" Y="179" T="118908448" />
  <Point X="125" Y="177" T="118908462" />
  <Point X="126" Y="175" T="118908481" />
  <Point X="128" Y="173" T="118908505" />
  <Point X="129" Y="170" T="118908530" />
  <Point X="130" Y="168" T="118908547" />
  <Point X="131" Y="165" T="118908566" />
  <Point X="132" Y="163" T="118908582" />
  <Point X="133" Y="161" T="118908606" />
  <Point X="134" Y="159" T="118908637" />
  <Point X="134" Y="157" T="118908652" />
  <Point X="135" Y="155" T="118908673" />
  <Point X="135" Y="152" T="118908714" />
  <Point X="134" Y="150" T="118908752" />
  <Point X="133" Y="148" T="118908787" />
  <Point X="131" Y="148" T="118908828" />
  <Point X="129" Y="147" T="118908867" />
  <Point X="127" Y="147" T="118908919" />
  <Point X="125" Y="147" T="118908956" />
  <Point X="123" Y="148" T="118908983" />
  <Point X="121" Y="149" T="118909008" />
  <Point X="119" Y="150" T="118909028" />
  <Point X="117" Y="151" T="118909047" />
  <Point X="115" Y="152" T="118909067" />
  <Point X="113" Y="154" T="118909087" />
  <Point X="111" Y="156" T="118909111" />
  <Point X="109" Y="156" T="118909136" />
  <Point X="107" Y="159" T="118909155" />
  <Point X="106" Y="161" T="118909174" />
  <Point X="104" Y="164" T="118909195" />
  <Point X="102" Y="167" T="118909220" />
  <Point X="101" Y="169" T="118909240" />
  <Point X="99" Y="171" T="118909241" />
  <Point X="99" Y="173" T="118909261" />
  <Point X="97" Y="176" T="118909281" />
  <Point X="95" Y="179" T="118909302" />
  <Point X="94" Y="181" T="118909323" />
  <Point X="92" Y="185" T="118909344" />
  <Point X="91" Y="187" T="118909365" />
  <Point X="89" Y="191" T="118909387" />
  <Point X="88" Y="194" T="118909409" />
  <Point X="88" Y="196" T="118909431" />
  <Point X="86" Y="201" T="118909453" />
  <Point X="85" Y="203" T="118909475" />
  <Point X="83" Y="208" T="118909497" />
  <Point X="82" Y="210" T="118909520" />
  <Point X="82" Y="212" T="118909543" />
  <Point X="81" Y="215" T="118909567" />
  <Point X="80" Y="219" T="118909590" />
  <Point X="80" Y="223" T="118909617" />
  <Point X="79" Y="225" T="118909645" />
  <Point X="79" Y="227" T="118909673" />
  <Point X="79" Y="232" T="118909698" />
  <Point X="79" Y="234" T="118909722" />
  <Point X="78" Y="237" T="118909747" />
  <Point X="78" Y="239" T="118909772" />
  <Point X="79" Y="241" T="118909797" />
  <Point X="80" Y="243" T="118909824" />
  <Point X="82" Y="244" T="118909853" />
  <Point X="84" Y="245" T="118909881" />
  <Point X="86" Y="245" T="118909908" />
  <Point X="89" Y="244" T="118909941" />
  <Point X="91" Y="244" T="118909967" />
  <Point X="93" Y="243" T="118909993" />
  <Point X="95" Y="243" T="118910020" />
  <Point X="97" Y="243" T="118910048" />
  <Point X="101" Y="243" T="118910075" />
  <Point X="103" Y="242" T="118910102" />
  <Point X="108" Y="240" T="118910130" />
  <Point X="110" Y="239" T="118910161" />
  <Point X="112" Y="238" T="118910162" />
  <Point X="114" Y="239" T="118910189" />
  <Point X="116" Y="237" T="118910218" />
  <Point X="121" Y="234" T="118910247" />
  <Point X="123" Y="233" T="118910276" />
  <Point X="125" Y="231" T="118910304" />
  <Point X="127" Y="230" T="118910305" />
  <Point X="130" Y="229" T="118910335" />
  <Point X="132" Y="227" T="118910364" />
  <Point X="134" Y="226" T="118910394" />
  <Point X="136" Y="225" T="118910424" />
  <Point X="138" Y="223" T="118910425" />
  <Point X="140" Y="222" T="118910456" />
  <Point X="142" Y="220" T="118910486" />
  <Point X="146" Y="217" T="118910517" />
  <Point X="149" Y="215" T="118910550" />
</Gesture>