﻿<?xml version="1.0" encoding="utf-8" standalone="yes"?>
<Gesture Name="pigtail05" Subject="5" Speed="slow" Number="5" NumPts="114" Millseconds="2192" AppName="Gestures" AppVer="3.7.0.0" Date="Friday, March 09, 2007" TimeOfDay="9:40:11 PM">
  <Point X="61" Y="237" T="118922656" />
  <Point X="61" Y="239" T="118922668" />
  <Point X="63" Y="239" T="118922697" />
  <Point X="65" Y="237" T="118922720" />
  <Point X="67" Y="238" T="118922737" />
  <Point X="69" Y="238" T="118922753" />
  <Point X="72" Y="236" T="118922773" />
  <Point X="74" Y="236" T="118922789" />
  <Point X="76" Y="235" T="118922805" />
  <Point X="78" Y="235" T="118922826" />
  <Point X="80" Y="233" T="118922843" />
  <Point X="83" Y="232" T="118922859" />
  <Point X="85" Y="230" T="118922875" />
  <Point X="87" Y="231" T="118922887" />
  <Point X="89" Y="229" T="118922900" />
  <Point X="92" Y="229" T="118922917" />
  <Point X="94" Y="227" T="118922930" />
  <Point X="96" Y="227" T="118922942" />
  <Point X="98" Y="226" T="118922954" />
  <Point X="101" Y="223" T="118922966" />
  <Point X="103" Y="223" T="118922979" />
  <Point X="105" Y="222" T="118922990" />
  <Point X="107" Y="221" T="118923003" />
  <Point X="109" Y="220" T="118923014" />
  <Point X="111" Y="219" T="118923027" />
  <Point X="113" Y="217" T="118923039" />
  <Point X="115" Y="215" T="118923051" />
  <Point X="117" Y="214" T="118923063" />
  <Point X="120" Y="212" T="118923080" />
  <Point X="122" Y="210" T="118923092" />
  <Point X="124" Y="208" T="118923104" />
  <Point X="125" Y="206" T="118923115" />
  <Point X="127" Y="204" T="118923128" />
  <Point X="129" Y="203" T="118923141" />
  <Point X="131" Y="201" T="118923152" />
  <Point X="134" Y="198" T="118923168" />
  <Point X="135" Y="196" T="118923180" />
  <Point X="137" Y="194" T="118923196" />
  <Point X="139" Y="192" T="118923217" />
  <Point X="140" Y="190" T="118923232" />
  <Point X="142" Y="188" T="118923248" />
  <Point X="143" Y="185" T="118923265" />
  <Point X="145" Y="183" T="118923285" />
  <Point X="147" Y="181" T="118923305" />
  <Point X="148" Y="178" T="118923319" />
  <Point X="150" Y="176" T="118923350" />
  <Point X="151" Y="174" T="118923366" />
  <Point X="153" Y="171" T="118923391" />
  <Point X="153" Y="169" T="118923412" />
  <Point X="154" Y="167" T="118923432" />
  <Point X="155" Y="165" T="118923448" />
  <Point X="156" Y="163" T="118923476" />
  <Point X="156" Y="161" T="118923491" />
  <Point X="156" Y="159" T="118923525" />
  <Point X="154" Y="157" T="118923577" />
  <Point X="154" Y="155" T="118923593" />
  <Point X="151" Y="156" T="118923620" />
  <Point X="149" Y="156" T="118923642" />
  <Point X="147" Y="157" T="118923663" />
  <Point X="145" Y="158" T="118923684" />
  <Point X="143" Y="159" T="118923704" />
  <Point X="141" Y="161" T="118923736" />
  <Point X="140" Y="163" T="118923760" />
  <Point X="139" Y="165" T="118923780" />
  <Point X="137" Y="166" T="118923804" />
  <Point X="135" Y="169" T="118923829" />
  <Point X="133" Y="170" T="118923849" />
  <Point X="131" Y="172" T="118923868" />
  <Point X="129" Y="174" T="118923887" />
  <Point X="127" Y="175" T="118923906" />
  <Point X="126" Y="178" T="118923925" />
  <Point X="124" Y="180" T="118923945" />
  <Point X="123" Y="182" T="118923965" />
  <Point X="121" Y="184" T="118923984" />
  <Point X="119" Y="189" T="118924005" />
  <Point X="118" Y="191" T="118924025" />
  <Point X="117" Y="195" T="118924046" />
  <Point X="115" Y="197" T="118924067" />
  <Point X="115" Y="200" T="118924068" />
  <Point X="114" Y="203" T="118924089" />
  <Point X="113" Y="205" T="118924111" />
  <Point X="111" Y="209" T="118924132" />
  <Point X="110" Y="214" T="118924155" />
  <Point X="110" Y="216" T="118924177" />
  <Point X="109" Y="220" T="118924200" />
  <Point X="109" Y="225" T="118924223" />
  <Point X="109" Y="228" T="118924245" />
  <Point X="109" Y="232" T="118924269" />
  <Point X="110" Y="234" T="118924292" />
  <Point X="110" Y="237" T="118924315" />
  <Point X="111" Y="239" T="118924339" />
  <Point X="113" Y="241" T="118924363" />
  <Point X="115" Y="242" T="118924387" />
  <Point X="115" Y="244" T="118924388" />
  <Point X="117" Y="244" T="118924413" />
  <Point X="119" Y="245" T="118924437" />
  <Point X="124" Y="245" T="118924463" />
  <Point X="126" Y="245" T="118924487" />
  <Point X="128" Y="245" T="118924488" />
  <Point X="130" Y="246" T="118924513" />
  <Point X="135" Y="246" T="118924539" />
  <Point X="140" Y="246" T="118924565" />
  <Point X="144" Y="245" T="118924591" />
  <Point X="148" Y="244" T="118924618" />
  <Point X="153" Y="243" T="118924645" />
  <Point X="157" Y="241" T="118924675" />
  <Point X="160" Y="240" T="118924676" />
  <Point X="166" Y="238" T="118924704" />
  <Point X="170" Y="237" T="118924732" />
  <Point X="173" Y="236" T="118924733" />
  <Point X="178" Y="233" T="118924761" />
  <Point X="185" Y="231" T="118924790" />
  <Point X="194" Y="227" T="118924819" />
  <Point X="201" Y="223" T="118924848" />
</Gesture>