﻿<?xml version="1.0" encoding="utf-8" standalone="yes"?>
<Gesture Name="pigtail07" Subject="5" Speed="slow" Number="7" NumPts="106" Millseconds="2149" AppName="Gestures" AppVer="3.7.0.0" Date="Friday, March 09, 2007" TimeOfDay="9:40:17 PM">
  <Point X="58" Y="239" T="118929003" />
  <Point X="60" Y="238" T="118929055" />
  <Point X="62" Y="237" T="118929095" />
  <Point X="64" Y="235" T="118929115" />
  <Point X="66" Y="235" T="118929132" />
  <Point X="68" Y="235" T="118929152" />
  <Point X="70" Y="234" T="118929172" />
  <Point X="72" Y="233" T="118929196" />
  <Point X="74" Y="232" T="118929212" />
  <Point X="76" Y="231" T="118929228" />
  <Point X="79" Y="230" T="118929245" />
  <Point X="81" Y="229" T="118929265" />
  <Point X="83" Y="228" T="118929285" />
  <Point X="85" Y="227" T="118929305" />
  <Point X="87" Y="226" T="118929322" />
  <Point X="89" Y="225" T="118929338" />
  <Point X="92" Y="223" T="118929355" />
  <Point X="94" Y="223" T="118929371" />
  <Point X="96" Y="223" T="118929391" />
  <Point X="98" Y="221" T="118929411" />
  <Point X="100" Y="218" T="118929427" />
  <Point X="102" Y="218" T="118929444" />
  <Point X="104" Y="216" T="118929460" />
  <Point X="105" Y="214" T="118929473" />
  <Point X="108" Y="213" T="118929488" />
  <Point X="109" Y="211" T="118929499" />
  <Point X="111" Y="210" T="118929512" />
  <Point X="113" Y="209" T="118929528" />
  <Point X="115" Y="207" T="118929540" />
  <Point X="117" Y="206" T="118929552" />
  <Point X="119" Y="203" T="118929572" />
  <Point X="121" Y="202" T="118929600" />
  <Point X="122" Y="200" T="118929612" />
  <Point X="123" Y="197" T="118929628" />
  <Point X="125" Y="195" T="118929649" />
  <Point X="126" Y="193" T="118929662" />
  <Point X="127" Y="190" T="118929679" />
  <Point X="128" Y="188" T="118929691" />
  <Point X="129" Y="186" T="118929707" />
  <Point X="129" Y="184" T="118929720" />
  <Point X="130" Y="182" T="118929733" />
  <Point X="131" Y="180" T="118929746" />
  <Point X="131" Y="178" T="118929760" />
  <Point X="132" Y="176" T="118929783" />
  <Point X="132" Y="173" T="118929815" />
  <Point X="132" Y="171" T="118929855" />
  <Point X="130" Y="170" T="118929911" />
  <Point X="128" Y="171" T="118929939" />
  <Point X="126" Y="170" T="118929967" />
  <Point X="124" Y="171" T="118929991" />
  <Point X="122" Y="172" T="118930011" />
  <Point X="120" Y="172" T="118930035" />
  <Point X="118" Y="174" T="118930059" />
  <Point X="116" Y="175" T="118930076" />
  <Point X="114" Y="176" T="118930092" />
  <Point X="112" Y="178" T="118930108" />
  <Point X="110" Y="178" T="118930124" />
  <Point X="108" Y="180" T="118930141" />
  <Point X="106" Y="182" T="118930158" />
  <Point X="104" Y="184" T="118930175" />
  <Point X="102" Y="186" T="118930192" />
  <Point X="100" Y="188" T="118930210" />
  <Point X="99" Y="190" T="118930228" />
  <Point X="98" Y="193" T="118930245" />
  <Point X="96" Y="197" T="118930264" />
  <Point X="94" Y="200" T="118930287" />
  <Point X="94" Y="202" T="118930306" />
  <Point X="92" Y="205" T="118930324" />
  <Point X="91" Y="208" T="118930343" />
  <Point X="89" Y="213" T="118930363" />
  <Point X="89" Y="215" T="118930382" />
  <Point X="88" Y="217" T="118930401" />
  <Point X="87" Y="221" T="118930421" />
  <Point X="86" Y="224" T="118930441" />
  <Point X="85" Y="226" T="118930462" />
  <Point X="84" Y="230" T="118930483" />
  <Point X="84" Y="233" T="118930504" />
  <Point X="84" Y="235" T="118930525" />
  <Point X="84" Y="238" T="118930546" />
  <Point X="84" Y="242" T="118930568" />
  <Point X="85" Y="244" T="118930589" />
  <Point X="86" Y="247" T="118930611" />
  <Point X="88" Y="248" T="118930632" />
  <Point X="90" Y="250" T="118930654" />
  <Point X="94" Y="253" T="118930677" />
  <Point X="96" Y="252" T="118930701" />
  <Point X="100" Y="253" T="118930725" />
  <Point X="105" Y="253" T="118930749" />
  <Point X="109" Y="253" T="118930773" />
  <Point X="113" Y="253" T="118930797" />
  <Point X="118" Y="251" T="118930821" />
  <Point X="123" Y="251" T="118930844" />
  <Point X="128" Y="250" T="118930868" />
  <Point X="134" Y="248" T="118930892" />
  <Point X="140" Y="245" T="118930916" />
  <Point X="147" Y="243" T="118930941" />
  <Point X="153" Y="241" T="118930966" />
  <Point X="160" Y="240" T="118930994" />
  <Point X="162" Y="239" T="118930995" />
  <Point X="168" Y="237" T="118931021" />
  <Point X="174" Y="233" T="118931047" />
  <Point X="181" Y="232" T="118931072" />
  <Point X="187" Y="229" T="118931099" />
  <Point X="194" Y="226" T="118931125" />
  <Point X="196" Y="225" T="118931151" />
  <Point X="199" Y="223" T="118931152" />
</Gesture>