﻿<?xml version="1.0" encoding="utf-8" standalone="yes"?>
<Gesture Name="question_mark06" Subject="5" Speed="slow" Number="6" NumPts="79" Millseconds="2099" AppName="Gestures" AppVer="3.7.0.0" Date="Friday, March 09, 2007" TimeOfDay="9:31:02 PM">
  <Point X="70" Y="174" T="118372849" />
  <Point X="71" Y="172" T="118372906" />
  <Point X="71" Y="170" T="118372961" />
  <Point X="72" Y="168" T="118372990" />
  <Point X="72" Y="165" T="118373047" />
  <Point X="72" Y="163" T="118373072" />
  <Point X="73" Y="161" T="118373100" />
  <Point X="73" Y="159" T="118373124" />
  <Point X="75" Y="157" T="118373160" />
  <Point X="76" Y="155" T="118373193" />
  <Point X="78" Y="152" T="118373225" />
  <Point X="80" Y="149" T="118373249" />
  <Point X="82" Y="147" T="118373284" />
  <Point X="84" Y="146" T="118373329" />
  <Point X="86" Y="144" T="118373370" />
  <Point X="87" Y="142" T="118373398" />
  <Point X="89" Y="141" T="118373434" />
  <Point X="91" Y="138" T="118373466" />
  <Point X="93" Y="137" T="118373495" />
  <Point X="95" Y="135" T="118373527" />
  <Point X="97" Y="134" T="118373567" />
  <Point X="99" Y="133" T="118373599" />
  <Point X="100" Y="131" T="118373623" />
  <Point X="102" Y="130" T="118373660" />
  <Point X="103" Y="128" T="118373693" />
  <Point X="105" Y="127" T="118373725" />
  <Point X="107" Y="127" T="118373754" />
  <Point X="109" Y="126" T="118373774" />
  <Point X="111" Y="126" T="118373797" />
  <Point X="113" Y="125" T="118373825" />
  <Point X="115" Y="125" T="118373854" />
  <Point X="117" Y="126" T="118373874" />
  <Point X="119" Y="126" T="118373899" />
  <Point X="122" Y="127" T="118373924" />
  <Point X="124" Y="128" T="118373949" />
  <Point X="126" Y="130" T="118373978" />
  <Point X="127" Y="132" T="118373998" />
  <Point X="129" Y="132" T="118374022" />
  <Point X="130" Y="134" T="118374042" />
  <Point X="131" Y="136" T="118374063" />
  <Point X="131" Y="138" T="118374076" />
  <Point X="132" Y="141" T="118374099" />
  <Point X="133" Y="143" T="118374123" />
  <Point X="134" Y="145" T="118374138" />
  <Point X="134" Y="147" T="118374152" />
  <Point X="135" Y="150" T="118374172" />
  <Point X="136" Y="152" T="118374186" />
  <Point X="136" Y="154" T="118374201" />
  <Point X="136" Y="157" T="118374219" />
  <Point X="137" Y="159" T="118374240" />
  <Point X="137" Y="161" T="118374264" />
  <Point X="136" Y="164" T="118374279" />
  <Point X="136" Y="166" T="118374295" />
  <Point X="134" Y="168" T="118374320" />
  <Point X="133" Y="170" T="118374336" />
  <Point X="132" Y="173" T="118374360" />
  <Point X="131" Y="175" T="118374377" />
  <Point X="130" Y="177" T="118374400" />
  <Point X="129" Y="179" T="118374417" />
  <Point X="127" Y="181" T="118374448" />
  <Point X="126" Y="183" T="118374469" />
  <Point X="124" Y="185" T="118374501" />
  <Point X="122" Y="185" T="118374525" />
  <Point X="120" Y="187" T="118374549" />
  <Point X="118" Y="187" T="118374569" />
  <Point X="115" Y="187" T="118374593" />
  <Point X="113" Y="189" T="118374617" />
  <Point X="111" Y="189" T="118374646" />
  <Point X="109" Y="189" T="118374670" />
  <Point X="107" Y="192" T="118374699" />
  <Point X="105" Y="193" T="118374747" />
  <Point X="103" Y="195" T="118374782" />
  <Point X="103" Y="198" T="118374823" />
  <Point X="102" Y="200" T="118374843" />
  <Point X="103" Y="202" T="118374864" />
  <Point X="103" Y="207" T="118374884" />
  <Point X="102" Y="212" T="118374905" />
  <Point X="102" Y="220" T="118374927" />
  <Point X="103" Y="225" T="118374948" />
</Gesture>