﻿<?xml version="1.0" encoding="utf-8" standalone="yes"?>
<Gesture Name="question_mark07" Subject="5" Speed="slow" Number="7" NumPts="75" Millseconds="1909" AppName="Gestures" AppVer="3.7.0.0" Date="Friday, March 09, 2007" TimeOfDay="9:31:05 PM">
  <Point X="69" Y="173" T="118375937" />
  <Point X="69" Y="171" T="118375998" />
  <Point X="71" Y="169" T="118376034" />
  <Point X="73" Y="167" T="118376078" />
  <Point X="75" Y="166" T="118376110" />
  <Point X="76" Y="164" T="118376131" />
  <Point X="78" Y="162" T="118376168" />
  <Point X="79" Y="160" T="118376212" />
  <Point X="81" Y="158" T="118376260" />
  <Point X="82" Y="155" T="118376288" />
  <Point X="83" Y="153" T="118376320" />
  <Point X="85" Y="151" T="118376348" />
  <Point X="86" Y="149" T="118376372" />
  <Point X="88" Y="147" T="118376392" />
  <Point X="89" Y="145" T="118376412" />
  <Point X="91" Y="143" T="118376448" />
  <Point X="93" Y="141" T="118376473" />
  <Point X="95" Y="139" T="118376502" />
  <Point X="97" Y="136" T="118376521" />
  <Point X="99" Y="134" T="118376546" />
  <Point X="101" Y="133" T="118376578" />
  <Point X="103" Y="133" T="118376606" />
  <Point X="105" Y="132" T="118376627" />
  <Point X="107" Y="132" T="118376647" />
  <Point X="109" Y="132" T="118376671" />
  <Point X="111" Y="131" T="118376691" />
  <Point X="113" Y="131" T="118376711" />
  <Point X="115" Y="130" T="118376731" />
  <Point X="117" Y="131" T="118376754" />
  <Point X="119" Y="131" T="118376786" />
  <Point X="121" Y="132" T="118376810" />
  <Point X="123" Y="133" T="118376842" />
  <Point X="125" Y="133" T="118376871" />
  <Point X="127" Y="134" T="118376912" />
  <Point X="129" Y="136" T="118376940" />
  <Point X="131" Y="138" T="118376971" />
  <Point X="133" Y="140" T="118377007" />
  <Point X="134" Y="142" T="118377023" />
  <Point X="135" Y="144" T="118377043" />
  <Point X="136" Y="146" T="118377056" />
  <Point X="137" Y="148" T="118377092" />
  <Point X="137" Y="150" T="118377111" />
  <Point X="137" Y="152" T="118377131" />
  <Point X="137" Y="154" T="118377159" />
  <Point X="137" Y="156" T="118377179" />
  <Point X="136" Y="159" T="118377195" />
  <Point X="135" Y="161" T="118377223" />
  <Point X="134" Y="163" T="118377243" />
  <Point X="133" Y="166" T="118377259" />
  <Point X="131" Y="168" T="118377284" />
  <Point X="129" Y="170" T="118377312" />
  <Point X="128" Y="172" T="118377328" />
  <Point X="125" Y="174" T="118377352" />
  <Point X="123" Y="175" T="118377369" />
  <Point X="121" Y="177" T="118377388" />
  <Point X="119" Y="178" T="118377404" />
  <Point X="117" Y="178" T="118377424" />
  <Point X="115" Y="179" T="118377452" />
  <Point X="114" Y="181" T="118377477" />
  <Point X="112" Y="183" T="118377501" />
  <Point X="111" Y="185" T="118377524" />
  <Point X="109" Y="187" T="118377557" />
  <Point X="108" Y="189" T="118377575" />
  <Point X="107" Y="191" T="118377610" />
  <Point X="107" Y="193" T="118377628" />
  <Point X="106" Y="195" T="118377661" />
  <Point X="105" Y="197" T="118377689" />
  <Point X="105" Y="199" T="118377708" />
  <Point X="105" Y="201" T="118377727" />
  <Point X="105" Y="206" T="118377746" />
  <Point X="106" Y="211" T="118377766" />
  <Point X="106" Y="215" T="118377786" />
  <Point X="106" Y="220" T="118377806" />
  <Point X="106" Y="226" T="118377826" />
  <Point X="106" Y="229" T="118377846" />
</Gesture>