﻿<?xml version="1.0" encoding="utf-8" standalone="yes"?>
<Gesture Name="question_mark05" Subject="5" Speed="slow" Number="5" NumPts="85" Millseconds="2313" AppName="Gestures" AppVer="3.7.0.0" Date="Friday, March 09, 2007" TimeOfDay="9:30:59 PM">
  <Point X="69" Y="177" T="118369077" />
  <Point X="71" Y="175" T="118369128" />
  <Point X="71" Y="172" T="118369159" />
  <Point X="72" Y="170" T="118369188" />
  <Point X="73" Y="168" T="118369209" />
  <Point X="73" Y="166" T="118369241" />
  <Point X="74" Y="164" T="118369302" />
  <Point X="74" Y="162" T="118369334" />
  <Point X="75" Y="160" T="118369382" />
  <Point X="75" Y="158" T="118369398" />
  <Point X="77" Y="155" T="118369454" />
  <Point X="77" Y="153" T="118369487" />
  <Point X="79" Y="151" T="118369518" />
  <Point X="81" Y="149" T="118369563" />
  <Point X="81" Y="147" T="118369576" />
  <Point X="83" Y="145" T="118369617" />
  <Point X="85" Y="143" T="118369655" />
  <Point X="87" Y="141" T="118369686" />
  <Point X="89" Y="139" T="118369711" />
  <Point X="91" Y="139" T="118369747" />
  <Point X="93" Y="137" T="118369776" />
  <Point X="95" Y="136" T="118369800" />
  <Point X="97" Y="133" T="118369828" />
  <Point X="99" Y="134" T="118369856" />
  <Point X="101" Y="132" T="118369876" />
  <Point X="103" Y="132" T="118369897" />
  <Point X="105" Y="131" T="118369917" />
  <Point X="107" Y="132" T="118369940" />
  <Point X="110" Y="132" T="118369968" />
  <Point X="111" Y="130" T="118369984" />
  <Point X="113" Y="130" T="118370013" />
  <Point X="115" Y="131" T="118370041" />
  <Point X="117" Y="130" T="118370070" />
  <Point X="119" Y="131" T="118370111" />
  <Point X="121" Y="130" T="118370136" />
  <Point X="123" Y="131" T="118370169" />
  <Point X="125" Y="131" T="118370193" />
  <Point X="127" Y="132" T="118370222" />
  <Point X="129" Y="133" T="118370246" />
  <Point X="131" Y="135" T="118370274" />
  <Point X="132" Y="137" T="118370295" />
  <Point X="134" Y="137" T="118370327" />
  <Point X="136" Y="139" T="118370363" />
  <Point X="137" Y="141" T="118370391" />
  <Point X="138" Y="144" T="118370427" />
  <Point X="138" Y="146" T="118370448" />
  <Point X="139" Y="148" T="118370468" />
  <Point X="140" Y="150" T="118370496" />
  <Point X="140" Y="152" T="118370520" />
  <Point X="139" Y="155" T="118370544" />
  <Point X="139" Y="157" T="118370565" />
  <Point X="139" Y="160" T="118370594" />
  <Point X="138" Y="162" T="118370614" />
  <Point X="137" Y="164" T="118370635" />
  <Point X="136" Y="166" T="118370656" />
  <Point X="136" Y="168" T="118370672" />
  <Point X="135" Y="171" T="118370692" />
  <Point X="134" Y="173" T="118370709" />
  <Point X="132" Y="175" T="118370741" />
  <Point X="131" Y="177" T="118370758" />
  <Point X="129" Y="178" T="118370796" />
  <Point X="128" Y="181" T="118370816" />
  <Point X="126" Y="182" T="118370840" />
  <Point X="124" Y="184" T="118370873" />
  <Point X="122" Y="186" T="118370897" />
  <Point X="120" Y="186" T="118370917" />
  <Point X="118" Y="186" T="118370937" />
  <Point X="116" Y="189" T="118370956" />
  <Point X="114" Y="190" T="118370982" />
  <Point X="112" Y="191" T="118371009" />
  <Point X="110" Y="192" T="118371029" />
  <Point X="108" Y="192" T="118371053" />
  <Point X="106" Y="192" T="118371087" />
  <Point X="104" Y="193" T="118371111" />
  <Point X="102" Y="195" T="118371148" />
  <Point X="100" Y="196" T="118371224" />
  <Point X="99" Y="198" T="118371257" />
  <Point X="99" Y="200" T="118371278" />
  <Point X="98" Y="204" T="118371299" />
  <Point X="97" Y="211" T="118371321" />
  <Point X="97" Y="214" T="118371322" />
  <Point X="96" Y="220" T="118371344" />
  <Point X="96" Y="223" T="118371345" />
  <Point X="96" Y="230" T="118371368" />
  <Point X="96" Y="232" T="118371390" />
</Gesture>