﻿<?xml version="1.0" encoding="utf-8" standalone="yes"?>
<Gesture Name="question_mark04" Subject="5" Speed="slow" Number="4" NumPts="82" Millseconds="2051" AppName="Gestures" AppVer="3.7.0.0" Date="Friday, March 09, 2007" TimeOfDay="9:30:55 PM">
  <Point X="69" Y="178" T="118365451" />
  <Point X="67" Y="177" T="118365462" />
  <Point X="67" Y="175" T="118365487" />
  <Point X="67" Y="173" T="118365511" />
  <Point X="68" Y="171" T="118365543" />
  <Point X="68" Y="168" T="118365567" />
  <Point X="68" Y="165" T="118365599" />
  <Point X="68" Y="163" T="118365627" />
  <Point X="68" Y="161" T="118365647" />
  <Point X="69" Y="159" T="118365675" />
  <Point X="69" Y="156" T="118365704" />
  <Point X="70" Y="154" T="118365740" />
  <Point X="71" Y="152" T="118365760" />
  <Point X="72" Y="150" T="118365796" />
  <Point X="74" Y="148" T="118365837" />
  <Point X="76" Y="146" T="118365862" />
  <Point X="78" Y="144" T="118365895" />
  <Point X="80" Y="142" T="118365935" />
  <Point X="82" Y="140" T="118365972" />
  <Point X="84" Y="141" T="118366005" />
  <Point X="85" Y="139" T="118366029" />
  <Point X="87" Y="137" T="118366058" />
  <Point X="89" Y="137" T="118366094" />
  <Point X="91" Y="137" T="118366122" />
  <Point X="93" Y="135" T="118366146" />
  <Point X="95" Y="134" T="118366174" />
  <Point X="97" Y="133" T="118366202" />
  <Point X="99" Y="132" T="118366230" />
  <Point X="102" Y="133" T="118366258" />
  <Point X="104" Y="132" T="118366282" />
  <Point X="106" Y="132" T="118366307" />
  <Point X="108" Y="132" T="118366331" />
  <Point X="110" Y="132" T="118366355" />
  <Point X="112" Y="132" T="118366375" />
  <Point X="114" Y="132" T="118366399" />
  <Point X="116" Y="133" T="118366426" />
  <Point X="118" Y="133" T="118366446" />
  <Point X="120" Y="133" T="118366471" />
  <Point X="122" Y="134" T="118366499" />
  <Point X="124" Y="136" T="118366539" />
  <Point X="124" Y="138" T="118366560" />
  <Point X="126" Y="140" T="118366595" />
  <Point X="128" Y="142" T="118366631" />
  <Point X="129" Y="145" T="118366656" />
  <Point X="130" Y="147" T="118366680" />
  <Point X="130" Y="149" T="118366704" />
  <Point X="131" Y="151" T="118366724" />
  <Point X="131" Y="153" T="118366744" />
  <Point X="132" Y="155" T="118366772" />
  <Point X="133" Y="157" T="118366796" />
  <Point X="133" Y="159" T="118366812" />
  <Point X="134" Y="161" T="118366837" />
  <Point X="134" Y="163" T="118366864" />
  <Point X="134" Y="165" T="118366885" />
  <Point X="134" Y="167" T="118366906" />
  <Point X="134" Y="169" T="118366931" />
  <Point X="133" Y="172" T="118366958" />
  <Point X="133" Y="174" T="118366983" />
  <Point X="133" Y="176" T="118367003" />
  <Point X="132" Y="178" T="118367023" />
  <Point X="131" Y="180" T="118367047" />
  <Point X="130" Y="183" T="118367071" />
  <Point X="129" Y="185" T="118367091" />
  <Point X="127" Y="186" T="118367116" />
  <Point X="125" Y="188" T="118367144" />
  <Point X="123" Y="189" T="118367168" />
  <Point X="121" Y="190" T="118367192" />
  <Point X="119" Y="191" T="118367211" />
  <Point X="117" Y="192" T="118367229" />
  <Point X="115" Y="193" T="118367253" />
  <Point X="113" Y="195" T="118367277" />
  <Point X="110" Y="196" T="118367309" />
  <Point X="109" Y="198" T="118367328" />
  <Point X="107" Y="201" T="118367350" />
  <Point X="106" Y="203" T="118367370" />
  <Point X="105" Y="205" T="118367390" />
  <Point X="104" Y="210" T="118367411" />
  <Point X="103" Y="212" T="118367432" />
  <Point X="102" Y="221" T="118367456" />
  <Point X="102" Y="224" T="118367457" />
  <Point X="101" Y="229" T="118367479" />
  <Point X="101" Y="235" T="118367502" />
</Gesture>