﻿<?xml version="1.0" encoding="utf-8" standalone="yes"?>
<Gesture Name="question_mark01" Subject="5" Speed="slow" Number="1" NumPts="70" Millseconds="1703" AppName="Gestures" AppVer="3.7.0.0" Date="Friday, March 09, 2007" TimeOfDay="9:30:44 PM">
  <Point X="59" Y="164" T="118354741" />
  <Point X="58" Y="166" T="118354785" />
  <Point X="58" Y="164" T="118354900" />
  <Point X="59" Y="162" T="118354917" />
  <Point X="59" Y="160" T="118354925" />
  <Point X="61" Y="158" T="118354945" />
  <Point X="61" Y="156" T="118354957" />
  <Point X="62" Y="154" T="118354973" />
  <Point X="64" Y="152" T="118354994" />
  <Point X="65" Y="149" T="118355006" />
  <Point X="66" Y="147" T="118355022" />
  <Point X="67" Y="145" T="118355030" />
  <Point X="69" Y="143" T="118355058" />
  <Point X="70" Y="141" T="118355066" />
  <Point X="71" Y="139" T="118355090" />
  <Point X="74" Y="138" T="118355115" />
  <Point X="76" Y="135" T="118355136" />
  <Point X="78" Y="133" T="118355156" />
  <Point X="80" Y="131" T="118355180" />
  <Point X="82" Y="129" T="118355216" />
  <Point X="84" Y="129" T="118355249" />
  <Point X="86" Y="128" T="118355285" />
  <Point X="88" Y="126" T="118355326" />
  <Point X="90" Y="127" T="118355367" />
  <Point X="92" Y="126" T="118355390" />
  <Point X="95" Y="127" T="118355426" />
  <Point X="97" Y="127" T="118355451" />
  <Point X="99" Y="127" T="118355471" />
  <Point X="101" Y="129" T="118355491" />
  <Point X="103" Y="129" T="118355507" />
  <Point X="105" Y="130" T="118355528" />
  <Point X="107" Y="132" T="118355548" />
  <Point X="109" Y="134" T="118355576" />
  <Point X="111" Y="136" T="118355596" />
  <Point X="112" Y="138" T="118355616" />
  <Point X="113" Y="140" T="118355641" />
  <Point X="114" Y="142" T="118355665" />
  <Point X="115" Y="144" T="118355690" />
  <Point X="116" Y="146" T="118355703" />
  <Point X="117" Y="149" T="118355726" />
  <Point X="118" Y="151" T="118355747" />
  <Point X="118" Y="153" T="118355770" />
  <Point X="119" Y="155" T="118355787" />
  <Point X="119" Y="157" T="118355811" />
  <Point X="119" Y="161" T="118355831" />
  <Point X="119" Y="163" T="118355855" />
  <Point X="119" Y="165" T="118355871" />
  <Point X="118" Y="168" T="118355907" />
  <Point X="116" Y="170" T="118355931" />
  <Point X="114" Y="171" T="118355964" />
  <Point X="112" Y="173" T="118355988" />
  <Point X="110" Y="175" T="118356025" />
  <Point X="108" Y="177" T="118356052" />
  <Point X="107" Y="179" T="118356081" />
  <Point X="104" Y="181" T="118356114" />
  <Point X="103" Y="183" T="118356134" />
  <Point X="101" Y="184" T="118356162" />
  <Point X="99" Y="184" T="118356186" />
  <Point X="97" Y="186" T="118356210" />
  <Point X="95" Y="187" T="118356242" />
  <Point X="94" Y="189" T="118356259" />
  <Point X="92" Y="190" T="118356282" />
  <Point X="91" Y="192" T="118356300" />
  <Point X="89" Y="194" T="118356322" />
  <Point X="89" Y="196" T="118356340" />
  <Point X="88" Y="198" T="118356359" />
  <Point X="88" Y="203" T="118356378" />
  <Point X="88" Y="209" T="118356400" />
  <Point X="88" Y="218" T="118356423" />
  <Point X="88" Y="221" T="118356444" />
</Gesture>