﻿<?xml version="1.0" encoding="utf-8" standalone="yes"?>
<Gesture Name="question_mark08" Subject="5" Speed="slow" Number="8" NumPts="72" Millseconds="1696" AppName="Gestures" AppVer="3.7.0.0" Date="Friday, March 09, 2007" TimeOfDay="9:31:08 PM">
  <Point X="67" Y="176" T="118379173" />
  <Point X="66" Y="174" T="118379217" />
  <Point X="68" Y="173" T="118379261" />
  <Point X="69" Y="170" T="118379277" />
  <Point X="69" Y="168" T="118379298" />
  <Point X="71" Y="166" T="118379334" />
  <Point X="71" Y="164" T="118379359" />
  <Point X="73" Y="162" T="118379383" />
  <Point X="74" Y="160" T="118379407" />
  <Point X="76" Y="158" T="118379440" />
  <Point X="78" Y="156" T="118379480" />
  <Point X="79" Y="153" T="118379508" />
  <Point X="80" Y="151" T="118379520" />
  <Point X="81" Y="149" T="118379552" />
  <Point X="83" Y="147" T="118379589" />
  <Point X="85" Y="146" T="118379618" />
  <Point X="87" Y="144" T="118379642" />
  <Point X="89" Y="142" T="118379662" />
  <Point X="91" Y="141" T="118379686" />
  <Point X="93" Y="140" T="118379707" />
  <Point X="95" Y="139" T="118379731" />
  <Point X="97" Y="138" T="118379751" />
  <Point X="99" Y="137" T="118379772" />
  <Point X="101" Y="136" T="118379792" />
  <Point X="103" Y="136" T="118379821" />
  <Point X="105" Y="134" T="118379849" />
  <Point X="107" Y="135" T="118379877" />
  <Point X="110" Y="134" T="118379897" />
  <Point X="112" Y="135" T="118379925" />
  <Point X="114" Y="136" T="118379957" />
  <Point X="116" Y="136" T="118379985" />
  <Point X="118" Y="136" T="118380006" />
  <Point X="120" Y="137" T="118380034" />
  <Point X="122" Y="137" T="118380075" />
  <Point X="123" Y="139" T="118380100" />
  <Point X="125" Y="142" T="118380136" />
  <Point X="127" Y="142" T="118380168" />
  <Point X="128" Y="144" T="118380193" />
  <Point X="128" Y="147" T="118380206" />
  <Point X="130" Y="149" T="118380237" />
  <Point X="131" Y="151" T="118380253" />
  <Point X="132" Y="154" T="118380277" />
  <Point X="132" Y="157" T="118380290" />
  <Point X="133" Y="159" T="118380313" />
  <Point X="133" Y="162" T="118380346" />
  <Point X="133" Y="164" T="118380362" />
  <Point X="133" Y="166" T="118380386" />
  <Point X="132" Y="168" T="118380402" />
  <Point X="132" Y="170" T="118380418" />
  <Point X="131" Y="173" T="118380438" />
  <Point X="129" Y="175" T="118380463" />
  <Point X="128" Y="178" T="118380483" />
  <Point X="126" Y="180" T="118380518" />
  <Point X="124" Y="182" T="118380536" />
  <Point X="122" Y="184" T="118380563" />
  <Point X="120" Y="186" T="118380579" />
  <Point X="118" Y="185" T="118380596" />
  <Point X="116" Y="186" T="118380617" />
  <Point X="115" Y="189" T="118380634" />
  <Point X="113" Y="189" T="118380651" />
  <Point X="110" Y="191" T="118380671" />
  <Point X="108" Y="192" T="118380690" />
  <Point X="107" Y="194" T="118380709" />
  <Point X="106" Y="196" T="118380729" />
  <Point X="104" Y="198" T="118380752" />
  <Point X="103" Y="200" T="118380771" />
  <Point X="103" Y="202" T="118380789" />
  <Point X="102" Y="207" T="118380808" />
  <Point X="101" Y="212" T="118380827" />
  <Point X="101" Y="215" T="118380828" />
  <Point X="101" Y="221" T="118380848" />
  <Point X="101" Y="229" T="118380869" />
</Gesture>