﻿<?xml version="1.0" encoding="utf-8" standalone="yes"?>
<Gesture Name="question_mark09" Subject="5" Speed="slow" Number="9" NumPts="76" Millseconds="1576" AppName="Gestures" AppVer="3.7.0.0" Date="Friday, March 09, 2007" TimeOfDay="9:31:11 PM">
  <Point X="68" Y="171" T="118382044" />
  <Point X="69" Y="169" T="118382064" />
  <Point X="70" Y="167" T="118382101" />
  <Point X="71" Y="165" T="118382136" />
  <Point X="71" Y="163" T="118382176" />
  <Point X="72" Y="160" T="118382198" />
  <Point X="74" Y="159" T="118382229" />
  <Point X="76" Y="157" T="118382257" />
  <Point X="78" Y="155" T="118382288" />
  <Point X="79" Y="152" T="118382308" />
  <Point X="81" Y="150" T="118382328" />
  <Point X="84" Y="148" T="118382348" />
  <Point X="86" Y="147" T="118382373" />
  <Point X="88" Y="145" T="118382397" />
  <Point X="90" Y="142" T="118382421" />
  <Point X="92" Y="141" T="118382442" />
  <Point X="93" Y="139" T="118382455" />
  <Point X="96" Y="139" T="118382487" />
  <Point X="97" Y="137" T="118382507" />
  <Point X="99" Y="135" T="118382531" />
  <Point X="101" Y="133" T="118382552" />
  <Point X="103" Y="132" T="118382569" />
  <Point X="105" Y="131" T="118382592" />
  <Point X="107" Y="130" T="118382617" />
  <Point X="109" Y="130" T="118382637" />
  <Point X="111" Y="128" T="118382653" />
  <Point X="113" Y="129" T="118382673" />
  <Point X="115" Y="129" T="118382693" />
  <Point X="117" Y="129" T="118382713" />
  <Point X="119" Y="129" T="118382737" />
  <Point X="122" Y="130" T="118382757" />
  <Point X="124" Y="131" T="118382777" />
  <Point X="126" Y="131" T="118382802" />
  <Point X="128" Y="132" T="118382826" />
  <Point X="129" Y="134" T="118382852" />
  <Point X="131" Y="136" T="118382880" />
  <Point X="132" Y="138" T="118382896" />
  <Point X="133" Y="140" T="118382915" />
  <Point X="135" Y="142" T="118382943" />
  <Point X="136" Y="145" T="118382968" />
  <Point X="136" Y="148" T="118382981" />
  <Point X="137" Y="150" T="118382996" />
  <Point X="138" Y="152" T="118383016" />
  <Point X="138" Y="154" T="118383030" />
  <Point X="138" Y="156" T="118383044" />
  <Point X="138" Y="158" T="118383059" />
  <Point X="138" Y="160" T="118383073" />
  <Point X="138" Y="163" T="118383088" />
  <Point X="138" Y="165" T="118383103" />
  <Point X="137" Y="167" T="118383124" />
  <Point X="136" Y="169" T="118383141" />
  <Point X="136" Y="172" T="118383158" />
  <Point X="135" Y="174" T="118383174" />
  <Point X="134" Y="176" T="118383190" />
  <Point X="133" Y="178" T="118383206" />
  <Point X="131" Y="181" T="118383223" />
  <Point X="130" Y="183" T="118383239" />
  <Point X="128" Y="184" T="118383261" />
  <Point X="126" Y="186" T="118383278" />
  <Point X="124" Y="187" T="118383297" />
  <Point X="122" Y="188" T="118383317" />
  <Point X="120" Y="189" T="118383338" />
  <Point X="118" Y="190" T="118383356" />
  <Point X="115" Y="190" T="118383373" />
  <Point X="113" Y="189" T="118383391" />
  <Point X="111" Y="190" T="118383410" />
  <Point X="109" Y="191" T="118383428" />
  <Point X="107" Y="191" T="118383447" />
  <Point X="105" Y="193" T="118383477" />
  <Point X="104" Y="196" T="118383496" />
  <Point X="103" Y="198" T="118383515" />
  <Point X="103" Y="200" T="118383536" />
  <Point X="103" Y="209" T="118383556" />
  <Point X="103" Y="218" T="118383576" />
  <Point X="102" Y="228" T="118383600" />
  <Point X="101" Y="235" T="118383620" />
</Gesture>