﻿<?xml version="1.0" encoding="utf-8" standalone="yes"?>
<Gesture Name="question_mark02" Subject="5" Speed="slow" Number="2" NumPts="73" Millseconds="1897" AppName="Gestures" AppVer="3.7.0.0" Date="Friday, March 09, 2007" TimeOfDay="9:30:48 PM">
  <Point X="61" Y="169" T="118358813" />
  <Point X="61" Y="167" T="118358861" />
  <Point X="62" Y="165" T="118358910" />
  <Point X="62" Y="163" T="118358958" />
  <Point X="62" Y="161" T="118358986" />
  <Point X="63" Y="158" T="118359010" />
  <Point X="63" Y="156" T="118359046" />
  <Point X="64" Y="154" T="118359078" />
  <Point X="65" Y="152" T="118359107" />
  <Point X="66" Y="150" T="118359132" />
  <Point X="68" Y="148" T="118359171" />
  <Point X="70" Y="146" T="118359212" />
  <Point X="72" Y="145" T="118359261" />
  <Point X="73" Y="143" T="118359281" />
  <Point X="75" Y="142" T="118359310" />
  <Point X="77" Y="140" T="118359339" />
  <Point X="79" Y="139" T="118359370" />
  <Point X="81" Y="138" T="118359398" />
  <Point X="83" Y="135" T="118359423" />
  <Point X="85" Y="135" T="118359456" />
  <Point X="87" Y="134" T="118359480" />
  <Point X="89" Y="133" T="118359508" />
  <Point X="91" Y="132" T="118359544" />
  <Point X="93" Y="131" T="118359579" />
  <Point X="95" Y="132" T="118359608" />
  <Point X="98" Y="132" T="118359632" />
  <Point X="100" Y="132" T="118359656" />
  <Point X="102" Y="132" T="118359681" />
  <Point X="104" Y="132" T="118359705" />
  <Point X="106" Y="132" T="118359732" />
  <Point X="108" Y="134" T="118359768" />
  <Point X="110" Y="135" T="118359792" />
  <Point X="112" Y="137" T="118359809" />
  <Point X="114" Y="137" T="118359834" />
  <Point X="116" Y="138" T="118359859" />
  <Point X="118" Y="140" T="118359883" />
  <Point X="120" Y="142" T="118359916" />
  <Point X="122" Y="144" T="118359943" />
  <Point X="123" Y="146" T="118359972" />
  <Point X="124" Y="148" T="118359996" />
  <Point X="125" Y="150" T="118360016" />
  <Point X="126" Y="153" T="118360043" />
  <Point X="127" Y="155" T="118360063" />
  <Point X="127" Y="158" T="118360079" />
  <Point X="127" Y="160" T="118360100" />
  <Point X="127" Y="162" T="118360123" />
  <Point X="126" Y="164" T="118360143" />
  <Point X="125" Y="166" T="118360158" />
  <Point X="124" Y="168" T="118360176" />
  <Point X="123" Y="171" T="118360192" />
  <Point X="121" Y="173" T="118360212" />
  <Point X="120" Y="175" T="118360227" />
  <Point X="118" Y="177" T="118360248" />
  <Point X="116" Y="178" T="118360269" />
  <Point X="114" Y="181" T="118360290" />
  <Point X="112" Y="183" T="118360310" />
  <Point X="110" Y="183" T="118360333" />
  <Point X="108" Y="185" T="118360357" />
  <Point X="106" Y="186" T="118360385" />
  <Point X="104" Y="187" T="118360409" />
  <Point X="102" Y="187" T="118360441" />
  <Point X="100" Y="189" T="118360466" />
  <Point X="98" Y="191" T="118360491" />
  <Point X="96" Y="192" T="118360523" />
  <Point X="94" Y="194" T="118360547" />
  <Point X="94" Y="196" T="118360567" />
  <Point X="93" Y="198" T="118360591" />
  <Point X="93" Y="200" T="118360611" />
  <Point X="92" Y="202" T="118360631" />
  <Point X="92" Y="207" T="118360650" />
  <Point X="92" Y="213" T="118360670" />
  <Point X="92" Y="222" T="118360690" />
  <Point X="92" Y="227" T="118360710" />
</Gesture>