﻿<?xml version="1.0" encoding="utf-8" standalone="yes"?>
<Gesture Name="question_mark10" Subject="5" Speed="slow" Number="10" NumPts="75" Millseconds="1444" AppName="Gestures" AppVer="3.7.0.0" Date="Friday, March 09, 2007" TimeOfDay="9:31:14 PM">
  <Point X="64" Y="180" T="118385024" />
  <Point X="65" Y="178" T="118385067" />
  <Point X="65" Y="176" T="118385091" />
  <Point X="66" Y="174" T="118385123" />
  <Point X="66" Y="171" T="118385143" />
  <Point X="66" Y="169" T="118385156" />
  <Point X="67" Y="167" T="118385172" />
  <Point X="68" Y="165" T="118385196" />
  <Point X="68" Y="163" T="118385208" />
  <Point X="69" Y="160" T="118385236" />
  <Point X="71" Y="158" T="118385281" />
  <Point X="73" Y="156" T="118385301" />
  <Point X="75" Y="155" T="118385321" />
  <Point X="77" Y="153" T="118385342" />
  <Point X="79" Y="151" T="118385366" />
  <Point X="81" Y="150" T="118385387" />
  <Point X="83" Y="148" T="118385412" />
  <Point X="86" Y="145" T="118385437" />
  <Point X="88" Y="144" T="118385460" />
  <Point X="89" Y="142" T="118385475" />
  <Point X="91" Y="141" T="118385495" />
  <Point X="93" Y="139" T="118385515" />
  <Point X="95" Y="140" T="118385535" />
  <Point X="97" Y="138" T="118385551" />
  <Point X="100" Y="136" T="118385572" />
  <Point X="102" Y="134" T="118385588" />
  <Point X="104" Y="134" T="118385608" />
  <Point X="106" Y="134" T="118385625" />
  <Point X="108" Y="133" T="118385641" />
  <Point X="110" Y="132" T="118385657" />
  <Point X="112" Y="133" T="118385673" />
  <Point X="115" Y="133" T="118385690" />
  <Point X="117" Y="132" T="118385702" />
  <Point X="119" Y="133" T="118385723" />
  <Point X="121" Y="134" T="118385742" />
  <Point X="122" Y="136" T="118385763" />
  <Point X="124" Y="138" T="118385787" />
  <Point X="126" Y="140" T="118385815" />
  <Point X="127" Y="142" T="118385828" />
  <Point X="128" Y="144" T="118385843" />
  <Point X="129" Y="146" T="118385860" />
  <Point X="129" Y="148" T="118385874" />
  <Point X="130" Y="150" T="118385888" />
  <Point X="131" Y="152" T="118385902" />
  <Point X="131" Y="155" T="118385916" />
  <Point X="132" Y="157" T="118385930" />
  <Point X="133" Y="159" T="118385945" />
  <Point X="133" Y="162" T="118385959" />
  <Point X="134" Y="164" T="118385974" />
  <Point X="134" Y="166" T="118385989" />
  <Point X="134" Y="169" T="118386005" />
  <Point X="133" Y="173" T="118386021" />
  <Point X="131" Y="176" T="118386040" />
  <Point X="130" Y="178" T="118386057" />
  <Point X="130" Y="180" T="118386073" />
  <Point X="128" Y="183" T="118386089" />
  <Point X="127" Y="185" T="118386105" />
  <Point X="125" Y="187" T="118386136" />
  <Point X="124" Y="189" T="118386153" />
  <Point X="121" Y="192" T="118386176" />
  <Point X="119" Y="194" T="118386201" />
  <Point X="117" Y="196" T="118386218" />
  <Point X="115" Y="197" T="118386236" />
  <Point X="113" Y="197" T="118386254" />
  <Point X="111" Y="200" T="118386272" />
  <Point X="109" Y="200" T="118386291" />
  <Point X="107" Y="202" T="118386309" />
  <Point X="105" Y="203" T="118386328" />
  <Point X="104" Y="205" T="118386347" />
  <Point X="103" Y="208" T="118386366" />
  <Point X="101" Y="210" T="118386386" />
  <Point X="100" Y="212" T="118386406" />
  <Point X="99" Y="219" T="118386427" />
  <Point X="98" Y="224" T="118386447" />
  <Point X="98" Y="230" T="118386468" />
</Gesture>