﻿<?xml version="1.0" encoding="utf-8" standalone="yes"?>
<Gesture Name="question_mark03" Subject="5" Speed="slow" Number="3" NumPts="74" Millseconds="1840" AppName="Gestures" AppVer="3.7.0.0" Date="Friday, March 09, 2007" TimeOfDay="9:30:51 PM">
  <Point X="66" Y="167" T="118362055" />
  <Point X="65" Y="164" T="118362083" />
  <Point X="65" Y="162" T="118362143" />
  <Point X="65" Y="160" T="118362199" />
  <Point X="66" Y="158" T="118362220" />
  <Point X="66" Y="156" T="118362232" />
  <Point X="67" Y="153" T="118362264" />
  <Point X="68" Y="151" T="118362285" />
  <Point X="69" Y="148" T="118362322" />
  <Point X="70" Y="146" T="118362346" />
  <Point X="72" Y="145" T="118362395" />
  <Point X="74" Y="143" T="118362430" />
  <Point X="76" Y="142" T="118362466" />
  <Point X="78" Y="141" T="118362506" />
  <Point X="80" Y="139" T="118362531" />
  <Point X="82" Y="138" T="118362562" />
  <Point X="84" Y="137" T="118362592" />
  <Point X="86" Y="136" T="118362620" />
  <Point X="88" Y="135" T="118362651" />
  <Point X="90" Y="134" T="118362678" />
  <Point X="92" Y="133" T="118362698" />
  <Point X="95" Y="131" T="118362730" />
  <Point X="97" Y="130" T="118362762" />
  <Point X="99" Y="130" T="118362786" />
  <Point X="101" Y="128" T="118362811" />
  <Point X="103" Y="128" T="118362836" />
  <Point X="105" Y="129" T="118362872" />
  <Point X="107" Y="129" T="118362896" />
  <Point X="109" Y="128" T="118362915" />
  <Point X="111" Y="128" T="118362931" />
  <Point X="113" Y="129" T="118362952" />
  <Point X="115" Y="128" T="118362976" />
  <Point X="117" Y="128" T="118362997" />
  <Point X="119" Y="130" T="118363022" />
  <Point X="121" Y="129" T="118363043" />
  <Point X="123" Y="131" T="118363070" />
  <Point X="125" Y="133" T="118363098" />
  <Point X="127" Y="135" T="118363122" />
  <Point X="129" Y="137" T="118363150" />
  <Point X="129" Y="139" T="118363163" />
  <Point X="130" Y="141" T="118363178" />
  <Point X="131" Y="143" T="118363207" />
  <Point X="131" Y="146" T="118363221" />
  <Point X="132" Y="148" T="118363247" />
  <Point X="132" Y="150" T="118363263" />
  <Point X="132" Y="153" T="118363294" />
  <Point X="132" Y="155" T="118363314" />
  <Point X="132" Y="157" T="118363335" />
  <Point X="131" Y="159" T="118363359" />
  <Point X="131" Y="162" T="118363379" />
  <Point X="131" Y="164" T="118363394" />
  <Point X="130" Y="166" T="118363410" />
  <Point X="129" Y="169" T="118363431" />
  <Point X="128" Y="171" T="118363452" />
  <Point X="126" Y="173" T="118363476" />
  <Point X="124" Y="174" T="118363509" />
  <Point X="122" Y="177" T="118363537" />
  <Point X="120" Y="178" T="118363565" />
  <Point X="118" Y="180" T="118363584" />
  <Point X="116" Y="181" T="118363608" />
  <Point X="115" Y="183" T="118363628" />
  <Point X="113" Y="184" T="118363652" />
  <Point X="110" Y="186" T="118363672" />
  <Point X="108" Y="186" T="118363691" />
  <Point X="106" Y="186" T="118363712" />
  <Point X="105" Y="188" T="118363731" />
  <Point X="103" Y="190" T="118363756" />
  <Point X="101" Y="192" T="118363775" />
  <Point X="100" Y="196" T="118363796" />
  <Point X="99" Y="198" T="118363815" />
  <Point X="99" Y="202" T="118363835" />
  <Point X="98" Y="209" T="118363855" />
  <Point X="98" Y="218" T="118363876" />
  <Point X="98" Y="221" T="118363895" />
</Gesture>