﻿<?xml version="1.0" encoding="utf-8" standalone="yes"?>
<Gesture Name="rectangle08" Subject="5" Speed="slow" Number="8" NumPts="172" Millseconds="5047" AppName="Gestures" AppVer="3.7.0.0" Date="Friday, March 09, 2007" TimeOfDay="9:55:23 PM">
  <Point X="57" Y="152" T="119833752" />
  <Point X="53" Y="150" T="119833758" />
  <Point X="51" Y="152" T="119833905" />
  <Point X="51" Y="154" T="119833933" />
  <Point X="51" Y="156" T="119833946" />
  <Point X="51" Y="158" T="119833958" />
  <Point X="51" Y="160" T="119833982" />
  <Point X="51" Y="162" T="119833994" />
  <Point X="51" Y="164" T="119834002" />
  <Point X="50" Y="167" T="119834023" />
  <Point X="50" Y="170" T="119834063" />
  <Point X="50" Y="172" T="119834079" />
  <Point X="49" Y="174" T="119834099" />
  <Point X="49" Y="176" T="119834116" />
  <Point X="49" Y="178" T="119834132" />
  <Point X="49" Y="180" T="119834153" />
  <Point X="49" Y="183" T="119834174" />
  <Point X="48" Y="185" T="119834186" />
  <Point X="48" Y="187" T="119834206" />
  <Point X="48" Y="189" T="119834222" />
  <Point X="48" Y="191" T="119834247" />
  <Point X="48" Y="194" T="119834259" />
  <Point X="48" Y="196" T="119834282" />
  <Point X="49" Y="198" T="119834298" />
  <Point X="49" Y="200" T="119834314" />
  <Point X="49" Y="202" T="119834330" />
  <Point X="49" Y="204" T="119834358" />
  <Point X="49" Y="207" T="119834378" />
  <Point X="49" Y="209" T="119834394" />
  <Point X="49" Y="211" T="119834415" />
  <Point X="49" Y="213" T="119834431" />
  <Point X="50" Y="215" T="119834455" />
  <Point X="49" Y="218" T="119834471" />
  <Point X="49" Y="220" T="119834490" />
  <Point X="49" Y="223" T="119834515" />
  <Point X="49" Y="225" T="119834540" />
  <Point X="49" Y="227" T="119834568" />
  <Point X="49" Y="229" T="119834589" />
  <Point X="49" Y="232" T="119834621" />
  <Point X="49" Y="234" T="119834642" />
  <Point X="49" Y="236" T="119834658" />
  <Point X="49" Y="238" T="119834678" />
  <Point X="49" Y="240" T="119834722" />
  <Point X="49" Y="243" T="119834747" />
  <Point X="49" Y="246" T="119834767" />
  <Point X="50" Y="248" T="119834812" />
  <Point X="50" Y="250" T="119834828" />
  <Point X="50" Y="252" T="119834849" />
  <Point X="51" Y="255" T="119834873" />
  <Point X="51" Y="257" T="119834897" />
  <Point X="51" Y="259" T="119834934" />
  <Point X="51" Y="262" T="119834954" />
  <Point X="52" Y="264" T="119835007" />
  <Point X="52" Y="266" T="119835027" />
  <Point X="52" Y="268" T="119835052" />
  <Point X="53" Y="270" T="119835105" />
  <Point X="55" Y="270" T="119835222" />
  <Point X="57" Y="270" T="119835266" />
  <Point X="59" Y="271" T="119835293" />
  <Point X="61" Y="271" T="119835321" />
  <Point X="63" Y="271" T="119835345" />
  <Point X="65" Y="271" T="119835366" />
  <Point X="68" Y="270" T="119835386" />
  <Point X="70" Y="272" T="119835406" />
  <Point X="72" Y="271" T="119835431" />
  <Point X="74" Y="271" T="119835451" />
  <Point X="76" Y="271" T="119835476" />
  <Point X="78" Y="271" T="119835496" />
  <Point X="80" Y="272" T="119835516" />
  <Point X="82" Y="270" T="119835539" />
  <Point X="84" Y="271" T="119835560" />
  <Point X="86" Y="270" T="119835580" />
  <Point X="88" Y="271" T="119835599" />
  <Point X="91" Y="270" T="119835619" />
  <Point X="93" Y="269" T="119835639" />
  <Point X="95" Y="270" T="119835660" />
  <Point X="97" Y="270" T="119835681" />
  <Point X="100" Y="270" T="119835702" />
  <Point X="105" Y="269" T="119835723" />
  <Point X="107" Y="270" T="119835744" />
  <Point X="109" Y="270" T="119835766" />
  <Point X="113" Y="270" T="119835788" />
  <Point X="115" Y="270" T="119835810" />
  <Point X="117" Y="270" T="119835832" />
  <Point X="120" Y="269" T="119835854" />
  <Point X="122" Y="269" T="119835878" />
  <Point X="126" Y="269" T="119835902" />
  <Point X="130" Y="269" T="119835927" />
  <Point X="132" Y="268" T="119835951" />
  <Point X="136" Y="269" T="119835975" />
  <Point X="138" Y="270" T="119836000" />
  <Point X="140" Y="270" T="119836024" />
  <Point X="144" Y="269" T="119836048" />
  <Point X="146" Y="269" T="119836072" />
  <Point X="148" Y="270" T="119836097" />
  <Point X="152" Y="269" T="119836122" />
  <Point X="155" Y="269" T="119836147" />
  <Point X="159" Y="268" T="119836172" />
  <Point X="161" Y="268" T="119836198" />
  <Point X="163" Y="268" T="119836223" />
  <Point X="165" Y="268" T="119836249" />
  <Point X="167" Y="267" T="119836275" />
  <Point X="172" Y="267" T="119836304" />
  <Point X="174" Y="267" T="119836331" />
  <Point X="176" Y="267" T="119836359" />
  <Point X="178" Y="267" T="119836387" />
  <Point X="180" Y="267" T="119836419" />
  <Point X="182" Y="267" T="119836454" />
  <Point X="184" Y="267" T="119836498" />
  <Point X="186" Y="267" T="119836587" />
  <Point X="187" Y="265" T="119836644" />
  <Point X="187" Y="262" T="119836676" />
  <Point X="187" Y="260" T="119836704" />
  <Point X="187" Y="258" T="119836732" />
  <Point X="187" Y="255" T="119836761" />
  <Point X="188" Y="251" T="119836793" />
  <Point X="188" Y="249" T="119836822" />
  <Point X="189" Y="245" T="119836851" />
  <Point X="189" Y="241" T="119836881" />
  <Point X="189" Y="236" T="119836911" />
  <Point X="189" Y="232" T="119836940" />
  <Point X="189" Y="230" T="119836970" />
  <Point X="189" Y="226" T="119837000" />
  <Point X="189" Y="222" T="119837030" />
  <Point X="188" Y="217" T="119837061" />
  <Point X="188" Y="213" T="119837093" />
  <Point X="189" Y="208" T="119837123" />
  <Point X="189" Y="206" T="119837154" />
  <Point X="189" Y="204" T="119837185" />
  <Point X="189" Y="201" T="119837217" />
  <Point X="188" Y="197" T="119837249" />
  <Point X="189" Y="195" T="119837281" />
  <Point X="188" Y="191" T="119837313" />
  <Point X="188" Y="188" T="119837345" />
  <Point X="189" Y="186" T="119837377" />
  <Point X="189" Y="181" T="119837410" />
  <Point X="189" Y="179" T="119837443" />
  <Point X="189" Y="175" T="119837476" />
  <Point X="188" Y="172" T="119837509" />
  <Point X="187" Y="168" T="119837543" />
  <Point X="187" Y="166" T="119837576" />
  <Point X="186" Y="161" T="119837610" />
  <Point X="186" Y="157" T="119837644" />
  <Point X="185" Y="152" T="119837679" />
  <Point X="185" Y="150" T="119837713" />
  <Point X="185" Y="147" T="119837764" />
  <Point X="184" Y="145" T="119837817" />
  <Point X="183" Y="143" T="119837893" />
  <Point X="181" Y="144" T="119837928" />
  <Point X="179" Y="143" T="119837963" />
  <Point X="175" Y="144" T="119837999" />
  <Point X="169" Y="145" T="119838035" />
  <Point X="163" Y="146" T="119838072" />
  <Point X="159" Y="146" T="119838109" />
  <Point X="152" Y="146" T="119838146" />
  <Point X="147" Y="146" T="119838182" />
  <Point X="142" Y="147" T="119838220" />
  <Point X="136" Y="147" T="119838258" />
  <Point X="131" Y="147" T="119838298" />
  <Point X="127" Y="147" T="119838336" />
  <Point X="123" Y="147" T="119838374" />
  <Point X="117" Y="147" T="119838429" />
  <Point X="115" Y="147" T="119838430" />
  <Point X="108" Y="147" T="119838475" />
  <Point X="102" Y="149" T="119838522" />
  <Point X="98" Y="150" T="119838561" />
  <Point X="94" Y="150" T="119838600" />
  <Point X="90" Y="150" T="119838639" />
  <Point X="86" Y="150" T="119838679" />
  <Point X="82" Y="150" T="119838719" />
  <Point X="75" Y="150" T="119838759" />
  <Point X="73" Y="149" T="119838799" />
</Gesture>