﻿<?xml version="1.0" encoding="utf-8" standalone="yes"?>
<Gesture Name="rectangle09" Subject="5" Speed="slow" Number="9" NumPts="152" Millseconds="3719" AppName="Gestures" AppVer="3.7.0.0" Date="Friday, March 09, 2007" TimeOfDay="9:55:27 PM">
  <Point X="60" Y="149" T="119839461" />
  <Point X="59" Y="152" T="119839617" />
  <Point X="58" Y="154" T="119839646" />
  <Point X="58" Y="157" T="119839667" />
  <Point X="57" Y="159" T="119839678" />
  <Point X="57" Y="161" T="119839690" />
  <Point X="57" Y="163" T="119839704" />
  <Point X="57" Y="165" T="119839712" />
  <Point X="57" Y="168" T="119839728" />
  <Point X="57" Y="170" T="119839744" />
  <Point X="57" Y="172" T="119839752" />
  <Point X="57" Y="174" T="119839772" />
  <Point X="57" Y="177" T="119839801" />
  <Point X="57" Y="179" T="119839809" />
  <Point X="56" Y="182" T="119839822" />
  <Point X="56" Y="185" T="119839839" />
  <Point X="56" Y="187" T="119839848" />
  <Point X="55" Y="190" T="119839860" />
  <Point X="55" Y="192" T="119839880" />
  <Point X="55" Y="194" T="119839893" />
  <Point X="55" Y="197" T="119839909" />
  <Point X="55" Y="199" T="119839921" />
  <Point X="55" Y="201" T="119839932" />
  <Point X="55" Y="204" T="119839949" />
  <Point X="55" Y="206" T="119839959" />
  <Point X="55" Y="208" T="119839969" />
  <Point X="55" Y="210" T="119839980" />
  <Point X="55" Y="212" T="119839992" />
  <Point X="55" Y="215" T="119840004" />
  <Point X="56" Y="217" T="119840016" />
  <Point X="56" Y="220" T="119840028" />
  <Point X="56" Y="222" T="119840040" />
  <Point X="56" Y="224" T="119840052" />
  <Point X="56" Y="226" T="119840064" />
  <Point X="56" Y="229" T="119840081" />
  <Point X="56" Y="232" T="119840102" />
  <Point X="57" Y="234" T="119840123" />
  <Point X="57" Y="237" T="119840135" />
  <Point X="58" Y="239" T="119840171" />
  <Point X="58" Y="242" T="119840207" />
  <Point X="59" Y="244" T="119840235" />
  <Point X="59" Y="246" T="119840251" />
  <Point X="59" Y="248" T="119840271" />
  <Point X="59" Y="251" T="119840294" />
  <Point X="59" Y="253" T="119840315" />
  <Point X="59" Y="255" T="119840335" />
  <Point X="60" Y="258" T="119840355" />
  <Point X="60" Y="260" T="119840371" />
  <Point X="61" Y="262" T="119840386" />
  <Point X="61" Y="264" T="119840401" />
  <Point X="61" Y="266" T="119840416" />
  <Point X="62" Y="269" T="119840438" />
  <Point X="62" Y="271" T="119840482" />
  <Point X="63" Y="273" T="119840519" />
  <Point X="65" Y="275" T="119840560" />
  <Point X="67" Y="276" T="119840605" />
  <Point X="69" Y="277" T="119840625" />
  <Point X="71" Y="276" T="119840646" />
  <Point X="73" Y="277" T="119840663" />
  <Point X="76" Y="276" T="119840681" />
  <Point X="78" Y="276" T="119840699" />
  <Point X="82" Y="275" T="119840716" />
  <Point X="84" Y="275" T="119840734" />
  <Point X="89" Y="275" T="119840753" />
  <Point X="91" Y="274" T="119840772" />
  <Point X="96" Y="274" T="119840790" />
  <Point X="98" Y="275" T="119840809" />
  <Point X="102" Y="274" T="119840827" />
  <Point X="107" Y="274" T="119840847" />
  <Point X="109" Y="274" T="119840866" />
  <Point X="113" Y="275" T="119840885" />
  <Point X="116" Y="276" T="119840905" />
  <Point X="120" Y="275" T="119840925" />
  <Point X="123" Y="275" T="119840945" />
  <Point X="125" Y="275" T="119840966" />
  <Point X="129" Y="275" T="119840986" />
  <Point X="131" Y="275" T="119841007" />
  <Point X="135" Y="275" T="119841027" />
  <Point X="138" Y="275" T="119841049" />
  <Point X="140" Y="275" T="119841070" />
  <Point X="144" Y="274" T="119841091" />
  <Point X="146" Y="274" T="119841113" />
  <Point X="148" Y="273" T="119841135" />
  <Point X="150" Y="273" T="119841157" />
  <Point X="153" Y="273" T="119841179" />
  <Point X="155" Y="272" T="119841201" />
  <Point X="157" Y="273" T="119841224" />
  <Point X="159" Y="272" T="119841247" />
  <Point X="161" Y="271" T="119841270" />
  <Point X="163" Y="272" T="119841293" />
  <Point X="165" Y="271" T="119841316" />
  <Point X="167" Y="272" T="119841339" />
  <Point X="169" Y="272" T="119841363" />
  <Point X="173" Y="272" T="119841387" />
  <Point X="175" Y="271" T="119841410" />
  <Point X="177" Y="271" T="119841438" />
  <Point X="179" Y="270" T="119841470" />
  <Point X="181" Y="270" T="119841502" />
  <Point X="183" Y="269" T="119841551" />
  <Point X="184" Y="267" T="119841619" />
  <Point X="184" Y="265" T="119841644" />
  <Point X="183" Y="259" T="119841671" />
  <Point X="183" Y="257" T="119841696" />
  <Point X="183" Y="255" T="119841723" />
  <Point X="182" Y="250" T="119841749" />
  <Point X="182" Y="246" T="119841776" />
  <Point X="182" Y="242" T="119841803" />
  <Point X="182" Y="240" T="119841831" />
  <Point X="182" Y="236" T="119841858" />
  <Point X="181" Y="230" T="119841885" />
  <Point X="181" Y="223" T="119841913" />
  <Point X="181" Y="220" T="119841941" />
  <Point X="181" Y="218" T="119841969" />
  <Point X="180" Y="213" T="119841998" />
  <Point X="180" Y="205" T="119842030" />
  <Point X="180" Y="201" T="119842058" />
  <Point X="180" Y="197" T="119842087" />
  <Point X="180" Y="189" T="119842116" />
  <Point X="180" Y="182" T="119842146" />
  <Point X="179" Y="178" T="119842176" />
  <Point X="179" Y="173" T="119842206" />
  <Point X="179" Y="168" T="119842236" />
  <Point X="179" Y="166" T="119842266" />
  <Point X="178" Y="163" T="119842267" />
  <Point X="178" Y="161" T="119842297" />
  <Point X="177" Y="159" T="119842328" />
  <Point X="176" Y="155" T="119842359" />
  <Point X="176" Y="153" T="119842390" />
  <Point X="175" Y="148" T="119842421" />
  <Point X="175" Y="145" T="119842453" />
  <Point X="175" Y="143" T="119842485" />
  <Point X="173" Y="143" T="119842526" />
  <Point X="171" Y="143" T="119842558" />
  <Point X="168" Y="143" T="119842590" />
  <Point X="163" Y="144" T="119842623" />
  <Point X="157" Y="145" T="119842656" />
  <Point X="150" Y="145" T="119842689" />
  <Point X="144" Y="144" T="119842730" />
  <Point X="142" Y="145" T="119842731" />
  <Point X="134" Y="146" T="119842770" />
  <Point X="130" Y="147" T="119842810" />
  <Point X="128" Y="146" T="119842811" />
  <Point X="126" Y="147" T="119842847" />
  <Point X="122" Y="145" T="119842882" />
  <Point X="116" Y="145" T="119842917" />
  <Point X="111" Y="145" T="119842957" />
  <Point X="106" Y="145" T="119842992" />
  <Point X="100" Y="147" T="119843028" />
  <Point X="92" Y="149" T="119843069" />
  <Point X="83" Y="149" T="119843105" />
  <Point X="76" Y="150" T="119843144" />
  <Point X="74" Y="149" T="119843180" />
</Gesture>