﻿<?xml version="1.0" encoding="utf-8" standalone="yes"?>
<Gesture Name="rectangle03" Subject="5" Speed="slow" Number="3" NumPts="174" Millseconds="4479" AppName="Gestures" AppVer="3.7.0.0" Date="Friday, March 09, 2007" TimeOfDay="9:54:53 PM">
  <Point X="45" Y="149" T="119804436" />
  <Point X="44" Y="151" T="119804479" />
  <Point X="44" Y="153" T="119804528" />
  <Point X="43" Y="156" T="119804548" />
  <Point X="43" Y="159" T="119804573" />
  <Point X="43" Y="161" T="119804593" />
  <Point X="43" Y="163" T="119804601" />
  <Point X="43" Y="165" T="119804621" />
  <Point X="43" Y="168" T="119804641" />
  <Point X="44" Y="170" T="119804665" />
  <Point X="44" Y="172" T="119804681" />
  <Point X="44" Y="174" T="119804697" />
  <Point X="44" Y="176" T="119804709" />
  <Point X="44" Y="178" T="119804733" />
  <Point X="44" Y="181" T="119804746" />
  <Point X="44" Y="183" T="119804762" />
  <Point X="44" Y="185" T="119804786" />
  <Point X="44" Y="187" T="119804798" />
  <Point X="44" Y="190" T="119804818" />
  <Point X="44" Y="192" T="119804842" />
  <Point X="44" Y="194" T="119804851" />
  <Point X="44" Y="196" T="119804871" />
  <Point X="44" Y="198" T="119804895" />
  <Point X="43" Y="201" T="119804916" />
  <Point X="43" Y="203" T="119804932" />
  <Point X="43" Y="205" T="119804942" />
  <Point X="43" Y="207" T="119804952" />
  <Point X="42" Y="210" T="119804968" />
  <Point X="42" Y="213" T="119804984" />
  <Point X="42" Y="215" T="119805005" />
  <Point X="42" Y="217" T="119805021" />
  <Point X="41" Y="219" T="119805037" />
  <Point X="41" Y="221" T="119805049" />
  <Point X="41" Y="223" T="119805062" />
  <Point X="41" Y="225" T="119805074" />
  <Point X="41" Y="227" T="119805090" />
  <Point X="41" Y="229" T="119805102" />
  <Point X="41" Y="231" T="119805117" />
  <Point X="41" Y="233" T="119805134" />
  <Point X="41" Y="235" T="119805158" />
  <Point X="41" Y="238" T="119805171" />
  <Point X="42" Y="240" T="119805190" />
  <Point X="42" Y="243" T="119805207" />
  <Point X="43" Y="245" T="119805247" />
  <Point X="43" Y="247" T="119805272" />
  <Point X="44" Y="249" T="119805305" />
  <Point X="45" Y="252" T="119805321" />
  <Point X="47" Y="253" T="119805349" />
  <Point X="49" Y="254" T="119805373" />
  <Point X="51" Y="256" T="119805393" />
  <Point X="53" Y="255" T="119805409" />
  <Point X="55" Y="256" T="119805427" />
  <Point X="57" Y="257" T="119805443" />
  <Point X="59" Y="259" T="119805458" />
  <Point X="62" Y="259" T="119805474" />
  <Point X="64" Y="259" T="119805490" />
  <Point X="66" Y="260" T="119805507" />
  <Point X="68" Y="260" T="119805524" />
  <Point X="70" Y="261" T="119805540" />
  <Point X="72" Y="261" T="119805558" />
  <Point X="74" Y="261" T="119805575" />
  <Point X="77" Y="262" T="119805592" />
  <Point X="79" Y="262" T="119805593" />
  <Point X="81" Y="263" T="119805612" />
  <Point X="83" Y="261" T="119805630" />
  <Point X="85" Y="263" T="119805648" />
  <Point X="87" Y="263" T="119805667" />
  <Point X="89" Y="263" T="119805686" />
  <Point X="92" Y="263" T="119805704" />
  <Point X="94" Y="263" T="119805705" />
  <Point X="96" Y="262" T="119805724" />
  <Point X="98" Y="263" T="119805744" />
  <Point X="100" Y="263" T="119805764" />
  <Point X="102" Y="263" T="119805784" />
  <Point X="104" Y="263" T="119805804" />
  <Point X="106" Y="264" T="119805824" />
  <Point X="109" Y="264" T="119805846" />
  <Point X="111" Y="264" T="119805867" />
  <Point X="113" Y="264" T="119805888" />
  <Point X="115" Y="264" T="119805908" />
  <Point X="117" Y="265" T="119805910" />
  <Point X="119" Y="264" T="119805935" />
  <Point X="121" Y="264" T="119805956" />
  <Point X="123" Y="264" T="119805978" />
  <Point X="125" Y="265" T="119806000" />
  <Point X="128" Y="264" T="119806024" />
  <Point X="130" Y="265" T="119806051" />
  <Point X="132" Y="264" T="119806073" />
  <Point X="134" Y="264" T="119806096" />
  <Point X="137" Y="263" T="119806121" />
  <Point X="139" Y="264" T="119806146" />
  <Point X="141" Y="262" T="119806170" />
  <Point X="143" Y="262" T="119806194" />
  <Point X="145" Y="263" T="119806218" />
  <Point X="147" Y="263" T="119806246" />
  <Point X="149" Y="264" T="119806288" />
  <Point X="151" Y="264" T="119806326" />
  <Point X="153" Y="264" T="119806362" />
  <Point X="155" Y="264" T="119806394" />
  <Point X="157" Y="264" T="119806425" />
  <Point X="160" Y="264" T="119806458" />
  <Point X="162" Y="263" T="119806489" />
  <Point X="164" Y="263" T="119806517" />
  <Point X="166" Y="263" T="119806543" />
  <Point X="168" Y="262" T="119806569" />
  <Point X="170" Y="261" T="119806596" />
  <Point X="174" Y="261" T="119806623" />
  <Point X="176" Y="261" T="119806651" />
  <Point X="180" Y="260" T="119806680" />
  <Point X="182" Y="260" T="119806708" />
  <Point X="184" Y="260" T="119806737" />
  <Point X="186" Y="257" T="119806778" />
  <Point X="187" Y="255" T="119806807" />
  <Point X="187" Y="253" T="119806835" />
  <Point X="187" Y="250" T="119806863" />
  <Point X="187" Y="245" T="119806892" />
  <Point X="186" Y="241" T="119806922" />
  <Point X="187" Y="236" T="119806952" />
  <Point X="187" Y="234" T="119806980" />
  <Point X="187" Y="229" T="119807012" />
  <Point X="188" Y="225" T="119807042" />
  <Point X="188" Y="220" T="119807072" />
  <Point X="189" Y="216" T="119807102" />
  <Point X="189" Y="211" T="119807132" />
  <Point X="189" Y="206" T="119807163" />
  <Point X="189" Y="202" T="119807193" />
  <Point X="189" Y="199" T="119807224" />
  <Point X="189" Y="195" T="119807256" />
  <Point X="189" Y="190" T="119807287" />
  <Point X="190" Y="186" T="119807319" />
  <Point X="190" Y="182" T="119807350" />
  <Point X="190" Y="178" T="119807382" />
  <Point X="190" Y="174" T="119807415" />
  <Point X="189" Y="170" T="119807448" />
  <Point X="189" Y="168" T="119807480" />
  <Point X="188" Y="163" T="119807513" />
  <Point X="188" Y="161" T="119807545" />
  <Point X="187" Y="158" T="119807577" />
  <Point X="186" Y="156" T="119807610" />
  <Point X="184" Y="151" T="119807646" />
  <Point X="183" Y="149" T="119807679" />
  <Point X="182" Y="147" T="119807712" />
  <Point X="181" Y="145" T="119807745" />
  <Point X="179" Y="142" T="119807778" />
  <Point X="175" Y="142" T="119807812" />
  <Point X="173" Y="142" T="119807846" />
  <Point X="168" Y="141" T="119807880" />
  <Point X="162" Y="142" T="119807916" />
  <Point X="158" Y="142" T="119807951" />
  <Point X="154" Y="143" T="119807986" />
  <Point X="147" Y="144" T="119808023" />
  <Point X="141" Y="145" T="119808059" />
  <Point X="135" Y="145" T="119808096" />
  <Point X="128" Y="145" T="119808141" />
  <Point X="123" Y="145" T="119808178" />
  <Point X="119" Y="145" T="119808216" />
  <Point X="114" Y="145" T="119808252" />
  <Point X="112" Y="144" T="119808289" />
  <Point X="108" Y="145" T="119808326" />
  <Point X="104" Y="145" T="119808364" />
  <Point X="99" Y="145" T="119808402" />
  <Point X="97" Y="145" T="119808443" />
  <Point X="93" Y="147" T="119808482" />
  <Point X="89" Y="147" T="119808520" />
  <Point X="87" Y="148" T="119808558" />
  <Point X="83" Y="148" T="119808598" />
  <Point X="81" Y="147" T="119808638" />
  <Point X="77" Y="146" T="119808677" />
  <Point X="74" Y="147" T="119808716" />
  <Point X="70" Y="146" T="119808756" />
  <Point X="64" Y="146" T="119808796" />
  <Point X="60" Y="145" T="119808836" />
  <Point X="57" Y="145" T="119808876" />
  <Point X="55" Y="146" T="119808915" />
</Gesture>