﻿<?xml version="1.0" encoding="utf-8" standalone="yes"?>
<Gesture Name="rectangle07" Subject="5" Speed="slow" Number="7" NumPts="184" Millseconds="5791" AppName="Gestures" AppVer="3.7.0.0" Date="Friday, March 09, 2007" TimeOfDay="9:55:17 PM">
  <Point X="45" Y="149" T="119827107" />
  <Point X="44" Y="151" T="119827260" />
  <Point X="43" Y="153" T="119827276" />
  <Point X="43" Y="155" T="119827289" />
  <Point X="43" Y="158" T="119827309" />
  <Point X="43" Y="160" T="119827330" />
  <Point X="43" Y="162" T="119827337" />
  <Point X="43" Y="164" T="119827353" />
  <Point X="43" Y="166" T="119827369" />
  <Point X="43" Y="168" T="119827389" />
  <Point X="42" Y="171" T="119827409" />
  <Point X="42" Y="173" T="119827425" />
  <Point X="42" Y="175" T="119827442" />
  <Point X="42" Y="178" T="119827478" />
  <Point X="42" Y="180" T="119827499" />
  <Point X="42" Y="182" T="119827512" />
  <Point X="41" Y="184" T="119827529" />
  <Point X="41" Y="186" T="119827553" />
  <Point X="42" Y="188" T="119827577" />
  <Point X="41" Y="191" T="119827598" />
  <Point X="41" Y="193" T="119827619" />
  <Point X="42" Y="195" T="119827658" />
  <Point X="42" Y="197" T="119827683" />
  <Point X="42" Y="199" T="119827703" />
  <Point X="42" Y="201" T="119827719" />
  <Point X="43" Y="203" T="119827743" />
  <Point X="43" Y="205" T="119827768" />
  <Point X="43" Y="208" T="119827784" />
  <Point X="43" Y="210" T="119827805" />
  <Point X="43" Y="212" T="119827829" />
  <Point X="43" Y="215" T="119827857" />
  <Point X="43" Y="217" T="119827877" />
  <Point X="43" Y="219" T="119827901" />
  <Point X="43" Y="222" T="119827941" />
  <Point X="43" Y="224" T="119827962" />
  <Point X="43" Y="226" T="119827983" />
  <Point X="42" Y="228" T="119828003" />
  <Point X="42" Y="231" T="119828019" />
  <Point X="42" Y="233" T="119828055" />
  <Point X="42" Y="235" T="119828075" />
  <Point X="42" Y="237" T="119828089" />
  <Point X="41" Y="239" T="119828104" />
  <Point X="42" Y="241" T="119828132" />
  <Point X="42" Y="243" T="119828152" />
  <Point X="43" Y="245" T="119828181" />
  <Point X="43" Y="248" T="119828197" />
  <Point X="43" Y="250" T="119828225" />
  <Point X="43" Y="252" T="119828241" />
  <Point X="43" Y="255" T="119828269" />
  <Point X="43" Y="257" T="119828293" />
  <Point X="43" Y="259" T="119828312" />
  <Point X="43" Y="261" T="119828332" />
  <Point X="44" Y="263" T="119828365" />
  <Point X="44" Y="266" T="119828385" />
  <Point X="44" Y="268" T="119828421" />
  <Point X="45" Y="270" T="119828588" />
  <Point X="47" Y="269" T="119828648" />
  <Point X="49" Y="270" T="119828689" />
  <Point X="51" Y="268" T="119828729" />
  <Point X="52" Y="270" T="119828757" />
  <Point X="54" Y="269" T="119828777" />
  <Point X="56" Y="269" T="119828801" />
  <Point X="58" Y="269" T="119828825" />
  <Point X="60" Y="270" T="119828853" />
  <Point X="62" Y="270" T="119828878" />
  <Point X="64" Y="271" T="119828902" />
  <Point X="66" Y="272" T="119828938" />
  <Point X="68" Y="272" T="119828970" />
  <Point X="71" Y="273" T="119829006" />
  <Point X="73" Y="272" T="119829030" />
  <Point X="75" Y="272" T="119829050" />
  <Point X="77" Y="271" T="119829074" />
  <Point X="79" Y="272" T="119829095" />
  <Point X="81" Y="271" T="119829115" />
  <Point X="83" Y="272" T="119829138" />
  <Point X="85" Y="271" T="119829162" />
  <Point X="87" Y="270" T="119829186" />
  <Point X="89" Y="270" T="119829210" />
  <Point X="91" Y="271" T="119829235" />
  <Point X="94" Y="271" T="119829257" />
  <Point X="96" Y="271" T="119829279" />
  <Point X="98" Y="271" T="119829301" />
  <Point X="100" Y="272" T="119829324" />
  <Point X="102" Y="271" T="119829347" />
  <Point X="104" Y="271" T="119829370" />
  <Point X="106" Y="271" T="119829393" />
  <Point X="108" Y="272" T="119829417" />
  <Point X="110" Y="271" T="119829440" />
  <Point X="112" Y="272" T="119829464" />
  <Point X="114" Y="271" T="119829489" />
  <Point X="116" Y="271" T="119829513" />
  <Point X="118" Y="271" T="119829538" />
  <Point X="121" Y="271" T="119829563" />
  <Point X="123" Y="272" T="119829588" />
  <Point X="125" Y="272" T="119829614" />
  <Point X="127" Y="272" T="119829639" />
  <Point X="129" Y="273" T="119829665" />
  <Point X="132" Y="271" T="119829694" />
  <Point X="134" Y="272" T="119829720" />
  <Point X="136" Y="270" T="119829746" />
  <Point X="139" Y="270" T="119829773" />
  <Point X="141" Y="269" T="119829800" />
  <Point X="143" Y="270" T="119829827" />
  <Point X="145" Y="270" T="119829854" />
  <Point X="147" Y="268" T="119829882" />
  <Point X="149" Y="269" T="119829910" />
  <Point X="151" Y="268" T="119829940" />
  <Point X="153" Y="269" T="119829972" />
  <Point X="155" Y="267" T="119830000" />
  <Point X="157" Y="268" T="119830029" />
  <Point X="159" Y="268" T="119830058" />
  <Point X="161" Y="267" T="119830088" />
  <Point X="163" Y="267" T="119830116" />
  <Point X="165" Y="267" T="119830145" />
  <Point X="167" Y="267" T="119830175" />
  <Point X="169" Y="268" T="119830207" />
  <Point X="171" Y="267" T="119830236" />
  <Point X="173" Y="267" T="119830267" />
  <Point X="175" Y="267" T="119830304" />
  <Point X="177" Y="268" T="119830336" />
  <Point X="179" Y="267" T="119830372" />
  <Point X="181" Y="267" T="119830404" />
  <Point X="183" Y="267" T="119830444" />
  <Point X="185" Y="267" T="119830492" />
  <Point X="187" Y="266" T="119830540" />
  <Point X="189" Y="267" T="119830588" />
  <Point X="191" Y="267" T="119830664" />
  <Point X="192" Y="265" T="119830773" />
  <Point X="192" Y="262" T="119830817" />
  <Point X="192" Y="260" T="119830850" />
  <Point X="192" Y="258" T="119830882" />
  <Point X="191" Y="254" T="119830915" />
  <Point X="190" Y="252" T="119830948" />
  <Point X="190" Y="250" T="119830980" />
  <Point X="189" Y="245" T="119831014" />
  <Point X="189" Y="240" T="119831048" />
  <Point X="189" Y="238" T="119831082" />
  <Point X="189" Y="233" T="119831116" />
  <Point X="189" Y="229" T="119831155" />
  <Point X="189" Y="227" T="119831189" />
  <Point X="189" Y="224" T="119831224" />
  <Point X="189" Y="218" T="119831259" />
  <Point X="189" Y="213" T="119831294" />
  <Point X="189" Y="211" T="119831329" />
  <Point X="189" Y="209" T="119831364" />
  <Point X="189" Y="207" T="119831366" />
  <Point X="189" Y="203" T="119831402" />
  <Point X="189" Y="201" T="119831438" />
  <Point X="189" Y="197" T="119831475" />
  <Point X="189" Y="195" T="119831511" />
  <Point X="189" Y="190" T="119831548" />
  <Point X="189" Y="188" T="119831584" />
  <Point X="188" Y="183" T="119831622" />
  <Point X="187" Y="181" T="119831659" />
  <Point X="187" Y="177" T="119831696" />
  <Point X="187" Y="173" T="119831734" />
  <Point X="187" Y="169" T="119831773" />
  <Point X="186" Y="165" T="119831811" />
  <Point X="185" Y="160" T="119831850" />
  <Point X="184" Y="155" T="119831888" />
  <Point X="184" Y="151" T="119831927" />
  <Point X="184" Y="149" T="119831966" />
  <Point X="183" Y="147" T="119832004" />
  <Point X="182" Y="145" T="119832044" />
  <Point X="180" Y="145" T="119832086" />
  <Point X="176" Y="143" T="119832131" />
  <Point X="171" Y="142" T="119832172" />
  <Point X="167" Y="141" T="119832212" />
  <Point X="161" Y="142" T="119832254" />
  <Point X="156" Y="143" T="119832295" />
  <Point X="150" Y="144" T="119832336" />
  <Point X="144" Y="144" T="119832377" />
  <Point X="139" Y="145" T="119832418" />
  <Point X="132" Y="145" T="119832460" />
  <Point X="124" Y="146" T="119832502" />
  <Point X="120" Y="147" T="119832543" />
  <Point X="114" Y="145" T="119832586" />
  <Point X="107" Y="146" T="119832631" />
  <Point X="101" Y="146" T="119832676" />
  <Point X="94" Y="146" T="119832722" />
  <Point X="88" Y="147" T="119832766" />
  <Point X="79" Y="147" T="119832811" />
  <Point X="72" Y="144" T="119832855" />
  <Point X="67" Y="146" T="119832898" />
</Gesture>