﻿<?xml version="1.0" encoding="utf-8" standalone="yes"?>
<Gesture Name="rectangle05" Subject="5" Speed="slow" Number="5" NumPts="175" Millseconds="4442" AppName="Gestures" AppVer="3.7.0.0" Date="Friday, March 09, 2007" TimeOfDay="9:55:03 PM">
  <Point X="41" Y="148" T="119814708" />
  <Point X="40" Y="150" T="119814800" />
  <Point X="39" Y="152" T="119814813" />
  <Point X="39" Y="155" T="119814820" />
  <Point X="38" Y="158" T="119814829" />
  <Point X="38" Y="160" T="119814849" />
  <Point X="38" Y="163" T="119814857" />
  <Point X="38" Y="165" T="119814865" />
  <Point X="38" Y="167" T="119814877" />
  <Point X="38" Y="170" T="119814885" />
  <Point X="38" Y="173" T="119814901" />
  <Point X="38" Y="175" T="119814914" />
  <Point X="38" Y="178" T="119814930" />
  <Point X="38" Y="180" T="119814938" />
  <Point X="38" Y="182" T="119814947" />
  <Point X="38" Y="184" T="119814958" />
  <Point X="38" Y="187" T="119814970" />
  <Point X="38" Y="189" T="119814983" />
  <Point X="38" Y="192" T="119814991" />
  <Point X="38" Y="194" T="119815003" />
  <Point X="38" Y="196" T="119815015" />
  <Point X="38" Y="198" T="119815024" />
  <Point X="38" Y="201" T="119815033" />
  <Point X="38" Y="203" T="119815047" />
  <Point X="38" Y="206" T="119815060" />
  <Point X="38" Y="208" T="119815070" />
  <Point X="38" Y="210" T="119815081" />
  <Point X="38" Y="212" T="119815096" />
  <Point X="37" Y="215" T="119815107" />
  <Point X="37" Y="217" T="119815117" />
  <Point X="37" Y="220" T="119815128" />
  <Point X="37" Y="222" T="119815140" />
  <Point X="37" Y="225" T="119815156" />
  <Point X="37" Y="227" T="119815169" />
  <Point X="37" Y="230" T="119815180" />
  <Point X="37" Y="232" T="119815192" />
  <Point X="37" Y="235" T="119815204" />
  <Point X="37" Y="237" T="119815217" />
  <Point X="37" Y="239" T="119815229" />
  <Point X="37" Y="241" T="119815242" />
  <Point X="37" Y="244" T="119815255" />
  <Point X="37" Y="246" T="119815269" />
  <Point X="37" Y="248" T="119815283" />
  <Point X="37" Y="250" T="119815296" />
  <Point X="37" Y="252" T="119815310" />
  <Point X="37" Y="254" T="119815324" />
  <Point X="37" Y="256" T="119815341" />
  <Point X="37" Y="258" T="119815361" />
  <Point X="37" Y="260" T="119815378" />
  <Point X="37" Y="262" T="119815393" />
  <Point X="37" Y="265" T="119815418" />
  <Point X="37" Y="267" T="119815461" />
  <Point X="37" Y="269" T="119815478" />
  <Point X="39" Y="269" T="119815677" />
  <Point X="41" Y="270" T="119815704" />
  <Point X="43" Y="270" T="119815721" />
  <Point X="45" Y="269" T="119815748" />
  <Point X="48" Y="269" T="119815767" />
  <Point X="50" Y="268" T="119815784" />
  <Point X="52" Y="268" T="119815804" />
  <Point X="54" Y="269" T="119815821" />
  <Point X="56" Y="268" T="119815839" />
  <Point X="58" Y="268" T="119815856" />
  <Point X="61" Y="268" T="119815874" />
  <Point X="63" Y="268" T="119815892" />
  <Point X="65" Y="267" T="119815911" />
  <Point X="68" Y="268" T="119815929" />
  <Point X="70" Y="268" T="119815949" />
  <Point X="74" Y="267" T="119815969" />
  <Point X="76" Y="267" T="119815989" />
  <Point X="78" Y="267" T="119816009" />
  <Point X="80" Y="268" T="119816029" />
  <Point X="84" Y="269" T="119816049" />
  <Point X="86" Y="269" T="119816069" />
  <Point X="89" Y="269" T="119816090" />
  <Point X="91" Y="269" T="119816111" />
  <Point X="93" Y="271" T="119816131" />
  <Point X="95" Y="271" T="119816153" />
  <Point X="97" Y="271" T="119816174" />
  <Point X="99" Y="272" T="119816195" />
  <Point X="101" Y="272" T="119816217" />
  <Point X="103" Y="273" T="119816239" />
  <Point X="107" Y="272" T="119816260" />
  <Point X="109" Y="272" T="119816287" />
  <Point X="111" Y="272" T="119816312" />
  <Point X="113" Y="271" T="119816336" />
  <Point X="115" Y="271" T="119816360" />
  <Point X="118" Y="271" T="119816383" />
  <Point X="120" Y="271" T="119816406" />
  <Point X="122" Y="270" T="119816429" />
  <Point X="124" Y="270" T="119816453" />
  <Point X="126" Y="271" T="119816478" />
  <Point X="128" Y="270" T="119816502" />
  <Point X="130" Y="270" T="119816527" />
  <Point X="133" Y="270" T="119816551" />
  <Point X="137" Y="270" T="119816576" />
  <Point X="139" Y="269" T="119816601" />
  <Point X="141" Y="270" T="119816626" />
  <Point X="143" Y="270" T="119816651" />
  <Point X="145" Y="271" T="119816678" />
  <Point X="149" Y="271" T="119816704" />
  <Point X="151" Y="270" T="119816730" />
  <Point X="153" Y="270" T="119816756" />
  <Point X="157" Y="269" T="119816785" />
  <Point X="159" Y="270" T="119816811" />
  <Point X="161" Y="268" T="119816837" />
  <Point X="163" Y="268" T="119816865" />
  <Point X="166" Y="268" T="119816892" />
  <Point X="168" Y="268" T="119816920" />
  <Point X="170" Y="268" T="119816947" />
  <Point X="172" Y="269" T="119816948" />
  <Point X="174" Y="268" T="119816978" />
  <Point X="176" Y="268" T="119817007" />
  <Point X="178" Y="270" T="119817035" />
  <Point X="182" Y="269" T="119817064" />
  <Point X="184" Y="270" T="119817093" />
  <Point X="186" Y="269" T="119817136" />
  <Point X="187" Y="267" T="119817199" />
  <Point X="188" Y="265" T="119817228" />
  <Point X="188" Y="262" T="119817258" />
  <Point X="188" Y="258" T="119817288" />
  <Point X="189" Y="256" T="119817318" />
  <Point X="189" Y="252" T="119817348" />
  <Point X="190" Y="248" T="119817379" />
  <Point X="190" Y="242" T="119817410" />
  <Point X="191" Y="236" T="119817441" />
  <Point X="191" Y="232" T="119817472" />
  <Point X="191" Y="227" T="119817504" />
  <Point X="192" Y="223" T="119817536" />
  <Point X="192" Y="217" T="119817568" />
  <Point X="192" Y="212" T="119817600" />
  <Point X="191" Y="208" T="119817632" />
  <Point X="191" Y="203" T="119817664" />
  <Point X="192" Y="196" T="119817698" />
  <Point X="192" Y="189" T="119817734" />
  <Point X="192" Y="183" T="119817767" />
  <Point X="192" Y="176" T="119817800" />
  <Point X="192" Y="172" T="119817834" />
  <Point X="191" Y="167" T="119817868" />
  <Point X="191" Y="163" T="119817902" />
  <Point X="190" Y="161" T="119817939" />
  <Point X="189" Y="157" T="119817979" />
  <Point X="188" Y="155" T="119818015" />
  <Point X="188" Y="152" T="119818049" />
  <Point X="188" Y="150" T="119818084" />
  <Point X="187" Y="148" T="119818120" />
  <Point X="186" Y="146" T="119818155" />
  <Point X="185" Y="144" T="119818190" />
  <Point X="181" Y="142" T="119818227" />
  <Point X="177" Y="143" T="119818262" />
  <Point X="173" Y="141" T="119818298" />
  <Point X="167" Y="141" T="119818344" />
  <Point X="162" Y="141" T="119818381" />
  <Point X="156" Y="142" T="119818418" />
  <Point X="147" Y="143" T="119818457" />
  <Point X="139" Y="143" T="119818495" />
  <Point X="132" Y="145" T="119818535" />
  <Point X="130" Y="144" T="119818536" />
  <Point X="124" Y="144" T="119818576" />
  <Point X="119" Y="145" T="119818614" />
  <Point X="117" Y="144" T="119818616" />
  <Point X="113" Y="143" T="119818656" />
  <Point X="109" Y="143" T="119818696" />
  <Point X="102" Y="144" T="119818739" />
  <Point X="97" Y="145" T="119818779" />
  <Point X="90" Y="148" T="119818820" />
  <Point X="86" Y="148" T="119818860" />
  <Point X="81" Y="149" T="119818900" />
  <Point X="77" Y="150" T="119818941" />
  <Point X="75" Y="151" T="119818982" />
  <Point X="70" Y="150" T="119819023" />
  <Point X="66" Y="151" T="119819064" />
  <Point X="60" Y="150" T="119819106" />
  <Point X="57" Y="149" T="119819108" />
  <Point X="55" Y="149" T="119819150" />
</Gesture>