﻿<?xml version="1.0" encoding="utf-8" standalone="yes"?>
<Gesture Name="rectangle04" Subject="5" Speed="slow" Number="4" NumPts="162" Millseconds="3938" AppName="Gestures" AppVer="3.7.0.0" Date="Friday, March 09, 2007" TimeOfDay="9:54:58 PM">
  <Point X="40" Y="152" T="119809916" />
  <Point X="38" Y="154" T="119810028" />
  <Point X="38" Y="157" T="119810045" />
  <Point X="38" Y="159" T="119810053" />
  <Point X="38" Y="162" T="119810066" />
  <Point X="38" Y="164" T="119810078" />
  <Point X="38" Y="166" T="119810086" />
  <Point X="37" Y="169" T="119810102" />
  <Point X="37" Y="171" T="119810110" />
  <Point X="37" Y="173" T="119810118" />
  <Point X="37" Y="176" T="119810130" />
  <Point X="37" Y="178" T="119810146" />
  <Point X="37" Y="180" T="119810158" />
  <Point X="37" Y="183" T="119810170" />
  <Point X="37" Y="185" T="119810190" />
  <Point X="37" Y="188" T="119810203" />
  <Point X="36" Y="190" T="119810216" />
  <Point X="36" Y="193" T="119810228" />
  <Point X="36" Y="195" T="119810236" />
  <Point X="36" Y="197" T="119810252" />
  <Point X="36" Y="199" T="119810261" />
  <Point X="36" Y="201" T="119810277" />
  <Point X="36" Y="203" T="119810293" />
  <Point X="36" Y="206" T="119810302" />
  <Point X="35" Y="208" T="119810313" />
  <Point X="35" Y="210" T="119810325" />
  <Point X="35" Y="213" T="119810350" />
  <Point X="35" Y="215" T="119810366" />
  <Point X="35" Y="217" T="119810378" />
  <Point X="35" Y="219" T="119810394" />
  <Point X="35" Y="222" T="119810409" />
  <Point X="34" Y="224" T="119810421" />
  <Point X="34" Y="226" T="119810446" />
  <Point X="34" Y="228" T="119810471" />
  <Point X="34" Y="231" T="119810483" />
  <Point X="34" Y="233" T="119810505" />
  <Point X="34" Y="236" T="119810517" />
  <Point X="34" Y="238" T="119810541" />
  <Point X="34" Y="241" T="119810569" />
  <Point X="34" Y="243" T="119810590" />
  <Point X="34" Y="245" T="119810606" />
  <Point X="34" Y="247" T="119810630" />
  <Point X="34" Y="249" T="119810649" />
  <Point X="35" Y="252" T="119810673" />
  <Point X="36" Y="254" T="119810696" />
  <Point X="37" Y="256" T="119810725" />
  <Point X="40" Y="258" T="119810756" />
  <Point X="42" Y="258" T="119810776" />
  <Point X="44" Y="258" T="119810796" />
  <Point X="46" Y="259" T="119810816" />
  <Point X="48" Y="259" T="119810832" />
  <Point X="50" Y="259" T="119810848" />
  <Point X="52" Y="260" T="119810865" />
  <Point X="55" Y="262" T="119810880" />
  <Point X="57" Y="260" T="119810896" />
  <Point X="59" Y="260" T="119810912" />
  <Point X="61" Y="261" T="119810929" />
  <Point X="63" Y="260" T="119810945" />
  <Point X="65" Y="261" T="119810962" />
  <Point X="69" Y="262" T="119810982" />
  <Point X="71" Y="261" T="119810999" />
  <Point X="75" Y="260" T="119811017" />
  <Point X="77" Y="260" T="119811035" />
  <Point X="81" Y="260" T="119811053" />
  <Point X="86" Y="260" T="119811072" />
  <Point X="88" Y="260" T="119811091" />
  <Point X="92" Y="261" T="119811110" />
  <Point X="94" Y="261" T="119811129" />
  <Point X="96" Y="262" T="119811147" />
  <Point X="99" Y="261" T="119811148" />
  <Point X="101" Y="262" T="119811168" />
  <Point X="105" Y="261" T="119811187" />
  <Point X="107" Y="261" T="119811207" />
  <Point X="111" Y="260" T="119811228" />
  <Point X="113" Y="260" T="119811248" />
  <Point X="118" Y="259" T="119811268" />
  <Point X="120" Y="259" T="119811289" />
  <Point X="122" Y="260" T="119811309" />
  <Point X="124" Y="260" T="119811330" />
  <Point X="126" Y="260" T="119811351" />
  <Point X="128" Y="260" T="119811373" />
  <Point X="130" Y="262" T="119811396" />
  <Point X="133" Y="260" T="119811419" />
  <Point X="135" Y="260" T="119811442" />
  <Point X="139" Y="260" T="119811465" />
  <Point X="141" Y="261" T="119811493" />
  <Point X="143" Y="261" T="119811516" />
  <Point X="145" Y="261" T="119811538" />
  <Point X="147" Y="262" T="119811561" />
  <Point X="150" Y="262" T="119811589" />
  <Point X="152" Y="262" T="119811613" />
  <Point X="154" Y="261" T="119811642" />
  <Point X="156" Y="261" T="119811666" />
  <Point X="158" Y="262" T="119811690" />
  <Point X="160" Y="262" T="119811714" />
  <Point X="162" Y="261" T="119811742" />
  <Point X="164" Y="262" T="119811767" />
  <Point X="166" Y="261" T="119811795" />
  <Point X="168" Y="260" T="119811831" />
  <Point X="170" Y="260" T="119811863" />
  <Point X="172" Y="259" T="119811899" />
  <Point X="174" Y="258" T="119811940" />
  <Point X="176" Y="257" T="119812005" />
  <Point X="177" Y="255" T="119812031" />
  <Point X="177" Y="253" T="119812057" />
  <Point X="177" Y="249" T="119812084" />
  <Point X="177" Y="244" T="119812111" />
  <Point X="177" Y="240" T="119812138" />
  <Point X="177" Y="237" T="119812165" />
  <Point X="177" Y="233" T="119812192" />
  <Point X="177" Y="229" T="119812220" />
  <Point X="177" Y="225" T="119812247" />
  <Point X="177" Y="220" T="119812274" />
  <Point X="177" Y="214" T="119812302" />
  <Point X="177" Y="212" T="119812330" />
  <Point X="177" Y="206" T="119812358" />
  <Point X="177" Y="202" T="119812387" />
  <Point X="177" Y="198" T="119812416" />
  <Point X="177" Y="195" T="119812445" />
  <Point X="176" Y="193" T="119812446" />
  <Point X="176" Y="191" T="119812475" />
  <Point X="176" Y="186" T="119812504" />
  <Point X="175" Y="181" T="119812537" />
  <Point X="175" Y="177" T="119812567" />
  <Point X="175" Y="173" T="119812598" />
  <Point X="174" Y="168" T="119812629" />
  <Point X="174" Y="166" T="119812660" />
  <Point X="174" Y="162" T="119812692" />
  <Point X="173" Y="157" T="119812723" />
  <Point X="173" Y="155" T="119812754" />
  <Point X="173" Y="152" T="119812785" />
  <Point X="172" Y="150" T="119812817" />
  <Point X="171" Y="148" T="119812848" />
  <Point X="170" Y="146" T="119812882" />
  <Point X="168" Y="144" T="119812917" />
  <Point X="166" Y="143" T="119812949" />
  <Point X="162" Y="143" T="119812982" />
  <Point X="159" Y="143" T="119813015" />
  <Point X="155" Y="143" T="119813049" />
  <Point X="151" Y="144" T="119813082" />
  <Point X="147" Y="145" T="119813116" />
  <Point X="145" Y="146" T="119813117" />
  <Point X="143" Y="147" T="119813152" />
  <Point X="138" Y="146" T="119813186" />
  <Point X="134" Y="146" T="119813224" />
  <Point X="129" Y="146" T="119813259" />
  <Point X="123" Y="145" T="119813294" />
  <Point X="119" Y="145" T="119813330" />
  <Point X="112" Y="145" T="119813367" />
  <Point X="106" Y="146" T="119813403" />
  <Point X="102" Y="147" T="119813443" />
  <Point X="99" Y="144" T="119813480" />
  <Point X="97" Y="144" T="119813515" />
  <Point X="93" Y="145" T="119813552" />
  <Point X="88" Y="147" T="119813589" />
  <Point X="86" Y="148" T="119813626" />
  <Point X="82" Y="149" T="119813664" />
  <Point X="77" Y="149" T="119813701" />
  <Point X="73" Y="151" T="119813738" />
  <Point X="67" Y="152" T="119813777" />
  <Point X="62" Y="152" T="119813815" />
  <Point X="56" Y="153" T="119813854" />
</Gesture>