﻿<?xml version="1.0" encoding="utf-8" standalone="yes"?>
<Gesture Name="rectangle06" Subject="5" Speed="slow" Number="6" NumPts="165" Millseconds="4230" AppName="Gestures" AppVer="3.7.0.0" Date="Friday, March 09, 2007" TimeOfDay="9:55:10 PM">
  <Point X="41" Y="147" T="119821784" />
  <Point X="39" Y="149" T="119821860" />
  <Point X="40" Y="151" T="119821888" />
  <Point X="40" Y="154" T="119821905" />
  <Point X="40" Y="156" T="119821917" />
  <Point X="40" Y="159" T="119821928" />
  <Point X="40" Y="161" T="119821942" />
  <Point X="40" Y="164" T="119821950" />
  <Point X="40" Y="166" T="119821962" />
  <Point X="40" Y="169" T="119821973" />
  <Point X="39" Y="171" T="119821985" />
  <Point X="39" Y="173" T="119821997" />
  <Point X="39" Y="175" T="119822005" />
  <Point X="39" Y="178" T="119822025" />
  <Point X="39" Y="181" T="119822045" />
  <Point X="39" Y="184" T="119822062" />
  <Point X="38" Y="186" T="119822083" />
  <Point X="38" Y="188" T="119822096" />
  <Point X="38" Y="190" T="119822104" />
  <Point X="38" Y="192" T="119822116" />
  <Point X="38" Y="194" T="119822132" />
  <Point X="38" Y="197" T="119822148" />
  <Point X="38" Y="199" T="119822160" />
  <Point X="38" Y="201" T="119822177" />
  <Point X="38" Y="204" T="119822197" />
  <Point X="38" Y="207" T="119822213" />
  <Point X="38" Y="209" T="119822229" />
  <Point X="38" Y="211" T="119822241" />
  <Point X="38" Y="213" T="119822261" />
  <Point X="38" Y="216" T="119822281" />
  <Point X="38" Y="219" T="119822293" />
  <Point X="38" Y="221" T="119822325" />
  <Point X="38" Y="223" T="119822341" />
  <Point X="38" Y="225" T="119822357" />
  <Point X="38" Y="228" T="119822377" />
  <Point X="38" Y="230" T="119822394" />
  <Point X="38" Y="233" T="119822410" />
  <Point X="38" Y="235" T="119822426" />
  <Point X="38" Y="237" T="119822443" />
  <Point X="38" Y="239" T="119822463" />
  <Point X="38" Y="241" T="119822479" />
  <Point X="38" Y="243" T="119822503" />
  <Point X="39" Y="245" T="119822526" />
  <Point X="39" Y="247" T="119822540" />
  <Point X="38" Y="249" T="119822555" />
  <Point X="38" Y="252" T="119822579" />
  <Point X="38" Y="254" T="119822595" />
  <Point X="38" Y="256" T="119822627" />
  <Point X="38" Y="258" T="119822655" />
  <Point X="40" Y="260" T="119822748" />
  <Point X="42" Y="259" T="119822768" />
  <Point X="44" Y="258" T="119822788" />
  <Point X="47" Y="258" T="119822805" />
  <Point X="49" Y="258" T="119822820" />
  <Point X="51" Y="258" T="119822837" />
  <Point X="53" Y="256" T="119822854" />
  <Point X="57" Y="257" T="119822871" />
  <Point X="60" Y="256" T="119822889" />
  <Point X="62" Y="258" T="119822907" />
  <Point X="67" Y="258" T="119822925" />
  <Point X="69" Y="260" T="119822943" />
  <Point X="71" Y="261" T="119822961" />
  <Point X="73" Y="262" T="119822979" />
  <Point X="76" Y="261" T="119822981" />
  <Point X="78" Y="262" T="119823000" />
  <Point X="80" Y="261" T="119823020" />
  <Point X="84" Y="261" T="119823039" />
  <Point X="87" Y="260" T="119823059" />
  <Point X="91" Y="260" T="119823079" />
  <Point X="93" Y="262" T="119823099" />
  <Point X="95" Y="262" T="119823120" />
  <Point X="97" Y="261" T="119823140" />
  <Point X="101" Y="261" T="119823160" />
  <Point X="104" Y="263" T="119823181" />
  <Point X="106" Y="262" T="119823202" />
  <Point X="111" Y="261" T="119823224" />
  <Point X="113" Y="261" T="119823245" />
  <Point X="118" Y="260" T="119823267" />
  <Point X="120" Y="260" T="119823289" />
  <Point X="124" Y="259" T="119823312" />
  <Point X="126" Y="259" T="119823335" />
  <Point X="128" Y="259" T="119823358" />
  <Point X="132" Y="259" T="119823381" />
  <Point X="135" Y="260" T="119823404" />
  <Point X="137" Y="259" T="119823406" />
  <Point X="139" Y="260" T="119823435" />
  <Point X="143" Y="262" T="119823459" />
  <Point X="145" Y="261" T="119823483" />
  <Point X="148" Y="261" T="119823507" />
  <Point X="152" Y="260" T="119823531" />
  <Point X="154" Y="260" T="119823555" />
  <Point X="158" Y="261" T="119823580" />
  <Point X="160" Y="262" T="119823605" />
  <Point X="162" Y="261" T="119823631" />
  <Point X="164" Y="261" T="119823656" />
  <Point X="166" Y="260" T="119823682" />
  <Point X="168" Y="260" T="119823707" />
  <Point X="171" Y="259" T="119823733" />
  <Point X="173" Y="260" T="119823759" />
  <Point X="175" Y="259" T="119823785" />
  <Point X="177" Y="259" T="119823812" />
  <Point X="179" Y="259" T="119823859" />
  <Point X="179" Y="257" T="119823886" />
  <Point X="179" Y="254" T="119823913" />
  <Point X="180" Y="252" T="119823940" />
  <Point X="180" Y="247" T="119823968" />
  <Point X="180" Y="245" T="119823996" />
  <Point X="180" Y="242" T="119824024" />
  <Point X="180" Y="237" T="119824056" />
  <Point X="180" Y="233" T="119824090" />
  <Point X="180" Y="230" T="119824119" />
  <Point X="179" Y="226" T="119824148" />
  <Point X="179" Y="223" T="119824177" />
  <Point X="179" Y="219" T="119824206" />
  <Point X="178" Y="216" T="119824236" />
  <Point X="179" Y="212" T="119824265" />
  <Point X="179" Y="207" T="119824295" />
  <Point X="179" Y="202" T="119824326" />
  <Point X="178" Y="198" T="119824356" />
  <Point X="178" Y="193" T="119824389" />
  <Point X="177" Y="191" T="119824419" />
  <Point X="177" Y="187" T="119824450" />
  <Point X="177" Y="185" T="119824484" />
  <Point X="176" Y="181" T="119824515" />
  <Point X="177" Y="176" T="119824547" />
  <Point X="177" Y="170" T="119824585" />
  <Point X="177" Y="168" T="119824616" />
  <Point X="177" Y="163" T="119824648" />
  <Point X="176" Y="158" T="119824683" />
  <Point X="176" Y="155" T="119824715" />
  <Point X="175" Y="153" T="119824775" />
  <Point X="173" Y="153" T="119824807" />
  <Point X="171" Y="152" T="119824840" />
  <Point X="167" Y="150" T="119824874" />
  <Point X="163" Y="150" T="119824910" />
  <Point X="159" Y="148" T="119824943" />
  <Point X="154" Y="148" T="119824977" />
  <Point X="150" Y="148" T="119825012" />
  <Point X="145" Y="146" T="119825046" />
  <Point X="141" Y="147" T="119825080" />
  <Point X="137" Y="144" T="119825115" />
  <Point X="135" Y="145" T="119825150" />
  <Point X="130" Y="144" T="119825184" />
  <Point X="126" Y="145" T="119825220" />
  <Point X="124" Y="145" T="119825255" />
  <Point X="122" Y="144" T="119825291" />
  <Point X="118" Y="145" T="119825327" />
  <Point X="116" Y="144" T="119825362" />
  <Point X="112" Y="145" T="119825399" />
  <Point X="110" Y="145" T="119825435" />
  <Point X="106" Y="146" T="119825472" />
  <Point X="102" Y="145" T="119825509" />
  <Point X="100" Y="144" T="119825546" />
  <Point X="96" Y="144" T="119825583" />
  <Point X="91" Y="143" T="119825621" />
  <Point X="87" Y="141" T="119825658" />
  <Point X="83" Y="142" T="119825696" />
  <Point X="81" Y="141" T="119825734" />
  <Point X="79" Y="142" T="119825772" />
  <Point X="75" Y="142" T="119825814" />
  <Point X="73" Y="142" T="119825852" />
  <Point X="69" Y="143" T="119825892" />
  <Point X="67" Y="143" T="119825932" />
  <Point X="62" Y="145" T="119825974" />
  <Point X="60" Y="144" T="119826014" />
</Gesture>