﻿<?xml version="1.0" encoding="utf-8" standalone="yes"?>
<Gesture Name="rectangle01" Subject="5" Speed="slow" Number="1" NumPts="180" Millseconds="4748" AppName="Gestures" AppVer="3.7.0.0" Date="Friday, March 09, 2007" TimeOfDay="9:54:41 PM">
  <Point X="30" Y="144" T="119792010" />
  <Point X="29" Y="146" T="119792105" />
  <Point X="29" Y="148" T="119792133" />
  <Point X="29" Y="150" T="119792148" />
  <Point X="29" Y="152" T="119792164" />
  <Point X="29" Y="154" T="119792180" />
  <Point X="29" Y="157" T="119792192" />
  <Point X="29" Y="159" T="119792208" />
  <Point X="29" Y="162" T="119792224" />
  <Point X="29" Y="164" T="119792232" />
  <Point X="29" Y="166" T="119792248" />
  <Point X="29" Y="169" T="119792260" />
  <Point X="29" Y="172" T="119792272" />
  <Point X="29" Y="175" T="119792288" />
  <Point X="29" Y="177" T="119792304" />
  <Point X="29" Y="179" T="119792321" />
  <Point X="29" Y="182" T="119792329" />
  <Point X="29" Y="184" T="119792342" />
  <Point X="28" Y="187" T="119792353" />
  <Point X="28" Y="189" T="119792365" />
  <Point X="28" Y="191" T="119792377" />
  <Point X="28" Y="193" T="119792386" />
  <Point X="28" Y="196" T="119792405" />
  <Point X="27" Y="198" T="119792417" />
  <Point X="28" Y="200" T="119792429" />
  <Point X="28" Y="202" T="119792445" />
  <Point X="27" Y="205" T="119792465" />
  <Point X="27" Y="207" T="119792482" />
  <Point X="28" Y="209" T="119792493" />
  <Point X="28" Y="211" T="119792511" />
  <Point X="28" Y="214" T="119792527" />
  <Point X="27" Y="216" T="119792550" />
  <Point X="27" Y="218" T="119792562" />
  <Point X="27" Y="220" T="119792575" />
  <Point X="27" Y="222" T="119792595" />
  <Point X="27" Y="225" T="119792612" />
  <Point X="27" Y="227" T="119792628" />
  <Point X="27" Y="230" T="119792648" />
  <Point X="27" Y="232" T="119792665" />
  <Point X="27" Y="234" T="119792681" />
  <Point X="27" Y="237" T="119792697" />
  <Point X="27" Y="239" T="119792713" />
  <Point X="27" Y="241" T="119792737" />
  <Point X="26" Y="243" T="119792753" />
  <Point X="26" Y="245" T="119792773" />
  <Point X="26" Y="248" T="119792806" />
  <Point X="28" Y="248" T="119792911" />
  <Point X="30" Y="248" T="119792932" />
  <Point X="33" Y="249" T="119792952" />
  <Point X="36" Y="248" T="119792968" />
  <Point X="38" Y="246" T="119792983" />
  <Point X="40" Y="247" T="119792999" />
  <Point X="42" Y="247" T="119793015" />
  <Point X="44" Y="247" T="119793031" />
  <Point X="46" Y="247" T="119793047" />
  <Point X="48" Y="248" T="119793066" />
  <Point X="50" Y="249" T="119793082" />
  <Point X="53" Y="250" T="119793100" />
  <Point X="55" Y="251" T="119793117" />
  <Point X="57" Y="252" T="119793133" />
  <Point X="59" Y="251" T="119793151" />
  <Point X="61" Y="251" T="119793172" />
  <Point X="63" Y="251" T="119793196" />
  <Point X="65" Y="251" T="119793221" />
  <Point X="67" Y="251" T="119793245" />
  <Point X="69" Y="251" T="119793265" />
  <Point X="71" Y="249" T="119793289" />
  <Point X="73" Y="250" T="119793313" />
  <Point X="75" Y="251" T="119793333" />
  <Point X="78" Y="251" T="119793357" />
  <Point X="80" Y="251" T="119793381" />
  <Point X="82" Y="251" T="119793405" />
  <Point X="84" Y="251" T="119793425" />
  <Point X="86" Y="252" T="119793444" />
  <Point X="88" Y="251" T="119793465" />
  <Point X="91" Y="251" T="119793485" />
  <Point X="95" Y="251" T="119793508" />
  <Point X="97" Y="251" T="119793530" />
  <Point X="100" Y="251" T="119793551" />
  <Point X="104" Y="253" T="119793572" />
  <Point X="106" Y="253" T="119793594" />
  <Point X="110" Y="253" T="119793616" />
  <Point X="113" Y="253" T="119793638" />
  <Point X="115" Y="254" T="119793661" />
  <Point X="117" Y="253" T="119793662" />
  <Point X="119" Y="253" T="119793684" />
  <Point X="121" Y="252" T="119793707" />
  <Point X="123" Y="253" T="119793730" />
  <Point X="126" Y="252" T="119793754" />
  <Point X="130" Y="252" T="119793777" />
  <Point X="132" Y="252" T="119793802" />
  <Point X="134" Y="252" T="119793825" />
  <Point X="136" Y="252" T="119793849" />
  <Point X="138" Y="252" T="119793873" />
  <Point X="142" Y="252" T="119793898" />
  <Point X="144" Y="252" T="119793923" />
  <Point X="146" Y="252" T="119793948" />
  <Point X="148" Y="252" T="119793973" />
  <Point X="150" Y="252" T="119793999" />
  <Point X="153" Y="253" T="119794025" />
  <Point X="155" Y="252" T="119794051" />
  <Point X="157" Y="252" T="119794078" />
  <Point X="159" Y="251" T="119794105" />
  <Point X="161" Y="251" T="119794133" />
  <Point X="163" Y="252" T="119794159" />
  <Point X="165" Y="251" T="119794189" />
  <Point X="167" Y="251" T="119794225" />
  <Point X="169" Y="250" T="119794265" />
  <Point X="171" Y="250" T="119794302" />
  <Point X="173" Y="250" T="119794329" />
  <Point X="175" Y="249" T="119794357" />
  <Point X="177" Y="248" T="119794386" />
  <Point X="179" Y="248" T="119794415" />
  <Point X="181" Y="249" T="119794444" />
  <Point X="183" Y="248" T="119794511" />
  <Point X="184" Y="246" T="119794566" />
  <Point X="184" Y="243" T="119794606" />
  <Point X="184" Y="241" T="119794635" />
  <Point X="184" Y="239" T="119794664" />
  <Point X="184" Y="236" T="119794694" />
  <Point X="185" Y="232" T="119794723" />
  <Point X="185" Y="230" T="119794754" />
  <Point X="185" Y="228" T="119794784" />
  <Point X="185" Y="222" T="119794814" />
  <Point X="185" Y="218" T="119794845" />
  <Point X="185" Y="214" T="119794876" />
  <Point X="185" Y="210" T="119794907" />
  <Point X="185" Y="208" T="119794939" />
  <Point X="185" Y="204" T="119794971" />
  <Point X="185" Y="200" T="119795003" />
  <Point X="185" Y="195" T="119795035" />
  <Point X="185" Y="191" T="119795068" />
  <Point X="185" Y="185" T="119795100" />
  <Point X="185" Y="183" T="119795133" />
  <Point X="185" Y="179" T="119795168" />
  <Point X="185" Y="177" T="119795201" />
  <Point X="186" Y="172" T="119795234" />
  <Point X="186" Y="168" T="119795268" />
  <Point X="185" Y="165" T="119795301" />
  <Point X="185" Y="162" T="119795302" />
  <Point X="185" Y="157" T="119795337" />
  <Point X="184" Y="155" T="119795371" />
  <Point X="184" Y="151" T="119795405" />
  <Point X="183" Y="149" T="119795439" />
  <Point X="183" Y="146" T="119795476" />
  <Point X="181" Y="142" T="119795512" />
  <Point X="180" Y="140" T="119795547" />
  <Point X="178" Y="139" T="119795584" />
  <Point X="174" Y="137" T="119795620" />
  <Point X="172" Y="136" T="119795655" />
  <Point X="168" Y="135" T="119795692" />
  <Point X="163" Y="135" T="119795728" />
  <Point X="159" Y="136" T="119795765" />
  <Point X="153" Y="136" T="119795801" />
  <Point X="148" Y="137" T="119795838" />
  <Point X="143" Y="138" T="119795875" />
  <Point X="139" Y="138" T="119795912" />
  <Point X="134" Y="139" T="119795950" />
  <Point X="132" Y="138" T="119795951" />
  <Point X="127" Y="139" T="119795989" />
  <Point X="123" Y="139" T="119796027" />
  <Point X="119" Y="139" T="119796067" />
  <Point X="117" Y="139" T="119796106" />
  <Point X="115" Y="138" T="119796107" />
  <Point X="113" Y="139" T="119796145" />
  <Point X="108" Y="138" T="119796187" />
  <Point X="102" Y="138" T="119796227" />
  <Point X="100" Y="138" T="119796266" />
  <Point X="96" Y="138" T="119796305" />
  <Point X="94" Y="138" T="119796345" />
  <Point X="90" Y="138" T="119796385" />
  <Point X="87" Y="137" T="119796425" />
  <Point X="85" Y="136" T="119796465" />
  <Point X="81" Y="136" T="119796506" />
  <Point X="79" Y="137" T="119796547" />
  <Point X="74" Y="136" T="119796589" />
  <Point X="68" Y="137" T="119796631" />
  <Point X="64" Y="138" T="119796674" />
  <Point X="57" Y="138" T="119796718" />
  <Point X="55" Y="139" T="119796758" />
</Gesture>