﻿<?xml version="1.0" encoding="utf-8" standalone="yes"?>
<Gesture Name="rectangle02" Subject="5" Speed="slow" Number="2" NumPts="182" Millseconds="4938" AppName="Gestures" AppVer="3.7.0.0" Date="Friday, March 09, 2007" TimeOfDay="9:54:47 PM">
  <Point X="43" Y="148" T="119797562" />
  <Point X="43" Y="150" T="119797638" />
  <Point X="43" Y="152" T="119797659" />
  <Point X="42" Y="155" T="119797684" />
  <Point X="42" Y="157" T="119797701" />
  <Point X="41" Y="159" T="119797716" />
  <Point X="41" Y="161" T="119797732" />
  <Point X="41" Y="164" T="119797744" />
  <Point X="41" Y="166" T="119797765" />
  <Point X="41" Y="169" T="119797781" />
  <Point X="41" Y="171" T="119797793" />
  <Point X="41" Y="173" T="119797813" />
  <Point X="41" Y="175" T="119797841" />
  <Point X="41" Y="178" T="119797861" />
  <Point X="40" Y="181" T="119797874" />
  <Point X="40" Y="183" T="119797886" />
  <Point X="40" Y="185" T="119797899" />
  <Point X="40" Y="187" T="119797931" />
  <Point X="40" Y="189" T="119797947" />
  <Point X="40" Y="191" T="119797964" />
  <Point X="40" Y="193" T="119797988" />
  <Point X="41" Y="196" T="119798024" />
  <Point X="41" Y="198" T="119798040" />
  <Point X="40" Y="200" T="119798061" />
  <Point X="40" Y="202" T="119798077" />
  <Point X="40" Y="205" T="119798094" />
  <Point X="41" Y="207" T="119798118" />
  <Point X="41" Y="209" T="119798139" />
  <Point X="40" Y="211" T="119798159" />
  <Point X="40" Y="213" T="119798170" />
  <Point X="40" Y="216" T="119798195" />
  <Point X="40" Y="219" T="119798219" />
  <Point X="40" Y="221" T="119798239" />
  <Point X="40" Y="223" T="119798256" />
  <Point X="40" Y="225" T="119798277" />
  <Point X="40" Y="228" T="119798301" />
  <Point X="40" Y="230" T="119798325" />
  <Point X="40" Y="233" T="119798345" />
  <Point X="40" Y="235" T="119798370" />
  <Point X="40" Y="237" T="119798383" />
  <Point X="39" Y="239" T="119798402" />
  <Point X="39" Y="242" T="119798418" />
  <Point X="38" Y="244" T="119798442" />
  <Point X="38" Y="246" T="119798458" />
  <Point X="38" Y="248" T="119798498" />
  <Point X="38" Y="250" T="119798522" />
  <Point X="39" Y="253" T="119798563" />
  <Point X="39" Y="256" T="119798604" />
  <Point X="40" Y="258" T="119798639" />
  <Point X="43" Y="259" T="119798671" />
  <Point X="45" Y="260" T="119798704" />
  <Point X="47" Y="262" T="119798720" />
  <Point X="49" Y="261" T="119798736" />
  <Point X="51" Y="261" T="119798752" />
  <Point X="53" Y="262" T="119798768" />
  <Point X="55" Y="261" T="119798784" />
  <Point X="57" Y="261" T="119798801" />
  <Point X="59" Y="263" T="119798818" />
  <Point X="62" Y="262" T="119798835" />
  <Point X="64" Y="262" T="119798854" />
  <Point X="66" Y="262" T="119798874" />
  <Point X="71" Y="263" T="119798894" />
  <Point X="73" Y="263" T="119798914" />
  <Point X="77" Y="264" T="119798933" />
  <Point X="79" Y="265" T="119798951" />
  <Point X="84" Y="266" T="119798969" />
  <Point X="86" Y="266" T="119798988" />
  <Point X="88" Y="266" T="119799007" />
  <Point X="92" Y="267" T="119799026" />
  <Point X="96" Y="267" T="119799046" />
  <Point X="98" Y="267" T="119799066" />
  <Point X="100" Y="266" T="119799085" />
  <Point X="103" Y="267" T="119799105" />
  <Point X="105" Y="266" T="119799125" />
  <Point X="107" Y="266" T="119799148" />
  <Point X="110" Y="266" T="119799169" />
  <Point X="112" Y="266" T="119799189" />
  <Point X="114" Y="266" T="119799210" />
  <Point X="116" Y="266" T="119799231" />
  <Point X="119" Y="267" T="119799232" />
  <Point X="121" Y="265" T="119799255" />
  <Point X="123" Y="266" T="119799277" />
  <Point X="125" Y="265" T="119799299" />
  <Point X="129" Y="265" T="119799321" />
  <Point X="131" Y="266" T="119799345" />
  <Point X="133" Y="266" T="119799367" />
  <Point X="135" Y="265" T="119799390" />
  <Point X="137" Y="265" T="119799413" />
  <Point X="140" Y="266" T="119799437" />
  <Point X="142" Y="266" T="119799460" />
  <Point X="144" Y="266" T="119799484" />
  <Point X="146" Y="266" T="119799508" />
  <Point X="148" Y="265" T="119799532" />
  <Point X="150" Y="265" T="119799557" />
  <Point X="152" Y="265" T="119799581" />
  <Point X="154" Y="266" T="119799606" />
  <Point X="156" Y="265" T="119799631" />
  <Point X="158" Y="265" T="119799656" />
  <Point X="160" Y="264" T="119799685" />
  <Point X="162" Y="265" T="119799712" />
  <Point X="164" Y="264" T="119799740" />
  <Point X="166" Y="264" T="119799772" />
  <Point X="168" Y="265" T="119799804" />
  <Point X="170" Y="264" T="119799832" />
  <Point X="172" Y="264" T="119799859" />
  <Point X="174" Y="264" T="119799885" />
  <Point X="176" Y="264" T="119799912" />
  <Point X="178" Y="264" T="119799939" />
  <Point X="180" Y="264" T="119799967" />
  <Point X="183" Y="265" T="119799995" />
  <Point X="185" Y="264" T="119800023" />
  <Point X="187" Y="263" T="119800051" />
  <Point X="189" Y="263" T="119800079" />
  <Point X="191" Y="263" T="119800107" />
  <Point X="193" Y="262" T="119800140" />
  <Point X="195" Y="262" T="119800196" />
  <Point X="196" Y="260" T="119800253" />
  <Point X="196" Y="257" T="119800289" />
  <Point X="196" Y="255" T="119800318" />
  <Point X="196" Y="253" T="119800347" />
  <Point X="196" Y="251" T="119800377" />
  <Point X="196" Y="247" T="119800409" />
  <Point X="197" Y="245" T="119800446" />
  <Point X="197" Y="242" T="119800478" />
  <Point X="197" Y="240" T="119800508" />
  <Point X="197" Y="236" T="119800539" />
  <Point X="197" Y="233" T="119800571" />
  <Point X="198" Y="227" T="119800602" />
  <Point X="198" Y="224" T="119800633" />
  <Point X="198" Y="222" T="119800667" />
  <Point X="198" Y="217" T="119800699" />
  <Point X="198" Y="211" T="119800732" />
  <Point X="198" Y="206" T="119800765" />
  <Point X="198" Y="201" T="119800797" />
  <Point X="198" Y="196" T="119800829" />
  <Point X="199" Y="194" T="119800831" />
  <Point X="199" Y="191" T="119800864" />
  <Point X="199" Y="187" T="119800898" />
  <Point X="199" Y="183" T="119800933" />
  <Point X="198" Y="178" T="119800969" />
  <Point X="198" Y="176" T="119801004" />
  <Point X="197" Y="173" T="119801039" />
  <Point X="196" Y="167" T="119801075" />
  <Point X="196" Y="163" T="119801110" />
  <Point X="196" Y="159" T="119801145" />
  <Point X="196" Y="153" T="119801182" />
  <Point X="196" Y="149" T="119801217" />
  <Point X="195" Y="147" T="119801254" />
  <Point X="194" Y="145" T="119801289" />
  <Point X="190" Y="144" T="119801325" />
  <Point X="188" Y="145" T="119801361" />
  <Point X="183" Y="144" T="119801397" />
  <Point X="177" Y="144" T="119801433" />
  <Point X="172" Y="144" T="119801470" />
  <Point X="168" Y="144" T="119801507" />
  <Point X="164" Y="145" T="119801544" />
  <Point X="159" Y="145" T="119801581" />
  <Point X="155" Y="144" T="119801619" />
  <Point X="153" Y="144" T="119801657" />
  <Point X="149" Y="144" T="119801694" />
  <Point X="147" Y="142" T="119801732" />
  <Point X="143" Y="143" T="119801771" />
  <Point X="139" Y="144" T="119801809" />
  <Point X="135" Y="144" T="119801848" />
  <Point X="130" Y="144" T="119801887" />
  <Point X="126" Y="144" T="119801927" />
  <Point X="122" Y="145" T="119801966" />
  <Point X="120" Y="145" T="119802004" />
  <Point X="116" Y="144" T="119802043" />
  <Point X="114" Y="144" T="119802085" />
  <Point X="112" Y="144" T="119802086" />
  <Point X="110" Y="143" T="119802126" />
  <Point X="108" Y="144" T="119802167" />
  <Point X="104" Y="145" T="119802207" />
  <Point X="99" Y="145" T="119802248" />
  <Point X="97" Y="146" T="119802289" />
  <Point X="95" Y="145" T="119802290" />
  <Point X="93" Y="146" T="119802331" />
  <Point X="89" Y="145" T="119802374" />
  <Point X="85" Y="146" T="119802416" />
  <Point X="81" Y="145" T="119802458" />
  <Point X="76" Y="145" T="119802500" />
</Gesture>