﻿<?xml version="1.0" encoding="utf-8" standalone="yes"?>
<Gesture Name="rectangle10" Subject="5" Speed="slow" Number="10" NumPts="162" Millseconds="3953" AppName="Gestures" AppVer="3.7.0.0" Date="Friday, March 09, 2007" TimeOfDay="9:55:32 PM">
  <Point X="55" Y="160" T="119844179" />
  <Point X="54" Y="162" T="119844262" />
  <Point X="54" Y="164" T="119844290" />
  <Point X="54" Y="166" T="119844303" />
  <Point X="54" Y="169" T="119844315" />
  <Point X="54" Y="171" T="119844331" />
  <Point X="53" Y="174" T="119844354" />
  <Point X="52" Y="176" T="119844366" />
  <Point X="52" Y="179" T="119844382" />
  <Point X="52" Y="181" T="119844394" />
  <Point X="52" Y="184" T="119844414" />
  <Point X="52" Y="186" T="119844422" />
  <Point X="52" Y="188" T="119844434" />
  <Point X="52" Y="190" T="119844457" />
  <Point X="51" Y="194" T="119844474" />
  <Point X="51" Y="196" T="119844491" />
  <Point X="51" Y="198" T="119844499" />
  <Point X="51" Y="200" T="119844511" />
  <Point X="51" Y="203" T="119844524" />
  <Point X="50" Y="205" T="119844536" />
  <Point X="50" Y="208" T="119844551" />
  <Point X="50" Y="210" T="119844563" />
  <Point X="50" Y="213" T="119844588" />
  <Point X="50" Y="215" T="119844605" />
  <Point X="50" Y="217" T="119844615" />
  <Point X="49" Y="219" T="119844629" />
  <Point X="49" Y="221" T="119844639" />
  <Point X="50" Y="223" T="119844661" />
  <Point X="50" Y="225" T="119844672" />
  <Point X="50" Y="227" T="119844690" />
  <Point X="50" Y="229" T="119844701" />
  <Point X="50" Y="232" T="119844718" />
  <Point X="49" Y="234" T="119844729" />
  <Point X="49" Y="236" T="119844741" />
  <Point X="49" Y="239" T="119844754" />
  <Point X="49" Y="241" T="119844779" />
  <Point X="49" Y="243" T="119844795" />
  <Point X="49" Y="245" T="119844812" />
  <Point X="49" Y="247" T="119844848" />
  <Point X="49" Y="249" T="119844867" />
  <Point X="49" Y="251" T="119844887" />
  <Point X="49" Y="253" T="119844900" />
  <Point X="49" Y="256" T="119844931" />
  <Point X="49" Y="258" T="119844959" />
  <Point X="50" Y="260" T="119844980" />
  <Point X="50" Y="263" T="119844996" />
  <Point X="51" Y="265" T="119845016" />
  <Point X="52" Y="267" T="119845045" />
  <Point X="52" Y="269" T="119845061" />
  <Point X="53" Y="272" T="119845116" />
  <Point X="54" Y="274" T="119845148" />
  <Point X="56" Y="275" T="119845181" />
  <Point X="58" Y="275" T="119845209" />
  <Point X="60" Y="275" T="119845229" />
  <Point X="63" Y="275" T="119845249" />
  <Point X="65" Y="275" T="119845265" />
  <Point X="67" Y="275" T="119845282" />
  <Point X="69" Y="274" T="119845300" />
  <Point X="73" Y="275" T="119845317" />
  <Point X="76" Y="275" T="119845335" />
  <Point X="78" Y="275" T="119845352" />
  <Point X="80" Y="274" T="119845353" />
  <Point X="83" Y="275" T="119845372" />
  <Point X="85" Y="274" T="119845390" />
  <Point X="89" Y="274" T="119845408" />
  <Point X="91" Y="274" T="119845427" />
  <Point X="94" Y="273" T="119845446" />
  <Point X="96" Y="274" T="119845464" />
  <Point X="98" Y="274" T="119845465" />
  <Point X="100" Y="275" T="119845485" />
  <Point X="103" Y="275" T="119845504" />
  <Point X="105" Y="274" T="119845524" />
  <Point X="110" Y="274" T="119845544" />
  <Point X="112" Y="275" T="119845564" />
  <Point X="114" Y="275" T="119845584" />
  <Point X="116" Y="275" T="119845605" />
  <Point X="118" Y="274" T="119845606" />
  <Point X="121" Y="274" T="119845627" />
  <Point X="123" Y="274" T="119845648" />
  <Point X="128" Y="275" T="119845670" />
  <Point X="130" Y="275" T="119845691" />
  <Point X="133" Y="275" T="119845712" />
  <Point X="135" Y="274" T="119845714" />
  <Point X="137" Y="275" T="119845736" />
  <Point X="139" Y="275" T="119845760" />
  <Point X="141" Y="274" T="119845762" />
  <Point X="143" Y="273" T="119845784" />
  <Point X="145" Y="272" T="119845807" />
  <Point X="149" Y="273" T="119845831" />
  <Point X="152" Y="273" T="119845855" />
  <Point X="154" Y="273" T="119845878" />
  <Point X="158" Y="273" T="119845902" />
  <Point X="160" Y="271" T="119845926" />
  <Point X="163" Y="272" T="119845950" />
  <Point X="165" Y="272" T="119845976" />
  <Point X="167" Y="271" T="119846000" />
  <Point X="169" Y="271" T="119846025" />
  <Point X="173" Y="270" T="119846050" />
  <Point X="175" Y="270" T="119846076" />
  <Point X="179" Y="271" T="119846101" />
  <Point X="181" Y="271" T="119846126" />
  <Point X="183" Y="272" T="119846153" />
  <Point X="185" Y="271" T="119846154" />
  <Point X="187" Y="270" T="119846180" />
  <Point X="189" Y="270" T="119846210" />
  <Point X="191" Y="270" T="119846258" />
  <Point X="192" Y="268" T="119846310" />
  <Point X="193" Y="266" T="119846337" />
  <Point X="193" Y="263" T="119846374" />
  <Point X="193" Y="261" T="119846401" />
  <Point X="193" Y="259" T="119846429" />
  <Point X="194" Y="254" T="119846457" />
  <Point X="194" Y="247" T="119846486" />
  <Point X="194" Y="243" T="119846514" />
  <Point X="194" Y="235" T="119846543" />
  <Point X="194" Y="229" T="119846572" />
  <Point X="194" Y="225" T="119846602" />
  <Point X="194" Y="222" T="119846631" />
  <Point X="194" Y="217" T="119846660" />
  <Point X="194" Y="211" T="119846693" />
  <Point X="194" Y="206" T="119846723" />
  <Point X="194" Y="202" T="119846753" />
  <Point X="194" Y="196" T="119846783" />
  <Point X="195" Y="192" T="119846814" />
  <Point X="195" Y="189" T="119846845" />
  <Point X="195" Y="185" T="119846876" />
  <Point X="195" Y="182" T="119846907" />
  <Point X="195" Y="180" T="119846937" />
  <Point X="194" Y="176" T="119846969" />
  <Point X="194" Y="174" T="119847000" />
  <Point X="194" Y="171" T="119847039" />
  <Point X="194" Y="169" T="119847070" />
  <Point X="194" Y="167" T="119847102" />
  <Point X="194" Y="165" T="119847134" />
  <Point X="193" Y="163" T="119847167" />
  <Point X="192" Y="160" T="119847203" />
  <Point X="190" Y="159" T="119847251" />
  <Point X="188" Y="158" T="119847284" />
  <Point X="186" Y="157" T="119847320" />
  <Point X="184" Y="155" T="119847356" />
  <Point X="182" Y="155" T="119847389" />
  <Point X="180" Y="154" T="119847423" />
  <Point X="174" Y="154" T="119847458" />
  <Point X="167" Y="155" T="119847493" />
  <Point X="157" Y="159" T="119847529" />
  <Point X="145" Y="161" T="119847571" />
  <Point X="138" Y="161" T="119847613" />
  <Point X="131" Y="160" T="119847649" />
  <Point X="125" Y="160" T="119847685" />
  <Point X="120" Y="160" T="119847721" />
  <Point X="116" Y="160" T="119847759" />
  <Point X="111" Y="160" T="119847795" />
  <Point X="107" Y="160" T="119847832" />
  <Point X="103" Y="160" T="119847869" />
  <Point X="101" Y="160" T="119847905" />
  <Point X="97" Y="160" T="119847942" />
  <Point X="90" Y="160" T="119847979" />
  <Point X="85" Y="161" T="119848016" />
  <Point X="79" Y="161" T="119848053" />
  <Point X="74" Y="162" T="119848092" />
  <Point X="72" Y="162" T="119848093" />
  <Point X="67" Y="162" T="119848132" />
</Gesture>