﻿<?xml version="1.0" encoding="utf-8" standalone="yes"?>
<Gesture Name="right_sq_bracket07" Subject="5" Speed="slow" Number="7" NumPts="107" Millseconds="3014" AppName="Gestures" AppVer="3.7.0.0" Date="Friday, March 09, 2007" TimeOfDay="9:34:07 PM">
  <Point X="103" Y="153" T="118557012" />
  <Point X="101" Y="151" T="118557020" />
  <Point X="99" Y="151" T="118557033" />
  <Point X="101" Y="150" T="118557109" />
  <Point X="103" Y="150" T="118557138" />
  <Point X="105" Y="150" T="118557162" />
  <Point X="107" Y="150" T="118557187" />
  <Point X="109" Y="151" T="118557207" />
  <Point X="111" Y="150" T="118557227" />
  <Point X="113" Y="150" T="118557247" />
  <Point X="116" Y="150" T="118557271" />
  <Point X="118" Y="150" T="118557291" />
  <Point X="120" Y="150" T="118557315" />
  <Point X="122" Y="150" T="118557336" />
  <Point X="124" Y="150" T="118557356" />
  <Point X="126" Y="150" T="118557381" />
  <Point X="128" Y="152" T="118557413" />
  <Point X="130" Y="151" T="118557445" />
  <Point X="132" Y="151" T="118557478" />
  <Point X="134" Y="152" T="118557503" />
  <Point X="136" Y="151" T="118557526" />
  <Point X="138" Y="151" T="118557551" />
  <Point X="140" Y="151" T="118557579" />
  <Point X="142" Y="151" T="118557611" />
  <Point X="144" Y="151" T="118557659" />
  <Point X="146" Y="151" T="118557723" />
  <Point X="148" Y="151" T="118557763" />
  <Point X="150" Y="151" T="118557811" />
  <Point X="152" Y="151" T="118557912" />
  <Point X="153" Y="153" T="118557947" />
  <Point X="154" Y="155" T="118557983" />
  <Point X="154" Y="158" T="118558004" />
  <Point X="153" Y="160" T="118558035" />
  <Point X="153" Y="162" T="118558048" />
  <Point X="152" Y="164" T="118558071" />
  <Point X="152" Y="166" T="118558092" />
  <Point X="152" Y="168" T="118558120" />
  <Point X="152" Y="170" T="118558148" />
  <Point X="152" Y="173" T="118558192" />
  <Point X="151" Y="175" T="118558205" />
  <Point X="151" Y="177" T="118558224" />
  <Point X="151" Y="179" T="118558273" />
  <Point X="150" Y="181" T="118558297" />
  <Point X="149" Y="183" T="118558317" />
  <Point X="147" Y="186" T="118558368" />
  <Point X="146" Y="188" T="118558408" />
  <Point X="145" Y="190" T="118558422" />
  <Point X="144" Y="192" T="118558453" />
  <Point X="143" Y="194" T="118558477" />
  <Point X="143" Y="196" T="118558498" />
  <Point X="142" Y="198" T="118558522" />
  <Point X="141" Y="200" T="118558566" />
  <Point X="141" Y="203" T="118558582" />
  <Point X="140" Y="205" T="118558614" />
  <Point X="140" Y="207" T="118558630" />
  <Point X="139" Y="209" T="118558650" />
  <Point X="139" Y="212" T="118558666" />
  <Point X="139" Y="214" T="118558683" />
  <Point X="138" Y="216" T="118558706" />
  <Point X="138" Y="218" T="118558730" />
  <Point X="137" Y="220" T="118558758" />
  <Point X="137" Y="223" T="118558782" />
  <Point X="137" Y="225" T="118558811" />
  <Point X="137" Y="227" T="118558831" />
  <Point X="137" Y="229" T="118558849" />
  <Point X="137" Y="232" T="118558879" />
  <Point X="137" Y="234" T="118558897" />
  <Point X="137" Y="236" T="118558919" />
  <Point X="137" Y="238" T="118558944" />
  <Point X="137" Y="240" T="118558972" />
  <Point X="137" Y="243" T="118558992" />
  <Point X="137" Y="245" T="118559014" />
  <Point X="137" Y="247" T="118559048" />
  <Point X="137" Y="249" T="118559068" />
  <Point X="137" Y="252" T="118559113" />
  <Point X="137" Y="254" T="118559162" />
  <Point X="137" Y="256" T="118559229" />
  <Point X="135" Y="256" T="118559310" />
  <Point X="133" Y="254" T="118559331" />
  <Point X="131" Y="254" T="118559354" />
  <Point X="129" Y="254" T="118559378" />
  <Point X="127" Y="254" T="118559403" />
  <Point X="125" Y="254" T="118559426" />
  <Point X="123" Y="254" T="118559448" />
  <Point X="121" Y="252" T="118559470" />
  <Point X="119" Y="253" T="118559493" />
  <Point X="117" Y="253" T="118559515" />
  <Point X="115" Y="252" T="118559541" />
  <Point X="113" Y="252" T="118559564" />
  <Point X="111" Y="251" T="118559587" />
  <Point X="109" Y="252" T="118559610" />
  <Point X="106" Y="251" T="118559635" />
  <Point X="104" Y="250" T="118559659" />
  <Point X="100" Y="249" T="118559683" />
  <Point X="98" Y="250" T="118559707" />
  <Point X="96" Y="249" T="118559741" />
  <Point X="94" Y="249" T="118559767" />
  <Point X="92" Y="249" T="118559792" />
  <Point X="90" Y="248" T="118559817" />
  <Point X="86" Y="249" T="118559843" />
  <Point X="84" Y="248" T="118559869" />
  <Point X="81" Y="248" T="118559895" />
  <Point X="79" Y="248" T="118559920" />
  <Point X="77" Y="248" T="118559946" />
  <Point X="75" Y="249" T="118559972" />
  <Point X="73" Y="248" T="118559999" />
  <Point X="71" Y="247" T="118560026" />
</Gesture>