﻿<?xml version="1.0" encoding="utf-8" standalone="yes"?>
<Gesture Name="right_sq_bracket09" Subject="5" Speed="slow" Number="9" NumPts="89" Millseconds="2804" AppName="Gestures" AppVer="3.7.0.0" Date="Friday, March 09, 2007" TimeOfDay="9:34:14 PM">
  <Point X="97" Y="150" T="118563809" />
  <Point X="99" Y="151" T="118564044" />
  <Point X="100" Y="149" T="118564081" />
  <Point X="102" Y="149" T="118564186" />
  <Point X="104" Y="149" T="118564235" />
  <Point X="106" Y="149" T="118564263" />
  <Point X="108" Y="150" T="118564288" />
  <Point X="110" Y="149" T="118564309" />
  <Point X="112" Y="149" T="118564337" />
  <Point X="115" Y="149" T="118564357" />
  <Point X="117" Y="148" T="118564377" />
  <Point X="119" Y="149" T="118564401" />
  <Point X="121" Y="148" T="118564425" />
  <Point X="123" Y="149" T="118564453" />
  <Point X="125" Y="149" T="118564482" />
  <Point X="127" Y="150" T="118564511" />
  <Point X="129" Y="150" T="118564543" />
  <Point X="131" Y="151" T="118564571" />
  <Point X="133" Y="150" T="118564596" />
  <Point X="135" Y="151" T="118564624" />
  <Point X="137" Y="149" T="118564648" />
  <Point X="139" Y="149" T="118564676" />
  <Point X="141" Y="150" T="118564728" />
  <Point X="143" Y="149" T="118564774" />
  <Point X="145" Y="150" T="118564818" />
  <Point X="147" Y="153" T="118564874" />
  <Point X="147" Y="155" T="118564898" />
  <Point X="147" Y="157" T="118564931" />
  <Point X="147" Y="159" T="118564959" />
  <Point X="147" Y="162" T="118564984" />
  <Point X="147" Y="164" T="118565007" />
  <Point X="147" Y="167" T="118565048" />
  <Point X="147" Y="169" T="118565076" />
  <Point X="147" Y="171" T="118565100" />
  <Point X="147" Y="173" T="118565121" />
  <Point X="147" Y="175" T="118565154" />
  <Point X="147" Y="178" T="118565186" />
  <Point X="148" Y="180" T="118565227" />
  <Point X="148" Y="182" T="118565240" />
  <Point X="148" Y="184" T="118565281" />
  <Point X="148" Y="186" T="118565317" />
  <Point X="147" Y="188" T="118565381" />
  <Point X="145" Y="190" T="118565438" />
  <Point X="143" Y="192" T="118565482" />
  <Point X="141" Y="194" T="118565527" />
  <Point X="139" Y="196" T="118565566" />
  <Point X="138" Y="199" T="118565590" />
  <Point X="136" Y="201" T="118565626" />
  <Point X="135" Y="203" T="118565650" />
  <Point X="134" Y="205" T="118565665" />
  <Point X="133" Y="207" T="118565698" />
  <Point X="132" Y="209" T="118565719" />
  <Point X="131" Y="211" T="118565740" />
  <Point X="130" Y="214" T="118565769" />
  <Point X="129" Y="216" T="118565797" />
  <Point X="128" Y="219" T="118565820" />
  <Point X="127" Y="221" T="118565845" />
  <Point X="127" Y="223" T="118565862" />
  <Point X="126" Y="225" T="118565878" />
  <Point X="125" Y="227" T="118565895" />
  <Point X="124" Y="230" T="118565918" />
  <Point X="124" Y="232" T="118565938" />
  <Point X="123" Y="235" T="118565962" />
  <Point X="123" Y="237" T="118565980" />
  <Point X="123" Y="239" T="118566002" />
  <Point X="122" Y="242" T="118566020" />
  <Point X="122" Y="244" T="118566038" />
  <Point X="121" Y="247" T="118566057" />
  <Point X="121" Y="249" T="118566076" />
  <Point X="121" Y="251" T="118566095" />
  <Point X="120" Y="253" T="118566130" />
  <Point X="119" Y="255" T="118566214" />
  <Point X="117" Y="255" T="118566263" />
  <Point X="115" Y="257" T="118566283" />
  <Point X="112" Y="257" T="118566303" />
  <Point X="110" Y="257" T="118566324" />
  <Point X="108" Y="257" T="118566344" />
  <Point X="106" Y="257" T="118566366" />
  <Point X="103" Y="257" T="118566389" />
  <Point X="99" Y="257" T="118566411" />
  <Point X="97" Y="256" T="118566432" />
  <Point X="93" Y="256" T="118566454" />
  <Point X="89" Y="255" T="118566476" />
  <Point X="84" Y="255" T="118566500" />
  <Point X="78" Y="256" T="118566522" />
  <Point X="73" Y="255" T="118566544" />
  <Point X="71" Y="255" T="118566567" />
  <Point X="69" Y="254" T="118566590" />
  <Point X="67" Y="254" T="118566613" />
</Gesture>