﻿<?xml version="1.0" encoding="utf-8" standalone="yes"?>
<Gesture Name="right_curly_brace01" Subject="5" Speed="slow" Number="1" NumPts="118" Millseconds="5485" AppName="Gestures" AppVer="3.7.0.0" Date="Friday, March 09, 2007" TimeOfDay="9:45:30 PM">
  <Point X="72" Y="160" T="119239035" />
  <Point X="72" Y="158" T="119239104" />
  <Point X="74" Y="159" T="119239216" />
  <Point X="76" Y="159" T="119239269" />
  <Point X="77" Y="157" T="119239302" />
  <Point X="80" Y="158" T="119239338" />
  <Point X="82" Y="158" T="119239380" />
  <Point X="84" Y="157" T="119239431" />
  <Point X="86" Y="158" T="119239475" />
  <Point X="88" Y="158" T="119239508" />
  <Point X="90" Y="158" T="119239540" />
  <Point X="92" Y="159" T="119239568" />
  <Point X="94" Y="158" T="119239601" />
  <Point X="96" Y="158" T="119239642" />
  <Point X="98" Y="159" T="119239706" />
  <Point X="100" Y="159" T="119239760" />
  <Point X="102" Y="159" T="119239796" />
  <Point X="104" Y="160" T="119239841" />
  <Point X="106" Y="161" T="119239894" />
  <Point X="107" Y="163" T="119239918" />
  <Point X="108" Y="165" T="119239946" />
  <Point X="110" Y="166" T="119239997" />
  <Point X="110" Y="168" T="119240018" />
  <Point X="111" Y="170" T="119240055" />
  <Point X="112" Y="172" T="119240115" />
  <Point X="113" Y="174" T="119240140" />
  <Point X="113" Y="176" T="119240184" />
  <Point X="113" Y="179" T="119240252" />
  <Point X="113" Y="181" T="119240280" />
  <Point X="113" Y="184" T="119240349" />
  <Point X="113" Y="186" T="119240381" />
  <Point X="113" Y="188" T="119240417" />
  <Point X="112" Y="190" T="119240478" />
  <Point X="112" Y="192" T="119240551" />
  <Point X="112" Y="194" T="119240648" />
  <Point X="111" Y="196" T="119240685" />
  <Point X="110" Y="198" T="119240797" />
  <Point X="108" Y="201" T="119240872" />
  <Point X="108" Y="203" T="119240953" />
  <Point X="107" Y="205" T="119241013" />
  <Point X="106" Y="207" T="119241053" />
  <Point X="105" Y="210" T="119241142" />
  <Point X="105" Y="212" T="119241174" />
  <Point X="105" Y="214" T="119241211" />
  <Point X="105" Y="216" T="119241271" />
  <Point X="105" Y="218" T="119241303" />
  <Point X="105" Y="220" T="119241326" />
  <Point X="105" Y="222" T="119241375" />
  <Point X="105" Y="224" T="119241415" />
  <Point X="105" Y="227" T="119241483" />
  <Point X="105" Y="229" T="119241507" />
  <Point X="106" Y="231" T="119241544" />
  <Point X="106" Y="233" T="119241585" />
  <Point X="107" Y="235" T="119241609" />
  <Point X="107" Y="238" T="119241654" />
  <Point X="109" Y="239" T="119241714" />
  <Point X="111" Y="239" T="119241750" />
  <Point X="113" Y="240" T="119241782" />
  <Point X="115" Y="239" T="119241810" />
  <Point X="117" Y="240" T="119241834" />
  <Point X="119" Y="240" T="119241866" />
  <Point X="121" Y="241" T="119241898" />
  <Point X="123" Y="241" T="119241926" />
  <Point X="126" Y="239" T="119241955" />
  <Point X="128" Y="240" T="119241982" />
  <Point X="130" Y="239" T="119242006" />
  <Point X="132" Y="240" T="119242038" />
  <Point X="134" Y="240" T="119242071" />
  <Point X="136" Y="239" T="119242100" />
  <Point X="134" Y="240" T="119242310" />
  <Point X="132" Y="241" T="119242391" />
  <Point X="130" Y="242" T="119242463" />
  <Point X="128" Y="244" T="119242500" />
  <Point X="126" Y="244" T="119242537" />
  <Point X="124" Y="245" T="119242582" />
  <Point X="122" Y="245" T="119242622" />
  <Point X="120" Y="244" T="119242679" />
  <Point X="118" Y="244" T="119242727" />
  <Point X="116" Y="245" T="119242767" />
  <Point X="114" Y="246" T="119242843" />
  <Point X="112" Y="248" T="119242961" />
  <Point X="110" Y="249" T="119243085" />
  <Point X="108" Y="250" T="119243166" />
  <Point X="106" Y="251" T="119243247" />
  <Point X="104" Y="253" T="119243298" />
  <Point X="103" Y="255" T="119243334" />
  <Point X="103" Y="257" T="119243382" />
  <Point X="103" Y="259" T="119243438" />
  <Point X="105" Y="261" T="119243499" />
  <Point X="105" Y="263" T="119243528" />
  <Point X="106" Y="265" T="119243599" />
  <Point X="106" Y="267" T="119243632" />
  <Point X="106" Y="270" T="119243656" />
  <Point X="107" Y="272" T="119243721" />
  <Point X="108" Y="274" T="119243750" />
  <Point X="108" Y="276" T="119243799" />
  <Point X="109" Y="278" T="119243871" />
  <Point X="108" Y="281" T="119243907" />
  <Point X="106" Y="283" T="119243967" />
  <Point X="104" Y="283" T="119244008" />
  <Point X="102" Y="285" T="119244040" />
  <Point X="100" Y="286" T="119244066" />
  <Point X="98" Y="287" T="119244093" />
  <Point X="96" Y="288" T="119244121" />
  <Point X="94" Y="288" T="119244148" />
  <Point X="92" Y="289" T="119244176" />
  <Point X="90" Y="290" T="119244177" />
  <Point X="88" Y="290" T="119244207" />
  <Point X="85" Y="290" T="119244235" />
  <Point X="81" Y="289" T="119244263" />
  <Point X="77" Y="289" T="119244292" />
  <Point X="75" Y="289" T="119244321" />
  <Point X="70" Y="288" T="119244350" />
  <Point X="66" Y="285" T="119244380" />
  <Point X="64" Y="285" T="119244409" />
  <Point X="61" Y="283" T="119244439" />
  <Point X="57" Y="278" T="119244469" />
  <Point X="55" Y="276" T="119244520" />
</Gesture>