﻿<?xml version="1.0" encoding="utf-8" standalone="yes"?>
<Gesture Name="right_curly_brace04" Subject="5" Speed="slow" Number="4" NumPts="106" Millseconds="3866" AppName="Gestures" AppVer="3.7.0.0" Date="Friday, March 09, 2007" TimeOfDay="9:45:47 PM">
  <Point X="92" Y="133" T="119257298" />
  <Point X="95" Y="133" T="119257416" />
  <Point X="97" Y="134" T="119257460" />
  <Point X="99" Y="134" T="119257486" />
  <Point X="101" Y="134" T="119257508" />
  <Point X="103" Y="133" T="119257532" />
  <Point X="105" Y="133" T="119257557" />
  <Point X="107" Y="133" T="119257586" />
  <Point X="109" Y="133" T="119257614" />
  <Point X="111" Y="134" T="119257638" />
  <Point X="113" Y="135" T="119257671" />
  <Point X="115" Y="135" T="119257703" />
  <Point X="117" Y="135" T="119257728" />
  <Point X="119" Y="136" T="119257761" />
  <Point X="121" Y="137" T="119257809" />
  <Point X="122" Y="139" T="119257846" />
  <Point X="124" Y="141" T="119257883" />
  <Point X="126" Y="143" T="119257940" />
  <Point X="128" Y="146" T="119257976" />
  <Point X="128" Y="148" T="119257996" />
  <Point X="129" Y="150" T="119258021" />
  <Point X="130" Y="153" T="119258057" />
  <Point X="130" Y="155" T="119258070" />
  <Point X="131" Y="157" T="119258090" />
  <Point X="131" Y="159" T="119258106" />
  <Point X="131" Y="161" T="119258135" />
  <Point X="132" Y="163" T="119258179" />
  <Point X="131" Y="165" T="119258203" />
  <Point X="131" Y="167" T="119258238" />
  <Point X="131" Y="169" T="119258258" />
  <Point X="131" Y="171" T="119258290" />
  <Point X="130" Y="173" T="119258318" />
  <Point X="130" Y="175" T="119258334" />
  <Point X="129" Y="177" T="119258355" />
  <Point X="129" Y="179" T="119258392" />
  <Point X="128" Y="181" T="119258417" />
  <Point X="128" Y="183" T="119258440" />
  <Point X="128" Y="186" T="119258465" />
  <Point X="127" Y="188" T="119258481" />
  <Point X="127" Y="191" T="119258501" />
  <Point X="128" Y="193" T="119258533" />
  <Point X="128" Y="195" T="119258561" />
  <Point X="129" Y="197" T="119258574" />
  <Point X="130" Y="199" T="119258614" />
  <Point X="131" Y="202" T="119258658" />
  <Point X="133" Y="204" T="119258686" />
  <Point X="135" Y="206" T="119258733" />
  <Point X="137" Y="208" T="119258777" />
  <Point X="138" Y="210" T="119258806" />
  <Point X="140" Y="211" T="119258838" />
  <Point X="142" Y="212" T="119258870" />
  <Point X="143" Y="214" T="119258887" />
  <Point X="145" Y="213" T="119258922" />
  <Point X="146" Y="215" T="119258951" />
  <Point X="148" Y="215" T="119258983" />
  <Point X="150" Y="216" T="119259040" />
  <Point X="148" Y="216" T="119259266" />
  <Point X="146" Y="218" T="119259318" />
  <Point X="144" Y="217" T="119259357" />
  <Point X="142" Y="219" T="119259397" />
  <Point X="140" Y="219" T="119259442" />
  <Point X="138" Y="220" T="119259474" />
  <Point X="136" Y="221" T="119259517" />
  <Point X="135" Y="223" T="119259557" />
  <Point X="133" Y="224" T="119259646" />
  <Point X="132" Y="226" T="119259723" />
  <Point X="131" Y="228" T="119259827" />
  <Point X="130" Y="230" T="119259900" />
  <Point X="128" Y="233" T="119259992" />
  <Point X="128" Y="235" T="119260029" />
  <Point X="128" Y="237" T="119260094" />
  <Point X="128" Y="239" T="119260118" />
  <Point X="128" Y="241" T="119260167" />
  <Point X="128" Y="243" T="119260191" />
  <Point X="128" Y="245" T="119260216" />
  <Point X="128" Y="248" T="119260265" />
  <Point X="128" Y="250" T="119260296" />
  <Point X="128" Y="252" T="119260361" />
  <Point X="129" Y="254" T="119260393" />
  <Point X="129" Y="256" T="119260417" />
  <Point X="129" Y="259" T="119260453" />
  <Point X="129" Y="261" T="119260481" />
  <Point X="129" Y="263" T="119260504" />
  <Point X="129" Y="265" T="119260549" />
  <Point X="129" Y="267" T="119260573" />
  <Point X="129" Y="269" T="119260617" />
  <Point X="128" Y="271" T="119260652" />
  <Point X="126" Y="273" T="119260684" />
  <Point X="124" Y="274" T="119260733" />
  <Point X="123" Y="276" T="119260756" />
  <Point X="121" Y="278" T="119260780" />
  <Point X="119" Y="280" T="119260806" />
  <Point X="117" Y="282" T="119260833" />
  <Point X="115" Y="283" T="119260857" />
  <Point X="113" Y="284" T="119260881" />
  <Point X="111" Y="285" T="119260906" />
  <Point X="108" Y="285" T="119260930" />
  <Point X="106" Y="285" T="119260955" />
  <Point X="104" Y="284" T="119260980" />
  <Point X="102" Y="285" T="119261006" />
  <Point X="97" Y="283" T="119261032" />
  <Point X="94" Y="280" T="119261058" />
  <Point X="89" Y="279" T="119261084" />
  <Point X="84" Y="276" T="119261111" />
  <Point X="82" Y="274" T="119261138" />
  <Point X="80" Y="274" T="119261164" />
</Gesture>