﻿<?xml version="1.0" encoding="utf-8" standalone="yes"?>
<Gesture Name="right_curly_brace10" Subject="5" Speed="slow" Number="10" NumPts="105" Millseconds="4999" AppName="Gestures" AppVer="3.7.0.0" Date="Friday, March 09, 2007" TimeOfDay="9:46:14 PM">
  <Point X="104" Y="139" T="119283678" />
  <Point X="106" Y="139" T="119283835" />
  <Point X="108" Y="139" T="119283872" />
  <Point X="110" Y="139" T="119283917" />
  <Point X="112" Y="139" T="119283949" />
  <Point X="114" Y="139" T="119283977" />
  <Point X="116" Y="140" T="119284010" />
  <Point X="118" Y="139" T="119284034" />
  <Point X="120" Y="139" T="119284066" />
  <Point X="122" Y="141" T="119284102" />
  <Point X="124" Y="142" T="119284139" />
  <Point X="126" Y="143" T="119284180" />
  <Point X="128" Y="145" T="119284208" />
  <Point X="130" Y="147" T="119284249" />
  <Point X="131" Y="149" T="119284297" />
  <Point X="133" Y="151" T="119284338" />
  <Point X="133" Y="153" T="119284358" />
  <Point X="134" Y="156" T="119284398" />
  <Point X="135" Y="158" T="119284427" />
  <Point X="136" Y="160" T="119284475" />
  <Point X="136" Y="162" T="119284495" />
  <Point X="136" Y="165" T="119284515" />
  <Point X="137" Y="167" T="119284543" />
  <Point X="138" Y="169" T="119284579" />
  <Point X="138" Y="171" T="119284600" />
  <Point X="138" Y="173" T="119284628" />
  <Point X="139" Y="175" T="119284652" />
  <Point X="139" Y="177" T="119284703" />
  <Point X="140" Y="180" T="119284730" />
  <Point X="140" Y="182" T="119284749" />
  <Point X="140" Y="184" T="119284784" />
  <Point X="140" Y="186" T="119284817" />
  <Point X="140" Y="188" T="119284854" />
  <Point X="140" Y="191" T="119284874" />
  <Point X="140" Y="193" T="119284907" />
  <Point X="140" Y="195" T="119284936" />
  <Point X="140" Y="197" T="119284953" />
  <Point X="140" Y="199" T="119284993" />
  <Point X="139" Y="201" T="119285014" />
  <Point X="139" Y="203" T="119285054" />
  <Point X="139" Y="205" T="119285070" />
  <Point X="139" Y="208" T="119285111" />
  <Point X="139" Y="210" T="119285147" />
  <Point X="139" Y="212" T="119285180" />
  <Point X="139" Y="214" T="119285201" />
  <Point X="140" Y="216" T="119285253" />
  <Point X="141" Y="218" T="119285286" />
  <Point X="143" Y="219" T="119285334" />
  <Point X="144" Y="221" T="119285366" />
  <Point X="146" Y="223" T="119285419" />
  <Point X="148" Y="224" T="119285455" />
  <Point X="150" Y="226" T="119285496" />
  <Point X="152" Y="226" T="119285535" />
  <Point X="154" Y="227" T="119285576" />
  <Point X="156" Y="226" T="119285625" />
  <Point X="158" Y="229" T="119285714" />
  <Point X="160" Y="229" T="119285815" />
  <Point X="158" Y="229" T="119286029" />
  <Point X="156" Y="229" T="119286108" />
  <Point X="154" Y="230" T="119286181" />
  <Point X="153" Y="228" T="119286217" />
  <Point X="151" Y="228" T="119286286" />
  <Point X="149" Y="227" T="119286382" />
  <Point X="147" Y="228" T="119286467" />
  <Point X="145" Y="227" T="119286560" />
  <Point X="145" Y="229" T="119286592" />
  <Point X="143" Y="230" T="119286656" />
  <Point X="141" Y="231" T="119286757" />
  <Point X="139" Y="232" T="119286890" />
  <Point X="138" Y="234" T="119286951" />
  <Point X="136" Y="236" T="119287064" />
  <Point X="135" Y="238" T="119287176" />
  <Point X="134" Y="240" T="119287269" />
  <Point X="134" Y="243" T="119287334" />
  <Point X="133" Y="245" T="119287386" />
  <Point X="133" Y="247" T="119287483" />
  <Point X="134" Y="249" T="119287559" />
  <Point X="134" Y="251" T="119287612" />
  <Point X="134" Y="253" T="119287697" />
  <Point X="134" Y="255" T="119287786" />
  <Point X="134" Y="257" T="119287830" />
  <Point X="134" Y="260" T="119287903" />
  <Point X="134" Y="262" T="119287943" />
  <Point X="134" Y="264" T="119287979" />
  <Point X="134" Y="266" T="119288028" />
  <Point X="134" Y="268" T="119288104" />
  <Point X="134" Y="270" T="119288152" />
  <Point X="133" Y="272" T="119288193" />
  <Point X="133" Y="274" T="119288236" />
  <Point X="132" Y="276" T="119288309" />
  <Point X="131" Y="278" T="119288337" />
  <Point X="130" Y="280" T="119288361" />
  <Point X="128" Y="282" T="119288390" />
  <Point X="126" Y="284" T="119288414" />
  <Point X="124" Y="285" T="119288439" />
  <Point X="122" Y="287" T="119288465" />
  <Point X="118" Y="289" T="119288490" />
  <Point X="116" Y="289" T="119288516" />
  <Point X="109" Y="288" T="119288542" />
  <Point X="105" Y="287" T="119288568" />
  <Point X="100" Y="286" T="119288595" />
  <Point X="98" Y="285" T="119288621" />
  <Point X="95" Y="286" T="119288623" />
  <Point X="93" Y="285" T="119288650" />
  <Point X="92" Y="283" T="119288677" />
</Gesture>