﻿<?xml version="1.0" encoding="utf-8" standalone="yes"?>
<Gesture Name="right_curly_brace08" Subject="5" Speed="slow" Number="8" NumPts="97" Millseconds="3507" AppName="Gestures" AppVer="3.7.0.0" Date="Friday, March 09, 2007" TimeOfDay="9:46:03 PM">
  <Point X="108" Y="133" T="119274195" />
  <Point X="110" Y="134" T="119274329" />
  <Point X="112" Y="133" T="119274345" />
  <Point X="114" Y="132" T="119274361" />
  <Point X="116" Y="132" T="119274381" />
  <Point X="118" Y="133" T="119274410" />
  <Point X="121" Y="133" T="119274439" />
  <Point X="123" Y="132" T="119274463" />
  <Point X="125" Y="134" T="119274487" />
  <Point X="127" Y="134" T="119274512" />
  <Point X="128" Y="136" T="119274544" />
  <Point X="131" Y="138" T="119274576" />
  <Point X="132" Y="140" T="119274605" />
  <Point X="134" Y="141" T="119274642" />
  <Point X="135" Y="144" T="119274663" />
  <Point X="136" Y="146" T="119274680" />
  <Point X="136" Y="148" T="119274700" />
  <Point X="137" Y="150" T="119274720" />
  <Point X="138" Y="153" T="119274760" />
  <Point X="138" Y="155" T="119274792" />
  <Point X="137" Y="158" T="119274816" />
  <Point X="136" Y="160" T="119274841" />
  <Point X="135" Y="162" T="119274877" />
  <Point X="135" Y="164" T="119274905" />
  <Point X="134" Y="166" T="119274939" />
  <Point X="133" Y="168" T="119274966" />
  <Point X="131" Y="170" T="119275015" />
  <Point X="130" Y="173" T="119275051" />
  <Point X="129" Y="175" T="119275076" />
  <Point X="128" Y="177" T="119275109" />
  <Point X="127" Y="179" T="119275137" />
  <Point X="127" Y="181" T="119275174" />
  <Point X="127" Y="184" T="119275199" />
  <Point X="127" Y="186" T="119275216" />
  <Point X="126" Y="188" T="119275248" />
  <Point X="126" Y="191" T="119275284" />
  <Point X="127" Y="193" T="119275305" />
  <Point X="127" Y="195" T="119275325" />
  <Point X="128" Y="198" T="119275345" />
  <Point X="128" Y="200" T="119275370" />
  <Point X="129" Y="202" T="119275394" />
  <Point X="131" Y="204" T="119275437" />
  <Point X="133" Y="206" T="119275478" />
  <Point X="135" Y="208" T="119275514" />
  <Point X="137" Y="210" T="119275551" />
  <Point X="139" Y="211" T="119275588" />
  <Point X="141" Y="212" T="119275620" />
  <Point X="143" Y="214" T="119275652" />
  <Point X="145" Y="214" T="119275691" />
  <Point X="147" Y="214" T="119275750" />
  <Point X="145" Y="214" T="119275919" />
  <Point X="143" Y="216" T="119275956" />
  <Point X="141" Y="215" T="119276005" />
  <Point X="139" Y="215" T="119276072" />
  <Point X="137" Y="215" T="119276125" />
  <Point X="135" Y="215" T="119276178" />
  <Point X="133" Y="215" T="119276222" />
  <Point X="131" Y="217" T="119276267" />
  <Point X="129" Y="219" T="119276323" />
  <Point X="127" Y="221" T="119276371" />
  <Point X="126" Y="223" T="119276395" />
  <Point X="124" Y="225" T="119276471" />
  <Point X="124" Y="227" T="119276503" />
  <Point X="123" Y="229" T="119276536" />
  <Point X="123" Y="232" T="119276554" />
  <Point X="123" Y="234" T="119276588" />
  <Point X="123" Y="236" T="119276616" />
  <Point X="124" Y="238" T="119276652" />
  <Point X="124" Y="240" T="119276681" />
  <Point X="126" Y="242" T="119276745" />
  <Point X="127" Y="245" T="119276781" />
  <Point X="129" Y="245" T="119276825" />
  <Point X="131" Y="247" T="119276870" />
  <Point X="133" Y="248" T="119276927" />
  <Point X="133" Y="250" T="119276964" />
  <Point X="134" Y="252" T="119276992" />
  <Point X="134" Y="254" T="119277060" />
  <Point X="134" Y="257" T="119277116" />
  <Point X="135" Y="259" T="119277185" />
  <Point X="135" Y="261" T="119277224" />
  <Point X="135" Y="263" T="119277245" />
  <Point X="135" Y="265" T="119277272" />
  <Point X="134" Y="267" T="119277309" />
  <Point X="133" Y="269" T="119277337" />
  <Point X="132" Y="271" T="119277389" />
  <Point X="130" Y="273" T="119277425" />
  <Point X="128" Y="274" T="119277450" />
  <Point X="126" Y="275" T="119277473" />
  <Point X="121" Y="278" T="119277497" />
  <Point X="117" Y="280" T="119277521" />
  <Point X="110" Y="284" T="119277545" />
  <Point X="103" Y="282" T="119277570" />
  <Point X="95" Y="282" T="119277594" />
  <Point X="90" Y="282" T="119277619" />
  <Point X="89" Y="279" T="119277643" />
  <Point X="87" Y="279" T="119277676" />
  <Point X="87" Y="277" T="119277702" />
</Gesture>