﻿<?xml version="1.0" encoding="utf-8" standalone="yes"?>
<Gesture Name="right_curly_brace05" Subject="5" Speed="slow" Number="5" NumPts="106" Millseconds="3705" AppName="Gestures" AppVer="3.7.0.0" Date="Friday, March 09, 2007" TimeOfDay="9:45:51 PM">
  <Point X="99" Y="135" T="119262067" />
  <Point X="101" Y="136" T="119262202" />
  <Point X="103" Y="136" T="119262227" />
  <Point X="105" Y="136" T="119262251" />
  <Point X="107" Y="136" T="119262271" />
  <Point X="110" Y="135" T="119262295" />
  <Point X="112" Y="136" T="119262315" />
  <Point X="114" Y="135" T="119262339" />
  <Point X="116" Y="135" T="119262364" />
  <Point X="118" Y="134" T="119262384" />
  <Point X="120" Y="136" T="119262407" />
  <Point X="122" Y="135" T="119262427" />
  <Point X="124" Y="135" T="119262447" />
  <Point X="126" Y="135" T="119262472" />
  <Point X="128" Y="136" T="119262497" />
  <Point X="130" Y="136" T="119262521" />
  <Point X="132" Y="137" T="119262549" />
  <Point X="134" Y="139" T="119262574" />
  <Point X="136" Y="139" T="119262602" />
  <Point X="138" Y="141" T="119262635" />
  <Point X="140" Y="143" T="119262676" />
  <Point X="141" Y="145" T="119262715" />
  <Point X="141" Y="147" T="119262752" />
  <Point X="142" Y="149" T="119262772" />
  <Point X="142" Y="151" T="119262793" />
  <Point X="143" Y="153" T="119262826" />
  <Point X="143" Y="155" T="119262842" />
  <Point X="143" Y="157" T="119262854" />
  <Point X="143" Y="160" T="119262882" />
  <Point X="143" Y="162" T="119262914" />
  <Point X="143" Y="164" T="119262926" />
  <Point X="143" Y="166" T="119262954" />
  <Point X="143" Y="169" T="119262982" />
  <Point X="142" Y="171" T="119263003" />
  <Point X="141" Y="173" T="119263039" />
  <Point X="141" Y="175" T="119263051" />
  <Point X="140" Y="177" T="119263075" />
  <Point X="139" Y="179" T="119263096" />
  <Point X="138" Y="181" T="119263128" />
  <Point X="137" Y="183" T="119263144" />
  <Point X="136" Y="185" T="119263168" />
  <Point X="135" Y="187" T="119263199" />
  <Point X="133" Y="189" T="119263231" />
  <Point X="132" Y="191" T="119263259" />
  <Point X="132" Y="194" T="119263284" />
  <Point X="131" Y="196" T="119263308" />
  <Point X="130" Y="198" T="119263348" />
  <Point X="130" Y="200" T="119263376" />
  <Point X="130" Y="202" T="119263391" />
  <Point X="129" Y="205" T="119263411" />
  <Point X="129" Y="207" T="119263452" />
  <Point X="130" Y="209" T="119263496" />
  <Point X="130" Y="212" T="119263524" />
  <Point X="130" Y="214" T="119263561" />
  <Point X="130" Y="216" T="119263602" />
  <Point X="130" Y="219" T="119263631" />
  <Point X="131" Y="221" T="119263675" />
  <Point X="131" Y="223" T="119263700" />
  <Point X="131" Y="225" T="119263748" />
  <Point X="131" Y="228" T="119263789" />
  <Point X="131" Y="230" T="119263809" />
  <Point X="133" Y="232" T="119263865" />
  <Point X="135" Y="233" T="119263906" />
  <Point X="137" Y="234" T="119263938" />
  <Point X="139" Y="234" T="119263974" />
  <Point X="141" Y="235" T="119264011" />
  <Point X="143" Y="236" T="119264035" />
  <Point X="145" Y="236" T="119264063" />
  <Point X="147" Y="236" T="119264096" />
  <Point X="145" Y="236" T="119264411" />
  <Point X="143" Y="236" T="119264440" />
  <Point X="141" Y="236" T="119264464" />
  <Point X="139" Y="236" T="119264493" />
  <Point X="137" Y="237" T="119264533" />
  <Point X="135" Y="239" T="119264598" />
  <Point X="134" Y="241" T="119264647" />
  <Point X="133" Y="243" T="119264695" />
  <Point X="132" Y="245" T="119264766" />
  <Point X="132" Y="247" T="119264805" />
  <Point X="133" Y="249" T="119264854" />
  <Point X="133" Y="251" T="119264875" />
  <Point X="133" Y="253" T="119264939" />
  <Point X="134" Y="256" T="119264999" />
  <Point X="134" Y="258" T="119265032" />
  <Point X="135" Y="260" T="119265120" />
  <Point X="135" Y="262" T="119265164" />
  <Point X="135" Y="264" T="119265200" />
  <Point X="134" Y="266" T="119265253" />
  <Point X="134" Y="268" T="119265293" />
  <Point X="134" Y="271" T="119265337" />
  <Point X="134" Y="273" T="119265378" />
  <Point X="133" Y="275" T="119265418" />
  <Point X="131" Y="278" T="119265458" />
  <Point X="130" Y="280" T="119265483" />
  <Point X="128" Y="280" T="119265511" />
  <Point X="126" Y="280" T="119265535" />
  <Point X="124" Y="281" T="119265561" />
  <Point X="120" Y="283" T="119265587" />
  <Point X="116" Y="283" T="119265616" />
  <Point X="109" Y="283" T="119265642" />
  <Point X="104" Y="283" T="119265668" />
  <Point X="99" Y="283" T="119265694" />
  <Point X="97" Y="283" T="119265719" />
  <Point X="95" Y="283" T="119265720" />
  <Point X="92" Y="283" T="119265746" />
  <Point X="90" Y="281" T="119265772" />
</Gesture>