﻿<?xml version="1.0" encoding="utf-8" standalone="yes"?>
<Gesture Name="right_curly_brace03" Subject="5" Speed="slow" Number="3" NumPts="126" Millseconds="4919" AppName="Gestures" AppVer="3.7.0.0" Date="Friday, March 09, 2007" TimeOfDay="9:45:42 PM">
  <Point X="90" Y="130" T="119251469" />
  <Point X="89" Y="128" T="119251512" />
  <Point X="91" Y="127" T="119251675" />
  <Point X="93" Y="128" T="119251704" />
  <Point X="95" Y="128" T="119251732" />
  <Point X="97" Y="127" T="119251765" />
  <Point X="99" Y="128" T="119251797" />
  <Point X="101" Y="127" T="119251826" />
  <Point X="103" Y="127" T="119251854" />
  <Point X="105" Y="126" T="119251882" />
  <Point X="107" Y="127" T="119251910" />
  <Point X="109" Y="126" T="119251943" />
  <Point X="112" Y="127" T="119251967" />
  <Point X="114" Y="127" T="119251999" />
  <Point X="116" Y="129" T="119252032" />
  <Point X="118" Y="129" T="119252056" />
  <Point X="120" Y="130" T="119252096" />
  <Point X="121" Y="132" T="119252129" />
  <Point X="123" Y="133" T="119252168" />
  <Point X="124" Y="135" T="119252188" />
  <Point X="126" Y="135" T="119252237" />
  <Point X="127" Y="137" T="119252266" />
  <Point X="129" Y="139" T="119252293" />
  <Point X="130" Y="142" T="119252328" />
  <Point X="132" Y="144" T="119252364" />
  <Point X="133" Y="146" T="119252388" />
  <Point X="134" Y="149" T="119252428" />
  <Point X="133" Y="151" T="119252458" />
  <Point X="133" Y="153" T="119252496" />
  <Point X="134" Y="155" T="119252535" />
  <Point X="134" Y="157" T="119252555" />
  <Point X="134" Y="160" T="119252612" />
  <Point X="134" Y="162" T="119252653" />
  <Point X="133" Y="164" T="119252682" />
  <Point X="132" Y="166" T="119252711" />
  <Point X="131" Y="168" T="119252735" />
  <Point X="131" Y="170" T="119252755" />
  <Point X="130" Y="172" T="119252800" />
  <Point X="128" Y="174" T="119252836" />
  <Point X="127" Y="176" T="119252873" />
  <Point X="125" Y="178" T="119252918" />
  <Point X="124" Y="180" T="119252951" />
  <Point X="123" Y="182" T="119252994" />
  <Point X="122" Y="184" T="119253039" />
  <Point X="121" Y="186" T="119253095" />
  <Point X="121" Y="188" T="119253127" />
  <Point X="120" Y="190" T="119253163" />
  <Point X="120" Y="192" T="119253187" />
  <Point X="120" Y="195" T="119253227" />
  <Point X="121" Y="197" T="119253271" />
  <Point X="120" Y="199" T="119253299" />
  <Point X="120" Y="201" T="119253319" />
  <Point X="120" Y="203" T="119253343" />
  <Point X="120" Y="206" T="119253376" />
  <Point X="120" Y="208" T="119253413" />
  <Point X="120" Y="210" T="119253437" />
  <Point X="120" Y="212" T="119253454" />
  <Point X="120" Y="214" T="119253478" />
  <Point X="120" Y="217" T="119253530" />
  <Point X="120" Y="219" T="119253554" />
  <Point X="120" Y="221" T="119253581" />
  <Point X="121" Y="223" T="119253614" />
  <Point X="121" Y="225" T="119253650" />
  <Point X="121" Y="227" T="119253723" />
  <Point X="122" Y="229" T="119253794" />
  <Point X="124" Y="230" T="119253843" />
  <Point X="126" Y="231" T="119253887" />
  <Point X="128" Y="230" T="119253923" />
  <Point X="130" Y="231" T="119253960" />
  <Point X="131" Y="233" T="119253984" />
  <Point X="132" Y="231" T="119254004" />
  <Point X="134" Y="231" T="119254037" />
  <Point X="136" Y="232" T="119254074" />
  <Point X="138" Y="231" T="119254109" />
  <Point X="140" Y="232" T="119254142" />
  <Point X="142" Y="232" T="119254179" />
  <Point X="144" Y="232" T="119254292" />
  <Point X="142" Y="232" T="119254440" />
  <Point X="140" Y="233" T="119254462" />
  <Point X="138" Y="232" T="119254484" />
  <Point X="136" Y="232" T="119254511" />
  <Point X="134" Y="233" T="119254538" />
  <Point X="132" Y="233" T="119254578" />
  <Point X="130" Y="233" T="119254631" />
  <Point X="128" Y="234" T="119254683" />
  <Point X="126" Y="236" T="119254765" />
  <Point X="125" Y="238" T="119254918" />
  <Point X="123" Y="240" T="119255006" />
  <Point X="122" Y="242" T="119255045" />
  <Point X="121" Y="245" T="119255118" />
  <Point X="120" Y="247" T="119255167" />
  <Point X="120" Y="249" T="119255243" />
  <Point X="120" Y="251" T="119255272" />
  <Point X="120" Y="253" T="119255297" />
  <Point X="119" Y="255" T="119255361" />
  <Point X="119" Y="257" T="119255394" />
  <Point X="119" Y="259" T="119255433" />
  <Point X="119" Y="261" T="119255469" />
  <Point X="119" Y="263" T="119255497" />
  <Point X="119" Y="265" T="119255537" />
  <Point X="120" Y="267" T="119255574" />
  <Point X="120" Y="269" T="119255600" />
  <Point X="120" Y="272" T="119255630" />
  <Point X="120" Y="274" T="119255695" />
  <Point X="118" Y="276" T="119255760" />
  <Point X="117" Y="278" T="119255792" />
  <Point X="115" Y="280" T="119255832" />
  <Point X="113" Y="282" T="119255888" />
  <Point X="112" Y="284" T="119255915" />
  <Point X="110" Y="284" T="119255944" />
  <Point X="109" Y="287" T="119255972" />
  <Point X="107" Y="285" T="119256000" />
  <Point X="104" Y="288" T="119256028" />
  <Point X="100" Y="288" T="119256060" />
  <Point X="98" Y="288" T="119256088" />
  <Point X="93" Y="288" T="119256117" />
  <Point X="89" Y="288" T="119256145" />
  <Point X="87" Y="288" T="119256175" />
  <Point X="82" Y="287" T="119256204" />
  <Point X="78" Y="284" T="119256234" />
  <Point X="72" Y="281" T="119256266" />
  <Point X="70" Y="278" T="119256296" />
  <Point X="68" Y="276" T="119256297" />
  <Point X="64" Y="272" T="119256327" />
  <Point X="63" Y="270" T="119256358" />
  <Point X="61" Y="268" T="119256388" />
</Gesture>