﻿<?xml version="1.0" encoding="utf-8" standalone="yes"?>
<Gesture Name="right_sq_bracket10" Subject="5" Speed="slow" Number="10" NumPts="91" Millseconds="2869" AppName="Gestures" AppVer="3.7.0.0" Date="Friday, March 09, 2007" TimeOfDay="9:34:17 PM">
  <Point X="95" Y="151" T="118567374" />
  <Point X="96" Y="149" T="118567406" />
  <Point X="98" Y="150" T="118567463" />
  <Point X="100" Y="149" T="118567494" />
  <Point X="102" Y="148" T="118567515" />
  <Point X="104" Y="150" T="118567539" />
  <Point X="106" Y="149" T="118567559" />
  <Point X="108" Y="149" T="118567583" />
  <Point X="110" Y="149" T="118567604" />
  <Point X="112" Y="149" T="118567624" />
  <Point X="114" Y="149" T="118567644" />
  <Point X="116" Y="150" T="118567681" />
  <Point X="118" Y="148" T="118567705" />
  <Point X="121" Y="148" T="118567729" />
  <Point X="123" Y="148" T="118567754" />
  <Point X="125" Y="149" T="118567782" />
  <Point X="127" Y="149" T="118567811" />
  <Point X="129" Y="149" T="118567836" />
  <Point X="131" Y="148" T="118567856" />
  <Point X="133" Y="147" T="118567884" />
  <Point X="135" Y="148" T="118567913" />
  <Point X="137" Y="146" T="118567941" />
  <Point X="139" Y="147" T="118568020" />
  <Point X="141" Y="149" T="118568158" />
  <Point X="141" Y="151" T="118568186" />
  <Point X="142" Y="153" T="118568214" />
  <Point X="142" Y="155" T="118568234" />
  <Point X="142" Y="157" T="118568250" />
  <Point X="142" Y="159" T="118568262" />
  <Point X="143" Y="161" T="118568294" />
  <Point X="143" Y="163" T="118568305" />
  <Point X="143" Y="165" T="118568350" />
  <Point X="143" Y="167" T="118568391" />
  <Point X="143" Y="169" T="118568420" />
  <Point X="142" Y="171" T="118568497" />
  <Point X="141" Y="173" T="118568529" />
  <Point X="140" Y="175" T="118568582" />
  <Point X="138" Y="176" T="118568643" />
  <Point X="137" Y="178" T="118568674" />
  <Point X="136" Y="180" T="118568711" />
  <Point X="135" Y="182" T="118568730" />
  <Point X="134" Y="185" T="118568779" />
  <Point X="133" Y="187" T="118568811" />
  <Point X="131" Y="189" T="118568851" />
  <Point X="131" Y="191" T="118568879" />
  <Point X="129" Y="193" T="118568916" />
  <Point X="129" Y="196" T="118568930" />
  <Point X="127" Y="198" T="118568972" />
  <Point X="127" Y="200" T="118568992" />
  <Point X="126" Y="202" T="118569020" />
  <Point X="126" Y="205" T="118569045" />
  <Point X="125" Y="207" T="118569078" />
  <Point X="125" Y="209" T="118569098" />
  <Point X="124" Y="212" T="118569122" />
  <Point X="124" Y="214" T="118569154" />
  <Point X="124" Y="217" T="118569178" />
  <Point X="124" Y="219" T="118569207" />
  <Point X="123" Y="221" T="118569231" />
  <Point X="123" Y="223" T="118569270" />
  <Point X="122" Y="226" T="118569298" />
  <Point X="121" Y="228" T="118569335" />
  <Point X="120" Y="230" T="118569379" />
  <Point X="120" Y="233" T="118569412" />
  <Point X="120" Y="235" T="118569440" />
  <Point X="119" Y="237" T="118569460" />
  <Point X="119" Y="239" T="118569496" />
  <Point X="119" Y="242" T="118569532" />
  <Point X="120" Y="244" T="118569564" />
  <Point X="119" Y="246" T="118569612" />
  <Point X="119" Y="248" T="118569644" />
  <Point X="117" Y="250" T="118569741" />
  <Point X="115" Y="250" T="118569784" />
  <Point X="113" Y="251" T="118569832" />
  <Point X="111" Y="251" T="118569874" />
  <Point X="109" Y="251" T="118569899" />
  <Point X="107" Y="251" T="118569926" />
  <Point X="105" Y="250" T="118569951" />
  <Point X="102" Y="251" T="118569972" />
  <Point X="100" Y="251" T="118569993" />
  <Point X="98" Y="250" T="118570014" />
  <Point X="96" Y="250" T="118570036" />
  <Point X="93" Y="250" T="118570058" />
  <Point X="89" Y="249" T="118570080" />
  <Point X="86" Y="250" T="118570102" />
  <Point X="84" Y="249" T="118570103" />
  <Point X="82" Y="249" T="118570126" />
  <Point X="78" Y="249" T="118570149" />
  <Point X="74" Y="249" T="118570172" />
  <Point X="70" Y="251" T="118570196" />
  <Point X="66" Y="249" T="118570219" />
  <Point X="64" Y="249" T="118570243" />
</Gesture>