﻿<?xml version="1.0" encoding="utf-8" standalone="yes"?>
<Gesture Name="right_sq_bracket02" Subject="5" Speed="slow" Number="2" NumPts="98" Millseconds="3572" AppName="Gestures" AppVer="3.7.0.0" Date="Friday, March 09, 2007" TimeOfDay="9:33:47 PM">
  <Point X="79" Y="149" T="118535973" />
  <Point X="81" Y="150" T="118536113" />
  <Point X="83" Y="150" T="118536145" />
  <Point X="85" Y="151" T="118536182" />
  <Point X="87" Y="150" T="118536210" />
  <Point X="89" Y="149" T="118536246" />
  <Point X="91" Y="151" T="118536282" />
  <Point X="93" Y="151" T="118536319" />
  <Point X="96" Y="150" T="118536355" />
  <Point X="98" Y="150" T="118536387" />
  <Point X="100" Y="150" T="118536423" />
  <Point X="102" Y="150" T="118536455" />
  <Point X="104" Y="151" T="118536487" />
  <Point X="107" Y="150" T="118536520" />
  <Point X="109" Y="149" T="118536549" />
  <Point X="111" Y="150" T="118536569" />
  <Point X="113" Y="149" T="118536598" />
  <Point X="115" Y="149" T="118536627" />
  <Point X="117" Y="149" T="118536647" />
  <Point X="120" Y="150" T="118536679" />
  <Point X="122" Y="149" T="118536700" />
  <Point X="124" Y="149" T="118536728" />
  <Point X="126" Y="150" T="118536763" />
  <Point X="128" Y="149" T="118536795" />
  <Point X="130" Y="149" T="118536824" />
  <Point X="132" Y="150" T="118536864" />
  <Point X="134" Y="150" T="118536900" />
  <Point X="136" Y="150" T="118536928" />
  <Point X="138" Y="149" T="118536956" />
  <Point X="140" Y="152" T="118537173" />
  <Point X="140" Y="154" T="118537311" />
  <Point X="140" Y="156" T="118537335" />
  <Point X="140" Y="158" T="118537372" />
  <Point X="140" Y="160" T="118537400" />
  <Point X="140" Y="162" T="118537428" />
  <Point X="141" Y="165" T="118537462" />
  <Point X="140" Y="167" T="118537498" />
  <Point X="140" Y="169" T="118537519" />
  <Point X="139" Y="171" T="118537562" />
  <Point X="138" Y="173" T="118537598" />
  <Point X="138" Y="175" T="118537633" />
  <Point X="137" Y="177" T="118537657" />
  <Point X="136" Y="179" T="118537673" />
  <Point X="135" Y="182" T="118537717" />
  <Point X="135" Y="184" T="118537749" />
  <Point X="134" Y="186" T="118537818" />
  <Point X="134" Y="188" T="118537850" />
  <Point X="133" Y="190" T="118537902" />
  <Point X="133" Y="193" T="118537922" />
  <Point X="132" Y="195" T="118537943" />
  <Point X="132" Y="197" T="118537974" />
  <Point X="132" Y="199" T="118538022" />
  <Point X="132" Y="201" T="118538047" />
  <Point X="132" Y="203" T="118538067" />
  <Point X="132" Y="206" T="118538100" />
  <Point X="131" Y="208" T="118538129" />
  <Point X="131" Y="210" T="118538153" />
  <Point X="132" Y="212" T="118538177" />
  <Point X="132" Y="214" T="118538210" />
  <Point X="132" Y="217" T="118538227" />
  <Point X="131" Y="219" T="118538258" />
  <Point X="131" Y="221" T="118538275" />
  <Point X="131" Y="224" T="118538310" />
  <Point X="131" Y="226" T="118538346" />
  <Point X="131" Y="228" T="118538370" />
  <Point X="131" Y="230" T="118538395" />
  <Point X="131" Y="232" T="118538413" />
  <Point X="132" Y="234" T="118538447" />
  <Point X="132" Y="236" T="118538466" />
  <Point X="132" Y="239" T="118538491" />
  <Point X="133" Y="241" T="118538532" />
  <Point X="133" Y="243" T="118538568" />
  <Point X="133" Y="245" T="118538600" />
  <Point X="133" Y="247" T="118538702" />
  <Point X="131" Y="247" T="118538863" />
  <Point X="129" Y="247" T="118538900" />
  <Point X="127" Y="246" T="118538929" />
  <Point X="125" Y="246" T="118538961" />
  <Point X="123" Y="246" T="118538992" />
  <Point X="121" Y="246" T="118539025" />
  <Point X="119" Y="246" T="118539049" />
  <Point X="117" Y="246" T="118539084" />
  <Point X="115" Y="246" T="118539105" />
  <Point X="113" Y="246" T="118539141" />
  <Point X="111" Y="246" T="118539173" />
  <Point X="109" Y="245" T="118539205" />
  <Point X="107" Y="245" T="118539229" />
  <Point X="104" Y="245" T="118539261" />
  <Point X="102" Y="244" T="118539289" />
  <Point X="100" Y="244" T="118539312" />
  <Point X="98" Y="244" T="118539334" />
  <Point X="96" Y="244" T="118539357" />
  <Point X="94" Y="245" T="118539382" />
  <Point X="92" Y="245" T="118539413" />
  <Point X="90" Y="245" T="118539437" />
  <Point X="88" Y="245" T="118539466" />
  <Point X="86" Y="245" T="118539505" />
  <Point X="84" Y="246" T="118539545" />
</Gesture>