﻿<?xml version="1.0" encoding="utf-8" standalone="yes"?>
<Gesture Name="right_sq_bracket06" Subject="5" Speed="slow" Number="6" NumPts="102" Millseconds="3196" AppName="Gestures" AppVer="3.7.0.0" Date="Friday, March 09, 2007" TimeOfDay="9:34:03 PM">
  <Point X="93" Y="147" T="118552856" />
  <Point X="92" Y="145" T="118552868" />
  <Point X="94" Y="146" T="118552939" />
  <Point X="96" Y="144" T="118552997" />
  <Point X="98" Y="146" T="118553033" />
  <Point X="100" Y="146" T="118553069" />
  <Point X="102" Y="145" T="118553094" />
  <Point X="104" Y="145" T="118553122" />
  <Point X="106" Y="145" T="118553158" />
  <Point X="108" Y="145" T="118553194" />
  <Point X="110" Y="146" T="118553223" />
  <Point X="112" Y="145" T="118553247" />
  <Point X="115" Y="145" T="118553276" />
  <Point X="117" Y="144" T="118553308" />
  <Point X="119" Y="146" T="118553349" />
  <Point X="121" Y="145" T="118553386" />
  <Point X="123" Y="146" T="118553418" />
  <Point X="125" Y="146" T="118553462" />
  <Point X="127" Y="146" T="118553504" />
  <Point X="129" Y="146" T="118553539" />
  <Point X="131" Y="146" T="118553571" />
  <Point X="133" Y="147" T="118553612" />
  <Point X="135" Y="146" T="118553648" />
  <Point X="137" Y="146" T="118553705" />
  <Point X="139" Y="147" T="118553754" />
  <Point X="141" Y="147" T="118553798" />
  <Point X="143" Y="147" T="118553849" />
  <Point X="145" Y="147" T="118553919" />
  <Point X="147" Y="147" T="118554003" />
  <Point X="147" Y="149" T="118554052" />
  <Point X="148" Y="151" T="118554123" />
  <Point X="148" Y="153" T="118554147" />
  <Point X="148" Y="155" T="118554175" />
  <Point X="147" Y="157" T="118554200" />
  <Point X="147" Y="159" T="118554233" />
  <Point X="146" Y="162" T="118554258" />
  <Point X="146" Y="164" T="118554278" />
  <Point X="146" Y="166" T="118554306" />
  <Point X="147" Y="168" T="118554334" />
  <Point X="146" Y="170" T="118554373" />
  <Point X="146" Y="172" T="118554405" />
  <Point X="146" Y="175" T="118554437" />
  <Point X="146" Y="177" T="118554482" />
  <Point X="145" Y="179" T="118554506" />
  <Point X="145" Y="181" T="118554531" />
  <Point X="144" Y="184" T="118554559" />
  <Point X="143" Y="186" T="118554592" />
  <Point X="142" Y="188" T="118554632" />
  <Point X="141" Y="190" T="118554660" />
  <Point X="140" Y="192" T="118554688" />
  <Point X="139" Y="195" T="118554712" />
  <Point X="138" Y="197" T="118554740" />
  <Point X="137" Y="199" T="118554776" />
  <Point X="136" Y="201" T="118554793" />
  <Point X="135" Y="203" T="118554814" />
  <Point X="134" Y="205" T="118554847" />
  <Point X="133" Y="207" T="118554870" />
  <Point X="132" Y="209" T="118554899" />
  <Point X="132" Y="211" T="118554917" />
  <Point X="131" Y="214" T="118554947" />
  <Point X="131" Y="216" T="118554964" />
  <Point X="130" Y="218" T="118554998" />
  <Point X="130" Y="220" T="118555022" />
  <Point X="130" Y="223" T="118555046" />
  <Point X="130" Y="225" T="118555081" />
  <Point X="129" Y="228" T="118555105" />
  <Point X="129" Y="230" T="118555131" />
  <Point X="129" Y="232" T="118555151" />
  <Point X="129" Y="235" T="118555187" />
  <Point X="129" Y="237" T="118555206" />
  <Point X="130" Y="240" T="118555235" />
  <Point X="130" Y="242" T="118555256" />
  <Point X="130" Y="244" T="118555288" />
  <Point X="130" Y="246" T="118555324" />
  <Point X="130" Y="248" T="118555356" />
  <Point X="128" Y="247" T="118555441" />
  <Point X="126" Y="247" T="118555464" />
  <Point X="124" Y="247" T="118555484" />
  <Point X="122" Y="247" T="118555505" />
  <Point X="120" Y="247" T="118555528" />
  <Point X="118" Y="247" T="118555549" />
  <Point X="115" Y="247" T="118555571" />
  <Point X="113" Y="247" T="118555592" />
  <Point X="111" Y="248" T="118555617" />
  <Point X="109" Y="247" T="118555639" />
  <Point X="107" Y="248" T="118555661" />
  <Point X="105" Y="248" T="118555684" />
  <Point X="103" Y="248" T="118555706" />
  <Point X="101" Y="248" T="118555729" />
  <Point X="99" Y="246" T="118555752" />
  <Point X="97" Y="247" T="118555776" />
  <Point X="95" Y="245" T="118555799" />
  <Point X="92" Y="246" T="118555823" />
  <Point X="90" Y="245" T="118555847" />
  <Point X="88" Y="246" T="118555872" />
  <Point X="84" Y="246" T="118555896" />
  <Point X="82" Y="246" T="118555922" />
  <Point X="80" Y="245" T="118555946" />
  <Point X="78" Y="245" T="118555973" />
  <Point X="76" Y="246" T="118556000" />
  <Point X="73" Y="244" T="118556026" />
  <Point X="71" Y="245" T="118556052" />
</Gesture>