﻿<?xml version="1.0" encoding="utf-8" standalone="yes"?>
<Gesture Name="right_curly_brace09" Subject="5" Speed="slow" Number="9" NumPts="99" Millseconds="4020" AppName="Gestures" AppVer="3.7.0.0" Date="Friday, March 09, 2007" TimeOfDay="9:46:08 PM">
  <Point X="116" Y="144" T="119278933" />
  <Point X="116" Y="146" T="119279020" />
  <Point X="118" Y="147" T="119279049" />
  <Point X="120" Y="147" T="119279074" />
  <Point X="122" Y="148" T="119279094" />
  <Point X="124" Y="148" T="119279111" />
  <Point X="126" Y="150" T="119279123" />
  <Point X="128" Y="151" T="119279143" />
  <Point X="130" Y="151" T="119279167" />
  <Point X="131" Y="153" T="119279187" />
  <Point X="133" Y="155" T="119279207" />
  <Point X="134" Y="157" T="119279232" />
  <Point X="135" Y="160" T="119279252" />
  <Point X="136" Y="162" T="119279273" />
  <Point X="136" Y="164" T="119279289" />
  <Point X="136" Y="166" T="119279306" />
  <Point X="137" Y="168" T="119279338" />
  <Point X="136" Y="171" T="119279357" />
  <Point X="136" Y="173" T="119279378" />
  <Point X="136" Y="175" T="119279390" />
  <Point X="135" Y="177" T="119279422" />
  <Point X="135" Y="179" T="119279472" />
  <Point X="135" Y="182" T="119279491" />
  <Point X="135" Y="184" T="119279504" />
  <Point X="134" Y="186" T="119279532" />
  <Point X="133" Y="188" T="119279585" />
  <Point X="132" Y="190" T="119279621" />
  <Point X="131" Y="192" T="119279677" />
  <Point X="129" Y="194" T="119279718" />
  <Point X="128" Y="196" T="119279754" />
  <Point X="127" Y="198" T="119279774" />
  <Point X="126" Y="200" T="119279822" />
  <Point X="125" Y="203" T="119279842" />
  <Point X="125" Y="205" T="119279858" />
  <Point X="125" Y="208" T="119279888" />
  <Point X="125" Y="210" T="119279914" />
  <Point X="126" Y="212" T="119279945" />
  <Point X="126" Y="214" T="119279960" />
  <Point X="128" Y="216" T="119280001" />
  <Point X="129" Y="218" T="119280033" />
  <Point X="131" Y="221" T="119280060" />
  <Point X="133" Y="221" T="119280093" />
  <Point X="135" Y="222" T="119280129" />
  <Point X="137" Y="222" T="119280166" />
  <Point X="139" Y="224" T="119280202" />
  <Point X="141" Y="224" T="119280234" />
  <Point X="143" Y="225" T="119280271" />
  <Point X="145" Y="225" T="119280307" />
  <Point X="147" Y="225" T="119280343" />
  <Point X="149" Y="225" T="119280375" />
  <Point X="151" Y="225" T="119280430" />
  <Point X="153" Y="226" T="119280492" />
  <Point X="151" Y="225" T="119280895" />
  <Point X="149" Y="225" T="119280992" />
  <Point X="147" Y="225" T="119281092" />
  <Point X="145" Y="226" T="119281143" />
  <Point X="143" Y="226" T="119281219" />
  <Point X="141" Y="226" T="119281300" />
  <Point X="139" Y="228" T="119281371" />
  <Point X="137" Y="230" T="119281453" />
  <Point X="136" Y="232" T="119281542" />
  <Point X="135" Y="234" T="119281590" />
  <Point X="135" Y="236" T="119281659" />
  <Point X="134" Y="238" T="119281728" />
  <Point X="134" Y="241" T="119281764" />
  <Point X="134" Y="243" T="119281844" />
  <Point X="134" Y="245" T="119281916" />
  <Point X="133" Y="247" T="119281956" />
  <Point X="133" Y="249" T="119281980" />
  <Point X="133" Y="251" T="119282057" />
  <Point X="133" Y="254" T="119282122" />
  <Point X="133" Y="256" T="119282158" />
  <Point X="132" Y="258" T="119282203" />
  <Point X="132" Y="260" T="119282240" />
  <Point X="132" Y="262" T="119282272" />
  <Point X="132" Y="265" T="119282305" />
  <Point X="133" Y="267" T="119282365" />
  <Point X="133" Y="269" T="119282390" />
  <Point X="133" Y="271" T="119282426" />
  <Point X="132" Y="273" T="119282462" />
  <Point X="131" Y="275" T="119282491" />
  <Point X="130" Y="277" T="119282513" />
  <Point X="128" Y="280" T="119282556" />
  <Point X="127" Y="282" T="119282579" />
  <Point X="125" Y="283" T="119282604" />
  <Point X="122" Y="283" T="119282636" />
  <Point X="120" Y="284" T="119282672" />
  <Point X="118" Y="285" T="119282696" />
  <Point X="116" Y="285" T="119282724" />
  <Point X="114" Y="286" T="119282748" />
  <Point X="112" Y="288" T="119282772" />
  <Point X="110" Y="287" T="119282797" />
  <Point X="108" Y="286" T="119282821" />
  <Point X="104" Y="288" T="119282847" />
  <Point X="99" Y="288" T="119282873" />
  <Point X="97" Y="288" T="119282898" />
  <Point X="92" Y="287" T="119282923" />
  <Point X="90" Y="286" T="119282925" />
  <Point X="88" Y="283" T="119282953" />
</Gesture>