﻿<?xml version="1.0" encoding="utf-8" standalone="yes"?>
<Gesture Name="right_sq_bracket03" Subject="5" Speed="slow" Number="3" NumPts="96" Millseconds="3311" AppName="Gestures" AppVer="3.7.0.0" Date="Friday, March 09, 2007" TimeOfDay="9:33:51 PM">
  <Point X="88" Y="147" T="118540666" />
  <Point X="90" Y="146" T="118540770" />
  <Point X="92" Y="146" T="118540794" />
  <Point X="94" Y="145" T="118540818" />
  <Point X="97" Y="146" T="118540838" />
  <Point X="99" Y="147" T="118540857" />
  <Point X="101" Y="146" T="118540877" />
  <Point X="103" Y="146" T="118540893" />
  <Point X="105" Y="146" T="118540913" />
  <Point X="107" Y="145" T="118540933" />
  <Point X="109" Y="147" T="118540957" />
  <Point X="111" Y="147" T="118540973" />
  <Point X="113" Y="147" T="118540993" />
  <Point X="115" Y="147" T="118541013" />
  <Point X="117" Y="147" T="118541034" />
  <Point X="119" Y="147" T="118541055" />
  <Point X="121" Y="147" T="118541076" />
  <Point X="123" Y="147" T="118541096" />
  <Point X="125" Y="147" T="118541120" />
  <Point X="127" Y="147" T="118541147" />
  <Point X="129" Y="147" T="118541180" />
  <Point X="131" Y="147" T="118541223" />
  <Point X="133" Y="146" T="118541284" />
  <Point X="135" Y="146" T="118541360" />
  <Point X="137" Y="146" T="118541590" />
  <Point X="138" Y="148" T="118541841" />
  <Point X="138" Y="150" T="118542090" />
  <Point X="138" Y="153" T="118542139" />
  <Point X="137" Y="155" T="118542152" />
  <Point X="137" Y="158" T="118542167" />
  <Point X="136" Y="160" T="118542247" />
  <Point X="135" Y="162" T="118542292" />
  <Point X="133" Y="164" T="118542357" />
  <Point X="132" Y="166" T="118542390" />
  <Point X="130" Y="168" T="118542437" />
  <Point X="129" Y="170" T="118542462" />
  <Point X="127" Y="172" T="118542498" />
  <Point X="126" Y="174" T="118542527" />
  <Point X="124" Y="176" T="118542583" />
  <Point X="122" Y="178" T="118542611" />
  <Point X="121" Y="180" T="118542636" />
  <Point X="121" Y="182" T="118542656" />
  <Point X="120" Y="184" T="118542684" />
  <Point X="120" Y="187" T="118542725" />
  <Point X="119" Y="189" T="118542745" />
  <Point X="119" Y="192" T="118542761" />
  <Point X="119" Y="194" T="118542777" />
  <Point X="119" Y="196" T="118542797" />
  <Point X="119" Y="198" T="118542821" />
  <Point X="120" Y="200" T="118542841" />
  <Point X="120" Y="202" T="118542856" />
  <Point X="119" Y="204" T="118542877" />
  <Point X="120" Y="207" T="118542902" />
  <Point X="119" Y="209" T="118542918" />
  <Point X="120" Y="211" T="118542946" />
  <Point X="120" Y="213" T="118542962" />
  <Point X="120" Y="215" T="118542982" />
  <Point X="120" Y="218" T="118542998" />
  <Point X="120" Y="220" T="118543015" />
  <Point X="120" Y="222" T="118543038" />
  <Point X="120" Y="224" T="118543062" />
  <Point X="120" Y="226" T="118543080" />
  <Point X="120" Y="228" T="118543098" />
  <Point X="120" Y="231" T="118543116" />
  <Point X="120" Y="233" T="118543136" />
  <Point X="120" Y="235" T="118543157" />
  <Point X="119" Y="237" T="118543183" />
  <Point X="119" Y="239" T="118543210" />
  <Point X="118" Y="242" T="118543238" />
  <Point X="118" Y="244" T="118543262" />
  <Point X="117" Y="246" T="118543299" />
  <Point X="116" Y="249" T="118543383" />
  <Point X="114" Y="249" T="118543447" />
  <Point X="112" Y="249" T="118543475" />
  <Point X="110" Y="249" T="118543496" />
  <Point X="108" Y="248" T="118543516" />
  <Point X="106" Y="249" T="118543536" />
  <Point X="104" Y="248" T="118543557" />
  <Point X="101" Y="248" T="118543578" />
  <Point X="99" Y="248" T="118543599" />
  <Point X="97" Y="248" T="118543600" />
  <Point X="95" Y="248" T="118543621" />
  <Point X="93" Y="247" T="118543643" />
  <Point X="91" Y="247" T="118543665" />
  <Point X="87" Y="247" T="118543688" />
  <Point X="84" Y="247" T="118543711" />
  <Point X="80" Y="247" T="118543734" />
  <Point X="78" Y="246" T="118543757" />
  <Point X="76" Y="247" T="118543780" />
  <Point X="71" Y="248" T="118543804" />
  <Point X="69" Y="247" T="118543828" />
  <Point X="67" Y="248" T="118543851" />
  <Point X="65" Y="247" T="118543876" />
  <Point X="63" Y="248" T="118543905" />
  <Point X="61" Y="247" T="118543937" />
  <Point X="59" Y="247" T="118543977" />
</Gesture>