﻿<?xml version="1.0" encoding="utf-8" standalone="yes"?>
<Gesture Name="right_sq_bracket05" Subject="5" Speed="slow" Number="5" NumPts="90" Millseconds="2643" AppName="Gestures" AppVer="3.7.0.0" Date="Friday, March 09, 2007" TimeOfDay="9:33:59 PM">
  <Point X="100" Y="144" T="118549321" />
  <Point X="99" Y="142" T="118549336" />
  <Point X="101" Y="141" T="118549472" />
  <Point X="103" Y="141" T="118549497" />
  <Point X="105" Y="142" T="118549516" />
  <Point X="107" Y="140" T="118549537" />
  <Point X="109" Y="141" T="118549565" />
  <Point X="111" Y="140" T="118549590" />
  <Point X="113" Y="139" T="118549614" />
  <Point X="115" Y="139" T="118549636" />
  <Point X="118" Y="140" T="118549656" />
  <Point X="120" Y="141" T="118549679" />
  <Point X="122" Y="141" T="118549699" />
  <Point X="124" Y="141" T="118549715" />
  <Point X="126" Y="140" T="118549735" />
  <Point X="128" Y="140" T="118549756" />
  <Point X="130" Y="140" T="118549780" />
  <Point X="132" Y="142" T="118549813" />
  <Point X="134" Y="141" T="118549841" />
  <Point X="136" Y="142" T="118549873" />
  <Point X="138" Y="142" T="118549905" />
  <Point X="140" Y="141" T="118549942" />
  <Point X="142" Y="141" T="118550016" />
  <Point X="144" Y="141" T="118550197" />
  <Point X="144" Y="143" T="118550237" />
  <Point X="144" Y="146" T="118550262" />
  <Point X="144" Y="148" T="118550290" />
  <Point X="144" Y="150" T="118550319" />
  <Point X="143" Y="152" T="118550347" />
  <Point X="143" Y="154" T="118550363" />
  <Point X="143" Y="157" T="118550383" />
  <Point X="142" Y="159" T="118550419" />
  <Point X="142" Y="161" T="118550456" />
  <Point X="141" Y="163" T="118550488" />
  <Point X="140" Y="165" T="118550537" />
  <Point X="139" Y="167" T="118550570" />
  <Point X="138" Y="169" T="118550610" />
  <Point X="136" Y="171" T="118550655" />
  <Point X="135" Y="173" T="118550674" />
  <Point X="134" Y="175" T="118550707" />
  <Point X="133" Y="178" T="118550731" />
  <Point X="132" Y="180" T="118550756" />
  <Point X="131" Y="182" T="118550784" />
  <Point X="131" Y="184" T="118550812" />
  <Point X="130" Y="186" T="118550826" />
  <Point X="130" Y="188" T="118550869" />
  <Point X="130" Y="191" T="118550889" />
  <Point X="130" Y="194" T="118550913" />
  <Point X="130" Y="196" T="118550945" />
  <Point X="131" Y="198" T="118550961" />
  <Point X="130" Y="200" T="118550981" />
  <Point X="130" Y="202" T="118550996" />
  <Point X="130" Y="204" T="118551016" />
  <Point X="130" Y="206" T="118551041" />
  <Point X="130" Y="208" T="118551074" />
  <Point X="130" Y="210" T="118551107" />
  <Point X="130" Y="212" T="118551124" />
  <Point X="130" Y="214" T="118551140" />
  <Point X="130" Y="216" T="118551176" />
  <Point X="130" Y="218" T="118551193" />
  <Point X="130" Y="221" T="118551210" />
  <Point X="130" Y="223" T="118551227" />
  <Point X="130" Y="225" T="118551248" />
  <Point X="130" Y="227" T="118551280" />
  <Point X="129" Y="230" T="118551298" />
  <Point X="129" Y="232" T="118551324" />
  <Point X="129" Y="234" T="118551348" />
  <Point X="129" Y="236" T="118551372" />
  <Point X="129" Y="239" T="118551405" />
  <Point X="129" Y="241" T="118551454" />
  <Point X="128" Y="243" T="118551511" />
  <Point X="126" Y="245" T="118551595" />
  <Point X="124" Y="245" T="118551620" />
  <Point X="122" Y="245" T="118551641" />
  <Point X="120" Y="245" T="118551661" />
  <Point X="116" Y="245" T="118551681" />
  <Point X="114" Y="245" T="118551701" />
  <Point X="110" Y="244" T="118551722" />
  <Point X="105" Y="243" T="118551743" />
  <Point X="103" Y="243" T="118551763" />
  <Point X="101" Y="244" T="118551764" />
  <Point X="99" Y="243" T="118551785" />
  <Point X="94" Y="243" T="118551807" />
  <Point X="90" Y="242" T="118551829" />
  <Point X="88" Y="243" T="118551851" />
  <Point X="85" Y="242" T="118551873" />
  <Point X="81" Y="241" T="118551896" />
  <Point X="78" Y="241" T="118551919" />
  <Point X="74" Y="241" T="118551941" />
  <Point X="72" Y="241" T="118551964" />
</Gesture>