﻿<?xml version="1.0" encoding="utf-8" standalone="yes"?>
<Gesture Name="right_sq_bracket01" Subject="5" Speed="slow" Number="1" NumPts="100" Millseconds="3861" AppName="Gestures" AppVer="3.7.0.0" Date="Friday, March 09, 2007" TimeOfDay="9:33:42 PM">
  <Point X="71" Y="148" T="118530993" />
  <Point X="73" Y="147" T="118531073" />
  <Point X="75" Y="148" T="118531163" />
  <Point X="77" Y="147" T="118531211" />
  <Point X="79" Y="149" T="118531247" />
  <Point X="81" Y="148" T="118531288" />
  <Point X="83" Y="148" T="118531328" />
  <Point X="85" Y="148" T="118531356" />
  <Point X="87" Y="148" T="118531380" />
  <Point X="89" Y="149" T="118531404" />
  <Point X="91" Y="148" T="118531428" />
  <Point X="93" Y="147" T="118531449" />
  <Point X="95" Y="147" T="118531469" />
  <Point X="97" Y="148" T="118531498" />
  <Point X="99" Y="148" T="118531531" />
  <Point X="101" Y="147" T="118531556" />
  <Point X="103" Y="147" T="118531580" />
  <Point X="105" Y="147" T="118531604" />
  <Point X="107" Y="147" T="118531627" />
  <Point X="109" Y="147" T="118531653" />
  <Point X="111" Y="146" T="118531681" />
  <Point X="114" Y="147" T="118531713" />
  <Point X="116" Y="146" T="118531745" />
  <Point X="118" Y="146" T="118531781" />
  <Point X="120" Y="147" T="118531822" />
  <Point X="122" Y="147" T="118531863" />
  <Point X="124" Y="146" T="118531899" />
  <Point X="126" Y="147" T="118531935" />
  <Point X="128" Y="147" T="118531971" />
  <Point X="130" Y="146" T="118532007" />
  <Point X="132" Y="147" T="118532056" />
  <Point X="134" Y="147" T="118532112" />
  <Point X="136" Y="147" T="118532169" />
  <Point X="138" Y="146" T="118532312" />
  <Point X="138" Y="149" T="118532625" />
  <Point X="138" Y="151" T="118532765" />
  <Point X="138" Y="153" T="118532806" />
  <Point X="138" Y="155" T="118532838" />
  <Point X="138" Y="157" T="118532874" />
  <Point X="138" Y="159" T="118532918" />
  <Point X="138" Y="161" T="118532978" />
  <Point X="137" Y="164" T="118533010" />
  <Point X="137" Y="166" T="118533050" />
  <Point X="136" Y="168" T="118533103" />
  <Point X="135" Y="171" T="118533167" />
  <Point X="135" Y="173" T="118533191" />
  <Point X="135" Y="175" T="118533226" />
  <Point X="134" Y="177" T="118533266" />
  <Point X="132" Y="179" T="118533335" />
  <Point X="131" Y="181" T="118533379" />
  <Point X="131" Y="183" T="118533432" />
  <Point X="130" Y="185" T="118533463" />
  <Point X="130" Y="188" T="118533500" />
  <Point X="130" Y="190" T="118533536" />
  <Point X="130" Y="192" T="118533560" />
  <Point X="130" Y="194" T="118533597" />
  <Point X="130" Y="196" T="118533638" />
  <Point X="130" Y="198" T="118533678" />
  <Point X="130" Y="200" T="118533703" />
  <Point X="129" Y="202" T="118533720" />
  <Point X="129" Y="204" T="118533747" />
  <Point X="129" Y="207" T="118533764" />
  <Point X="129" Y="209" T="118533791" />
  <Point X="129" Y="211" T="118533815" />
  <Point X="129" Y="213" T="118533833" />
  <Point X="129" Y="215" T="118533867" />
  <Point X="129" Y="217" T="118533885" />
  <Point X="128" Y="219" T="118533916" />
  <Point X="128" Y="222" T="118533959" />
  <Point X="128" Y="224" T="118533983" />
  <Point X="128" Y="227" T="118534020" />
  <Point X="127" Y="229" T="118534052" />
  <Point X="126" Y="231" T="118534084" />
  <Point X="126" Y="233" T="118534109" />
  <Point X="126" Y="236" T="118534138" />
  <Point X="126" Y="238" T="118534183" />
  <Point X="126" Y="240" T="118534219" />
  <Point X="126" Y="242" T="118534267" />
  <Point X="124" Y="244" T="118534371" />
  <Point X="122" Y="243" T="118534403" />
  <Point X="120" Y="243" T="118534424" />
  <Point X="118" Y="243" T="118534445" />
  <Point X="116" Y="243" T="118534467" />
  <Point X="114" Y="243" T="118534489" />
  <Point X="109" Y="243" T="118534514" />
  <Point X="107" Y="243" T="118534536" />
  <Point X="105" Y="242" T="118534558" />
  <Point X="103" Y="242" T="118534559" />
  <Point X="100" Y="243" T="118534582" />
  <Point X="98" Y="242" T="118534606" />
  <Point X="96" Y="243" T="118534629" />
  <Point X="92" Y="242" T="118534652" />
  <Point X="90" Y="242" T="118534676" />
  <Point X="87" Y="242" T="118534700" />
  <Point X="83" Y="241" T="118534728" />
  <Point X="81" Y="242" T="118534753" />
  <Point X="77" Y="240" T="118534778" />
  <Point X="74" Y="240" T="118534804" />
  <Point X="72" Y="239" T="118534829" />
  <Point X="70" Y="240" T="118534854" />
</Gesture>