﻿<?xml version="1.0" encoding="utf-8" standalone="yes"?>
<Gesture Name="right_curly_brace02" Subject="5" Speed="slow" Number="2" NumPts="110" Millseconds="4071" AppName="Gestures" AppVer="3.7.0.0" Date="Friday, March 09, 2007" TimeOfDay="9:45:36 PM">
  <Point X="90" Y="127" T="119246457" />
  <Point X="92" Y="128" T="119246600" />
  <Point X="94" Y="127" T="119246657" />
  <Point X="96" Y="128" T="119246697" />
  <Point X="98" Y="128" T="119246731" />
  <Point X="100" Y="127" T="119246758" />
  <Point X="102" Y="128" T="119246794" />
  <Point X="104" Y="129" T="119246842" />
  <Point X="106" Y="131" T="119246889" />
  <Point X="108" Y="133" T="119246945" />
  <Point X="108" Y="135" T="119246994" />
  <Point X="109" Y="137" T="119247045" />
  <Point X="110" Y="139" T="119247097" />
  <Point X="110" Y="141" T="119247126" />
  <Point X="110" Y="143" T="119247158" />
  <Point X="110" Y="145" T="119247195" />
  <Point X="110" Y="147" T="119247215" />
  <Point X="111" Y="150" T="119247264" />
  <Point X="112" Y="152" T="119247287" />
  <Point X="112" Y="154" T="119247324" />
  <Point X="113" Y="156" T="119247360" />
  <Point X="113" Y="158" T="119247393" />
  <Point X="113" Y="160" T="119247412" />
  <Point X="113" Y="162" T="119247424" />
  <Point X="114" Y="164" T="119247464" />
  <Point X="114" Y="166" T="119247476" />
  <Point X="113" Y="169" T="119247500" />
  <Point X="113" Y="171" T="119247527" />
  <Point X="113" Y="173" T="119247543" />
  <Point X="113" Y="175" T="119247588" />
  <Point X="113" Y="178" T="119247612" />
  <Point X="112" Y="180" T="119247645" />
  <Point X="111" Y="182" T="119247697" />
  <Point X="111" Y="184" T="119247722" />
  <Point X="111" Y="186" T="119247735" />
  <Point X="110" Y="188" T="119247766" />
  <Point X="110" Y="190" T="119247815" />
  <Point X="110" Y="192" T="119247838" />
  <Point X="110" Y="194" T="119247883" />
  <Point X="109" Y="196" T="119247939" />
  <Point X="108" Y="199" T="119247975" />
  <Point X="108" Y="201" T="119248004" />
  <Point X="107" Y="203" T="119248036" />
  <Point X="107" Y="205" T="119248056" />
  <Point X="106" Y="207" T="119248105" />
  <Point X="106" Y="209" T="119248125" />
  <Point X="106" Y="211" T="119248174" />
  <Point X="106" Y="213" T="119248203" />
  <Point X="108" Y="215" T="119248282" />
  <Point X="110" Y="217" T="119248314" />
  <Point X="112" Y="216" T="119248346" />
  <Point X="114" Y="216" T="119248378" />
  <Point X="116" Y="216" T="119248414" />
  <Point X="118" Y="217" T="119248464" />
  <Point X="120" Y="217" T="119248491" />
  <Point X="122" Y="217" T="119248521" />
  <Point X="124" Y="217" T="119248554" />
  <Point X="126" Y="216" T="119248589" />
  <Point X="128" Y="216" T="119248640" />
  <Point X="130" Y="217" T="119248680" />
  <Point X="132" Y="215" T="119248725" />
  <Point X="133" Y="217" T="119248862" />
  <Point X="131" Y="217" T="119248963" />
  <Point X="129" Y="217" T="119249011" />
  <Point X="127" Y="218" T="119249035" />
  <Point X="125" Y="218" T="119249058" />
  <Point X="123" Y="218" T="119249082" />
  <Point X="121" Y="218" T="119249102" />
  <Point X="119" Y="220" T="119249122" />
  <Point X="117" Y="220" T="119249142" />
  <Point X="115" Y="221" T="119249163" />
  <Point X="113" Y="222" T="119249195" />
  <Point X="112" Y="224" T="119249251" />
  <Point X="110" Y="226" T="119249308" />
  <Point X="109" Y="228" T="119249368" />
  <Point X="108" Y="231" T="119249436" />
  <Point X="108" Y="233" T="119249457" />
  <Point X="108" Y="235" T="119249513" />
  <Point X="106" Y="237" T="119249550" />
  <Point X="106" Y="239" T="119249594" />
  <Point X="105" Y="241" T="119249618" />
  <Point X="105" Y="243" T="119249640" />
  <Point X="105" Y="245" T="119249666" />
  <Point X="105" Y="247" T="119249698" />
  <Point X="105" Y="249" T="119249730" />
  <Point X="105" Y="251" T="119249754" />
  <Point X="105" Y="253" T="119249798" />
  <Point X="105" Y="256" T="119249830" />
  <Point X="103" Y="258" T="119249878" />
  <Point X="102" Y="260" T="119249906" />
  <Point X="101" Y="262" T="119249934" />
  <Point X="99" Y="264" T="119249975" />
  <Point X="98" Y="266" T="119250004" />
  <Point X="97" Y="268" T="119250041" />
  <Point X="95" Y="270" T="119250073" />
  <Point X="94" Y="272" T="119250113" />
  <Point X="92" Y="274" T="119250157" />
  <Point X="90" Y="276" T="119250194" />
  <Point X="88" Y="276" T="119250226" />
  <Point X="86" Y="279" T="119250252" />
  <Point X="84" Y="280" T="119250279" />
  <Point X="81" Y="281" T="119250305" />
  <Point X="77" Y="282" T="119250332" />
  <Point X="75" Y="283" T="119250359" />
  <Point X="70" Y="283" T="119250387" />
  <Point X="66" Y="281" T="119250415" />
  <Point X="62" Y="279" T="119250443" />
  <Point X="60" Y="277" T="119250471" />
  <Point X="58" Y="277" T="119250499" />
  <Point X="56" Y="275" T="119250528" />
</Gesture>