﻿<?xml version="1.0" encoding="utf-8" standalone="yes"?>
<Gesture Name="right_sq_bracket08" Subject="5" Speed="slow" Number="8" NumPts="96" Millseconds="2426" AppName="Gestures" AppVer="3.7.0.0" Date="Friday, March 09, 2007" TimeOfDay="9:34:10 PM">
  <Point X="100" Y="148" T="118560624" />
  <Point X="100" Y="146" T="118560636" />
  <Point X="102" Y="144" T="118560708" />
  <Point X="104" Y="144" T="118560741" />
  <Point X="106" Y="145" T="118560769" />
  <Point X="108" Y="145" T="118560790" />
  <Point X="110" Y="144" T="118560810" />
  <Point X="112" Y="145" T="118560834" />
  <Point X="114" Y="145" T="118560854" />
  <Point X="116" Y="143" T="118560878" />
  <Point X="118" Y="144" T="118560902" />
  <Point X="120" Y="145" T="118560930" />
  <Point X="122" Y="145" T="118560966" />
  <Point X="124" Y="146" T="118561003" />
  <Point X="126" Y="145" T="118561032" />
  <Point X="128" Y="144" T="118561057" />
  <Point X="130" Y="146" T="118561084" />
  <Point X="132" Y="145" T="118561113" />
  <Point X="135" Y="145" T="118561153" />
  <Point X="137" Y="145" T="118561181" />
  <Point X="139" Y="145" T="118561201" />
  <Point X="141" Y="144" T="118561226" />
  <Point X="143" Y="144" T="118561258" />
  <Point X="144" Y="146" T="118561330" />
  <Point X="144" Y="148" T="118561378" />
  <Point X="143" Y="150" T="118561394" />
  <Point X="143" Y="152" T="118561414" />
  <Point X="143" Y="155" T="118561434" />
  <Point X="143" Y="157" T="118561459" />
  <Point X="143" Y="159" T="118561471" />
  <Point X="143" Y="162" T="118561491" />
  <Point X="143" Y="164" T="118561511" />
  <Point X="142" Y="167" T="118561532" />
  <Point X="142" Y="169" T="118561564" />
  <Point X="142" Y="171" T="118561597" />
  <Point X="142" Y="173" T="118561633" />
  <Point X="142" Y="175" T="118561665" />
  <Point X="141" Y="177" T="118561718" />
  <Point X="141" Y="179" T="118561746" />
  <Point X="139" Y="181" T="118561790" />
  <Point X="137" Y="183" T="118561834" />
  <Point X="136" Y="185" T="118561863" />
  <Point X="135" Y="188" T="118561883" />
  <Point X="133" Y="190" T="118561903" />
  <Point X="132" Y="192" T="118561924" />
  <Point X="130" Y="194" T="118561944" />
  <Point X="128" Y="197" T="118561976" />
  <Point X="128" Y="199" T="118561992" />
  <Point X="128" Y="201" T="118562025" />
  <Point X="128" Y="203" T="118562054" />
  <Point X="128" Y="205" T="118562070" />
  <Point X="127" Y="207" T="118562094" />
  <Point X="127" Y="209" T="118562110" />
  <Point X="126" Y="212" T="118562126" />
  <Point X="126" Y="214" T="118562142" />
  <Point X="126" Y="216" T="118562158" />
  <Point X="125" Y="219" T="118562174" />
  <Point X="125" Y="221" T="118562191" />
  <Point X="125" Y="223" T="118562214" />
  <Point X="125" Y="225" T="118562234" />
  <Point X="125" Y="228" T="118562251" />
  <Point X="125" Y="231" T="118562270" />
  <Point X="125" Y="234" T="118562291" />
  <Point X="125" Y="236" T="118562315" />
  <Point X="125" Y="239" T="118562333" />
  <Point X="125" Y="241" T="118562352" />
  <Point X="125" Y="243" T="118562370" />
  <Point X="125" Y="245" T="118562389" />
  <Point X="125" Y="247" T="118562408" />
  <Point X="125" Y="250" T="118562431" />
  <Point X="125" Y="252" T="118562451" />
  <Point X="124" Y="254" T="118562472" />
  <Point X="124" Y="256" T="118562499" />
  <Point X="122" Y="257" T="118562567" />
  <Point X="120" Y="257" T="118562591" />
  <Point X="118" Y="257" T="118562612" />
  <Point X="115" Y="257" T="118562632" />
  <Point X="111" Y="255" T="118562653" />
  <Point X="109" Y="256" T="118562674" />
  <Point X="107" Y="255" T="118562698" />
  <Point X="105" Y="254" T="118562699" />
  <Point X="103" Y="255" T="118562721" />
  <Point X="99" Y="255" T="118562743" />
  <Point X="96" Y="255" T="118562765" />
  <Point X="92" Y="255" T="118562788" />
  <Point X="89" Y="256" T="118562811" />
  <Point X="87" Y="255" T="118562834" />
  <Point X="82" Y="255" T="118562857" />
  <Point X="78" Y="255" T="118562880" />
  <Point X="74" Y="256" T="118562904" />
  <Point X="69" Y="255" T="118562928" />
  <Point X="66" Y="255" T="118562951" />
  <Point X="62" Y="255" T="118562975" />
  <Point X="59" Y="255" T="118563000" />
  <Point X="57" Y="255" T="118563025" />
  <Point X="55" Y="255" T="118563050" />
</Gesture>