﻿<?xml version="1.0" encoding="utf-8" standalone="yes"?>
<Gesture Name="right_curly_brace07" Subject="5" Speed="slow" Number="7" NumPts="103" Millseconds="2902" AppName="Gestures" AppVer="3.7.0.0" Date="Friday, March 09, 2007" TimeOfDay="9:45:59 PM">
  <Point X="111" Y="132" T="119270568" />
  <Point X="110" Y="130" T="119270576" />
  <Point X="108" Y="129" T="119270604" />
  <Point X="110" Y="128" T="119270681" />
  <Point X="112" Y="129" T="119270706" />
  <Point X="114" Y="129" T="119270734" />
  <Point X="116" Y="129" T="119270763" />
  <Point X="118" Y="129" T="119270787" />
  <Point X="120" Y="129" T="119270811" />
  <Point X="122" Y="129" T="119270835" />
  <Point X="124" Y="130" T="119270858" />
  <Point X="126" Y="131" T="119270883" />
  <Point X="128" Y="132" T="119270908" />
  <Point X="130" Y="134" T="119270928" />
  <Point X="132" Y="135" T="119270957" />
  <Point X="134" Y="136" T="119270986" />
  <Point X="135" Y="139" T="119271007" />
  <Point X="136" Y="141" T="119271018" />
  <Point X="138" Y="144" T="119271043" />
  <Point X="139" Y="146" T="119271071" />
  <Point X="141" Y="148" T="119271111" />
  <Point X="142" Y="150" T="119271139" />
  <Point X="142" Y="152" T="119271151" />
  <Point X="143" Y="154" T="119271172" />
  <Point X="143" Y="156" T="119271188" />
  <Point X="144" Y="158" T="119271216" />
  <Point X="144" Y="161" T="119271236" />
  <Point X="144" Y="163" T="119271256" />
  <Point X="144" Y="165" T="119271267" />
  <Point X="144" Y="167" T="119271277" />
  <Point X="144" Y="170" T="119271316" />
  <Point X="143" Y="172" T="119271340" />
  <Point X="143" Y="174" T="119271360" />
  <Point X="142" Y="176" T="119271373" />
  <Point X="141" Y="178" T="119271413" />
  <Point X="141" Y="181" T="119271438" />
  <Point X="142" Y="183" T="119271465" />
  <Point X="142" Y="185" T="119271494" />
  <Point X="143" Y="187" T="119271525" />
  <Point X="143" Y="189" T="119271550" />
  <Point X="143" Y="191" T="119271565" />
  <Point X="144" Y="193" T="119271598" />
  <Point X="145" Y="196" T="119271618" />
  <Point X="147" Y="197" T="119271667" />
  <Point X="148" Y="199" T="119271691" />
  <Point X="150" Y="201" T="119271727" />
  <Point X="152" Y="203" T="119271763" />
  <Point X="154" Y="204" T="119271799" />
  <Point X="156" Y="205" T="119271835" />
  <Point X="157" Y="207" T="119271864" />
  <Point X="159" Y="208" T="119271904" />
  <Point X="161" Y="209" T="119271945" />
  <Point X="162" Y="211" T="119271977" />
  <Point X="160" Y="210" T="119272083" />
  <Point X="158" Y="211" T="119272106" />
  <Point X="156" Y="210" T="119272127" />
  <Point X="154" Y="210" T="119272151" />
  <Point X="152" Y="209" T="119272171" />
  <Point X="150" Y="210" T="119272191" />
  <Point X="148" Y="210" T="119272211" />
  <Point X="145" Y="211" T="119272232" />
  <Point X="143" Y="211" T="119272260" />
  <Point X="142" Y="213" T="119272277" />
  <Point X="140" Y="214" T="119272311" />
  <Point X="138" Y="216" T="119272344" />
  <Point X="137" Y="218" T="119272372" />
  <Point X="135" Y="220" T="119272417" />
  <Point X="135" Y="222" T="119272457" />
  <Point X="135" Y="225" T="119272507" />
  <Point X="135" Y="227" T="119272547" />
  <Point X="135" Y="229" T="119272571" />
  <Point X="135" Y="232" T="119272607" />
  <Point X="135" Y="234" T="119272632" />
  <Point X="135" Y="236" T="119272685" />
  <Point X="135" Y="238" T="119272705" />
  <Point X="135" Y="240" T="119272725" />
  <Point X="135" Y="243" T="119272749" />
  <Point X="136" Y="245" T="119272797" />
  <Point X="136" Y="247" T="119272838" />
  <Point X="136" Y="249" T="119272866" />
  <Point X="136" Y="251" T="119272894" />
  <Point X="136" Y="254" T="119272937" />
  <Point X="136" Y="256" T="119272961" />
  <Point X="134" Y="258" T="119273002" />
  <Point X="133" Y="260" T="119273024" />
  <Point X="132" Y="262" T="119273046" />
  <Point X="130" Y="263" T="119273085" />
  <Point X="128" Y="265" T="119273117" />
  <Point X="126" Y="267" T="119273141" />
  <Point X="124" Y="269" T="119273169" />
  <Point X="122" Y="271" T="119273194" />
  <Point X="120" Y="272" T="119273218" />
  <Point X="118" Y="273" T="119273242" />
  <Point X="116" Y="273" T="119273266" />
  <Point X="113" Y="274" T="119273291" />
  <Point X="109" Y="275" T="119273315" />
  <Point X="105" Y="276" T="119273341" />
  <Point X="100" Y="276" T="119273367" />
  <Point X="96" Y="275" T="119273392" />
  <Point X="94" Y="275" T="119273417" />
  <Point X="92" Y="274" T="119273418" />
  <Point X="91" Y="272" T="119273444" />
  <Point X="91" Y="270" T="119273470" />
</Gesture>