﻿<?xml version="1.0" encoding="utf-8" standalone="yes"?>
<Gesture Name="right_sq_bracket04" Subject="5" Speed="slow" Number="4" NumPts="97" Millseconds="2942" AppName="Gestures" AppVer="3.7.0.0" Date="Friday, March 09, 2007" TimeOfDay="9:33:55 PM">
  <Point X="95" Y="145" T="118544914" />
  <Point X="97" Y="144" T="118544965" />
  <Point X="99" Y="144" T="118544985" />
  <Point X="101" Y="144" T="118545002" />
  <Point X="103" Y="144" T="118545022" />
  <Point X="105" Y="144" T="118545043" />
  <Point X="107" Y="143" T="118545067" />
  <Point X="110" Y="143" T="118545088" />
  <Point X="112" Y="143" T="118545108" />
  <Point X="114" Y="143" T="118545127" />
  <Point X="116" Y="143" T="118545147" />
  <Point X="118" Y="143" T="118545163" />
  <Point X="120" Y="142" T="118545183" />
  <Point X="122" Y="143" T="118545203" />
  <Point X="124" Y="144" T="118545232" />
  <Point X="126" Y="145" T="118545257" />
  <Point X="128" Y="144" T="118545285" />
  <Point X="130" Y="145" T="118545313" />
  <Point X="132" Y="145" T="118545354" />
  <Point X="134" Y="144" T="118545419" />
  <Point X="136" Y="144" T="118545516" />
  <Point X="138" Y="142" T="118545573" />
  <Point X="138" Y="145" T="118545609" />
  <Point X="139" Y="147" T="118545834" />
  <Point X="139" Y="149" T="118545930" />
  <Point X="139" Y="151" T="118545966" />
  <Point X="139" Y="153" T="118545994" />
  <Point X="139" Y="155" T="118546023" />
  <Point X="138" Y="157" T="118546056" />
  <Point X="138" Y="159" T="118546084" />
  <Point X="138" Y="161" T="118546107" />
  <Point X="136" Y="163" T="118546164" />
  <Point X="135" Y="165" T="118546192" />
  <Point X="134" Y="167" T="118546241" />
  <Point X="132" Y="169" T="118546289" />
  <Point X="131" Y="171" T="118546306" />
  <Point X="130" Y="174" T="118546323" />
  <Point X="129" Y="176" T="118546347" />
  <Point X="127" Y="178" T="118546366" />
  <Point X="126" Y="180" T="118546383" />
  <Point X="126" Y="183" T="118546407" />
  <Point X="125" Y="185" T="118546432" />
  <Point X="124" Y="187" T="118546456" />
  <Point X="124" Y="189" T="118546480" />
  <Point X="123" Y="191" T="118546496" />
  <Point X="122" Y="193" T="118546520" />
  <Point X="122" Y="196" T="118546548" />
  <Point X="122" Y="198" T="118546573" />
  <Point X="121" Y="200" T="118546589" />
  <Point X="121" Y="203" T="118546617" />
  <Point X="121" Y="205" T="118546641" />
  <Point X="122" Y="207" T="118546673" />
  <Point X="122" Y="209" T="118546689" />
  <Point X="122" Y="211" T="118546714" />
  <Point X="122" Y="213" T="118546731" />
  <Point X="122" Y="215" T="118546747" />
  <Point X="122" Y="218" T="118546783" />
  <Point X="121" Y="220" T="118546810" />
  <Point X="122" Y="222" T="118546829" />
  <Point X="122" Y="224" T="118546858" />
  <Point X="122" Y="227" T="118546880" />
  <Point X="122" Y="229" T="118546902" />
  <Point X="121" Y="231" T="118546930" />
  <Point X="121" Y="233" T="118546948" />
  <Point X="121" Y="235" T="118546974" />
  <Point X="121" Y="237" T="118547002" />
  <Point X="121" Y="240" T="118547034" />
  <Point X="121" Y="242" T="118547070" />
  <Point X="122" Y="244" T="118547090" />
  <Point X="122" Y="246" T="118547142" />
  <Point X="121" Y="248" T="118547207" />
  <Point X="119" Y="249" T="118547263" />
  <Point X="117" Y="250" T="118547312" />
  <Point X="115" Y="249" T="118547345" />
  <Point X="113" Y="249" T="118547370" />
  <Point X="111" Y="250" T="118547391" />
  <Point X="109" Y="249" T="118547412" />
  <Point X="107" Y="249" T="118547432" />
  <Point X="105" Y="249" T="118547453" />
  <Point X="103" Y="248" T="118547475" />
  <Point X="101" Y="249" T="118547476" />
  <Point X="99" Y="248" T="118547500" />
  <Point X="97" Y="249" T="118547521" />
  <Point X="95" Y="248" T="118547543" />
  <Point X="93" Y="249" T="118547566" />
  <Point X="88" Y="248" T="118547588" />
  <Point X="86" Y="248" T="118547611" />
  <Point X="84" Y="247" T="118547635" />
  <Point X="82" Y="246" T="118547659" />
  <Point X="80" Y="247" T="118547683" />
  <Point X="78" Y="246" T="118547712" />
  <Point X="76" Y="246" T="118547735" />
  <Point X="74" Y="246" T="118547759" />
  <Point X="72" Y="246" T="118547783" />
  <Point X="69" Y="246" T="118547807" />
  <Point X="68" Y="244" T="118547832" />
  <Point X="66" Y="244" T="118547856" />
</Gesture>