﻿<?xml version="1.0" encoding="utf-8" standalone="yes"?>
<Gesture Name="right_curly_brace06" Subject="5" Speed="slow" Number="6" NumPts="103" Millseconds="3266" AppName="Gestures" AppVer="3.7.0.0" Date="Friday, March 09, 2007" TimeOfDay="9:45:55 PM">
  <Point X="107" Y="128" T="119266636" />
  <Point X="109" Y="127" T="119266716" />
  <Point X="111" Y="127" T="119266736" />
  <Point X="113" Y="127" T="119266752" />
  <Point X="115" Y="126" T="119266768" />
  <Point X="117" Y="126" T="119266784" />
  <Point X="119" Y="127" T="119266804" />
  <Point X="121" Y="127" T="119266825" />
  <Point X="123" Y="127" T="119266849" />
  <Point X="125" Y="127" T="119266874" />
  <Point X="127" Y="128" T="119266898" />
  <Point X="129" Y="129" T="119266926" />
  <Point X="131" Y="131" T="119266955" />
  <Point X="133" Y="133" T="119266984" />
  <Point X="135" Y="134" T="119267015" />
  <Point X="136" Y="136" T="119267035" />
  <Point X="136" Y="138" T="119267051" />
  <Point X="137" Y="141" T="119267064" />
  <Point X="139" Y="142" T="119267119" />
  <Point X="139" Y="144" T="119267136" />
  <Point X="140" Y="146" T="119267164" />
  <Point X="140" Y="148" T="119267176" />
  <Point X="141" Y="150" T="119267217" />
  <Point X="142" Y="153" T="119267241" />
  <Point X="143" Y="155" T="119267273" />
  <Point X="144" Y="157" T="119267289" />
  <Point X="144" Y="160" T="119267306" />
  <Point X="144" Y="162" T="119267330" />
  <Point X="145" Y="165" T="119267357" />
  <Point X="145" Y="167" T="119267377" />
  <Point X="145" Y="169" T="119267413" />
  <Point X="145" Y="171" T="119267429" />
  <Point X="145" Y="173" T="119267449" />
  <Point X="145" Y="175" T="119267469" />
  <Point X="144" Y="177" T="119267515" />
  <Point X="144" Y="179" T="119267546" />
  <Point X="143" Y="181" T="119267566" />
  <Point X="143" Y="183" T="119267590" />
  <Point X="142" Y="185" T="119267610" />
  <Point X="141" Y="187" T="119267650" />
  <Point X="141" Y="189" T="119267675" />
  <Point X="140" Y="191" T="119267707" />
  <Point X="139" Y="194" T="119267748" />
  <Point X="139" Y="196" T="119267768" />
  <Point X="138" Y="198" T="119267799" />
  <Point X="138" Y="200" T="119267816" />
  <Point X="138" Y="202" T="119267840" />
  <Point X="138" Y="204" T="119267879" />
  <Point X="137" Y="207" T="119267907" />
  <Point X="138" Y="209" T="119267923" />
  <Point X="138" Y="211" T="119267964" />
  <Point X="138" Y="214" T="119267984" />
  <Point X="139" Y="216" T="119268016" />
  <Point X="140" Y="218" T="119268057" />
  <Point X="141" Y="220" T="119268111" />
  <Point X="142" Y="222" T="119268155" />
  <Point X="143" Y="225" T="119268202" />
  <Point X="145" Y="226" T="119268263" />
  <Point X="147" Y="226" T="119268319" />
  <Point X="148" Y="228" T="119268351" />
  <Point X="150" Y="228" T="119268392" />
  <Point X="152" Y="229" T="119268433" />
  <Point X="154" Y="230" T="119268477" />
  <Point X="156" Y="229" T="119268582" />
  <Point X="154" Y="229" T="119268744" />
  <Point X="152" Y="229" T="119268768" />
  <Point X="150" Y="230" T="119268792" />
  <Point X="148" Y="230" T="119268824" />
  <Point X="146" Y="231" T="119268856" />
  <Point X="144" Y="232" T="119268888" />
  <Point X="142" Y="233" T="119268933" />
  <Point X="140" Y="235" T="119268986" />
  <Point X="139" Y="238" T="119269047" />
  <Point X="138" Y="240" T="119269072" />
  <Point X="138" Y="243" T="119269116" />
  <Point X="139" Y="245" T="119269156" />
  <Point X="139" Y="247" T="119269192" />
  <Point X="140" Y="249" T="119269232" />
  <Point X="140" Y="251" T="119269261" />
  <Point X="140" Y="253" T="119269285" />
  <Point X="140" Y="255" T="119269310" />
  <Point X="140" Y="257" T="119269331" />
  <Point X="140" Y="259" T="119269371" />
  <Point X="140" Y="262" T="119269393" />
  <Point X="139" Y="264" T="119269415" />
  <Point X="139" Y="266" T="119269447" />
  <Point X="139" Y="268" T="119269486" />
  <Point X="139" Y="270" T="119269509" />
  <Point X="138" Y="272" T="119269531" />
  <Point X="136" Y="274" T="119269575" />
  <Point X="135" Y="276" T="119269598" />
  <Point X="133" Y="278" T="119269622" />
  <Point X="131" Y="280" T="119269645" />
  <Point X="129" Y="282" T="119269669" />
  <Point X="125" Y="282" T="119269697" />
  <Point X="121" Y="283" T="119269722" />
  <Point X="116" Y="284" T="119269747" />
  <Point X="111" Y="284" T="119269772" />
  <Point X="106" Y="283" T="119269798" />
  <Point X="100" Y="282" T="119269823" />
  <Point X="94" Y="279" T="119269849" />
  <Point X="89" Y="277" T="119269875" />
  <Point X="87" Y="276" T="119269902" />
</Gesture>