﻿<?xml version="1.0" encoding="utf-8" standalone="yes"?>
<Gesture Name="star06" Subject="5" Speed="slow" Number="6" NumPts="184" Millseconds="5265" AppName="Gestures" AppVer="3.7.0.0" Date="Friday, March 09, 2007" TimeOfDay="9:42:01 PM">
  <Point X="61" Y="247" T="119029668" />
  <Point X="63" Y="244" T="119029737" />
  <Point X="64" Y="241" T="119029769" />
  <Point X="66" Y="239" T="119029785" />
  <Point X="67" Y="237" T="119029802" />
  <Point X="68" Y="235" T="119029810" />
  <Point X="70" Y="233" T="119029834" />
  <Point X="71" Y="231" T="119029854" />
  <Point X="72" Y="229" T="119029866" />
  <Point X="73" Y="227" T="119029874" />
  <Point X="75" Y="224" T="119029890" />
  <Point X="76" Y="222" T="119029898" />
  <Point X="77" Y="220" T="119029918" />
  <Point X="78" Y="218" T="119029930" />
  <Point X="79" Y="216" T="119029951" />
  <Point X="80" Y="214" T="119029963" />
  <Point X="81" Y="211" T="119029972" />
  <Point X="82" Y="209" T="119029988" />
  <Point X="84" Y="207" T="119030001" />
  <Point X="85" Y="205" T="119030010" />
  <Point X="86" Y="203" T="119030020" />
  <Point X="87" Y="201" T="119030036" />
  <Point X="88" Y="198" T="119030056" />
  <Point X="89" Y="196" T="119030065" />
  <Point X="90" Y="194" T="119030084" />
  <Point X="91" Y="192" T="119030094" />
  <Point X="93" Y="190" T="119030112" />
  <Point X="94" Y="187" T="119030136" />
  <Point X="95" Y="185" T="119030160" />
  <Point X="96" Y="182" T="119030180" />
  <Point X="98" Y="180" T="119030197" />
  <Point X="99" Y="178" T="119030209" />
  <Point X="100" Y="176" T="119030228" />
  <Point X="102" Y="174" T="119030252" />
  <Point X="103" Y="171" T="119030273" />
  <Point X="104" Y="169" T="119030289" />
  <Point X="106" Y="167" T="119030313" />
  <Point X="107" Y="165" T="119030349" />
  <Point X="108" Y="163" T="119030370" />
  <Point X="109" Y="161" T="119030398" />
  <Point X="110" Y="159" T="119030423" />
  <Point X="111" Y="157" T="119030442" />
  <Point X="113" Y="155" T="119030467" />
  <Point X="114" Y="152" T="119030492" />
  <Point X="115" Y="150" T="119030507" />
  <Point X="117" Y="148" T="119030542" />
  <Point X="118" Y="146" T="119030566" />
  <Point X="119" Y="144" T="119030646" />
  <Point X="120" Y="146" T="119030678" />
  <Point X="120" Y="148" T="119030702" />
  <Point X="120" Y="150" T="119030717" />
  <Point X="120" Y="152" T="119030735" />
  <Point X="120" Y="154" T="119030754" />
  <Point X="120" Y="156" T="119030770" />
  <Point X="120" Y="160" T="119030786" />
  <Point X="120" Y="163" T="119030803" />
  <Point X="120" Y="165" T="119030819" />
  <Point X="119" Y="168" T="119030836" />
  <Point X="120" Y="173" T="119030853" />
  <Point X="121" Y="175" T="119030871" />
  <Point X="122" Y="177" T="119030888" />
  <Point X="122" Y="180" T="119030906" />
  <Point X="123" Y="182" T="119030924" />
  <Point X="124" Y="186" T="119030942" />
  <Point X="124" Y="188" T="119030960" />
  <Point X="125" Y="192" T="119030979" />
  <Point X="125" Y="194" T="119030997" />
  <Point X="126" Y="197" T="119031016" />
  <Point X="126" Y="199" T="119031035" />
  <Point X="126" Y="202" T="119031054" />
  <Point X="127" Y="204" T="119031074" />
  <Point X="127" Y="206" T="119031093" />
  <Point X="128" Y="209" T="119031113" />
  <Point X="128" Y="211" T="119031133" />
  <Point X="129" Y="213" T="119031153" />
  <Point X="129" Y="216" T="119031174" />
  <Point X="130" Y="218" T="119031195" />
  <Point X="130" Y="220" T="119031216" />
  <Point X="131" Y="222" T="119031237" />
  <Point X="132" Y="224" T="119031261" />
  <Point X="132" Y="226" T="119031283" />
  <Point X="133" Y="228" T="119031304" />
  <Point X="133" Y="233" T="119031326" />
  <Point X="133" Y="235" T="119031348" />
  <Point X="134" Y="237" T="119031372" />
  <Point X="134" Y="239" T="119031394" />
  <Point X="135" Y="241" T="119031417" />
  <Point X="135" Y="244" T="119031439" />
  <Point X="136" Y="246" T="119031462" />
  <Point X="136" Y="248" T="119031490" />
  <Point X="137" Y="250" T="119031526" />
  <Point X="138" Y="252" T="119031583" />
  <Point X="138" Y="255" T="119031627" />
  <Point X="138" Y="257" T="119031704" />
  <Point X="136" Y="255" T="119031769" />
  <Point X="134" Y="253" T="119031793" />
  <Point X="132" Y="250" T="119031818" />
  <Point X="130" Y="248" T="119031843" />
  <Point X="128" Y="246" T="119031868" />
  <Point X="126" Y="244" T="119031893" />
  <Point X="122" Y="240" T="119031919" />
  <Point X="120" Y="239" T="119031944" />
  <Point X="118" Y="237" T="119031946" />
  <Point X="116" Y="236" T="119031972" />
  <Point X="111" Y="233" T="119031999" />
  <Point X="107" Y="230" T="119032026" />
  <Point X="103" Y="227" T="119032053" />
  <Point X="99" Y="225" T="119032080" />
  <Point X="97" Y="223" T="119032107" />
  <Point X="93" Y="219" T="119032135" />
  <Point X="92" Y="217" T="119032162" />
  <Point X="89" Y="215" T="119032191" />
  <Point X="87" Y="215" T="119032219" />
  <Point X="83" Y="213" T="119032252" />
  <Point X="81" Y="211" T="119032288" />
  <Point X="78" Y="208" T="119032321" />
  <Point X="76" Y="206" T="119032351" />
  <Point X="75" Y="203" T="119032380" />
  <Point X="71" Y="200" T="119032410" />
  <Point X="70" Y="198" T="119032439" />
  <Point X="68" Y="198" T="119032469" />
  <Point X="64" Y="195" T="119032499" />
  <Point X="61" Y="194" T="119032529" />
  <Point X="59" Y="192" T="119032559" />
  <Point X="56" Y="190" T="119032590" />
  <Point X="54" Y="187" T="119032621" />
  <Point X="52" Y="187" T="119032652" />
  <Point X="50" Y="184" T="119032683" />
  <Point X="48" Y="183" T="119032730" />
  <Point X="47" Y="181" T="119032778" />
  <Point X="49" Y="180" T="119032935" />
  <Point X="54" Y="179" T="119032968" />
  <Point X="61" Y="179" T="119033001" />
  <Point X="68" Y="179" T="119033034" />
  <Point X="72" Y="178" T="119033066" />
  <Point X="75" Y="178" T="119033067" />
  <Point X="79" Y="177" T="119033101" />
  <Point X="86" Y="177" T="119033134" />
  <Point X="93" Y="177" T="119033168" />
  <Point X="100" Y="176" T="119033203" />
  <Point X="106" Y="176" T="119033240" />
  <Point X="113" Y="176" T="119033275" />
  <Point X="118" Y="176" T="119033310" />
  <Point X="124" Y="175" T="119033345" />
  <Point X="129" Y="175" T="119033380" />
  <Point X="136" Y="176" T="119033416" />
  <Point X="142" Y="176" T="119033452" />
  <Point X="147" Y="176" T="119033487" />
  <Point X="153" Y="176" T="119033523" />
  <Point X="157" Y="176" T="119033559" />
  <Point X="159" Y="176" T="119033595" />
  <Point X="163" Y="176" T="119033631" />
  <Point X="165" Y="176" T="119033668" />
  <Point X="170" Y="176" T="119033705" />
  <Point X="174" Y="176" T="119033745" />
  <Point X="176" Y="175" T="119033782" />
  <Point X="180" Y="174" T="119033819" />
  <Point X="182" Y="175" T="119033856" />
  <Point X="184" Y="175" T="119033894" />
  <Point X="188" Y="174" T="119033932" />
  <Point X="190" Y="174" T="119033975" />
  <Point X="191" Y="176" T="119034027" />
  <Point X="189" Y="179" T="119034065" />
  <Point X="185" Y="183" T="119034104" />
  <Point X="175" Y="189" T="119034144" />
  <Point X="168" Y="193" T="119034184" />
  <Point X="157" Y="198" T="119034224" />
  <Point X="149" Y="203" T="119034264" />
  <Point X="139" Y="209" T="119034305" />
  <Point X="135" Y="212" T="119034345" />
  <Point X="131" Y="215" T="119034385" />
  <Point X="125" Y="220" T="119034426" />
  <Point X="121" Y="222" T="119034467" />
  <Point X="117" Y="225" T="119034509" />
  <Point X="113" Y="227" T="119034552" />
  <Point X="111" Y="229" T="119034593" />
  <Point X="107" Y="232" T="119034634" />
  <Point X="103" Y="233" T="119034677" />
  <Point X="99" Y="236" T="119034718" />
  <Point X="93" Y="239" T="119034763" />
  <Point X="91" Y="240" T="119034805" />
  <Point X="89" Y="242" T="119034849" />
  <Point X="87" Y="244" T="119034891" />
  <Point X="85" Y="244" T="119034933" />
</Gesture>