﻿<?xml version="1.0" encoding="utf-8" standalone="yes"?>
<Gesture Name="star05" Subject="5" Speed="slow" Number="5" NumPts="188" Millseconds="5472" AppName="Gestures" AppVer="3.7.0.0" Date="Friday, March 09, 2007" TimeOfDay="9:41:55 PM">
  <Point X="53" Y="252" T="119023331" />
  <Point X="55" Y="250" T="119023360" />
  <Point X="57" Y="248" T="119023380" />
  <Point X="58" Y="246" T="119023391" />
  <Point X="60" Y="245" T="119023408" />
  <Point X="62" Y="242" T="119023416" />
  <Point X="63" Y="240" T="119023432" />
  <Point X="66" Y="237" T="119023448" />
  <Point X="67" Y="235" T="119023456" />
  <Point X="68" Y="233" T="119023464" />
  <Point X="70" Y="230" T="119023480" />
  <Point X="71" Y="227" T="119023488" />
  <Point X="72" Y="225" T="119023500" />
  <Point X="73" Y="223" T="119023509" />
  <Point X="74" Y="221" T="119023516" />
  <Point X="75" Y="219" T="119023528" />
  <Point X="77" Y="216" T="119023544" />
  <Point X="78" Y="214" T="119023552" />
  <Point X="79" Y="212" T="119023561" />
  <Point X="81" Y="210" T="119023573" />
  <Point X="81" Y="208" T="119023582" />
  <Point X="83" Y="206" T="119023601" />
  <Point X="84" Y="203" T="119023610" />
  <Point X="85" Y="201" T="119023620" />
  <Point X="87" Y="198" T="119023641" />
  <Point X="88" Y="196" T="119023657" />
  <Point X="89" Y="194" T="119023667" />
  <Point X="90" Y="192" T="119023682" />
  <Point X="91" Y="189" T="119023702" />
  <Point X="93" Y="187" T="119023722" />
  <Point X="94" Y="185" T="119023738" />
  <Point X="95" Y="183" T="119023761" />
  <Point X="96" Y="181" T="119023773" />
  <Point X="97" Y="179" T="119023786" />
  <Point X="99" Y="177" T="119023807" />
  <Point X="100" Y="175" T="119023831" />
  <Point X="101" Y="172" T="119023851" />
  <Point X="102" Y="170" T="119023884" />
  <Point X="103" Y="168" T="119023912" />
  <Point X="104" Y="166" T="119023948" />
  <Point X="105" Y="163" T="119023981" />
  <Point X="107" Y="161" T="119024033" />
  <Point X="108" Y="159" T="119024061" />
  <Point X="109" Y="157" T="119024133" />
  <Point X="110" Y="155" T="119024162" />
  <Point X="112" Y="153" T="119024197" />
  <Point X="113" Y="151" T="119024249" />
  <Point X="114" Y="149" T="119024290" />
  <Point X="115" Y="147" T="119024326" />
  <Point X="117" Y="150" T="119024465" />
  <Point X="116" Y="152" T="119024493" />
  <Point X="116" Y="154" T="119024508" />
  <Point X="115" Y="156" T="119024524" />
  <Point X="115" Y="159" T="119024540" />
  <Point X="115" Y="161" T="119024562" />
  <Point X="115" Y="163" T="119024578" />
  <Point X="116" Y="166" T="119024595" />
  <Point X="116" Y="168" T="119024611" />
  <Point X="116" Y="170" T="119024629" />
  <Point X="116" Y="175" T="119024646" />
  <Point X="116" Y="178" T="119024663" />
  <Point X="116" Y="180" T="119024681" />
  <Point X="117" Y="184" T="119024699" />
  <Point X="117" Y="187" T="119024722" />
  <Point X="117" Y="192" T="119024740" />
  <Point X="117" Y="194" T="119024759" />
  <Point X="117" Y="197" T="119024777" />
  <Point X="117" Y="199" T="119024778" />
  <Point X="117" Y="202" T="119024803" />
  <Point X="118" Y="204" T="119024822" />
  <Point X="118" Y="207" T="119024842" />
  <Point X="119" Y="211" T="119024862" />
  <Point X="119" Y="215" T="119024882" />
  <Point X="119" Y="217" T="119024902" />
  <Point X="120" Y="219" T="119024923" />
  <Point X="121" Y="222" T="119024943" />
  <Point X="121" Y="224" T="119024964" />
  <Point X="121" Y="227" T="119024985" />
  <Point X="121" Y="229" T="119025006" />
  <Point X="122" Y="231" T="119025027" />
  <Point X="122" Y="233" T="119025048" />
  <Point X="123" Y="235" T="119025071" />
  <Point X="123" Y="237" T="119025096" />
  <Point X="123" Y="240" T="119025118" />
  <Point X="123" Y="242" T="119025141" />
  <Point X="123" Y="244" T="119025165" />
  <Point X="124" Y="246" T="119025204" />
  <Point X="125" Y="248" T="119025228" />
  <Point X="125" Y="250" T="119025260" />
  <Point X="126" Y="252" T="119025296" />
  <Point X="127" Y="254" T="119025337" />
  <Point X="124" Y="253" T="119025457" />
  <Point X="122" Y="251" T="119025481" />
  <Point X="120" Y="249" T="119025506" />
  <Point X="119" Y="247" T="119025530" />
  <Point X="116" Y="244" T="119025555" />
  <Point X="113" Y="242" T="119025581" />
  <Point X="107" Y="239" T="119025608" />
  <Point X="103" Y="236" T="119025634" />
  <Point X="101" Y="235" T="119025660" />
  <Point X="98" Y="233" T="119025687" />
  <Point X="96" Y="231" T="119025713" />
  <Point X="94" Y="230" T="119025739" />
  <Point X="92" Y="229" T="119025766" />
  <Point X="90" Y="227" T="119025792" />
  <Point X="86" Y="224" T="119025819" />
  <Point X="84" Y="222" T="119025847" />
  <Point X="82" Y="221" T="119025874" />
  <Point X="81" Y="219" T="119025901" />
  <Point X="79" Y="218" T="119025931" />
  <Point X="75" Y="214" T="119025959" />
  <Point X="73" Y="213" T="119025988" />
  <Point X="69" Y="210" T="119026016" />
  <Point X="67" Y="209" T="119026045" />
  <Point X="65" Y="207" T="119026073" />
  <Point X="61" Y="202" T="119026102" />
  <Point X="59" Y="201" T="119026132" />
  <Point X="57" Y="200" T="119026161" />
  <Point X="54" Y="196" T="119026191" />
  <Point X="52" Y="195" T="119026220" />
  <Point X="50" Y="193" T="119026254" />
  <Point X="48" Y="192" T="119026285" />
  <Point X="47" Y="190" T="119026315" />
  <Point X="45" Y="187" T="119026346" />
  <Point X="43" Y="185" T="119026381" />
  <Point X="41" Y="183" T="119026412" />
  <Point X="40" Y="181" T="119026443" />
  <Point X="38" Y="179" T="119026502" />
  <Point X="41" Y="178" T="119026566" />
  <Point X="45" Y="179" T="119026598" />
  <Point X="53" Y="178" T="119026630" />
  <Point X="60" Y="178" T="119026663" />
  <Point X="65" Y="177" T="119026697" />
  <Point X="72" Y="177" T="119026730" />
  <Point X="78" Y="177" T="119026764" />
  <Point X="83" Y="177" T="119026801" />
  <Point X="90" Y="177" T="119026835" />
  <Point X="94" Y="177" T="119026869" />
  <Point X="99" Y="177" T="119026908" />
  <Point X="104" Y="177" T="119026943" />
  <Point X="108" Y="177" T="119026979" />
  <Point X="115" Y="176" T="119027014" />
  <Point X="119" Y="175" T="119027049" />
  <Point X="122" Y="174" T="119027087" />
  <Point X="124" Y="176" T="119027088" />
  <Point X="126" Y="176" T="119027123" />
  <Point X="128" Y="175" T="119027158" />
  <Point X="130" Y="174" T="119027196" />
  <Point X="134" Y="176" T="119027232" />
  <Point X="136" Y="175" T="119027267" />
  <Point X="138" Y="176" T="119027268" />
  <Point X="140" Y="176" T="119027307" />
  <Point X="145" Y="176" T="119027344" />
  <Point X="151" Y="177" T="119027384" />
  <Point X="155" Y="176" T="119027421" />
  <Point X="159" Y="175" T="119027458" />
  <Point X="162" Y="175" T="119027497" />
  <Point X="168" Y="175" T="119027535" />
  <Point X="172" Y="174" T="119027573" />
  <Point X="176" Y="176" T="119027612" />
  <Point X="180" Y="175" T="119027651" />
  <Point X="182" Y="174" T="119027689" />
  <Point X="186" Y="174" T="119027727" />
  <Point X="186" Y="176" T="119027779" />
  <Point X="184" Y="178" T="119027818" />
  <Point X="178" Y="181" T="119027857" />
  <Point X="171" Y="185" T="119027900" />
  <Point X="162" Y="190" T="119027940" />
  <Point X="155" Y="194" T="119027980" />
  <Point X="145" Y="200" T="119028021" />
  <Point X="139" Y="205" T="119028062" />
  <Point X="131" Y="209" T="119028104" />
  <Point X="127" Y="211" T="119028144" />
  <Point X="123" Y="213" T="119028186" />
  <Point X="119" Y="216" T="119028227" />
  <Point X="114" Y="220" T="119028268" />
  <Point X="109" Y="221" T="119028311" />
  <Point X="103" Y="225" T="119028354" />
  <Point X="98" Y="229" T="119028404" />
  <Point X="94" Y="230" T="119028453" />
  <Point X="90" Y="233" T="119028502" />
  <Point X="85" Y="237" T="119028545" />
  <Point X="83" Y="239" T="119028588" />
  <Point X="81" Y="240" T="119028630" />
  <Point X="79" Y="241" T="119028673" />
  <Point X="76" Y="246" T="119028716" />
  <Point X="74" Y="247" T="119028760" />
  <Point X="72" Y="248" T="119028803" />
</Gesture>