﻿<?xml version="1.0" encoding="utf-8" standalone="yes"?>
<Gesture Name="star03" Subject="5" Speed="slow" Number="3" NumPts="199" Millseconds="6390" AppName="Gestures" AppVer="3.7.0.0" Date="Friday, March 09, 2007" TimeOfDay="9:41:43 PM">
  <Point X="45" Y="257" T="119010364" />
  <Point X="47" Y="256" T="119010417" />
  <Point X="49" Y="256" T="119010445" />
  <Point X="51" Y="254" T="119010457" />
  <Point X="52" Y="252" T="119010469" />
  <Point X="55" Y="250" T="119010486" />
  <Point X="57" Y="248" T="119010502" />
  <Point X="59" Y="245" T="119010514" />
  <Point X="61" Y="244" T="119010526" />
  <Point X="64" Y="242" T="119010542" />
  <Point X="66" Y="239" T="119010554" />
  <Point X="68" Y="238" T="119010574" />
  <Point X="70" Y="236" T="119010590" />
  <Point X="71" Y="234" T="119010598" />
  <Point X="73" Y="232" T="119010619" />
  <Point X="75" Y="229" T="119010636" />
  <Point X="75" Y="227" T="119010645" />
  <Point X="77" Y="225" T="119010665" />
  <Point X="79" Y="223" T="119010681" />
  <Point X="79" Y="221" T="119010693" />
  <Point X="81" Y="219" T="119010718" />
  <Point X="82" Y="217" T="119010730" />
  <Point X="84" Y="215" T="119010749" />
  <Point X="85" Y="213" T="119010761" />
  <Point X="86" Y="210" T="119010772" />
  <Point X="88" Y="209" T="119010796" />
  <Point X="89" Y="207" T="119010808" />
  <Point X="90" Y="205" T="119010820" />
  <Point X="91" Y="203" T="119010836" />
  <Point X="93" Y="201" T="119010856" />
  <Point X="94" Y="199" T="119010876" />
  <Point X="96" Y="196" T="119010888" />
  <Point X="97" Y="194" T="119010912" />
  <Point X="99" Y="192" T="119010947" />
  <Point X="100" Y="189" T="119010968" />
  <Point X="102" Y="187" T="119011004" />
  <Point X="102" Y="185" T="119011025" />
  <Point X="103" Y="183" T="119011042" />
  <Point X="104" Y="181" T="119011061" />
  <Point X="105" Y="179" T="119011082" />
  <Point X="107" Y="178" T="119011130" />
  <Point X="108" Y="176" T="119011150" />
  <Point X="109" Y="173" T="119011170" />
  <Point X="111" Y="171" T="119011215" />
  <Point X="112" Y="169" T="119011235" />
  <Point X="113" Y="167" T="119011264" />
  <Point X="115" Y="165" T="119011308" />
  <Point X="116" Y="163" T="119011332" />
  <Point X="118" Y="160" T="119011360" />
  <Point X="119" Y="158" T="119011384" />
  <Point X="120" Y="156" T="119011429" />
  <Point X="121" Y="154" T="119011481" />
  <Point X="122" Y="152" T="119011510" />
  <Point X="123" Y="150" T="119011551" />
  <Point X="124" Y="153" T="119011779" />
  <Point X="124" Y="155" T="119011800" />
  <Point X="124" Y="157" T="119011816" />
  <Point X="124" Y="160" T="119011833" />
  <Point X="123" Y="163" T="119011850" />
  <Point X="123" Y="167" T="119011867" />
  <Point X="122" Y="172" T="119011885" />
  <Point X="122" Y="174" T="119011903" />
  <Point X="122" Y="179" T="119011921" />
  <Point X="122" Y="181" T="119011938" />
  <Point X="122" Y="185" T="119011957" />
  <Point X="123" Y="190" T="119011976" />
  <Point X="123" Y="192" T="119011977" />
  <Point X="123" Y="195" T="119011995" />
  <Point X="123" Y="199" T="119012015" />
  <Point X="124" Y="203" T="119012035" />
  <Point X="124" Y="205" T="119012054" />
  <Point X="125" Y="210" T="119012074" />
  <Point X="125" Y="213" T="119012094" />
  <Point X="126" Y="218" T="119012113" />
  <Point X="126" Y="220" T="119012133" />
  <Point X="126" Y="224" T="119012155" />
  <Point X="127" Y="226" T="119012176" />
  <Point X="127" Y="229" T="119012197" />
  <Point X="127" Y="231" T="119012218" />
  <Point X="127" Y="233" T="119012239" />
  <Point X="127" Y="235" T="119012260" />
  <Point X="128" Y="238" T="119012282" />
  <Point X="128" Y="240" T="119012304" />
  <Point X="129" Y="242" T="119012326" />
  <Point X="129" Y="245" T="119012348" />
  <Point X="130" Y="247" T="119012371" />
  <Point X="130" Y="249" T="119012396" />
  <Point X="130" Y="251" T="119012419" />
  <Point X="131" Y="254" T="119012452" />
  <Point X="131" Y="256" T="119012476" />
  <Point X="131" Y="258" T="119012499" />
  <Point X="132" Y="260" T="119012544" />
  <Point X="132" Y="262" T="119012606" />
  <Point X="130" Y="261" T="119012815" />
  <Point X="128" Y="260" T="119012853" />
  <Point X="126" Y="258" T="119012877" />
  <Point X="124" Y="256" T="119012902" />
  <Point X="122" Y="255" T="119012928" />
  <Point X="118" Y="254" T="119012956" />
  <Point X="114" Y="253" T="119012986" />
  <Point X="111" Y="251" T="119013015" />
  <Point X="109" Y="249" T="119013041" />
  <Point X="105" Y="247" T="119013068" />
  <Point X="100" Y="244" T="119013094" />
  <Point X="98" Y="243" T="119013120" />
  <Point X="96" Y="241" T="119013146" />
  <Point X="94" Y="239" T="119013174" />
  <Point X="92" Y="237" T="119013200" />
  <Point X="90" Y="237" T="119013227" />
  <Point X="88" Y="235" T="119013255" />
  <Point X="84" Y="233" T="119013282" />
  <Point X="82" Y="231" T="119013310" />
  <Point X="81" Y="229" T="119013338" />
  <Point X="79" Y="228" T="119013369" />
  <Point X="75" Y="225" T="119013397" />
  <Point X="73" Y="223" T="119013429" />
  <Point X="71" Y="222" T="119013473" />
  <Point X="69" Y="220" T="119013509" />
  <Point X="68" Y="218" T="119013538" />
  <Point X="65" Y="217" T="119013568" />
  <Point X="65" Y="215" T="119013598" />
  <Point X="61" Y="212" T="119013629" />
  <Point X="60" Y="210" T="119013659" />
  <Point X="58" Y="208" T="119013689" />
  <Point X="56" Y="206" T="119013721" />
  <Point X="52" Y="202" T="119013752" />
  <Point X="50" Y="200" T="119013782" />
  <Point X="48" Y="199" T="119013813" />
  <Point X="47" Y="197" T="119013844" />
  <Point X="46" Y="194" T="119013876" />
  <Point X="44" Y="193" T="119013908" />
  <Point X="42" Y="191" T="119013953" />
  <Point X="40" Y="190" T="119013988" />
  <Point X="38" Y="189" T="119014021" />
  <Point X="36" Y="189" T="119014062" />
  <Point X="38" Y="188" T="119014248" />
  <Point X="42" Y="189" T="119014281" />
  <Point X="47" Y="190" T="119014315" />
  <Point X="54" Y="189" T="119014349" />
  <Point X="58" Y="191" T="119014383" />
  <Point X="65" Y="191" T="119014416" />
  <Point X="71" Y="190" T="119014454" />
  <Point X="78" Y="192" T="119014488" />
  <Point X="83" Y="193" T="119014523" />
  <Point X="90" Y="193" T="119014559" />
  <Point X="94" Y="193" T="119014594" />
  <Point X="100" Y="195" T="119014629" />
  <Point X="105" Y="195" T="119014667" />
  <Point X="109" Y="195" T="119014703" />
  <Point X="113" Y="195" T="119014739" />
  <Point X="118" Y="195" T="119014775" />
  <Point X="122" Y="195" T="119014812" />
  <Point X="126" Y="194" T="119014849" />
  <Point X="133" Y="193" T="119014886" />
  <Point X="137" Y="194" T="119014923" />
  <Point X="139" Y="194" T="119014960" />
  <Point X="143" Y="194" T="119014998" />
  <Point X="147" Y="195" T="119015037" />
  <Point X="151" Y="195" T="119015076" />
  <Point X="155" Y="194" T="119015114" />
  <Point X="157" Y="194" T="119015154" />
  <Point X="161" Y="195" T="119015192" />
  <Point X="166" Y="195" T="119015230" />
  <Point X="168" Y="195" T="119015270" />
  <Point X="172" Y="195" T="119015308" />
  <Point X="174" Y="196" T="119015347" />
  <Point X="176" Y="197" T="119015389" />
  <Point X="178" Y="196" T="119015429" />
  <Point X="180" Y="196" T="119015469" />
  <Point X="178" Y="197" T="119015540" />
  <Point X="173" Y="201" T="119015579" />
  <Point X="169" Y="202" T="119015619" />
  <Point X="165" Y="204" T="119015659" />
  <Point X="161" Y="208" T="119015699" />
  <Point X="157" Y="211" T="119015739" />
  <Point X="150" Y="215" T="119015780" />
  <Point X="144" Y="218" T="119015821" />
  <Point X="140" Y="221" T="119015863" />
  <Point X="137" Y="221" T="119015903" />
  <Point X="131" Y="224" T="119015947" />
  <Point X="127" Y="226" T="119015992" />
  <Point X="123" Y="229" T="119016036" />
  <Point X="119" Y="231" T="119016080" />
  <Point X="113" Y="233" T="119016123" />
  <Point X="108" Y="236" T="119016167" />
  <Point X="104" Y="237" T="119016210" />
  <Point X="100" Y="240" T="119016254" />
  <Point X="96" Y="241" T="119016298" />
  <Point X="92" Y="242" T="119016342" />
  <Point X="89" Y="243" T="119016387" />
  <Point X="85" Y="246" T="119016431" />
  <Point X="81" Y="249" T="119016479" />
  <Point X="79" Y="250" T="119016523" />
  <Point X="76" Y="251" T="119016524" />
  <Point X="74" Y="252" T="119016570" />
  <Point X="70" Y="254" T="119016616" />
  <Point X="69" Y="256" T="119016661" />
  <Point X="65" Y="257" T="119016707" />
  <Point X="61" Y="258" T="119016754" />
</Gesture>