﻿<?xml version="1.0" encoding="utf-8" standalone="yes"?>
<Gesture Name="star02" Subject="5" Speed="slow" Number="2" NumPts="198" Millseconds="5864" AppName="Gestures" AppVer="3.7.0.0" Date="Friday, March 09, 2007" TimeOfDay="9:41:36 PM">
  <Point X="35" Y="258" T="119003954" />
  <Point X="37" Y="257" T="119004022" />
  <Point X="38" Y="254" T="119004046" />
  <Point X="40" Y="253" T="119004075" />
  <Point X="41" Y="251" T="119004087" />
  <Point X="43" Y="249" T="119004103" />
  <Point X="44" Y="247" T="119004119" />
  <Point X="46" Y="245" T="119004135" />
  <Point X="48" Y="241" T="119004155" />
  <Point X="50" Y="239" T="119004171" />
  <Point X="51" Y="237" T="119004179" />
  <Point X="53" Y="234" T="119004195" />
  <Point X="55" Y="232" T="119004208" />
  <Point X="57" Y="230" T="119004221" />
  <Point X="58" Y="227" T="119004229" />
  <Point X="61" Y="225" T="119004242" />
  <Point X="62" Y="223" T="119004254" />
  <Point X="63" Y="221" T="119004262" />
  <Point X="65" Y="219" T="119004274" />
  <Point X="67" Y="217" T="119004287" />
  <Point X="68" Y="214" T="119004299" />
  <Point X="69" Y="212" T="119004315" />
  <Point X="71" Y="210" T="119004332" />
  <Point X="72" Y="208" T="119004355" />
  <Point X="73" Y="206" T="119004371" />
  <Point X="75" Y="204" T="119004383" />
  <Point X="77" Y="201" T="119004403" />
  <Point X="78" Y="199" T="119004413" />
  <Point X="80" Y="196" T="119004430" />
  <Point X="82" Y="194" T="119004458" />
  <Point X="83" Y="192" T="119004478" />
  <Point X="84" Y="190" T="119004502" />
  <Point X="85" Y="187" T="119004521" />
  <Point X="86" Y="185" T="119004537" />
  <Point X="89" Y="183" T="119004566" />
  <Point X="89" Y="181" T="119004579" />
  <Point X="92" Y="179" T="119004604" />
  <Point X="93" Y="177" T="119004624" />
  <Point X="95" Y="175" T="119004648" />
  <Point X="96" Y="173" T="119004661" />
  <Point X="97" Y="170" T="119004696" />
  <Point X="99" Y="168" T="119004737" />
  <Point X="99" Y="166" T="119004765" />
  <Point X="100" Y="164" T="119004785" />
  <Point X="102" Y="162" T="119004817" />
  <Point X="103" Y="160" T="119004841" />
  <Point X="104" Y="157" T="119004877" />
  <Point X="106" Y="155" T="119004901" />
  <Point X="107" Y="153" T="119004933" />
  <Point X="108" Y="151" T="119004974" />
  <Point X="110" Y="149" T="119005018" />
  <Point X="110" Y="152" T="119005125" />
  <Point X="110" Y="154" T="119005146" />
  <Point X="109" Y="156" T="119005162" />
  <Point X="109" Y="159" T="119005177" />
  <Point X="109" Y="161" T="119005178" />
  <Point X="109" Y="163" T="119005197" />
  <Point X="109" Y="165" T="119005213" />
  <Point X="108" Y="168" T="119005230" />
  <Point X="108" Y="170" T="119005246" />
  <Point X="108" Y="174" T="119005264" />
  <Point X="108" Y="176" T="119005281" />
  <Point X="108" Y="181" T="119005298" />
  <Point X="108" Y="183" T="119005316" />
  <Point X="108" Y="187" T="119005334" />
  <Point X="108" Y="189" T="119005352" />
  <Point X="109" Y="194" T="119005371" />
  <Point X="109" Y="199" T="119005391" />
  <Point X="109" Y="202" T="119005411" />
  <Point X="110" Y="207" T="119005431" />
  <Point X="110" Y="209" T="119005450" />
  <Point X="111" Y="214" T="119005470" />
  <Point X="111" Y="217" T="119005490" />
  <Point X="111" Y="222" T="119005510" />
  <Point X="112" Y="224" T="119005531" />
  <Point X="112" Y="229" T="119005552" />
  <Point X="113" Y="231" T="119005572" />
  <Point X="113" Y="234" T="119005593" />
  <Point X="114" Y="236" T="119005614" />
  <Point X="115" Y="240" T="119005636" />
  <Point X="116" Y="242" T="119005658" />
  <Point X="117" Y="244" T="119005679" />
  <Point X="117" Y="247" T="119005702" />
  <Point X="118" Y="251" T="119005724" />
  <Point X="118" Y="253" T="119005746" />
  <Point X="119" Y="256" T="119005768" />
  <Point X="120" Y="258" T="119005797" />
  <Point X="120" Y="261" T="119005820" />
  <Point X="121" Y="263" T="119005843" />
  <Point X="121" Y="265" T="119005869" />
  <Point X="122" Y="267" T="119005892" />
  <Point X="123" Y="269" T="119005916" />
  <Point X="123" Y="271" T="119005940" />
  <Point X="124" Y="274" T="119005967" />
  <Point X="124" Y="272" T="119006054" />
  <Point X="122" Y="270" T="119006078" />
  <Point X="121" Y="267" T="119006103" />
  <Point X="117" Y="263" T="119006128" />
  <Point X="115" Y="261" T="119006153" />
  <Point X="113" Y="259" T="119006155" />
  <Point X="110" Y="257" T="119006180" />
  <Point X="107" Y="254" T="119006206" />
  <Point X="103" Y="251" T="119006232" />
  <Point X="100" Y="248" T="119006259" />
  <Point X="97" Y="245" T="119006286" />
  <Point X="94" Y="242" T="119006312" />
  <Point X="91" Y="241" T="119006339" />
  <Point X="87" Y="238" T="119006367" />
  <Point X="85" Y="238" T="119006394" />
  <Point X="81" Y="233" T="119006422" />
  <Point X="79" Y="233" T="119006450" />
  <Point X="75" Y="229" T="119006480" />
  <Point X="72" Y="226" T="119006509" />
  <Point X="70" Y="224" T="119006537" />
  <Point X="65" Y="221" T="119006567" />
  <Point X="63" Y="220" T="119006596" />
  <Point X="59" Y="216" T="119006625" />
  <Point X="58" Y="214" T="119006654" />
  <Point X="53" Y="211" T="119006683" />
  <Point X="52" Y="209" T="119006713" />
  <Point X="50" Y="207" T="119006742" />
  <Point X="46" Y="205" T="119006773" />
  <Point X="44" Y="203" T="119006803" />
  <Point X="42" Y="201" T="119006833" />
  <Point X="38" Y="200" T="119006864" />
  <Point X="34" Y="197" T="119006895" />
  <Point X="32" Y="195" T="119006927" />
  <Point X="30" Y="194" T="119006958" />
  <Point X="28" Y="193" T="119006989" />
  <Point X="26" Y="191" T="119007022" />
  <Point X="24" Y="190" T="119007055" />
  <Point X="22" Y="189" T="119007111" />
  <Point X="21" Y="187" T="119007172" />
  <Point X="23" Y="187" T="119007241" />
  <Point X="25" Y="188" T="119007274" />
  <Point X="29" Y="189" T="119007307" />
  <Point X="37" Y="189" T="119007340" />
  <Point X="43" Y="188" T="119007374" />
  <Point X="47" Y="187" T="119007408" />
  <Point X="53" Y="186" T="119007443" />
  <Point X="60" Y="186" T="119007478" />
  <Point X="64" Y="187" T="119007516" />
  <Point X="69" Y="187" T="119007556" />
  <Point X="75" Y="187" T="119007597" />
  <Point X="79" Y="187" T="119007632" />
  <Point X="84" Y="186" T="119007667" />
  <Point X="88" Y="185" T="119007704" />
  <Point X="92" Y="186" T="119007740" />
  <Point X="96" Y="186" T="119007778" />
  <Point X="101" Y="186" T="119007814" />
  <Point X="105" Y="188" T="119007851" />
  <Point X="109" Y="188" T="119007887" />
  <Point X="113" Y="187" T="119007924" />
  <Point X="117" Y="188" T="119007961" />
  <Point X="122" Y="188" T="119007998" />
  <Point X="128" Y="187" T="119008035" />
  <Point X="135" Y="187" T="119008073" />
  <Point X="140" Y="188" T="119008111" />
  <Point X="144" Y="188" T="119008148" />
  <Point X="146" Y="188" T="119008149" />
  <Point X="148" Y="189" T="119008187" />
  <Point X="154" Y="190" T="119008225" />
  <Point X="158" Y="189" T="119008264" />
  <Point X="160" Y="188" T="119008304" />
  <Point X="162" Y="188" T="119008344" />
  <Point X="163" Y="190" T="119008386" />
  <Point X="161" Y="191" T="119008459" />
  <Point X="159" Y="193" T="119008498" />
  <Point X="157" Y="193" T="119008570" />
  <Point X="154" Y="197" T="119008610" />
  <Point X="151" Y="199" T="119008651" />
  <Point X="145" Y="203" T="119008691" />
  <Point X="139" Y="208" T="119008732" />
  <Point X="134" Y="211" T="119008774" />
  <Point X="129" Y="213" T="119008815" />
  <Point X="125" Y="215" T="119008856" />
  <Point X="123" Y="217" T="119008897" />
  <Point X="119" Y="220" T="119008939" />
  <Point X="114" Y="223" T="119008984" />
  <Point X="110" Y="225" T="119009026" />
  <Point X="106" Y="228" T="119009069" />
  <Point X="101" Y="231" T="119009112" />
  <Point X="97" Y="233" T="119009155" />
  <Point X="95" Y="234" T="119009199" />
  <Point X="93" Y="236" T="119009241" />
  <Point X="89" Y="237" T="119009284" />
  <Point X="85" Y="240" T="119009328" />
  <Point X="82" Y="243" T="119009371" />
  <Point X="77" Y="246" T="119009415" />
  <Point X="75" Y="247" T="119009460" />
  <Point X="71" Y="249" T="119009504" />
  <Point X="69" Y="251" T="119009548" />
  <Point X="65" Y="253" T="119009593" />
  <Point X="63" Y="255" T="119009637" />
  <Point X="60" Y="257" T="119009682" />
  <Point X="56" Y="258" T="119009727" />
  <Point X="53" Y="261" T="119009773" />
  <Point X="51" Y="261" T="119009818" />
</Gesture>