﻿<?xml version="1.0" encoding="utf-8" standalone="yes"?>
<Gesture Name="star01" Subject="5" Speed="slow" Number="1" NumPts="209" Millseconds="7478" AppName="Gestures" AppVer="3.7.0.0" Date="Friday, March 09, 2007" TimeOfDay="9:41:29 PM">
  <Point X="38" Y="257" T="118995329" />
  <Point X="40" Y="254" T="118995357" />
  <Point X="42" Y="253" T="118995381" />
  <Point X="43" Y="251" T="118995410" />
  <Point X="45" Y="248" T="118995434" />
  <Point X="46" Y="246" T="118995466" />
  <Point X="49" Y="244" T="118995498" />
  <Point X="50" Y="241" T="118995514" />
  <Point X="51" Y="239" T="118995539" />
  <Point X="52" Y="237" T="118995559" />
  <Point X="54" Y="235" T="118995588" />
  <Point X="55" Y="232" T="118995608" />
  <Point X="57" Y="230" T="118995636" />
  <Point X="59" Y="228" T="118995660" />
  <Point X="60" Y="226" T="118995676" />
  <Point X="62" Y="224" T="118995709" />
  <Point X="63" Y="221" T="118995729" />
  <Point X="65" Y="220" T="118995785" />
  <Point X="66" Y="218" T="118995797" />
  <Point X="67" Y="215" T="118995842" />
  <Point X="69" Y="213" T="118995903" />
  <Point X="70" Y="211" T="118995923" />
  <Point X="71" Y="209" T="118995958" />
  <Point X="73" Y="206" T="118996019" />
  <Point X="74" Y="204" T="118996043" />
  <Point X="76" Y="202" T="118996083" />
  <Point X="77" Y="199" T="118996107" />
  <Point X="79" Y="197" T="118996136" />
  <Point X="80" Y="195" T="118996176" />
  <Point X="81" Y="193" T="118996208" />
  <Point X="82" Y="191" T="118996248" />
  <Point X="83" Y="189" T="118996292" />
  <Point X="85" Y="186" T="118996348" />
  <Point X="86" Y="184" T="118996401" />
  <Point X="88" Y="181" T="118996434" />
  <Point X="89" Y="179" T="118996463" />
  <Point X="90" Y="177" T="118996494" />
  <Point X="92" Y="176" T="118996530" />
  <Point X="94" Y="174" T="118996571" />
  <Point X="94" Y="172" T="118996591" />
  <Point X="95" Y="170" T="118996623" />
  <Point X="96" Y="168" T="118996651" />
  <Point X="97" Y="166" T="118996708" />
  <Point X="98" Y="164" T="118996735" />
  <Point X="100" Y="162" T="118996774" />
  <Point X="100" Y="160" T="118996803" />
  <Point X="102" Y="157" T="118996835" />
  <Point X="104" Y="156" T="118996932" />
  <Point X="104" Y="158" T="118996967" />
  <Point X="104" Y="160" T="118996983" />
  <Point X="105" Y="162" T="118996999" />
  <Point X="105" Y="165" T="118997019" />
  <Point X="105" Y="167" T="118997035" />
  <Point X="104" Y="169" T="118997050" />
  <Point X="104" Y="171" T="118997066" />
  <Point X="104" Y="174" T="118997083" />
  <Point X="104" Y="176" T="118997099" />
  <Point X="104" Y="179" T="118997116" />
  <Point X="104" Y="181" T="118997134" />
  <Point X="105" Y="186" T="118997151" />
  <Point X="105" Y="189" T="118997169" />
  <Point X="105" Y="193" T="118997186" />
  <Point X="105" Y="195" T="118997204" />
  <Point X="106" Y="198" T="118997222" />
  <Point X="106" Y="200" T="118997223" />
  <Point X="106" Y="202" T="118997241" />
  <Point X="106" Y="207" T="118997260" />
  <Point X="106" Y="210" T="118997279" />
  <Point X="107" Y="213" T="118997298" />
  <Point X="107" Y="215" T="118997299" />
  <Point X="108" Y="217" T="118997319" />
  <Point X="108" Y="219" T="118997342" />
  <Point X="109" Y="224" T="118997362" />
  <Point X="110" Y="226" T="118997382" />
  <Point X="110" Y="229" T="118997402" />
  <Point X="110" Y="231" T="118997403" />
  <Point X="110" Y="233" T="118997432" />
  <Point X="111" Y="236" T="118997465" />
  <Point X="112" Y="238" T="118997488" />
  <Point X="113" Y="240" T="118997517" />
  <Point X="113" Y="242" T="118997538" />
  <Point X="114" Y="244" T="118997561" />
  <Point X="114" Y="246" T="118997605" />
  <Point X="115" Y="249" T="118997629" />
  <Point X="115" Y="251" T="118997653" />
  <Point X="116" Y="253" T="118997689" />
  <Point X="117" Y="255" T="118997713" />
  <Point X="118" Y="257" T="118997749" />
  <Point X="118" Y="259" T="118997786" />
  <Point X="119" Y="261" T="118997810" />
  <Point X="119" Y="263" T="118997834" />
  <Point X="120" Y="265" T="118997873" />
  <Point X="120" Y="267" T="118997897" />
  <Point X="121" Y="269" T="118998075" />
  <Point X="120" Y="267" T="118998135" />
  <Point X="119" Y="265" T="118998164" />
  <Point X="117" Y="262" T="118998189" />
  <Point X="115" Y="260" T="118998214" />
  <Point X="113" Y="256" T="118998240" />
  <Point X="111" Y="255" T="118998267" />
  <Point X="108" Y="253" T="118998296" />
  <Point X="106" Y="252" T="118998326" />
  <Point X="104" Y="251" T="118998353" />
  <Point X="102" Y="251" T="118998381" />
  <Point X="99" Y="247" T="118998408" />
  <Point X="97" Y="247" T="118998434" />
  <Point X="94" Y="243" T="118998461" />
  <Point X="92" Y="243" T="118998489" />
  <Point X="90" Y="241" T="118998515" />
  <Point X="89" Y="239" T="118998543" />
  <Point X="86" Y="236" T="118998571" />
  <Point X="84" Y="234" T="118998599" />
  <Point X="79" Y="232" T="118998627" />
  <Point X="76" Y="229" T="118998655" />
  <Point X="74" Y="228" T="118998686" />
  <Point X="71" Y="226" T="118998715" />
  <Point X="69" Y="224" T="118998749" />
  <Point X="67" Y="224" T="118998783" />
  <Point X="66" Y="221" T="118998813" />
  <Point X="64" Y="220" T="118998843" />
  <Point X="61" Y="218" T="118998873" />
  <Point X="59" Y="217" T="118998908" />
  <Point X="57" Y="215" T="118998939" />
  <Point X="55" Y="213" T="118998970" />
  <Point X="53" Y="212" T="118999001" />
  <Point X="51" Y="210" T="118999032" />
  <Point X="49" Y="209" T="118999063" />
  <Point X="47" Y="207" T="118999097" />
  <Point X="45" Y="205" T="118999128" />
  <Point X="42" Y="202" T="118999160" />
  <Point X="40" Y="203" T="118999194" />
  <Point X="38" Y="201" T="118999226" />
  <Point X="37" Y="199" T="118999259" />
  <Point X="35" Y="197" T="118999293" />
  <Point X="34" Y="195" T="118999603" />
  <Point X="36" Y="196" T="118999817" />
  <Point X="38" Y="195" T="118999850" />
  <Point X="45" Y="194" T="118999884" />
  <Point X="52" Y="194" T="118999921" />
  <Point X="58" Y="194" T="118999955" />
  <Point X="65" Y="195" T="118999989" />
  <Point X="71" Y="193" T="119000030" />
  <Point X="78" Y="193" T="119000065" />
  <Point X="83" Y="192" T="119000100" />
  <Point X="87" Y="192" T="119000135" />
  <Point X="91" Y="193" T="119000170" />
  <Point X="98" Y="193" T="119000206" />
  <Point X="102" Y="194" T="119000242" />
  <Point X="104" Y="193" T="119000278" />
  <Point X="108" Y="194" T="119000314" />
  <Point X="112" Y="194" T="119000350" />
  <Point X="114" Y="194" T="119000386" />
  <Point X="119" Y="193" T="119000422" />
  <Point X="123" Y="193" T="119000460" />
  <Point X="125" Y="193" T="119000497" />
  <Point X="129" Y="193" T="119000534" />
  <Point X="131" Y="194" T="119000571" />
  <Point X="135" Y="193" T="119000609" />
  <Point X="137" Y="192" T="119000648" />
  <Point X="139" Y="193" T="119000685" />
  <Point X="141" Y="193" T="119000723" />
  <Point X="143" Y="193" T="119000761" />
  <Point X="147" Y="193" T="119000799" />
  <Point X="149" Y="193" T="119000840" />
  <Point X="153" Y="192" T="119000878" />
  <Point X="155" Y="193" T="119000916" />
  <Point X="160" Y="191" T="119000956" />
  <Point X="164" Y="191" T="119000995" />
  <Point X="166" Y="190" T="119001034" />
  <Point X="164" Y="191" T="119001114" />
  <Point X="160" Y="194" T="119001156" />
  <Point X="155" Y="197" T="119001198" />
  <Point X="151" Y="200" T="119001241" />
  <Point X="144" Y="204" T="119001283" />
  <Point X="140" Y="206" T="119001325" />
  <Point X="138" Y="208" T="119001366" />
  <Point X="134" Y="211" T="119001407" />
  <Point X="130" Y="214" T="119001452" />
  <Point X="126" Y="217" T="119001494" />
  <Point X="124" Y="218" T="119001536" />
  <Point X="121" Y="221" T="119001579" />
  <Point X="116" Y="224" T="119001621" />
  <Point X="114" Y="225" T="119001664" />
  <Point X="110" Y="228" T="119001707" />
  <Point X="108" Y="229" T="119001749" />
  <Point X="106" Y="231" T="119001793" />
  <Point X="102" Y="233" T="119001837" />
  <Point X="98" Y="237" T="119001881" />
  <Point X="96" Y="238" T="119001925" />
  <Point X="94" Y="239" T="119001969" />
  <Point X="90" Y="241" T="119002013" />
  <Point X="88" Y="242" T="119002058" />
  <Point X="87" Y="244" T="119002059" />
  <Point X="85" Y="245" T="119002104" />
  <Point X="81" Y="245" T="119002150" />
  <Point X="79" Y="246" T="119002195" />
  <Point X="77" Y="248" T="119002241" />
  <Point X="73" Y="248" T="119002286" />
  <Point X="71" Y="248" T="119002338" />
  <Point X="70" Y="250" T="119002384" />
  <Point X="68" Y="251" T="119002430" />
  <Point X="64" Y="253" T="119002477" />
  <Point X="61" Y="254" T="119002523" />
  <Point X="57" Y="256" T="119002570" />
  <Point X="55" Y="258" T="119002617" />
  <Point X="53" Y="260" T="119002665" />
  <Point X="51" Y="261" T="119002711" />
  <Point X="49" Y="262" T="119002759" />
  <Point X="47" Y="263" T="119002807" />
</Gesture>