﻿<?xml version="1.0" encoding="utf-8" standalone="yes"?>
<Gesture Name="star04" Subject="5" Speed="slow" Number="4" NumPts="184" Millseconds="5117" AppName="Gestures" AppVer="3.7.0.0" Date="Friday, March 09, 2007" TimeOfDay="9:41:49 PM">
  <Point X="50" Y="256" T="119017428" />
  <Point X="51" Y="254" T="119017448" />
  <Point X="52" Y="252" T="119017468" />
  <Point X="54" Y="250" T="119017479" />
  <Point X="55" Y="248" T="119017495" />
  <Point X="57" Y="246" T="119017507" />
  <Point X="59" Y="244" T="119017520" />
  <Point X="61" Y="242" T="119017532" />
  <Point X="62" Y="240" T="119017540" />
  <Point X="64" Y="238" T="119017560" />
  <Point X="66" Y="235" T="119017574" />
  <Point X="67" Y="233" T="119017582" />
  <Point X="68" Y="231" T="119017602" />
  <Point X="69" Y="229" T="119017610" />
  <Point X="70" Y="226" T="119017624" />
  <Point X="71" Y="224" T="119017640" />
  <Point X="72" Y="222" T="119017656" />
  <Point X="74" Y="221" T="119017677" />
  <Point X="75" Y="218" T="119017686" />
  <Point X="78" Y="216" T="119017705" />
  <Point X="79" Y="213" T="119017722" />
  <Point X="80" Y="211" T="119017741" />
  <Point X="81" Y="209" T="119017761" />
  <Point X="83" Y="207" T="119017781" />
  <Point X="84" Y="205" T="119017797" />
  <Point X="86" Y="202" T="119017817" />
  <Point X="88" Y="200" T="119017841" />
  <Point X="89" Y="198" T="119017865" />
  <Point X="91" Y="196" T="119017881" />
  <Point X="92" Y="194" T="119017901" />
  <Point X="94" Y="192" T="119017929" />
  <Point X="96" Y="190" T="119017954" />
  <Point X="97" Y="188" T="119017974" />
  <Point X="98" Y="185" T="119018003" />
  <Point X="100" Y="183" T="119018036" />
  <Point X="101" Y="181" T="119018061" />
  <Point X="103" Y="179" T="119018090" />
  <Point X="104" Y="177" T="119018118" />
  <Point X="105" Y="175" T="119018147" />
  <Point X="107" Y="173" T="119018170" />
  <Point X="108" Y="171" T="119018186" />
  <Point X="110" Y="169" T="119018210" />
  <Point X="112" Y="167" T="119018242" />
  <Point X="113" Y="165" T="119018263" />
  <Point X="114" Y="163" T="119018295" />
  <Point X="115" Y="161" T="119018315" />
  <Point X="116" Y="159" T="119018335" />
  <Point X="118" Y="157" T="119018372" />
  <Point X="118" Y="155" T="119018392" />
  <Point X="120" Y="152" T="119018432" />
  <Point X="120" Y="150" T="119018472" />
  <Point X="121" Y="152" T="119018556" />
  <Point X="121" Y="154" T="119018573" />
  <Point X="121" Y="157" T="119018589" />
  <Point X="121" Y="159" T="119018605" />
  <Point X="120" Y="165" T="119018622" />
  <Point X="119" Y="167" T="119018638" />
  <Point X="119" Y="171" T="119018655" />
  <Point X="118" Y="175" T="119018673" />
  <Point X="118" Y="180" T="119018691" />
  <Point X="118" Y="185" T="119018709" />
  <Point X="117" Y="189" T="119018726" />
  <Point X="117" Y="193" T="119018744" />
  <Point X="117" Y="197" T="119018763" />
  <Point X="118" Y="201" T="119018781" />
  <Point X="118" Y="207" T="119018800" />
  <Point X="118" Y="211" T="119018819" />
  <Point X="118" Y="216" T="119018838" />
  <Point X="119" Y="220" T="119018857" />
  <Point X="119" Y="225" T="119018877" />
  <Point X="119" Y="230" T="119018897" />
  <Point X="120" Y="232" T="119018917" />
  <Point X="120" Y="237" T="119018937" />
  <Point X="121" Y="239" T="119018957" />
  <Point X="121" Y="241" T="119018978" />
  <Point X="123" Y="246" T="119018999" />
  <Point X="123" Y="248" T="119019020" />
  <Point X="123" Y="250" T="119019041" />
  <Point X="124" Y="253" T="119019063" />
  <Point X="124" Y="255" T="119019113" />
  <Point X="124" Y="257" T="119019137" />
  <Point X="125" Y="259" T="119019162" />
  <Point X="125" Y="261" T="119019185" />
  <Point X="126" Y="263" T="119019225" />
  <Point X="126" Y="265" T="119019253" />
  <Point X="124" Y="264" T="119019406" />
  <Point X="122" Y="261" T="119019429" />
  <Point X="121" Y="259" T="119019452" />
  <Point X="117" Y="255" T="119019475" />
  <Point X="113" Y="252" T="119019499" />
  <Point X="110" Y="249" T="119019526" />
  <Point X="108" Y="247" T="119019549" />
  <Point X="106" Y="245" T="119019573" />
  <Point X="104" Y="244" T="119019574" />
  <Point X="102" Y="242" T="119019599" />
  <Point X="100" Y="240" T="119019624" />
  <Point X="98" Y="239" T="119019648" />
  <Point X="96" Y="237" T="119019673" />
  <Point X="92" Y="234" T="119019699" />
  <Point X="90" Y="232" T="119019724" />
  <Point X="89" Y="230" T="119019750" />
  <Point X="88" Y="227" T="119019776" />
  <Point X="83" Y="225" T="119019803" />
  <Point X="81" Y="223" T="119019830" />
  <Point X="79" Y="222" T="119019858" />
  <Point X="77" Y="221" T="119019890" />
  <Point X="77" Y="219" T="119019918" />
  <Point X="75" Y="218" T="119019945" />
  <Point X="73" Y="216" T="119019973" />
  <Point X="71" Y="213" T="119020005" />
  <Point X="66" Y="210" T="119020032" />
  <Point X="65" Y="208" T="119020060" />
  <Point X="63" Y="206" T="119020088" />
  <Point X="61" Y="204" T="119020117" />
  <Point X="59" Y="203" T="119020118" />
  <Point X="57" Y="202" T="119020147" />
  <Point X="56" Y="200" T="119020177" />
  <Point X="53" Y="198" T="119020208" />
  <Point X="51" Y="196" T="119020238" />
  <Point X="50" Y="194" T="119020267" />
  <Point X="48" Y="192" T="119020298" />
  <Point X="45" Y="188" T="119020329" />
  <Point X="44" Y="186" T="119020358" />
  <Point X="46" Y="185" T="119020475" />
  <Point X="50" Y="186" T="119020506" />
  <Point X="57" Y="186" T="119020537" />
  <Point X="65" Y="186" T="119020569" />
  <Point X="71" Y="186" T="119020600" />
  <Point X="76" Y="187" T="119020632" />
  <Point X="83" Y="186" T="119020664" />
  <Point X="90" Y="186" T="119020696" />
  <Point X="94" Y="187" T="119020729" />
  <Point X="99" Y="188" T="119020761" />
  <Point X="105" Y="188" T="119020794" />
  <Point X="112" Y="188" T="119020828" />
  <Point X="117" Y="187" T="119020860" />
  <Point X="119" Y="187" T="119020894" />
  <Point X="125" Y="188" T="119020928" />
  <Point X="130" Y="187" T="119020962" />
  <Point X="132" Y="187" T="119021001" />
  <Point X="136" Y="187" T="119021037" />
  <Point X="142" Y="188" T="119021072" />
  <Point X="146" Y="188" T="119021108" />
  <Point X="148" Y="188" T="119021143" />
  <Point X="150" Y="188" T="119021178" />
  <Point X="152" Y="188" T="119021180" />
  <Point X="154" Y="189" T="119021215" />
  <Point X="156" Y="188" T="119021250" />
  <Point X="158" Y="188" T="119021251" />
  <Point X="160" Y="188" T="119021288" />
  <Point X="162" Y="188" T="119021324" />
  <Point X="166" Y="188" T="119021361" />
  <Point X="170" Y="187" T="119021399" />
  <Point X="173" Y="187" T="119021436" />
  <Point X="175" Y="187" T="119021472" />
  <Point X="175" Y="189" T="119021524" />
  <Point X="173" Y="191" T="119021564" />
  <Point X="168" Y="195" T="119021602" />
  <Point X="163" Y="198" T="119021640" />
  <Point X="157" Y="203" T="119021679" />
  <Point X="153" Y="205" T="119021717" />
  <Point X="146" Y="209" T="119021756" />
  <Point X="140" Y="214" T="119021796" />
  <Point X="138" Y="215" T="119021797" />
  <Point X="133" Y="217" T="119021837" />
  <Point X="127" Y="221" T="119021876" />
  <Point X="123" Y="224" T="119021916" />
  <Point X="118" Y="227" T="119021956" />
  <Point X="112" Y="230" T="119021999" />
  <Point X="110" Y="231" T="119022040" />
  <Point X="108" Y="232" T="119022041" />
  <Point X="104" Y="235" T="119022082" />
  <Point X="102" Y="237" T="119022123" />
  <Point X="96" Y="240" T="119022164" />
  <Point X="94" Y="242" T="119022206" />
  <Point X="90" Y="244" T="119022247" />
  <Point X="86" Y="247" T="119022290" />
  <Point X="82" Y="248" T="119022332" />
  <Point X="80" Y="250" T="119022374" />
  <Point X="76" Y="252" T="119022416" />
  <Point X="74" Y="253" T="119022458" />
  <Point X="72" Y="253" T="119022501" />
  <Point X="68" Y="256" T="119022544" />
  <Point X="66" Y="257" T="119022545" />
</Gesture>