﻿<?xml version="1.0" encoding="utf-8" standalone="yes"?>
<Gesture Name="star09" Subject="5" Speed="slow" Number="9" NumPts="188" Millseconds="5767" AppName="Gestures" AppVer="3.7.0.0" Date="Friday, March 09, 2007" TimeOfDay="9:42:20 PM">
  <Point X="54" Y="253" T="119048326" />
  <Point X="56" Y="252" T="119048378" />
  <Point X="57" Y="250" T="119048391" />
  <Point X="59" Y="247" T="119048407" />
  <Point X="61" Y="246" T="119048423" />
  <Point X="63" Y="243" T="119048436" />
  <Point X="65" Y="241" T="119048448" />
  <Point X="67" Y="239" T="119048460" />
  <Point X="68" Y="237" T="119048468" />
  <Point X="69" Y="235" T="119048476" />
  <Point X="71" Y="232" T="119048492" />
  <Point X="72" Y="230" T="119048504" />
  <Point X="73" Y="227" T="119048516" />
  <Point X="75" Y="224" T="119048529" />
  <Point X="77" Y="222" T="119048542" />
  <Point X="78" Y="220" T="119048550" />
  <Point X="80" Y="218" T="119048567" />
  <Point X="81" Y="216" T="119048579" />
  <Point X="83" Y="213" T="119048599" />
  <Point X="85" Y="211" T="119048615" />
  <Point X="86" Y="209" T="119048626" />
  <Point X="87" Y="207" T="119048638" />
  <Point X="88" Y="205" T="119048649" />
  <Point X="89" Y="202" T="119048666" />
  <Point X="90" Y="200" T="119048682" />
  <Point X="91" Y="198" T="119048699" />
  <Point X="93" Y="196" T="119048727" />
  <Point X="94" Y="194" T="119048756" />
  <Point X="96" Y="192" T="119048776" />
  <Point X="97" Y="190" T="119048797" />
  <Point X="99" Y="187" T="119048836" />
  <Point X="100" Y="185" T="119048860" />
  <Point X="101" Y="183" T="119048893" />
  <Point X="101" Y="181" T="119048918" />
  <Point X="103" Y="179" T="119048959" />
  <Point X="104" Y="177" T="119048988" />
  <Point X="105" Y="175" T="119049012" />
  <Point X="107" Y="173" T="119049056" />
  <Point X="108" Y="171" T="119049091" />
  <Point X="109" Y="169" T="119049111" />
  <Point X="110" Y="167" T="119049155" />
  <Point X="111" Y="165" T="119049196" />
  <Point X="112" Y="163" T="119049223" />
  <Point X="113" Y="161" T="119049260" />
  <Point X="115" Y="158" T="119049328" />
  <Point X="116" Y="156" T="119049360" />
  <Point X="118" Y="155" T="119049389" />
  <Point X="119" Y="153" T="119049446" />
  <Point X="120" Y="151" T="119049521" />
  <Point X="120" Y="153" T="119049651" />
  <Point X="119" Y="156" T="119049675" />
  <Point X="119" Y="158" T="119049691" />
  <Point X="118" Y="160" T="119049735" />
  <Point X="118" Y="162" T="119049752" />
  <Point X="119" Y="165" T="119049768" />
  <Point X="119" Y="167" T="119049795" />
  <Point X="120" Y="170" T="119049828" />
  <Point X="120" Y="172" T="119049845" />
  <Point X="121" Y="174" T="119049871" />
  <Point X="122" Y="176" T="119049888" />
  <Point X="122" Y="178" T="119049906" />
  <Point X="123" Y="181" T="119049924" />
  <Point X="123" Y="183" T="119049942" />
  <Point X="123" Y="185" T="119049960" />
  <Point X="124" Y="188" T="119049979" />
  <Point X="124" Y="190" T="119049998" />
  <Point X="124" Y="192" T="119050016" />
  <Point X="125" Y="196" T="119050035" />
  <Point X="125" Y="199" T="119050054" />
  <Point X="126" Y="201" T="119050073" />
  <Point X="126" Y="205" T="119050092" />
  <Point X="126" Y="207" T="119050112" />
  <Point X="126" Y="209" T="119050132" />
  <Point X="126" Y="211" T="119050152" />
  <Point X="126" Y="213" T="119050172" />
  <Point X="126" Y="217" T="119050194" />
  <Point X="126" Y="219" T="119050216" />
  <Point X="126" Y="221" T="119050238" />
  <Point X="126" Y="223" T="119050260" />
  <Point X="127" Y="228" T="119050290" />
  <Point X="128" Y="230" T="119050313" />
  <Point X="128" Y="234" T="119050335" />
  <Point X="129" Y="237" T="119050357" />
  <Point X="130" Y="239" T="119050379" />
  <Point X="131" Y="242" T="119050404" />
  <Point X="131" Y="244" T="119050426" />
  <Point X="132" Y="247" T="119050455" />
  <Point X="132" Y="249" T="119050478" />
  <Point X="133" Y="251" T="119050511" />
  <Point X="134" Y="253" T="119050543" />
  <Point X="134" Y="256" T="119050566" />
  <Point X="135" Y="258" T="119050595" />
  <Point X="136" Y="260" T="119050632" />
  <Point X="136" Y="262" T="119050725" />
  <Point X="134" Y="262" T="119050772" />
  <Point X="133" Y="260" T="119050797" />
  <Point X="130" Y="256" T="119050822" />
  <Point X="129" Y="253" T="119050847" />
  <Point X="126" Y="250" T="119050873" />
  <Point X="124" Y="248" T="119050899" />
  <Point X="121" Y="244" T="119050925" />
  <Point X="119" Y="242" T="119050951" />
  <Point X="114" Y="240" T="119050977" />
  <Point X="112" Y="239" T="119051004" />
  <Point X="112" Y="236" T="119051005" />
  <Point X="110" Y="236" T="119051032" />
  <Point X="107" Y="233" T="119051059" />
  <Point X="105" Y="232" T="119051061" />
  <Point X="103" Y="230" T="119051089" />
  <Point X="99" Y="227" T="119051117" />
  <Point X="97" Y="225" T="119051144" />
  <Point X="95" Y="224" T="119051172" />
  <Point X="91" Y="221" T="119051201" />
  <Point X="89" Y="219" T="119051229" />
  <Point X="87" Y="218" T="119051258" />
  <Point X="83" Y="215" T="119051287" />
  <Point X="81" Y="213" T="119051316" />
  <Point X="77" Y="211" T="119051346" />
  <Point X="73" Y="210" T="119051379" />
  <Point X="71" Y="208" T="119051409" />
  <Point X="66" Y="206" T="119051439" />
  <Point X="63" Y="203" T="119051469" />
  <Point X="61" Y="203" T="119051499" />
  <Point X="57" Y="201" T="119051530" />
  <Point X="55" Y="200" T="119051561" />
  <Point X="50" Y="196" T="119051593" />
  <Point X="49" Y="194" T="119051624" />
  <Point X="47" Y="194" T="119051655" />
  <Point X="45" Y="193" T="119051687" />
  <Point X="43" Y="191" T="119051740" />
  <Point X="41" Y="190" T="119051773" />
  <Point X="43" Y="190" T="119051909" />
  <Point X="45" Y="189" T="119051941" />
  <Point X="50" Y="190" T="119051974" />
  <Point X="54" Y="190" T="119052008" />
  <Point X="58" Y="191" T="119052042" />
  <Point X="63" Y="191" T="119052076" />
  <Point X="67" Y="190" T="119052109" />
  <Point X="72" Y="190" T="119052143" />
  <Point X="78" Y="191" T="119052178" />
  <Point X="82" Y="191" T="119052212" />
  <Point X="86" Y="192" T="119052246" />
  <Point X="91" Y="192" T="119052281" />
  <Point X="93" Y="192" T="119052282" />
  <Point X="98" Y="192" T="119052317" />
  <Point X="102" Y="191" T="119052354" />
  <Point X="104" Y="192" T="119052389" />
  <Point X="108" Y="191" T="119052428" />
  <Point X="110" Y="192" T="119052463" />
  <Point X="115" Y="191" T="119052500" />
  <Point X="119" Y="192" T="119052537" />
  <Point X="123" Y="194" T="119052574" />
  <Point X="127" Y="193" T="119052611" />
  <Point X="129" Y="193" T="119052651" />
  <Point X="133" Y="193" T="119052695" />
  <Point X="139" Y="194" T="119052739" />
  <Point X="141" Y="194" T="119052777" />
  <Point X="144" Y="192" T="119052815" />
  <Point X="148" Y="192" T="119052853" />
  <Point X="152" Y="192" T="119052892" />
  <Point X="157" Y="191" T="119052930" />
  <Point X="163" Y="191" T="119052969" />
  <Point X="168" Y="191" T="119053008" />
  <Point X="172" Y="189" T="119053048" />
  <Point X="176" Y="188" T="119053087" />
  <Point X="178" Y="189" T="119053127" />
  <Point X="178" Y="191" T="119053201" />
  <Point X="174" Y="194" T="119053241" />
  <Point X="167" Y="198" T="119053282" />
  <Point X="157" Y="204" T="119053323" />
  <Point X="150" Y="209" T="119053364" />
  <Point X="140" Y="214" T="119053408" />
  <Point X="133" Y="219" T="119053449" />
  <Point X="126" Y="222" T="119053490" />
  <Point X="124" Y="223" T="119053532" />
  <Point X="120" Y="225" T="119053574" />
  <Point X="114" Y="229" T="119053618" />
  <Point X="112" Y="229" T="119053659" />
  <Point X="108" Y="232" T="119053702" />
  <Point X="104" Y="233" T="119053745" />
  <Point X="100" Y="235" T="119053788" />
  <Point X="96" Y="237" T="119053832" />
  <Point X="91" Y="240" T="119053875" />
  <Point X="87" Y="242" T="119053918" />
  <Point X="84" Y="245" T="119053962" />
  <Point X="79" Y="247" T="119054005" />
  <Point X="75" Y="249" T="119054050" />
  <Point X="73" Y="250" T="119054093" />
</Gesture>