﻿<?xml version="1.0" encoding="utf-8" standalone="yes"?>
<Gesture Name="star07" Subject="5" Speed="slow" Number="7" NumPts="194" Millseconds="5753" AppName="Gestures" AppVer="3.7.0.0" Date="Friday, March 09, 2007" TimeOfDay="9:42:07 PM">
  <Point X="62" Y="247" T="119035606" />
  <Point X="64" Y="245" T="119035635" />
  <Point X="65" Y="243" T="119035655" />
  <Point X="68" Y="241" T="119035675" />
  <Point X="70" Y="239" T="119035696" />
  <Point X="71" Y="237" T="119035704" />
  <Point X="73" Y="235" T="119035720" />
  <Point X="74" Y="233" T="119035728" />
  <Point X="76" Y="231" T="119035748" />
  <Point X="77" Y="229" T="119035760" />
  <Point X="79" Y="227" T="119035780" />
  <Point X="80" Y="225" T="119035796" />
  <Point X="81" Y="223" T="119035808" />
  <Point X="83" Y="220" T="119035820" />
  <Point X="84" Y="218" T="119035836" />
  <Point X="85" Y="216" T="119035848" />
  <Point X="86" Y="214" T="119035861" />
  <Point X="88" Y="212" T="119035877" />
  <Point X="89" Y="210" T="119035890" />
  <Point X="90" Y="208" T="119035905" />
  <Point X="91" Y="206" T="119035917" />
  <Point X="92" Y="204" T="119035930" />
  <Point X="94" Y="201" T="119035950" />
  <Point X="95" Y="199" T="119035969" />
  <Point X="97" Y="197" T="119035993" />
  <Point X="97" Y="195" T="119036010" />
  <Point X="98" Y="193" T="119036022" />
  <Point X="100" Y="191" T="119036050" />
  <Point X="101" Y="189" T="119036066" />
  <Point X="103" Y="187" T="119036089" />
  <Point X="104" Y="185" T="119036113" />
  <Point X="106" Y="183" T="119036149" />
  <Point X="107" Y="181" T="119036165" />
  <Point X="109" Y="179" T="119036193" />
  <Point X="111" Y="177" T="119036210" />
  <Point X="111" Y="175" T="119036223" />
  <Point X="113" Y="173" T="119036252" />
  <Point X="114" Y="170" T="119036288" />
  <Point X="115" Y="168" T="119036311" />
  <Point X="117" Y="166" T="119036331" />
  <Point X="118" Y="164" T="119036348" />
  <Point X="120" Y="161" T="119036368" />
  <Point X="121" Y="159" T="119036396" />
  <Point X="122" Y="157" T="119036421" />
  <Point X="123" Y="155" T="119036445" />
  <Point X="124" Y="153" T="119036473" />
  <Point X="125" Y="151" T="119036500" />
  <Point X="126" Y="148" T="119036546" />
  <Point X="128" Y="145" T="119036575" />
  <Point X="130" Y="144" T="119036615" />
  <Point X="132" Y="142" T="119036695" />
  <Point X="132" Y="144" T="119036788" />
  <Point X="132" Y="146" T="119036808" />
  <Point X="131" Y="149" T="119036824" />
  <Point X="131" Y="151" T="119036840" />
  <Point X="130" Y="153" T="119036856" />
  <Point X="129" Y="157" T="119036873" />
  <Point X="129" Y="159" T="119036889" />
  <Point X="129" Y="164" T="119036907" />
  <Point X="129" Y="167" T="119036924" />
  <Point X="129" Y="169" T="119036945" />
  <Point X="129" Y="171" T="119036962" />
  <Point X="129" Y="173" T="119036980" />
  <Point X="129" Y="176" T="119036998" />
  <Point X="130" Y="178" T="119037016" />
  <Point X="130" Y="180" T="119037035" />
  <Point X="130" Y="182" T="119037054" />
  <Point X="129" Y="187" T="119037073" />
  <Point X="129" Y="189" T="119037092" />
  <Point X="130" Y="193" T="119037112" />
  <Point X="130" Y="195" T="119037134" />
  <Point X="130" Y="198" T="119037154" />
  <Point X="130" Y="200" T="119037177" />
  <Point X="131" Y="202" T="119037178" />
  <Point X="131" Y="204" T="119037201" />
  <Point X="132" Y="207" T="119037224" />
  <Point X="133" Y="210" T="119037246" />
  <Point X="133" Y="213" T="119037267" />
  <Point X="133" Y="215" T="119037287" />
  <Point X="134" Y="217" T="119037309" />
  <Point X="135" Y="219" T="119037330" />
  <Point X="136" Y="222" T="119037351" />
  <Point X="137" Y="225" T="119037374" />
  <Point X="137" Y="228" T="119037399" />
  <Point X="138" Y="230" T="119037421" />
  <Point X="138" Y="232" T="119037443" />
  <Point X="139" Y="234" T="119037466" />
  <Point X="139" Y="236" T="119037488" />
  <Point X="139" Y="238" T="119037512" />
  <Point X="140" Y="241" T="119037540" />
  <Point X="140" Y="243" T="119037563" />
  <Point X="140" Y="246" T="119037596" />
  <Point X="141" Y="248" T="119037628" />
  <Point X="142" Y="250" T="119037685" />
  <Point X="142" Y="252" T="119037722" />
  <Point X="143" Y="254" T="119037762" />
  <Point X="142" Y="252" T="119037871" />
  <Point X="140" Y="251" T="119037899" />
  <Point X="138" Y="252" T="119037924" />
  <Point X="136" Y="250" T="119037951" />
  <Point X="134" Y="248" T="119037979" />
  <Point X="132" Y="246" T="119038005" />
  <Point X="130" Y="245" T="119038031" />
  <Point X="128" Y="243" T="119038057" />
  <Point X="126" Y="241" T="119038084" />
  <Point X="125" Y="239" T="119038111" />
  <Point X="122" Y="238" T="119038137" />
  <Point X="120" Y="236" T="119038164" />
  <Point X="118" Y="234" T="119038195" />
  <Point X="116" Y="233" T="119038222" />
  <Point X="114" Y="231" T="119038250" />
  <Point X="111" Y="227" T="119038278" />
  <Point X="109" Y="227" T="119038306" />
  <Point X="107" Y="225" T="119038334" />
  <Point X="105" Y="223" T="119038335" />
  <Point X="103" Y="221" T="119038364" />
  <Point X="99" Y="219" T="119038392" />
  <Point X="96" Y="215" T="119038422" />
  <Point X="94" Y="214" T="119038451" />
  <Point X="93" Y="212" T="119038452" />
  <Point X="91" Y="210" T="119038481" />
  <Point X="89" Y="208" T="119038512" />
  <Point X="87" Y="208" T="119038543" />
  <Point X="85" Y="206" T="119038573" />
  <Point X="83" Y="205" T="119038604" />
  <Point X="82" Y="203" T="119038635" />
  <Point X="80" Y="203" T="119038636" />
  <Point X="78" Y="201" T="119038666" />
  <Point X="76" Y="200" T="119038698" />
  <Point X="74" Y="199" T="119038730" />
  <Point X="70" Y="196" T="119038762" />
  <Point X="68" Y="195" T="119038794" />
  <Point X="66" Y="194" T="119038826" />
  <Point X="62" Y="191" T="119038858" />
  <Point X="60" Y="189" T="119038890" />
  <Point X="58" Y="187" T="119038924" />
  <Point X="56" Y="187" T="119038957" />
  <Point X="52" Y="186" T="119038991" />
  <Point X="50" Y="184" T="119039027" />
  <Point X="48" Y="184" T="119039060" />
  <Point X="47" Y="182" T="119039128" />
  <Point X="49" Y="182" T="119039220" />
  <Point X="51" Y="182" T="119039253" />
  <Point X="55" Y="183" T="119039287" />
  <Point X="59" Y="183" T="119039322" />
  <Point X="64" Y="183" T="119039356" />
  <Point X="68" Y="184" T="119039391" />
  <Point X="75" Y="183" T="119039426" />
  <Point X="79" Y="183" T="119039461" />
  <Point X="83" Y="182" T="119039496" />
  <Point X="90" Y="183" T="119039534" />
  <Point X="95" Y="182" T="119039572" />
  <Point X="99" Y="183" T="119039611" />
  <Point X="106" Y="182" T="119039651" />
  <Point X="110" Y="182" T="119039689" />
  <Point X="114" Y="181" T="119039726" />
  <Point X="119" Y="181" T="119039764" />
  <Point X="123" Y="181" T="119039801" />
  <Point X="125" Y="181" T="119039840" />
  <Point X="129" Y="182" T="119039878" />
  <Point X="133" Y="182" T="119039916" />
  <Point X="136" Y="184" T="119039954" />
  <Point X="140" Y="183" T="119039993" />
  <Point X="144" Y="183" T="119040033" />
  <Point X="148" Y="184" T="119040071" />
  <Point X="152" Y="185" T="119040111" />
  <Point X="161" Y="184" T="119040151" />
  <Point X="165" Y="184" T="119040191" />
  <Point X="169" Y="184" T="119040234" />
  <Point X="174" Y="184" T="119040275" />
  <Point X="176" Y="185" T="119040315" />
  <Point X="180" Y="186" T="119040357" />
  <Point X="187" Y="184" T="119040399" />
  <Point X="189" Y="184" T="119040441" />
  <Point X="193" Y="182" T="119040483" />
  <Point X="193" Y="184" T="119040569" />
  <Point X="188" Y="187" T="119040611" />
  <Point X="181" Y="191" T="119040654" />
  <Point X="171" Y="197" T="119040699" />
  <Point X="164" Y="202" T="119040741" />
  <Point X="158" Y="207" T="119040785" />
  <Point X="151" Y="211" T="119040828" />
  <Point X="144" Y="215" T="119040872" />
  <Point X="138" Y="218" T="119040915" />
  <Point X="133" Y="221" T="119040958" />
  <Point X="128" Y="224" T="119041002" />
  <Point X="122" Y="227" T="119041046" />
  <Point X="118" Y="230" T="119041090" />
  <Point X="116" Y="231" T="119041133" />
  <Point X="109" Y="234" T="119041178" />
  <Point X="105" Y="237" T="119041223" />
  <Point X="98" Y="240" T="119041268" />
  <Point X="90" Y="244" T="119041314" />
  <Point X="86" Y="247" T="119041359" />
</Gesture>