﻿<?xml version="1.0" encoding="utf-8" standalone="yes"?>
<Gesture Name="star10" Subject="5" Speed="slow" Number="10" NumPts="167" Millseconds="4449" AppName="Gestures" AppVer="3.7.0.0" Date="Friday, March 09, 2007" TimeOfDay="9:42:25 PM">
  <Point X="58" Y="251" T="119054761" />
  <Point X="59" Y="249" T="119054790" />
  <Point X="60" Y="247" T="119054802" />
  <Point X="62" Y="244" T="119054822" />
  <Point X="65" Y="241" T="119054839" />
  <Point X="66" Y="239" T="119054847" />
  <Point X="68" Y="237" T="119054859" />
  <Point X="70" Y="235" T="119054871" />
  <Point X="71" Y="233" T="119054884" />
  <Point X="72" Y="230" T="119054896" />
  <Point X="74" Y="228" T="119054908" />
  <Point X="75" Y="225" T="119054928" />
  <Point X="77" Y="223" T="119054949" />
  <Point X="78" Y="221" T="119054961" />
  <Point X="79" Y="219" T="119054973" />
  <Point X="80" Y="216" T="119054990" />
  <Point X="81" Y="214" T="119055003" />
  <Point X="83" Y="211" T="119055016" />
  <Point X="84" Y="209" T="119055031" />
  <Point X="86" Y="207" T="119055046" />
  <Point X="87" Y="204" T="119055066" />
  <Point X="88" Y="202" T="119055086" />
  <Point X="89" Y="200" T="119055101" />
  <Point X="90" Y="197" T="119055117" />
  <Point X="91" Y="195" T="119055133" />
  <Point X="93" Y="193" T="119055153" />
  <Point X="94" Y="191" T="119055173" />
  <Point X="96" Y="188" T="119055193" />
  <Point X="97" Y="186" T="119055205" />
  <Point X="99" Y="183" T="119055225" />
  <Point X="101" Y="181" T="119055241" />
  <Point X="102" Y="179" T="119055255" />
  <Point X="104" Y="176" T="119055282" />
  <Point X="105" Y="174" T="119055301" />
  <Point X="106" Y="172" T="119055324" />
  <Point X="107" Y="170" T="119055343" />
  <Point X="108" Y="168" T="119055372" />
  <Point X="110" Y="166" T="119055385" />
  <Point X="111" Y="164" T="119055424" />
  <Point X="112" Y="161" T="119055452" />
  <Point X="113" Y="159" T="119055469" />
  <Point X="115" Y="157" T="119055501" />
  <Point X="116" Y="155" T="119055517" />
  <Point X="118" Y="153" T="119055545" />
  <Point X="118" Y="151" T="119055568" />
  <Point X="120" Y="149" T="119055612" />
  <Point X="121" Y="147" T="119055648" />
  <Point X="123" Y="145" T="119055725" />
  <Point X="124" Y="147" T="119055829" />
  <Point X="124" Y="149" T="119055870" />
  <Point X="123" Y="151" T="119055886" />
  <Point X="123" Y="153" T="119055901" />
  <Point X="122" Y="155" T="119055917" />
  <Point X="122" Y="158" T="119055918" />
  <Point X="121" Y="161" T="119055935" />
  <Point X="121" Y="163" T="119055951" />
  <Point X="120" Y="167" T="119055968" />
  <Point X="119" Y="171" T="119055985" />
  <Point X="119" Y="176" T="119056002" />
  <Point X="118" Y="179" T="119056019" />
  <Point X="118" Y="181" T="119056037" />
  <Point X="117" Y="187" T="119056055" />
  <Point X="117" Y="190" T="119056073" />
  <Point X="117" Y="194" T="119056091" />
  <Point X="117" Y="196" T="119056109" />
  <Point X="117" Y="199" T="119056128" />
  <Point X="116" Y="203" T="119056147" />
  <Point X="116" Y="205" T="119056166" />
  <Point X="116" Y="208" T="119056185" />
  <Point X="116" Y="210" T="119056204" />
  <Point X="116" Y="215" T="119056224" />
  <Point X="116" Y="217" T="119056243" />
  <Point X="116" Y="222" T="119056263" />
  <Point X="117" Y="225" T="119056283" />
  <Point X="117" Y="229" T="119056307" />
  <Point X="117" Y="233" T="119056328" />
  <Point X="117" Y="237" T="119056349" />
  <Point X="118" Y="239" T="119056375" />
  <Point X="118" Y="241" T="119056396" />
  <Point X="118" Y="243" T="119056417" />
  <Point X="118" Y="245" T="119056439" />
  <Point X="119" Y="247" T="119056461" />
  <Point X="119" Y="250" T="119056483" />
  <Point X="119" Y="252" T="119056505" />
  <Point X="119" Y="254" T="119056528" />
  <Point X="119" Y="256" T="119056550" />
  <Point X="119" Y="258" T="119056587" />
  <Point X="119" Y="260" T="119056635" />
  <Point X="119" Y="258" T="119056708" />
  <Point X="118" Y="256" T="119056731" />
  <Point X="117" Y="252" T="119056755" />
  <Point X="115" Y="250" T="119056779" />
  <Point X="114" Y="248" T="119056780" />
  <Point X="113" Y="246" T="119056805" />
  <Point X="110" Y="241" T="119056833" />
  <Point X="107" Y="237" T="119056858" />
  <Point X="106" Y="235" T="119056883" />
  <Point X="105" Y="233" T="119056908" />
  <Point X="102" Y="229" T="119056933" />
  <Point X="101" Y="227" T="119056959" />
  <Point X="99" Y="226" T="119056960" />
  <Point X="97" Y="224" T="119056986" />
  <Point X="95" Y="222" T="119057013" />
  <Point X="94" Y="220" T="119057039" />
  <Point X="90" Y="218" T="119057066" />
  <Point X="86" Y="215" T="119057093" />
  <Point X="85" Y="212" T="119057120" />
  <Point X="83" Y="211" T="119057147" />
  <Point X="81" Y="209" T="119057148" />
  <Point X="79" Y="207" T="119057176" />
  <Point X="76" Y="203" T="119057204" />
  <Point X="74" Y="201" T="119057233" />
  <Point X="72" Y="196" T="119057261" />
  <Point X="67" Y="193" T="119057290" />
  <Point X="64" Y="189" T="119057322" />
  <Point X="62" Y="187" T="119057351" />
  <Point X="60" Y="185" T="119057380" />
  <Point X="58" Y="184" T="119057381" />
  <Point X="56" Y="183" T="119057439" />
  <Point X="56" Y="181" T="119057488" />
  <Point X="58" Y="181" T="119057568" />
  <Point X="60" Y="182" T="119057603" />
  <Point X="64" Y="184" T="119057638" />
  <Point X="69" Y="185" T="119057669" />
  <Point X="75" Y="186" T="119057701" />
  <Point X="79" Y="186" T="119057732" />
  <Point X="83" Y="187" T="119057764" />
  <Point X="85" Y="187" T="119057765" />
  <Point X="90" Y="187" T="119057800" />
  <Point X="93" Y="188" T="119057801" />
  <Point X="97" Y="188" T="119057833" />
  <Point X="104" Y="190" T="119057866" />
  <Point X="111" Y="189" T="119057899" />
  <Point X="118" Y="190" T="119057933" />
  <Point X="123" Y="190" T="119057966" />
  <Point X="130" Y="189" T="119058000" />
  <Point X="134" Y="190" T="119058033" />
  <Point X="139" Y="190" T="119058067" />
  <Point X="146" Y="190" T="119058101" />
  <Point X="150" Y="188" T="119058135" />
  <Point X="155" Y="188" T="119058170" />
  <Point X="159" Y="187" T="119058205" />
  <Point X="161" Y="187" T="119058239" />
  <Point X="161" Y="189" T="119058353" />
  <Point X="159" Y="191" T="119058388" />
  <Point X="155" Y="193" T="119058424" />
  <Point X="150" Y="196" T="119058460" />
  <Point X="146" Y="200" T="119058496" />
  <Point X="142" Y="202" T="119058532" />
  <Point X="135" Y="205" T="119058570" />
  <Point X="128" Y="209" T="119058606" />
  <Point X="122" Y="213" T="119058643" />
  <Point X="118" Y="216" T="119058680" />
  <Point X="113" Y="219" T="119058718" />
  <Point X="107" Y="222" T="119058758" />
  <Point X="103" Y="225" T="119058796" />
  <Point X="101" Y="226" T="119058833" />
  <Point X="97" Y="229" T="119058872" />
  <Point X="94" Y="232" T="119058910" />
  <Point X="92" Y="234" T="119058948" />
  <Point X="88" Y="236" T="119058986" />
  <Point X="83" Y="240" T="119059025" />
  <Point X="79" Y="242" T="119059065" />
  <Point X="77" Y="244" T="119059066" />
  <Point X="75" Y="245" T="119059105" />
  <Point X="73" Y="247" T="119059162" />
  <Point X="71" Y="248" T="119059210" />
</Gesture>