﻿<?xml version="1.0" encoding="utf-8" standalone="yes"?>
<Gesture Name="star08" Subject="5" Speed="slow" Number="8" NumPts="186" Millseconds="5227" AppName="Gestures" AppVer="3.7.0.0" Date="Friday, March 09, 2007" TimeOfDay="9:42:13 PM">
  <Point X="63" Y="248" T="119042111" />
  <Point X="65" Y="247" T="119042163" />
  <Point X="66" Y="245" T="119042179" />
  <Point X="68" Y="243" T="119042200" />
  <Point X="70" Y="241" T="119042215" />
  <Point X="71" Y="238" T="119042227" />
  <Point X="73" Y="236" T="119042239" />
  <Point X="76" Y="234" T="119042255" />
  <Point X="77" Y="231" T="119042263" />
  <Point X="79" Y="229" T="119042279" />
  <Point X="80" Y="227" T="119042291" />
  <Point X="83" Y="225" T="119042310" />
  <Point X="85" Y="223" T="119042330" />
  <Point X="87" Y="220" T="119042350" />
  <Point X="88" Y="218" T="119042366" />
  <Point X="89" Y="215" T="119042378" />
  <Point X="91" Y="214" T="119042395" />
  <Point X="93" Y="212" T="119042407" />
  <Point X="94" Y="210" T="119042415" />
  <Point X="95" Y="207" T="119042435" />
  <Point X="96" Y="205" T="119042450" />
  <Point X="97" Y="203" T="119042478" />
  <Point X="99" Y="201" T="119042494" />
  <Point X="100" Y="198" T="119042509" />
  <Point X="101" Y="196" T="119042526" />
  <Point X="103" Y="193" T="119042554" />
  <Point X="105" Y="191" T="119042583" />
  <Point X="106" Y="188" T="119042604" />
  <Point X="108" Y="185" T="119042624" />
  <Point X="110" Y="183" T="119042645" />
  <Point X="112" Y="182" T="119042669" />
  <Point X="113" Y="179" T="119042689" />
  <Point X="114" Y="177" T="119042709" />
  <Point X="115" Y="175" T="119042725" />
  <Point X="116" Y="173" T="119042738" />
  <Point X="118" Y="170" T="119042758" />
  <Point X="119" Y="168" T="119042775" />
  <Point X="121" Y="166" T="119042798" />
  <Point X="122" Y="164" T="119042815" />
  <Point X="124" Y="162" T="119042843" />
  <Point X="125" Y="159" T="119042863" />
  <Point X="127" Y="157" T="119042879" />
  <Point X="129" Y="155" T="119042916" />
  <Point X="129" Y="153" T="119042933" />
  <Point X="130" Y="151" T="119042953" />
  <Point X="131" Y="148" T="119042969" />
  <Point X="133" Y="147" T="119042993" />
  <Point X="135" Y="144" T="119043013" />
  <Point X="136" Y="142" T="119043037" />
  <Point X="138" Y="140" T="119043066" />
  <Point X="140" Y="138" T="119043126" />
  <Point X="141" Y="140" T="119043221" />
  <Point X="140" Y="142" T="119043242" />
  <Point X="139" Y="144" T="119043263" />
  <Point X="138" Y="147" T="119043279" />
  <Point X="138" Y="149" T="119043295" />
  <Point X="137" Y="154" T="119043312" />
  <Point X="137" Y="157" T="119043329" />
  <Point X="137" Y="160" T="119043346" />
  <Point X="137" Y="165" T="119043364" />
  <Point X="137" Y="170" T="119043381" />
  <Point X="137" Y="173" T="119043399" />
  <Point X="137" Y="177" T="119043417" />
  <Point X="138" Y="180" T="119043435" />
  <Point X="137" Y="182" T="119043436" />
  <Point X="137" Y="185" T="119043454" />
  <Point X="137" Y="191" T="119043474" />
  <Point X="137" Y="195" T="119043493" />
  <Point X="137" Y="200" T="119043512" />
  <Point X="137" Y="204" T="119043532" />
  <Point X="137" Y="206" T="119043551" />
  <Point X="137" Y="209" T="119043570" />
  <Point X="137" Y="211" T="119043571" />
  <Point X="137" Y="214" T="119043591" />
  <Point X="138" Y="218" T="119043612" />
  <Point X="138" Y="220" T="119043632" />
  <Point X="138" Y="223" T="119043653" />
  <Point X="138" Y="225" T="119043676" />
  <Point X="138" Y="227" T="119043697" />
  <Point X="138" Y="231" T="119043718" />
  <Point X="139" Y="233" T="119043740" />
  <Point X="138" Y="236" T="119043762" />
  <Point X="138" Y="238" T="119043784" />
  <Point X="138" Y="240" T="119043806" />
  <Point X="138" Y="243" T="119043828" />
  <Point X="137" Y="245" T="119043850" />
  <Point X="138" Y="247" T="119043882" />
  <Point X="138" Y="249" T="119043905" />
  <Point X="138" Y="252" T="119043938" />
  <Point X="138" Y="254" T="119043974" />
  <Point X="136" Y="255" T="119044087" />
  <Point X="134" Y="253" T="119044111" />
  <Point X="132" Y="251" T="119044136" />
  <Point X="130" Y="251" T="119044159" />
  <Point X="129" Y="249" T="119044184" />
  <Point X="128" Y="247" T="119044208" />
  <Point X="125" Y="243" T="119044233" />
  <Point X="123" Y="242" T="119044257" />
  <Point X="118" Y="239" T="119044282" />
  <Point X="116" Y="238" T="119044308" />
  <Point X="113" Y="234" T="119044333" />
  <Point X="111" Y="232" T="119044358" />
  <Point X="107" Y="230" T="119044384" />
  <Point X="104" Y="226" T="119044410" />
  <Point X="102" Y="226" T="119044436" />
  <Point X="100" Y="224" T="119044462" />
  <Point X="98" Y="221" T="119044489" />
  <Point X="96" Y="219" T="119044517" />
  <Point X="94" Y="218" T="119044546" />
  <Point X="93" Y="216" T="119044574" />
  <Point X="91" Y="212" T="119044602" />
  <Point X="89" Y="210" T="119044630" />
  <Point X="87" Y="209" T="119044658" />
  <Point X="83" Y="206" T="119044690" />
  <Point X="81" Y="205" T="119044718" />
  <Point X="79" Y="203" T="119044747" />
  <Point X="77" Y="201" T="119044776" />
  <Point X="73" Y="199" T="119044806" />
  <Point X="72" Y="197" T="119044835" />
  <Point X="68" Y="194" T="119044864" />
  <Point X="66" Y="193" T="119044894" />
  <Point X="65" Y="191" T="119044924" />
  <Point X="63" Y="190" T="119044954" />
  <Point X="61" Y="188" T="119044984" />
  <Point X="59" Y="186" T="119045015" />
  <Point X="57" Y="184" T="119045046" />
  <Point X="55" Y="182" T="119045076" />
  <Point X="53" Y="181" T="119045109" />
  <Point X="52" Y="179" T="119045140" />
  <Point X="50" Y="179" T="119045191" />
  <Point X="52" Y="178" T="119045263" />
  <Point X="54" Y="178" T="119045295" />
  <Point X="56" Y="177" T="119045296" />
  <Point X="61" Y="177" T="119045329" />
  <Point X="67" Y="177" T="119045362" />
  <Point X="73" Y="178" T="119045397" />
  <Point X="78" Y="179" T="119045430" />
  <Point X="80" Y="179" T="119045431" />
  <Point X="86" Y="179" T="119045465" />
  <Point X="93" Y="179" T="119045498" />
  <Point X="95" Y="178" T="119045500" />
  <Point X="100" Y="179" T="119045534" />
  <Point X="107" Y="179" T="119045570" />
  <Point X="114" Y="179" T="119045604" />
  <Point X="121" Y="179" T="119045640" />
  <Point X="128" Y="179" T="119045678" />
  <Point X="136" Y="177" T="119045714" />
  <Point X="140" Y="178" T="119045749" />
  <Point X="142" Y="177" T="119045750" />
  <Point X="147" Y="176" T="119045793" />
  <Point X="154" Y="177" T="119045829" />
  <Point X="158" Y="177" T="119045866" />
  <Point X="163" Y="177" T="119045905" />
  <Point X="167" Y="177" T="119045942" />
  <Point X="171" Y="178" T="119045982" />
  <Point X="176" Y="178" T="119046020" />
  <Point X="180" Y="178" T="119046058" />
  <Point X="187" Y="179" T="119046099" />
  <Point X="191" Y="178" T="119046137" />
  <Point X="195" Y="178" T="119046180" />
  <Point X="197" Y="178" T="119046219" />
  <Point X="201" Y="177" T="119046258" />
  <Point X="200" Y="180" T="119046379" />
  <Point X="196" Y="182" T="119046418" />
  <Point X="190" Y="185" T="119046458" />
  <Point X="185" Y="191" T="119046498" />
  <Point X="176" Y="194" T="119046538" />
  <Point X="168" Y="199" T="119046578" />
  <Point X="160" Y="203" T="119046619" />
  <Point X="153" Y="208" T="119046660" />
  <Point X="147" Y="209" T="119046701" />
  <Point X="140" Y="213" T="119046742" />
  <Point X="135" Y="216" T="119046783" />
  <Point X="130" Y="218" T="119046824" />
  <Point X="126" Y="220" T="119046866" />
  <Point X="120" Y="222" T="119046908" />
  <Point X="116" Y="224" T="119046950" />
  <Point X="112" Y="227" T="119046993" />
  <Point X="108" Y="230" T="119047035" />
  <Point X="104" Y="233" T="119047078" />
  <Point X="100" Y="235" T="119047121" />
  <Point X="96" Y="238" T="119047164" />
  <Point X="89" Y="242" T="119047209" />
  <Point X="84" Y="245" T="119047253" />
  <Point X="82" Y="245" T="119047296" />
  <Point X="82" Y="247" T="119047338" />
</Gesture>