﻿<?xml version="1.0" encoding="utf-8" standalone="yes"?>
<Gesture Name="triangle06" Subject="5" Speed="slow" Number="6" NumPts="142" Millseconds="5106" AppName="Gestures" AppVer="3.7.0.0" Date="Friday, March 09, 2007" TimeOfDay="9:44:07 PM">
  <Point X="117" Y="175" T="119156630" />
  <Point X="115" Y="173" T="119156646" />
  <Point X="113" Y="173" T="119156662" />
  <Point X="111" Y="175" T="119156743" />
  <Point X="109" Y="176" T="119156764" />
  <Point X="108" Y="178" T="119156775" />
  <Point X="106" Y="179" T="119156795" />
  <Point X="104" Y="180" T="119156815" />
  <Point X="102" Y="182" T="119156831" />
  <Point X="100" Y="183" T="119156859" />
  <Point X="98" Y="185" T="119156875" />
  <Point X="96" Y="187" T="119156895" />
  <Point X="94" Y="189" T="119156915" />
  <Point X="92" Y="190" T="119156939" />
  <Point X="90" Y="192" T="119156965" />
  <Point X="88" Y="194" T="119156985" />
  <Point X="86" Y="196" T="119157011" />
  <Point X="84" Y="197" T="119157035" />
  <Point X="82" Y="200" T="119157058" />
  <Point X="80" Y="201" T="119157096" />
  <Point X="78" Y="203" T="119157119" />
  <Point X="76" Y="205" T="119157139" />
  <Point X="74" Y="206" T="119157158" />
  <Point X="72" Y="207" T="119157187" />
  <Point X="70" Y="210" T="119157219" />
  <Point X="68" Y="211" T="119157247" />
  <Point X="66" Y="213" T="119157271" />
  <Point X="64" Y="214" T="119157327" />
  <Point X="63" Y="216" T="119157357" />
  <Point X="61" Y="218" T="119157385" />
  <Point X="59" Y="220" T="119157417" />
  <Point X="57" Y="222" T="119157445" />
  <Point X="55" Y="223" T="119157473" />
  <Point X="53" Y="225" T="119157502" />
  <Point X="52" Y="227" T="119157534" />
  <Point X="50" Y="229" T="119157563" />
  <Point X="48" Y="230" T="119157599" />
  <Point X="46" Y="232" T="119157643" />
  <Point X="44" Y="233" T="119157688" />
  <Point X="43" Y="235" T="119157736" />
  <Point X="41" Y="237" T="119157769" />
  <Point X="39" Y="238" T="119157833" />
  <Point X="37" Y="240" T="119157890" />
  <Point X="36" Y="242" T="119157934" />
  <Point X="34" Y="245" T="119157970" />
  <Point X="32" Y="247" T="119158102" />
  <Point X="34" Y="248" T="119158426" />
  <Point X="36" Y="246" T="119158455" />
  <Point X="38" Y="246" T="119158483" />
  <Point X="40" Y="245" T="119158511" />
  <Point X="43" Y="245" T="119158532" />
  <Point X="45" Y="247" T="119158563" />
  <Point X="47" Y="246" T="119158591" />
  <Point X="49" Y="246" T="119158612" />
  <Point X="51" Y="247" T="119158632" />
  <Point X="53" Y="246" T="119158652" />
  <Point X="55" Y="245" T="119158673" />
  <Point X="58" Y="245" T="119158693" />
  <Point X="60" Y="245" T="119158709" />
  <Point X="62" Y="245" T="119158737" />
  <Point X="64" Y="246" T="119158765" />
  <Point X="66" Y="246" T="119158794" />
  <Point X="68" Y="246" T="119158814" />
  <Point X="70" Y="246" T="119158838" />
  <Point X="72" Y="246" T="119158862" />
  <Point X="74" Y="247" T="119158886" />
  <Point X="77" Y="246" T="119158906" />
  <Point X="79" Y="247" T="119158926" />
  <Point X="81" Y="247" T="119158946" />
  <Point X="83" Y="247" T="119158970" />
  <Point X="85" Y="248" T="119158998" />
  <Point X="87" Y="247" T="119159019" />
  <Point X="89" Y="248" T="119159042" />
  <Point X="91" Y="248" T="119159063" />
  <Point X="93" Y="248" T="119159086" />
  <Point X="95" Y="248" T="119159106" />
  <Point X="97" Y="249" T="119159131" />
  <Point X="100" Y="248" T="119159154" />
  <Point X="102" Y="249" T="119159175" />
  <Point X="104" Y="249" T="119159196" />
  <Point X="106" Y="249" T="119159217" />
  <Point X="108" Y="248" T="119159239" />
  <Point X="110" Y="249" T="119159262" />
  <Point X="112" Y="249" T="119159284" />
  <Point X="114" Y="249" T="119159306" />
  <Point X="116" Y="250" T="119159330" />
  <Point X="118" Y="249" T="119159354" />
  <Point X="120" Y="249" T="119159378" />
  <Point X="122" Y="249" T="119159406" />
  <Point X="125" Y="250" T="119159430" />
  <Point X="127" Y="249" T="119159459" />
  <Point X="129" Y="250" T="119159484" />
  <Point X="131" Y="251" T="119159508" />
  <Point X="133" Y="251" T="119159532" />
  <Point X="135" Y="251" T="119159558" />
  <Point X="137" Y="251" T="119159590" />
  <Point X="139" Y="251" T="119159619" />
  <Point X="141" Y="252" T="119159651" />
  <Point X="143" Y="252" T="119159687" />
  <Point X="145" Y="252" T="119159727" />
  <Point X="147" Y="253" T="119159760" />
  <Point X="149" Y="251" T="119159796" />
  <Point X="151" Y="252" T="119159840" />
  <Point X="153" Y="253" T="119159885" />
  <Point X="155" Y="254" T="119159938" />
  <Point X="157" Y="253" T="119159993" />
  <Point X="159" Y="254" T="119160066" />
  <Point X="161" Y="254" T="119160111" />
  <Point X="162" Y="252" T="119160428" />
  <Point X="162" Y="250" T="119160480" />
  <Point X="162" Y="248" T="119160548" />
  <Point X="161" Y="246" T="119160577" />
  <Point X="160" Y="244" T="119160638" />
  <Point X="159" Y="242" T="119160679" />
  <Point X="159" Y="240" T="119160707" />
  <Point X="157" Y="237" T="119160775" />
  <Point X="157" Y="235" T="119160816" />
  <Point X="156" Y="233" T="119160855" />
  <Point X="155" Y="231" T="119160887" />
  <Point X="153" Y="229" T="119160927" />
  <Point X="152" Y="226" T="119160967" />
  <Point X="150" Y="224" T="119161024" />
  <Point X="149" Y="222" T="119161055" />
  <Point X="148" Y="220" T="119161103" />
  <Point X="146" Y="218" T="119161158" />
  <Point X="145" Y="216" T="119161188" />
  <Point X="143" Y="213" T="119161219" />
  <Point X="142" Y="211" T="119161250" />
  <Point X="141" Y="209" T="119161281" />
  <Point X="139" Y="208" T="119161313" />
  <Point X="137" Y="206" T="119161345" />
  <Point X="136" Y="204" T="119161377" />
  <Point X="136" Y="202" T="119161409" />
  <Point X="134" Y="200" T="119161445" />
  <Point X="132" Y="197" T="119161480" />
  <Point X="131" Y="195" T="119161520" />
  <Point X="130" Y="193" T="119161558" />
  <Point X="128" Y="191" T="119161600" />
  <Point X="127" Y="189" T="119161633" />
  <Point X="126" Y="186" T="119161667" />
  <Point X="125" Y="184" T="119161702" />
  <Point X="124" Y="182" T="119161736" />
</Gesture>