﻿<?xml version="1.0" encoding="utf-8" standalone="yes"?>
<Gesture Name="triangle03" Subject="5" Speed="slow" Number="3" NumPts="171" Millseconds="4750" AppName="Gestures" AppVer="3.7.0.0" Date="Friday, March 09, 2007" TimeOfDay="9:43:49 PM">
  <Point X="110" Y="165" T="119138986" />
  <Point X="109" Y="167" T="119139021" />
  <Point X="107" Y="167" T="119139049" />
  <Point X="105" Y="169" T="119139066" />
  <Point X="104" Y="171" T="119139075" />
  <Point X="101" Y="172" T="119139094" />
  <Point X="99" Y="174" T="119139110" />
  <Point X="97" Y="176" T="119139126" />
  <Point X="95" Y="178" T="119139142" />
  <Point X="93" Y="179" T="119139158" />
  <Point X="91" Y="181" T="119139170" />
  <Point X="89" Y="183" T="119139182" />
  <Point X="87" Y="185" T="119139198" />
  <Point X="84" Y="186" T="119139214" />
  <Point X="83" Y="189" T="119139226" />
  <Point X="80" Y="190" T="119139243" />
  <Point X="79" Y="192" T="119139252" />
  <Point X="77" Y="194" T="119139263" />
  <Point X="75" Y="195" T="119139280" />
  <Point X="73" Y="197" T="119139292" />
  <Point X="71" Y="199" T="119139308" />
  <Point X="70" Y="201" T="119139320" />
  <Point X="68" Y="203" T="119139341" />
  <Point X="65" Y="205" T="119139357" />
  <Point X="64" Y="207" T="119139367" />
  <Point X="62" Y="208" T="119139385" />
  <Point X="61" Y="211" T="119139401" />
  <Point X="59" Y="212" T="119139417" />
  <Point X="56" Y="214" T="119139437" />
  <Point X="55" Y="216" T="119139457" />
  <Point X="53" Y="218" T="119139477" />
  <Point X="51" Y="220" T="119139497" />
  <Point X="49" Y="221" T="119139522" />
  <Point X="47" Y="223" T="119139547" />
  <Point X="46" Y="225" T="119139567" />
  <Point X="45" Y="227" T="119139592" />
  <Point X="43" Y="229" T="119139620" />
  <Point X="42" Y="231" T="119139644" />
  <Point X="40" Y="233" T="119139676" />
  <Point X="38" Y="235" T="119139703" />
  <Point X="37" Y="237" T="119139727" />
  <Point X="35" Y="239" T="119139760" />
  <Point X="33" Y="242" T="119139788" />
  <Point X="32" Y="244" T="119139804" />
  <Point X="30" Y="246" T="119139836" />
  <Point X="28" Y="248" T="119139876" />
  <Point X="26" Y="250" T="119139908" />
  <Point X="25" Y="252" T="119139928" />
  <Point X="24" Y="254" T="119139943" />
  <Point X="22" Y="256" T="119139964" />
  <Point X="20" Y="257" T="119139988" />
  <Point X="19" Y="259" T="119140031" />
  <Point X="18" Y="261" T="119140116" />
  <Point X="20" Y="260" T="119140249" />
  <Point X="22" Y="260" T="119140265" />
  <Point X="24" Y="259" T="119140282" />
  <Point X="27" Y="258" T="119140298" />
  <Point X="29" Y="259" T="119140316" />
  <Point X="31" Y="258" T="119140332" />
  <Point X="33" Y="258" T="119140350" />
  <Point X="36" Y="258" T="119140367" />
  <Point X="38" Y="259" T="119140385" />
  <Point X="40" Y="259" T="119140403" />
  <Point X="42" Y="260" T="119140420" />
  <Point X="44" Y="260" T="119140439" />
  <Point X="47" Y="261" T="119140458" />
  <Point X="49" Y="261" T="119140477" />
  <Point X="51" Y="261" T="119140478" />
  <Point X="53" Y="261" T="119140499" />
  <Point X="55" Y="260" T="119140518" />
  <Point X="57" Y="261" T="119140538" />
  <Point X="61" Y="260" T="119140558" />
  <Point X="63" Y="259" T="119140578" />
  <Point X="66" Y="260" T="119140598" />
  <Point X="68" Y="260" T="119140618" />
  <Point X="70" Y="260" T="119140638" />
  <Point X="72" Y="260" T="119140659" />
  <Point X="76" Y="260" T="119140680" />
  <Point X="78" Y="260" T="119140702" />
  <Point X="80" Y="260" T="119140724" />
  <Point X="82" Y="261" T="119140745" />
  <Point X="84" Y="260" T="119140767" />
  <Point X="89" Y="260" T="119140789" />
  <Point X="91" Y="260" T="119140813" />
  <Point X="93" Y="261" T="119140835" />
  <Point X="95" Y="261" T="119140858" />
  <Point X="97" Y="262" T="119140881" />
  <Point X="101" Y="261" T="119140904" />
  <Point X="103" Y="261" T="119140929" />
  <Point X="105" Y="261" T="119140952" />
  <Point X="107" Y="261" T="119140976" />
  <Point X="109" Y="262" T="119141000" />
  <Point X="111" Y="263" T="119141002" />
  <Point X="113" Y="262" T="119141026" />
  <Point X="115" Y="263" T="119141050" />
  <Point X="117" Y="264" T="119141075" />
  <Point X="119" Y="265" T="119141100" />
  <Point X="121" Y="265" T="119141126" />
  <Point X="123" Y="266" T="119141152" />
  <Point X="125" Y="266" T="119141178" />
  <Point X="127" Y="265" T="119141204" />
  <Point X="130" Y="267" T="119141230" />
  <Point X="132" Y="267" T="119141261" />
  <Point X="134" Y="266" T="119141289" />
  <Point X="136" Y="266" T="119141319" />
  <Point X="138" Y="267" T="119141349" />
  <Point X="140" Y="267" T="119141389" />
  <Point X="141" Y="265" T="119141417" />
  <Point X="143" Y="266" T="119141449" />
  <Point X="145" Y="265" T="119141481" />
  <Point X="147" Y="265" T="119141537" />
  <Point X="149" Y="266" T="119141582" />
  <Point X="151" Y="266" T="119141627" />
  <Point X="153" Y="264" T="119141658" />
  <Point X="155" Y="264" T="119141691" />
  <Point X="157" Y="265" T="119141727" />
  <Point X="159" Y="264" T="119141763" />
  <Point X="161" Y="264" T="119141796" />
  <Point X="163" Y="264" T="119141827" />
  <Point X="165" Y="264" T="119141872" />
  <Point X="167" Y="264" T="119141912" />
  <Point X="169" Y="264" T="119141944" />
  <Point X="171" Y="263" T="119141977" />
  <Point X="173" Y="263" T="119142013" />
  <Point X="175" Y="263" T="119142044" />
  <Point X="177" Y="263" T="119142076" />
  <Point X="179" Y="263" T="119142109" />
  <Point X="181" Y="262" T="119142149" />
  <Point X="183" Y="262" T="119142233" />
  <Point X="183" Y="260" T="119142270" />
  <Point X="183" Y="258" T="119142307" />
  <Point X="182" Y="256" T="119142339" />
  <Point X="182" Y="254" T="119142371" />
  <Point X="181" Y="251" T="119142404" />
  <Point X="180" Y="249" T="119142439" />
  <Point X="179" Y="246" T="119142472" />
  <Point X="179" Y="244" T="119142505" />
  <Point X="178" Y="242" T="119142538" />
  <Point X="177" Y="240" T="119142574" />
  <Point X="176" Y="235" T="119142608" />
  <Point X="175" Y="233" T="119142642" />
  <Point X="174" Y="231" T="119142679" />
  <Point X="173" Y="228" T="119142713" />
  <Point X="171" Y="226" T="119142759" />
  <Point X="170" Y="224" T="119142794" />
  <Point X="169" Y="221" T="119142829" />
  <Point X="168" Y="219" T="119142865" />
  <Point X="167" Y="217" T="119142900" />
  <Point X="164" Y="213" T="119142936" />
  <Point X="163" Y="211" T="119142973" />
  <Point X="162" Y="209" T="119143009" />
  <Point X="160" Y="207" T="119143045" />
  <Point X="157" Y="203" T="119143085" />
  <Point X="155" Y="201" T="119143121" />
  <Point X="151" Y="198" T="119143158" />
  <Point X="149" Y="197" T="119143196" />
  <Point X="147" Y="195" T="119143233" />
  <Point X="145" Y="192" T="119143270" />
  <Point X="143" Y="190" T="119143308" />
  <Point X="142" Y="188" T="119143346" />
  <Point X="139" Y="186" T="119143384" />
  <Point X="137" Y="185" T="119143422" />
  <Point X="136" Y="183" T="119143460" />
  <Point X="134" Y="180" T="119143499" />
  <Point X="132" Y="178" T="119143538" />
  <Point X="130" Y="176" T="119143577" />
  <Point X="128" Y="174" T="119143616" />
  <Point X="126" Y="172" T="119143656" />
  <Point X="124" Y="171" T="119143695" />
  <Point X="122" Y="169" T="119143735" />
  <Point X="120" Y="168" T="119143736" />
</Gesture>