﻿<?xml version="1.0" encoding="utf-8" standalone="yes"?>
<Gesture Name="triangle08" Subject="5" Speed="slow" Number="8" NumPts="135" Millseconds="3745" AppName="Gestures" AppVer="3.7.0.0" Date="Friday, March 09, 2007" TimeOfDay="9:44:17 PM">
  <Point X="118" Y="184" T="119167740" />
  <Point X="116" Y="182" T="119167748" />
  <Point X="114" Y="184" T="119167859" />
  <Point X="111" Y="185" T="119167887" />
  <Point X="109" Y="187" T="119167903" />
  <Point X="107" Y="188" T="119167919" />
  <Point X="105" Y="190" T="119167936" />
  <Point X="103" Y="192" T="119167952" />
  <Point X="101" Y="193" T="119167969" />
  <Point X="99" Y="194" T="119167981" />
  <Point X="97" Y="196" T="119167993" />
  <Point X="95" Y="197" T="119168005" />
  <Point X="93" Y="199" T="119168016" />
  <Point X="91" Y="200" T="119168029" />
  <Point X="89" Y="202" T="119168041" />
  <Point X="87" Y="203" T="119168058" />
  <Point X="85" Y="206" T="119168079" />
  <Point X="83" Y="207" T="119168096" />
  <Point X="81" Y="209" T="119168116" />
  <Point X="79" Y="210" T="119168136" />
  <Point X="77" Y="213" T="119168152" />
  <Point X="75" Y="214" T="119168169" />
  <Point X="73" Y="215" T="119168185" />
  <Point X="71" Y="216" T="119168205" />
  <Point X="68" Y="218" T="119168230" />
  <Point X="66" Y="220" T="119168250" />
  <Point X="64" Y="221" T="119168278" />
  <Point X="62" Y="222" T="119168302" />
  <Point X="60" Y="223" T="119168326" />
  <Point X="59" Y="225" T="119168342" />
  <Point X="57" Y="226" T="119168369" />
  <Point X="56" Y="228" T="119168394" />
  <Point X="54" Y="230" T="119168426" />
  <Point X="52" Y="231" T="119168446" />
  <Point X="50" Y="233" T="119168479" />
  <Point X="48" Y="234" T="119168512" />
  <Point X="46" Y="236" T="119168549" />
  <Point X="44" Y="238" T="119168572" />
  <Point X="42" Y="239" T="119168617" />
  <Point X="40" Y="241" T="119168646" />
  <Point X="38" Y="244" T="119168674" />
  <Point X="36" Y="245" T="119168742" />
  <Point X="34" Y="247" T="119168778" />
  <Point X="33" Y="249" T="119168895" />
  <Point X="35" Y="249" T="119168971" />
  <Point X="37" Y="249" T="119168995" />
  <Point X="39" Y="249" T="119169015" />
  <Point X="42" Y="248" T="119169035" />
  <Point X="44" Y="248" T="119169055" />
  <Point X="46" Y="248" T="119169071" />
  <Point X="48" Y="248" T="119169091" />
  <Point X="50" Y="247" T="119169106" />
  <Point X="52" Y="247" T="119169122" />
  <Point X="54" Y="247" T="119169138" />
  <Point X="56" Y="246" T="119169154" />
  <Point X="58" Y="246" T="119169170" />
  <Point X="60" Y="245" T="119169186" />
  <Point X="63" Y="246" T="119169203" />
  <Point X="65" Y="245" T="119169220" />
  <Point X="68" Y="245" T="119169237" />
  <Point X="70" Y="245" T="119169255" />
  <Point X="73" Y="246" T="119169272" />
  <Point X="75" Y="245" T="119169290" />
  <Point X="77" Y="245" T="119169294" />
  <Point X="79" Y="245" T="119169312" />
  <Point X="81" Y="245" T="119169332" />
  <Point X="83" Y="245" T="119169356" />
  <Point X="85" Y="247" T="119169376" />
  <Point X="87" Y="246" T="119169396" />
  <Point X="89" Y="246" T="119169416" />
  <Point X="91" Y="246" T="119169436" />
  <Point X="93" Y="245" T="119169460" />
  <Point X="96" Y="247" T="119169500" />
  <Point X="98" Y="246" T="119169528" />
  <Point X="100" Y="246" T="119169553" />
  <Point X="102" Y="247" T="119169590" />
  <Point X="104" Y="248" T="119169615" />
  <Point X="106" Y="247" T="119169635" />
  <Point X="108" Y="248" T="119169656" />
  <Point X="110" Y="247" T="119169680" />
  <Point X="112" Y="247" T="119169707" />
  <Point X="114" Y="247" T="119169731" />
  <Point X="116" Y="247" T="119169754" />
  <Point X="118" Y="247" T="119169776" />
  <Point X="120" Y="248" T="119169804" />
  <Point X="122" Y="248" T="119169832" />
  <Point X="124" Y="247" T="119169855" />
  <Point X="126" Y="248" T="119169881" />
  <Point X="128" Y="248" T="119169905" />
  <Point X="130" Y="250" T="119169934" />
  <Point X="132" Y="249" T="119169966" />
  <Point X="134" Y="249" T="119169998" />
  <Point X="136" Y="249" T="119170023" />
  <Point X="138" Y="249" T="119170047" />
  <Point X="140" Y="249" T="119170071" />
  <Point X="142" Y="249" T="119170096" />
  <Point X="144" Y="249" T="119170121" />
  <Point X="146" Y="249" T="119170146" />
  <Point X="148" Y="249" T="119170171" />
  <Point X="150" Y="248" T="119170197" />
  <Point X="152" Y="249" T="119170223" />
  <Point X="155" Y="248" T="119170249" />
  <Point X="157" Y="249" T="119170276" />
  <Point X="159" Y="249" T="119170302" />
  <Point X="161" Y="250" T="119170331" />
  <Point X="163" Y="249" T="119170358" />
  <Point X="165" Y="249" T="119170390" />
  <Point X="166" Y="251" T="119170498" />
  <Point X="166" Y="249" T="119170587" />
  <Point X="166" Y="247" T="119170651" />
  <Point X="165" Y="245" T="119170736" />
  <Point X="165" Y="243" T="119170765" />
  <Point X="163" Y="240" T="119170796" />
  <Point X="162" Y="238" T="119170837" />
  <Point X="161" Y="236" T="119170865" />
  <Point X="160" Y="234" T="119170894" />
  <Point X="159" Y="232" T="119170922" />
  <Point X="158" Y="230" T="119170952" />
  <Point X="157" Y="228" T="119170981" />
  <Point X="156" Y="226" T="119171010" />
  <Point X="154" Y="223" T="119171040" />
  <Point X="153" Y="221" T="119171071" />
  <Point X="152" Y="219" T="119171101" />
  <Point X="150" Y="216" T="119171132" />
  <Point X="147" Y="212" T="119171163" />
  <Point X="145" Y="210" T="119171194" />
  <Point X="143" Y="208" T="119171226" />
  <Point X="140" Y="204" T="119171260" />
  <Point X="138" Y="203" T="119171292" />
  <Point X="135" Y="199" T="119171323" />
  <Point X="133" Y="197" T="119171355" />
  <Point X="131" Y="195" T="119171388" />
  <Point X="130" Y="193" T="119171420" />
  <Point X="129" Y="190" T="119171453" />
  <Point X="127" Y="188" T="119171485" />
</Gesture>