﻿<?xml version="1.0" encoding="utf-8" standalone="yes"?>
<Gesture Name="triangle02" Subject="5" Speed="slow" Number="2" NumPts="172" Millseconds="5163" AppName="Gestures" AppVer="3.7.0.0" Date="Friday, March 09, 2007" TimeOfDay="9:43:43 PM">
  <Point X="106" Y="161" T="119132262" />
  <Point X="104" Y="163" T="119132378" />
  <Point X="103" Y="165" T="119132394" />
  <Point X="101" Y="166" T="119132409" />
  <Point X="99" Y="168" T="119132425" />
  <Point X="97" Y="169" T="119132441" />
  <Point X="94" Y="172" T="119132457" />
  <Point X="92" Y="173" T="119132473" />
  <Point X="90" Y="175" T="119132489" />
  <Point X="88" Y="177" T="119132509" />
  <Point X="87" Y="179" T="119132517" />
  <Point X="85" Y="181" T="119132533" />
  <Point X="83" Y="183" T="119132553" />
  <Point X="81" Y="185" T="119132570" />
  <Point X="79" Y="187" T="119132582" />
  <Point X="77" Y="189" T="119132599" />
  <Point X="75" Y="190" T="119132621" />
  <Point X="73" Y="192" T="119132640" />
  <Point X="71" Y="194" T="119132665" />
  <Point X="69" Y="195" T="119132701" />
  <Point X="67" Y="198" T="119132725" />
  <Point X="66" Y="200" T="119132750" />
  <Point X="64" Y="202" T="119132771" />
  <Point X="62" Y="203" T="119132799" />
  <Point X="61" Y="205" T="119132814" />
  <Point X="60" Y="207" T="119132839" />
  <Point X="58" Y="209" T="119132871" />
  <Point X="56" Y="210" T="119132895" />
  <Point X="54" Y="213" T="119132915" />
  <Point X="52" Y="214" T="119132944" />
  <Point X="51" Y="216" T="119132964" />
  <Point X="49" Y="218" T="119132989" />
  <Point X="47" Y="220" T="119133014" />
  <Point X="47" Y="222" T="119133030" />
  <Point X="45" Y="223" T="119133067" />
  <Point X="43" Y="225" T="119133100" />
  <Point X="41" Y="227" T="119133135" />
  <Point X="40" Y="229" T="119133155" />
  <Point X="39" Y="231" T="119133175" />
  <Point X="37" Y="233" T="119133207" />
  <Point X="35" Y="235" T="119133239" />
  <Point X="33" Y="236" T="119133280" />
  <Point X="33" Y="238" T="119133304" />
  <Point X="31" Y="240" T="119133337" />
  <Point X="29" Y="242" T="119133361" />
  <Point X="29" Y="244" T="119133381" />
  <Point X="27" Y="246" T="119133434" />
  <Point X="25" Y="248" T="119133462" />
  <Point X="23" Y="250" T="119133514" />
  <Point X="22" Y="252" T="119133549" />
  <Point X="20" Y="254" T="119133573" />
  <Point X="19" Y="257" T="119133601" />
  <Point X="17" Y="259" T="119133653" />
  <Point X="15" Y="261" T="119133702" />
  <Point X="15" Y="263" T="119133723" />
  <Point X="17" Y="261" T="119133810" />
  <Point X="19" Y="262" T="119133831" />
  <Point X="21" Y="261" T="119133848" />
  <Point X="23" Y="260" T="119133864" />
  <Point X="26" Y="261" T="119133882" />
  <Point X="28" Y="260" T="119133900" />
  <Point X="30" Y="260" T="119133917" />
  <Point X="32" Y="260" T="119133936" />
  <Point X="34" Y="259" T="119133955" />
  <Point X="36" Y="260" T="119133973" />
  <Point X="41" Y="260" T="119133992" />
  <Point X="43" Y="260" T="119134011" />
  <Point X="45" Y="259" T="119134030" />
  <Point X="47" Y="258" T="119134049" />
  <Point X="49" Y="259" T="119134068" />
  <Point X="51" Y="259" T="119134088" />
  <Point X="53" Y="259" T="119134107" />
  <Point X="55" Y="258" T="119134127" />
  <Point X="57" Y="258" T="119134147" />
  <Point X="60" Y="258" T="119134167" />
  <Point X="62" Y="258" T="119134188" />
  <Point X="64" Y="259" T="119134208" />
  <Point X="66" Y="259" T="119134229" />
  <Point X="68" Y="259" T="119134250" />
  <Point X="70" Y="260" T="119134271" />
  <Point X="72" Y="260" T="119134294" />
  <Point X="74" Y="260" T="119134317" />
  <Point X="76" Y="261" T="119134342" />
  <Point X="78" Y="261" T="119134365" />
  <Point X="80" Y="261" T="119134388" />
  <Point X="82" Y="261" T="119134411" />
  <Point X="84" Y="261" T="119134434" />
  <Point X="86" Y="261" T="119134458" />
  <Point X="88" Y="261" T="119134481" />
  <Point X="90" Y="261" T="119134507" />
  <Point X="92" Y="261" T="119134531" />
  <Point X="94" Y="261" T="119134555" />
  <Point X="96" Y="260" T="119134579" />
  <Point X="98" Y="261" T="119134603" />
  <Point X="100" Y="262" T="119134628" />
  <Point X="102" Y="261" T="119134653" />
  <Point X="104" Y="260" T="119134678" />
  <Point X="106" Y="261" T="119134703" />
  <Point X="109" Y="261" T="119134728" />
  <Point X="111" Y="260" T="119134754" />
  <Point X="113" Y="260" T="119134783" />
  <Point X="115" Y="262" T="119134809" />
  <Point X="117" Y="260" T="119134835" />
  <Point X="121" Y="261" T="119134863" />
  <Point X="123" Y="261" T="119134890" />
  <Point X="125" Y="261" T="119134920" />
  <Point X="127" Y="259" T="119134955" />
  <Point X="129" Y="261" T="119134983" />
  <Point X="131" Y="260" T="119135023" />
  <Point X="133" Y="261" T="119135055" />
  <Point X="135" Y="260" T="119135083" />
  <Point X="137" Y="261" T="119135111" />
  <Point X="139" Y="261" T="119135139" />
  <Point X="141" Y="261" T="119135168" />
  <Point X="143" Y="262" T="119135200" />
  <Point X="145" Y="262" T="119135232" />
  <Point X="147" Y="262" T="119135261" />
  <Point X="149" Y="262" T="119135291" />
  <Point X="151" Y="263" T="119135320" />
  <Point X="153" Y="263" T="119135350" />
  <Point X="155" Y="263" T="119135381" />
  <Point X="157" Y="263" T="119135412" />
  <Point X="159" Y="263" T="119135444" />
  <Point X="161" Y="264" T="119135475" />
  <Point X="163" Y="263" T="119135505" />
  <Point X="165" Y="264" T="119135581" />
  <Point X="167" Y="262" T="119135711" />
  <Point X="168" Y="260" T="119135796" />
  <Point X="168" Y="258" T="119135853" />
  <Point X="167" Y="256" T="119135909" />
  <Point X="167" Y="254" T="119135941" />
  <Point X="166" Y="251" T="119135973" />
  <Point X="166" Y="249" T="119136006" />
  <Point X="166" Y="247" T="119136038" />
  <Point X="166" Y="245" T="119136071" />
  <Point X="165" Y="243" T="119136104" />
  <Point X="164" Y="240" T="119136138" />
  <Point X="164" Y="238" T="119136171" />
  <Point X="163" Y="236" T="119136205" />
  <Point X="162" Y="233" T="119136238" />
  <Point X="161" Y="231" T="119136273" />
  <Point X="161" Y="229" T="119136307" />
  <Point X="160" Y="225" T="119136344" />
  <Point X="159" Y="223" T="119136381" />
  <Point X="158" Y="221" T="119136417" />
  <Point X="158" Y="219" T="119136452" />
  <Point X="157" Y="217" T="119136453" />
  <Point X="156" Y="215" T="119136492" />
  <Point X="156" Y="212" T="119136528" />
  <Point X="155" Y="210" T="119136564" />
  <Point X="154" Y="208" T="119136605" />
  <Point X="153" Y="204" T="119136648" />
  <Point X="153" Y="202" T="119136690" />
  <Point X="151" Y="201" T="119136727" />
  <Point X="149" Y="198" T="119136764" />
  <Point X="147" Y="196" T="119136801" />
  <Point X="146" Y="194" T="119136838" />
  <Point X="144" Y="190" T="119136875" />
  <Point X="142" Y="188" T="119136913" />
  <Point X="141" Y="186" T="119136951" />
  <Point X="140" Y="184" T="119136989" />
  <Point X="138" Y="181" T="119137027" />
  <Point X="136" Y="180" T="119137065" />
  <Point X="134" Y="179" T="119137104" />
  <Point X="132" Y="177" T="119137143" />
  <Point X="130" Y="173" T="119137182" />
  <Point X="128" Y="172" T="119137222" />
  <Point X="127" Y="170" T="119137262" />
  <Point X="125" Y="168" T="119137304" />
  <Point X="122" Y="166" T="119137344" />
  <Point X="120" Y="165" T="119137385" />
  <Point X="120" Y="163" T="119137425" />
</Gesture>