﻿<?xml version="1.0" encoding="utf-8" standalone="yes"?>
<Gesture Name="triangle04" Subject="5" Speed="slow" Number="4" NumPts="152" Millseconds="4178" AppName="Gestures" AppVer="3.7.0.0" Date="Friday, March 09, 2007" TimeOfDay="9:43:55 PM">
  <Point X="103" Y="167" T="119145055" />
  <Point X="101" Y="168" T="119145113" />
  <Point X="99" Y="170" T="119145133" />
  <Point X="97" Y="171" T="119145150" />
  <Point X="94" Y="174" T="119145166" />
  <Point X="93" Y="176" T="119145178" />
  <Point X="91" Y="176" T="119145189" />
  <Point X="89" Y="178" T="119145201" />
  <Point X="87" Y="179" T="119145213" />
  <Point X="84" Y="181" T="119145229" />
  <Point X="82" Y="184" T="119145241" />
  <Point X="80" Y="184" T="119145253" />
  <Point X="78" Y="186" T="119145269" />
  <Point X="76" Y="188" T="119145282" />
  <Point X="74" Y="189" T="119145295" />
  <Point X="72" Y="192" T="119145308" />
  <Point X="69" Y="193" T="119145325" />
  <Point X="67" Y="195" T="119145337" />
  <Point X="65" Y="196" T="119145348" />
  <Point X="63" Y="199" T="119145361" />
  <Point X="61" Y="201" T="119145377" />
  <Point X="59" Y="203" T="119145393" />
  <Point X="57" Y="205" T="119145405" />
  <Point X="55" Y="208" T="119145422" />
  <Point X="54" Y="210" T="119145442" />
  <Point X="52" Y="212" T="119145466" />
  <Point X="51" Y="214" T="119145482" />
  <Point X="50" Y="216" T="119145503" />
  <Point X="48" Y="218" T="119145527" />
  <Point X="47" Y="220" T="119145542" />
  <Point X="45" Y="222" T="119145570" />
  <Point X="43" Y="224" T="119145603" />
  <Point X="41" Y="226" T="119145635" />
  <Point X="40" Y="229" T="119145656" />
  <Point X="38" Y="230" T="119145688" />
  <Point X="36" Y="232" T="119145717" />
  <Point X="34" Y="235" T="119145741" />
  <Point X="33" Y="237" T="119145761" />
  <Point X="31" Y="239" T="119145810" />
  <Point X="30" Y="241" T="119145838" />
  <Point X="28" Y="243" T="119145858" />
  <Point X="26" Y="244" T="119145899" />
  <Point X="25" Y="246" T="119145932" />
  <Point X="23" Y="248" T="119145959" />
  <Point X="22" Y="251" T="119145994" />
  <Point X="20" Y="253" T="119146023" />
  <Point X="20" Y="255" T="119146063" />
  <Point X="22" Y="257" T="119146123" />
  <Point X="24" Y="258" T="119146155" />
  <Point X="26" Y="258" T="119146188" />
  <Point X="28" Y="259" T="119146216" />
  <Point X="30" Y="259" T="119146240" />
  <Point X="32" Y="260" T="119146260" />
  <Point X="34" Y="260" T="119146284" />
  <Point X="36" Y="260" T="119146301" />
  <Point X="39" Y="260" T="119146322" />
  <Point X="41" Y="260" T="119146340" />
  <Point X="43" Y="260" T="119146356" />
  <Point X="45" Y="261" T="119146373" />
  <Point X="47" Y="260" T="119146393" />
  <Point X="49" Y="260" T="119146413" />
  <Point X="51" Y="261" T="119146442" />
  <Point X="53" Y="262" T="119146474" />
  <Point X="55" Y="262" T="119146514" />
  <Point X="58" Y="263" T="119146579" />
  <Point X="59" Y="261" T="119146598" />
  <Point X="61" Y="261" T="119146618" />
  <Point X="63" Y="260" T="119146646" />
  <Point X="65" Y="260" T="119146674" />
  <Point X="67" Y="259" T="119146695" />
  <Point X="69" Y="259" T="119146719" />
  <Point X="71" Y="257" T="119146747" />
  <Point X="73" Y="258" T="119146772" />
  <Point X="75" Y="259" T="119146797" />
  <Point X="77" Y="258" T="119146829" />
  <Point X="79" Y="258" T="119146861" />
  <Point X="82" Y="258" T="119146890" />
  <Point X="84" Y="259" T="119146918" />
  <Point X="86" Y="260" T="119146946" />
  <Point X="88" Y="260" T="119146970" />
  <Point X="90" Y="259" T="119146998" />
  <Point X="92" Y="259" T="119147019" />
  <Point X="94" Y="261" T="119147046" />
  <Point X="96" Y="261" T="119147068" />
  <Point X="98" Y="260" T="119147091" />
  <Point X="101" Y="261" T="119147115" />
  <Point X="103" Y="260" T="119147138" />
  <Point X="105" Y="261" T="119147162" />
  <Point X="107" Y="261" T="119147185" />
  <Point X="109" Y="262" T="119147210" />
  <Point X="111" Y="262" T="119147238" />
  <Point X="113" Y="261" T="119147266" />
  <Point X="115" Y="261" T="119147291" />
  <Point X="117" Y="262" T="119147318" />
  <Point X="120" Y="263" T="119147350" />
  <Point X="122" Y="262" T="119147375" />
  <Point X="124" Y="261" T="119147399" />
  <Point X="126" Y="263" T="119147425" />
  <Point X="128" Y="263" T="119147452" />
  <Point X="130" Y="263" T="119147481" />
  <Point X="132" Y="263" T="119147482" />
  <Point X="134" Y="262" T="119147512" />
  <Point X="136" Y="262" T="119147543" />
  <Point X="140" Y="262" T="119147573" />
  <Point X="142" Y="263" T="119147600" />
  <Point X="146" Y="263" T="119147627" />
  <Point X="148" Y="262" T="119147654" />
  <Point X="150" Y="261" T="119147681" />
  <Point X="152" Y="262" T="119147708" />
  <Point X="154" Y="263" T="119147735" />
  <Point X="156" Y="262" T="119147765" />
  <Point X="158" Y="262" T="119147798" />
  <Point X="160" Y="262" T="119147839" />
  <Point X="162" Y="262" T="119147884" />
  <Point X="164" Y="263" T="119147929" />
  <Point X="166" Y="261" T="119147964" />
  <Point X="167" Y="263" T="119147993" />
  <Point X="168" Y="261" T="119148040" />
  <Point X="170" Y="259" T="119148113" />
  <Point X="170" Y="256" T="119148162" />
  <Point X="170" Y="254" T="119148201" />
  <Point X="171" Y="251" T="119148232" />
  <Point X="171" Y="249" T="119148262" />
  <Point X="171" Y="247" T="119148292" />
  <Point X="170" Y="245" T="119148323" />
  <Point X="169" Y="243" T="119148353" />
  <Point X="168" Y="241" T="119148384" />
  <Point X="166" Y="236" T="119148415" />
  <Point X="164" Y="234" T="119148448" />
  <Point X="163" Y="231" T="119148480" />
  <Point X="161" Y="229" T="119148512" />
  <Point X="159" Y="227" T="119148544" />
  <Point X="157" Y="226" T="119148578" />
  <Point X="155" Y="222" T="119148610" />
  <Point X="154" Y="220" T="119148643" />
  <Point X="152" Y="217" T="119148676" />
  <Point X="151" Y="215" T="119148709" />
  <Point X="149" Y="212" T="119148744" />
  <Point X="147" Y="210" T="119148777" />
  <Point X="145" Y="208" T="119148811" />
  <Point X="144" Y="204" T="119148845" />
  <Point X="142" Y="202" T="119148878" />
  <Point X="139" Y="198" T="119148912" />
  <Point X="137" Y="196" T="119148947" />
  <Point X="133" Y="192" T="119148982" />
  <Point X="131" Y="187" T="119149017" />
  <Point X="128" Y="183" T="119149055" />
  <Point X="126" Y="181" T="119149091" />
  <Point X="124" Y="177" T="119149126" />
  <Point X="122" Y="176" T="119149161" />
  <Point X="120" Y="174" T="119149197" />
  <Point X="118" Y="173" T="119149233" />
</Gesture>