﻿<?xml version="1.0" encoding="utf-8" standalone="yes"?>
<Gesture Name="triangle10" Subject="5" Speed="slow" Number="10" NumPts="128" Millseconds="3483" AppName="Gestures" AppVer="3.7.0.0" Date="Friday, March 09, 2007" TimeOfDay="9:44:26 PM">
  <Point X="123" Y="180" T="119176617" />
  <Point X="122" Y="182" T="119176628" />
  <Point X="122" Y="180" T="119176661" />
  <Point X="120" Y="181" T="119176705" />
  <Point X="119" Y="183" T="119176725" />
  <Point X="116" Y="184" T="119176745" />
  <Point X="114" Y="186" T="119176765" />
  <Point X="112" Y="187" T="119176777" />
  <Point X="110" Y="188" T="119176793" />
  <Point X="108" Y="189" T="119176809" />
  <Point X="106" Y="191" T="119176830" />
  <Point X="104" Y="194" T="119176850" />
  <Point X="101" Y="195" T="119176870" />
  <Point X="99" Y="196" T="119176886" />
  <Point X="98" Y="198" T="119176899" />
  <Point X="96" Y="200" T="119176920" />
  <Point X="94" Y="202" T="119176940" />
  <Point X="91" Y="204" T="119176955" />
  <Point X="89" Y="205" T="119176975" />
  <Point X="88" Y="207" T="119176987" />
  <Point X="86" Y="208" T="119177011" />
  <Point X="84" Y="210" T="119177035" />
  <Point X="82" Y="212" T="119177059" />
  <Point X="81" Y="214" T="119177072" />
  <Point X="78" Y="215" T="119177096" />
  <Point X="76" Y="217" T="119177124" />
  <Point X="75" Y="220" T="119177148" />
  <Point X="73" Y="220" T="119177188" />
  <Point X="71" Y="222" T="119177220" />
  <Point X="69" Y="224" T="119177264" />
  <Point X="67" Y="226" T="119177288" />
  <Point X="65" Y="227" T="119177316" />
  <Point X="65" Y="229" T="119177332" />
  <Point X="63" Y="230" T="119177368" />
  <Point X="61" Y="232" T="119177409" />
  <Point X="59" Y="234" T="119177441" />
  <Point X="57" Y="235" T="119177466" />
  <Point X="55" Y="237" T="119177507" />
  <Point X="53" Y="239" T="119177539" />
  <Point X="51" Y="241" T="119177580" />
  <Point X="50" Y="243" T="119177615" />
  <Point X="48" Y="244" T="119177660" />
  <Point X="46" Y="246" T="119177789" />
  <Point X="48" Y="247" T="119177927" />
  <Point X="50" Y="247" T="119177951" />
  <Point X="52" Y="246" T="119177971" />
  <Point X="54" Y="246" T="119177995" />
  <Point X="56" Y="247" T="119178016" />
  <Point X="58" Y="246" T="119178036" />
  <Point X="60" Y="248" T="119178056" />
  <Point X="63" Y="248" T="119178076" />
  <Point X="65" Y="247" T="119178093" />
  <Point X="67" Y="247" T="119178112" />
  <Point X="70" Y="248" T="119178128" />
  <Point X="72" Y="248" T="119178145" />
  <Point X="74" Y="248" T="119178161" />
  <Point X="76" Y="247" T="119178178" />
  <Point X="78" Y="247" T="119178196" />
  <Point X="80" Y="247" T="119178214" />
  <Point X="83" Y="246" T="119178231" />
  <Point X="85" Y="246" T="119178250" />
  <Point X="87" Y="247" T="119178267" />
  <Point X="89" Y="246" T="119178285" />
  <Point X="91" Y="247" T="119178303" />
  <Point X="93" Y="246" T="119178322" />
  <Point X="95" Y="246" T="119178340" />
  <Point X="98" Y="246" T="119178359" />
  <Point X="100" Y="245" T="119178378" />
  <Point X="102" Y="246" T="119178397" />
  <Point X="104" Y="245" T="119178416" />
  <Point X="106" Y="245" T="119178436" />
  <Point X="108" Y="246" T="119178455" />
  <Point X="110" Y="246" T="119178478" />
  <Point X="112" Y="246" T="119178503" />
  <Point X="114" Y="246" T="119178523" />
  <Point X="116" Y="247" T="119178548" />
  <Point X="118" Y="247" T="119178569" />
  <Point X="120" Y="247" T="119178589" />
  <Point X="122" Y="248" T="119178611" />
  <Point X="124" Y="248" T="119178632" />
  <Point X="126" Y="248" T="119178654" />
  <Point X="128" Y="249" T="119178676" />
  <Point X="130" Y="250" T="119178698" />
  <Point X="132" Y="249" T="119178720" />
  <Point X="135" Y="250" T="119178743" />
  <Point X="137" Y="250" T="119178766" />
  <Point X="139" Y="250" T="119178789" />
  <Point X="141" Y="251" T="119178812" />
  <Point X="143" Y="250" T="119178835" />
  <Point X="145" Y="250" T="119178859" />
  <Point X="147" Y="251" T="119178883" />
  <Point X="149" Y="251" T="119178907" />
  <Point X="151" Y="251" T="119178931" />
  <Point X="153" Y="251" T="119178956" />
  <Point X="155" Y="250" T="119178980" />
  <Point X="157" Y="251" T="119179005" />
  <Point X="159" Y="251" T="119179032" />
  <Point X="161" Y="250" T="119179072" />
  <Point X="163" Y="250" T="119179124" />
  <Point X="164" Y="252" T="119179156" />
  <Point X="164" Y="249" T="119179309" />
  <Point X="164" Y="247" T="119179350" />
  <Point X="164" Y="245" T="119179377" />
  <Point X="164" Y="243" T="119179403" />
  <Point X="163" Y="240" T="119179430" />
  <Point X="163" Y="238" T="119179458" />
  <Point X="162" Y="236" T="119179485" />
  <Point X="161" Y="234" T="119179515" />
  <Point X="160" Y="232" T="119179547" />
  <Point X="159" Y="229" T="119179575" />
  <Point X="157" Y="228" T="119179619" />
  <Point X="156" Y="226" T="119179647" />
  <Point X="154" Y="223" T="119179675" />
  <Point X="153" Y="221" T="119179704" />
  <Point X="151" Y="219" T="119179732" />
  <Point X="150" Y="216" T="119179761" />
  <Point X="148" Y="214" T="119179790" />
  <Point X="146" Y="210" T="119179820" />
  <Point X="144" Y="207" T="119179849" />
  <Point X="144" Y="205" T="119179878" />
  <Point X="143" Y="203" T="119179908" />
  <Point X="141" Y="202" T="119179938" />
  <Point X="140" Y="200" T="119179939" />
  <Point X="138" Y="198" T="119179970" />
  <Point X="136" Y="193" T="119180001" />
  <Point X="134" Y="192" T="119180033" />
  <Point X="134" Y="190" T="119180064" />
  <Point X="133" Y="188" T="119180100" />
</Gesture>