﻿<?xml version="1.0" encoding="utf-8" standalone="yes"?>
<Gesture Name="triangle09" Subject="5" Speed="slow" Number="9" NumPts="130" Millseconds="3722" AppName="Gestures" AppVer="3.7.0.0" Date="Friday, March 09, 2007" TimeOfDay="9:44:22 PM">
  <Point X="118" Y="177" T="119172205" />
  <Point X="118" Y="179" T="119172217" />
  <Point X="116" Y="181" T="119172286" />
  <Point X="114" Y="182" T="119172319" />
  <Point X="112" Y="183" T="119172347" />
  <Point X="111" Y="185" T="119172355" />
  <Point X="108" Y="186" T="119172371" />
  <Point X="106" Y="188" T="119172391" />
  <Point X="104" Y="190" T="119172407" />
  <Point X="102" Y="191" T="119172423" />
  <Point X="100" Y="194" T="119172435" />
  <Point X="98" Y="196" T="119172456" />
  <Point X="96" Y="197" T="119172477" />
  <Point X="94" Y="198" T="119172498" />
  <Point X="92" Y="201" T="119172515" />
  <Point X="90" Y="202" T="119172534" />
  <Point X="88" Y="204" T="119172554" />
  <Point X="87" Y="207" T="119172579" />
  <Point X="85" Y="208" T="119172602" />
  <Point X="83" Y="210" T="119172614" />
  <Point X="81" Y="212" T="119172638" />
  <Point X="80" Y="214" T="119172657" />
  <Point X="78" Y="216" T="119172678" />
  <Point X="75" Y="218" T="119172702" />
  <Point X="73" Y="220" T="119172735" />
  <Point X="71" Y="223" T="119172760" />
  <Point X="69" Y="225" T="119172788" />
  <Point X="68" Y="227" T="119172813" />
  <Point X="66" Y="228" T="119172846" />
  <Point X="64" Y="230" T="119172870" />
  <Point X="62" Y="232" T="119172890" />
  <Point X="60" Y="234" T="119172918" />
  <Point X="58" Y="235" T="119172938" />
  <Point X="57" Y="238" T="119172955" />
  <Point X="55" Y="239" T="119172984" />
  <Point X="53" Y="241" T="119173005" />
  <Point X="51" Y="243" T="119173042" />
  <Point X="49" Y="245" T="119173094" />
  <Point X="47" Y="247" T="119173130" />
  <Point X="49" Y="248" T="119173324" />
  <Point X="51" Y="248" T="119173348" />
  <Point X="54" Y="248" T="119173369" />
  <Point X="56" Y="247" T="119173384" />
  <Point X="58" Y="248" T="119173401" />
  <Point X="61" Y="248" T="119173417" />
  <Point X="63" Y="248" T="119173433" />
  <Point X="65" Y="249" T="119173453" />
  <Point X="67" Y="248" T="119173469" />
  <Point X="69" Y="248" T="119173485" />
  <Point X="72" Y="248" T="119173501" />
  <Point X="74" Y="248" T="119173517" />
  <Point X="76" Y="248" T="119173538" />
  <Point X="78" Y="249" T="119173558" />
  <Point X="80" Y="248" T="119173574" />
  <Point X="82" Y="247" T="119173591" />
  <Point X="84" Y="248" T="119173607" />
  <Point X="86" Y="248" T="119173624" />
  <Point X="88" Y="249" T="119173640" />
  <Point X="91" Y="248" T="119173659" />
  <Point X="93" Y="249" T="119173679" />
  <Point X="95" Y="249" T="119173702" />
  <Point X="97" Y="249" T="119173726" />
  <Point X="99" Y="249" T="119173754" />
  <Point X="101" Y="248" T="119173782" />
  <Point X="103" Y="251" T="119173806" />
  <Point X="105" Y="251" T="119173830" />
  <Point X="107" Y="250" T="119173854" />
  <Point X="109" Y="249" T="119173886" />
  <Point X="111" Y="250" T="119173914" />
  <Point X="113" Y="251" T="119173942" />
  <Point X="115" Y="251" T="119173970" />
  <Point X="117" Y="251" T="119173991" />
  <Point X="119" Y="251" T="119174026" />
  <Point X="121" Y="251" T="119174054" />
  <Point X="123" Y="251" T="119174078" />
  <Point X="125" Y="252" T="119174102" />
  <Point X="128" Y="251" T="119174127" />
  <Point X="130" Y="252" T="119174148" />
  <Point X="132" Y="252" T="119174169" />
  <Point X="134" Y="252" T="119174191" />
  <Point X="136" Y="251" T="119174216" />
  <Point X="138" Y="252" T="119174239" />
  <Point X="140" Y="252" T="119174266" />
  <Point X="142" Y="252" T="119174293" />
  <Point X="145" Y="252" T="119174333" />
  <Point X="147" Y="253" T="119174361" />
  <Point X="149" Y="253" T="119174389" />
  <Point X="151" Y="254" T="119174425" />
  <Point X="153" Y="254" T="119174465" />
  <Point X="155" Y="253" T="119174493" />
  <Point X="157" Y="252" T="119174525" />
  <Point X="159" Y="254" T="119174560" />
  <Point X="161" Y="253" T="119174589" />
  <Point X="163" Y="253" T="119174617" />
  <Point X="165" Y="253" T="119174649" />
  <Point X="167" Y="252" T="119174690" />
  <Point X="169" Y="252" T="119174731" />
  <Point X="170" Y="250" T="119174839" />
  <Point X="170" Y="247" T="119174901" />
  <Point X="170" Y="245" T="119174945" />
  <Point X="169" Y="243" T="119174985" />
  <Point X="168" Y="241" T="119175021" />
  <Point X="167" Y="238" T="119175074" />
  <Point X="166" Y="236" T="119175102" />
  <Point X="166" Y="234" T="119175141" />
  <Point X="164" Y="231" T="119175205" />
  <Point X="163" Y="229" T="119175237" />
  <Point X="162" Y="227" T="119175264" />
  <Point X="160" Y="226" T="119175292" />
  <Point X="159" Y="224" T="119175320" />
  <Point X="158" Y="222" T="119175350" />
  <Point X="157" Y="220" T="119175382" />
  <Point X="154" Y="216" T="119175415" />
  <Point X="152" Y="214" T="119175444" />
  <Point X="151" Y="212" T="119175473" />
  <Point X="149" Y="209" T="119175501" />
  <Point X="147" Y="205" T="119175530" />
  <Point X="146" Y="203" T="119175560" />
  <Point X="145" Y="200" T="119175590" />
  <Point X="143" Y="199" T="119175619" />
  <Point X="142" Y="197" T="119175649" />
  <Point X="140" Y="195" T="119175678" />
  <Point X="138" Y="193" T="119175709" />
  <Point X="137" Y="190" T="119175742" />
  <Point X="135" Y="188" T="119175773" />
  <Point X="133" Y="186" T="119175774" />
  <Point X="131" Y="185" T="119175806" />
  <Point X="130" Y="183" T="119175837" />
  <Point X="128" Y="181" T="119175870" />
  <Point X="126" Y="182" T="119175927" />
</Gesture>