﻿<?xml version="1.0" encoding="utf-8" standalone="yes"?>
<Gesture Name="triangle05" Subject="5" Speed="slow" Number="5" NumPts="159" Millseconds="5921" AppName="Gestures" AppVer="3.7.0.0" Date="Friday, March 09, 2007" TimeOfDay="9:44:02 PM">
  <Point X="117" Y="173" T="119149958" />
  <Point X="115" Y="173" T="119149982" />
  <Point X="113" Y="174" T="119150026" />
  <Point X="111" Y="176" T="119150050" />
  <Point X="109" Y="176" T="119150067" />
  <Point X="107" Y="178" T="119150082" />
  <Point X="105" Y="180" T="119150098" />
  <Point X="103" Y="182" T="119150110" />
  <Point X="100" Y="183" T="119150126" />
  <Point X="98" Y="184" T="119150142" />
  <Point X="96" Y="186" T="119150158" />
  <Point X="94" Y="189" T="119150170" />
  <Point X="91" Y="190" T="119150186" />
  <Point X="89" Y="192" T="119150198" />
  <Point X="87" Y="193" T="119150214" />
  <Point X="85" Y="195" T="119150231" />
  <Point X="82" Y="196" T="119150251" />
  <Point X="81" Y="198" T="119150263" />
  <Point X="79" Y="200" T="119150288" />
  <Point X="77" Y="202" T="119150308" />
  <Point X="75" Y="203" T="119150328" />
  <Point X="73" Y="205" T="119150349" />
  <Point X="71" Y="206" T="119150373" />
  <Point X="70" Y="208" T="119150402" />
  <Point X="68" Y="209" T="119150437" />
  <Point X="66" Y="210" T="119150461" />
  <Point X="65" Y="212" T="119150493" />
  <Point X="63" Y="215" T="119150533" />
  <Point X="60" Y="216" T="119150573" />
  <Point X="58" Y="218" T="119150613" />
  <Point X="57" Y="220" T="119150633" />
  <Point X="55" Y="222" T="119150661" />
  <Point X="53" Y="223" T="119150693" />
  <Point X="51" Y="225" T="119150746" />
  <Point X="49" Y="226" T="119150778" />
  <Point X="48" Y="229" T="119150791" />
  <Point X="46" Y="229" T="119150832" />
  <Point X="45" Y="231" T="119150856" />
  <Point X="43" Y="233" T="119150900" />
  <Point X="41" Y="235" T="119150924" />
  <Point X="39" Y="237" T="119150969" />
  <Point X="37" Y="237" T="119151026" />
  <Point X="36" Y="239" T="119151066" />
  <Point X="34" Y="240" T="119151103" />
  <Point X="33" Y="243" T="119151183" />
  <Point X="31" Y="245" T="119151239" />
  <Point X="29" Y="246" T="119151303" />
  <Point X="28" Y="248" T="119151328" />
  <Point X="26" Y="248" T="119151397" />
  <Point X="25" Y="250" T="119151425" />
  <Point X="23" Y="251" T="119151473" />
  <Point X="22" Y="253" T="119151509" />
  <Point X="24" Y="251" T="119151650" />
  <Point X="26" Y="251" T="119151690" />
  <Point X="28" Y="250" T="119151727" />
  <Point X="30" Y="251" T="119151768" />
  <Point X="32" Y="251" T="119151795" />
  <Point X="34" Y="251" T="119151840" />
  <Point X="36" Y="250" T="119151864" />
  <Point X="38" Y="250" T="119151888" />
  <Point X="40" Y="250" T="119151912" />
  <Point X="42" Y="250" T="119151931" />
  <Point X="44" Y="250" T="119151964" />
  <Point X="46" Y="250" T="119151992" />
  <Point X="49" Y="250" T="119152021" />
  <Point X="51" Y="250" T="119152050" />
  <Point X="53" Y="251" T="119152082" />
  <Point X="55" Y="250" T="119152106" />
  <Point X="57" Y="250" T="119152134" />
  <Point X="59" Y="251" T="119152154" />
  <Point X="61" Y="252" T="119152182" />
  <Point X="63" Y="251" T="119152210" />
  <Point X="65" Y="251" T="119152234" />
  <Point X="68" Y="251" T="119152263" />
  <Point X="70" Y="251" T="119152296" />
  <Point X="72" Y="250" T="119152321" />
  <Point X="74" Y="250" T="119152342" />
  <Point X="76" Y="249" T="119152362" />
  <Point X="78" Y="250" T="119152384" />
  <Point X="80" Y="249" T="119152405" />
  <Point X="82" Y="250" T="119152433" />
  <Point X="84" Y="249" T="119152460" />
  <Point X="86" Y="249" T="119152493" />
  <Point X="88" Y="249" T="119152520" />
  <Point X="90" Y="249" T="119152552" />
  <Point X="92" Y="249" T="119152576" />
  <Point X="94" Y="249" T="119152604" />
  <Point X="97" Y="249" T="119152636" />
  <Point X="99" Y="249" T="119152660" />
  <Point X="101" Y="250" T="119152688" />
  <Point X="103" Y="249" T="119152716" />
  <Point X="105" Y="250" T="119152749" />
  <Point X="107" Y="251" T="119152778" />
  <Point X="109" Y="251" T="119152808" />
  <Point X="111" Y="250" T="119152833" />
  <Point X="113" Y="252" T="119152861" />
  <Point X="115" Y="251" T="119152889" />
  <Point X="117" Y="251" T="119152916" />
  <Point X="119" Y="252" T="119152948" />
  <Point X="121" Y="252" T="119152976" />
  <Point X="123" Y="252" T="119153004" />
  <Point X="125" Y="253" T="119153037" />
  <Point X="127" Y="253" T="119153069" />
  <Point X="129" Y="252" T="119153097" />
  <Point X="131" Y="253" T="119153142" />
  <Point X="133" Y="253" T="119153190" />
  <Point X="135" Y="253" T="119153222" />
  <Point X="137" Y="254" T="119153254" />
  <Point X="139" Y="254" T="119153287" />
  <Point X="141" Y="253" T="119153335" />
  <Point X="143" Y="254" T="119153376" />
  <Point X="146" Y="254" T="119153417" />
  <Point X="148" Y="254" T="119153457" />
  <Point X="150" Y="254" T="119153485" />
  <Point X="152" Y="254" T="119153522" />
  <Point X="154" Y="256" T="119153562" />
  <Point X="156" Y="255" T="119153598" />
  <Point X="158" Y="255" T="119153643" />
  <Point X="160" Y="255" T="119153675" />
  <Point X="162" Y="255" T="119153719" />
  <Point X="164" Y="254" T="119153800" />
  <Point X="166" Y="252" T="119154049" />
  <Point X="166" Y="250" T="119154157" />
  <Point X="166" Y="248" T="119154225" />
  <Point X="165" Y="246" T="119154256" />
  <Point X="165" Y="244" T="119154309" />
  <Point X="163" Y="242" T="119154377" />
  <Point X="162" Y="240" T="119154462" />
  <Point X="162" Y="238" T="119154502" />
  <Point X="161" Y="236" T="119154559" />
  <Point X="160" Y="233" T="119154595" />
  <Point X="158" Y="232" T="119154668" />
  <Point X="158" Y="230" T="119154700" />
  <Point X="157" Y="228" T="119154732" />
  <Point X="155" Y="226" T="119154804" />
  <Point X="154" Y="224" T="119154837" />
  <Point X="152" Y="222" T="119154884" />
  <Point X="150" Y="220" T="119154944" />
  <Point X="150" Y="218" T="119154977" />
  <Point X="148" Y="216" T="119155014" />
  <Point X="147" Y="214" T="119155072" />
  <Point X="146" Y="212" T="119155108" />
  <Point X="144" Y="210" T="119155156" />
  <Point X="143" Y="208" T="119155204" />
  <Point X="141" Y="206" T="119155240" />
  <Point X="140" Y="204" T="119155275" />
  <Point X="139" Y="202" T="119155312" />
  <Point X="138" Y="200" T="119155347" />
  <Point X="136" Y="198" T="119155401" />
  <Point X="135" Y="196" T="119155437" />
  <Point X="134" Y="194" T="119155477" />
  <Point X="133" Y="192" T="119155526" />
  <Point X="131" Y="190" T="119155574" />
  <Point X="130" Y="188" T="119155616" />
  <Point X="128" Y="187" T="119155667" />
  <Point X="126" Y="186" T="119155762" />
  <Point X="125" Y="184" T="119155799" />
  <Point X="124" Y="182" T="119155842" />
  <Point X="123" Y="180" T="119155879" />
</Gesture>