﻿<?xml version="1.0" encoding="utf-8" standalone="yes"?>
<Gesture Name="triangle07" Subject="5" Speed="slow" Number="7" NumPts="135" Millseconds="4461" AppName="Gestures" AppVer="3.7.0.0" Date="Friday, March 09, 2007" TimeOfDay="9:44:13 PM">
  <Point X="114" Y="180" T="119162425" />
  <Point X="112" Y="182" T="119162529" />
  <Point X="109" Y="182" T="119162545" />
  <Point X="108" Y="184" T="119162556" />
  <Point X="105" Y="185" T="119162573" />
  <Point X="103" Y="187" T="119162585" />
  <Point X="101" Y="188" T="119162601" />
  <Point X="99" Y="190" T="119162617" />
  <Point X="97" Y="191" T="119162633" />
  <Point X="95" Y="192" T="119162646" />
  <Point X="92" Y="194" T="119162663" />
  <Point X="90" Y="197" T="119162675" />
  <Point X="88" Y="198" T="119162687" />
  <Point X="86" Y="200" T="119162699" />
  <Point X="84" Y="202" T="119162716" />
  <Point X="81" Y="204" T="119162733" />
  <Point X="79" Y="205" T="119162750" />
  <Point X="77" Y="206" T="119162766" />
  <Point X="75" Y="209" T="119162782" />
  <Point X="73" Y="210" T="119162803" />
  <Point X="71" Y="213" T="119162815" />
  <Point X="69" Y="214" T="119162842" />
  <Point X="67" Y="216" T="119162859" />
  <Point X="65" Y="218" T="119162879" />
  <Point X="63" Y="219" T="119162899" />
  <Point X="61" Y="221" T="119162915" />
  <Point X="59" Y="222" T="119162935" />
  <Point X="57" Y="224" T="119162959" />
  <Point X="56" Y="226" T="119162983" />
  <Point X="53" Y="228" T="119163011" />
  <Point X="51" Y="230" T="119163031" />
  <Point X="49" Y="232" T="119163059" />
  <Point X="47" Y="234" T="119163087" />
  <Point X="45" Y="236" T="119163119" />
  <Point X="44" Y="238" T="119163143" />
  <Point X="43" Y="240" T="119163192" />
  <Point X="41" Y="240" T="119163244" />
  <Point X="39" Y="242" T="119163280" />
  <Point X="38" Y="245" T="119163328" />
  <Point X="36" Y="246" T="119163380" />
  <Point X="34" Y="248" T="119163480" />
  <Point X="36" Y="247" T="119163762" />
  <Point X="38" Y="247" T="119163786" />
  <Point X="40" Y="246" T="119163815" />
  <Point X="42" Y="247" T="119163839" />
  <Point X="44" Y="247" T="119163867" />
  <Point X="46" Y="248" T="119163891" />
  <Point X="48" Y="247" T="119163918" />
  <Point X="51" Y="248" T="119163942" />
  <Point X="53" Y="249" T="119163966" />
  <Point X="55" Y="248" T="119163983" />
  <Point X="57" Y="248" T="119164002" />
  <Point X="59" Y="248" T="119164019" />
  <Point X="61" Y="248" T="119164039" />
  <Point X="63" Y="249" T="119164060" />
  <Point X="65" Y="249" T="119164077" />
  <Point X="68" Y="248" T="119164098" />
  <Point X="70" Y="248" T="119164118" />
  <Point X="72" Y="249" T="119164138" />
  <Point X="74" Y="249" T="119164155" />
  <Point X="77" Y="249" T="119164174" />
  <Point X="79" Y="248" T="119164191" />
  <Point X="81" Y="248" T="119164208" />
  <Point X="83" Y="248" T="119164227" />
  <Point X="85" Y="249" T="119164247" />
  <Point X="88" Y="248" T="119164266" />
  <Point X="90" Y="250" T="119164286" />
  <Point X="92" Y="249" T="119164305" />
  <Point X="94" Y="249" T="119164324" />
  <Point X="98" Y="249" T="119164344" />
  <Point X="100" Y="249" T="119164364" />
  <Point X="102" Y="249" T="119164383" />
  <Point X="105" Y="249" T="119164403" />
  <Point X="109" Y="249" T="119164424" />
  <Point X="112" Y="248" T="119164444" />
  <Point X="114" Y="248" T="119164465" />
  <Point X="116" Y="248" T="119164486" />
  <Point X="118" Y="248" T="119164507" />
  <Point X="120" Y="248" T="119164528" />
  <Point X="122" Y="249" T="119164550" />
  <Point X="124" Y="248" T="119164579" />
  <Point X="126" Y="250" T="119164616" />
  <Point X="128" Y="249" T="119164640" />
  <Point X="130" Y="250" T="119164672" />
  <Point X="132" Y="249" T="119164716" />
  <Point X="134" Y="249" T="119164789" />
  <Point X="136" Y="250" T="119164825" />
  <Point X="138" Y="250" T="119164857" />
  <Point X="140" Y="250" T="119164892" />
  <Point X="142" Y="250" T="119164929" />
  <Point X="144" Y="251" T="119164970" />
  <Point X="146" Y="250" T="119164999" />
  <Point X="148" Y="250" T="119165032" />
  <Point X="150" Y="251" T="119165084" />
  <Point X="152" Y="251" T="119165125" />
  <Point X="154" Y="252" T="119165166" />
  <Point X="156" Y="252" T="119165206" />
  <Point X="158" Y="253" T="119165255" />
  <Point X="160" Y="253" T="119165327" />
  <Point X="162" Y="253" T="119165428" />
  <Point X="164" Y="253" T="119165509" />
  <Point X="166" Y="251" T="119165589" />
  <Point X="166" Y="249" T="119165686" />
  <Point X="166" Y="247" T="119165755" />
  <Point X="165" Y="245" T="119165828" />
  <Point X="165" Y="243" T="119165860" />
  <Point X="165" Y="241" T="119165887" />
  <Point X="164" Y="239" T="119165932" />
  <Point X="164" Y="236" T="119165959" />
  <Point X="163" Y="234" T="119165992" />
  <Point X="162" Y="232" T="119166054" />
  <Point X="160" Y="230" T="119166108" />
  <Point X="160" Y="228" T="119166136" />
  <Point X="159" Y="226" T="119166176" />
  <Point X="157" Y="224" T="119166229" />
  <Point X="155" Y="222" T="119166264" />
  <Point X="154" Y="220" T="119166305" />
  <Point X="152" Y="218" T="119166334" />
  <Point X="150" Y="216" T="119166363" />
  <Point X="149" Y="214" T="119166392" />
  <Point X="146" Y="212" T="119166423" />
  <Point X="144" Y="211" T="119166453" />
  <Point X="142" Y="210" T="119166483" />
  <Point X="140" Y="208" T="119166519" />
  <Point X="138" Y="206" T="119166550" />
  <Point X="137" Y="203" T="119166581" />
  <Point X="135" Y="201" T="119166613" />
  <Point X="133" Y="199" T="119166645" />
  <Point X="132" Y="197" T="119166676" />
  <Point X="130" Y="195" T="119166709" />
  <Point X="129" Y="193" T="119166744" />
  <Point X="128" Y="190" T="119166780" />
  <Point X="126" Y="189" T="119166821" />
  <Point X="125" Y="187" T="119166853" />
  <Point X="123" Y="184" T="119166886" />
</Gesture>