﻿<?xml version="1.0" encoding="utf-8" standalone="yes"?>
<Gesture Name="triangle01" Subject="5" Speed="slow" Number="1" NumPts="157" Millseconds="4572" AppName="Gestures" AppVer="3.7.0.0" Date="Friday, March 09, 2007" TimeOfDay="9:43:37 PM">
  <Point X="105" Y="159" T="119126873" />
  <Point X="103" Y="161" T="119126928" />
  <Point X="102" Y="163" T="119126956" />
  <Point X="99" Y="166" T="119126984" />
  <Point X="97" Y="168" T="119127012" />
  <Point X="95" Y="170" T="119127036" />
  <Point X="94" Y="172" T="119127048" />
  <Point X="93" Y="174" T="119127060" />
  <Point X="92" Y="177" T="119127076" />
  <Point X="90" Y="177" T="119127097" />
  <Point X="89" Y="179" T="119127109" />
  <Point X="87" Y="183" T="119127125" />
  <Point X="86" Y="185" T="119127145" />
  <Point X="84" Y="187" T="119127161" />
  <Point X="82" Y="189" T="119127182" />
  <Point X="81" Y="191" T="119127191" />
  <Point X="80" Y="193" T="119127203" />
  <Point X="78" Y="195" T="119127219" />
  <Point X="76" Y="197" T="119127239" />
  <Point X="74" Y="199" T="119127259" />
  <Point X="72" Y="201" T="119127276" />
  <Point X="71" Y="203" T="119127288" />
  <Point X="68" Y="206" T="119127311" />
  <Point X="67" Y="208" T="119127327" />
  <Point X="65" Y="210" T="119127339" />
  <Point X="63" Y="212" T="119127364" />
  <Point X="62" Y="214" T="119127380" />
  <Point X="60" Y="216" T="119127396" />
  <Point X="58" Y="218" T="119127420" />
  <Point X="56" Y="221" T="119127440" />
  <Point X="54" Y="223" T="119127456" />
  <Point X="52" Y="225" T="119127471" />
  <Point X="51" Y="227" T="119127484" />
  <Point X="49" Y="228" T="119127503" />
  <Point X="47" Y="230" T="119127519" />
  <Point X="45" Y="232" T="119127536" />
  <Point X="44" Y="234" T="119127557" />
  <Point X="42" Y="237" T="119127581" />
  <Point X="40" Y="239" T="119127605" />
  <Point X="38" Y="241" T="119127625" />
  <Point X="36" Y="243" T="119127650" />
  <Point X="34" Y="246" T="119127670" />
  <Point X="33" Y="248" T="119127690" />
  <Point X="31" Y="249" T="119127719" />
  <Point X="29" Y="251" T="119127739" />
  <Point X="27" Y="253" T="119127759" />
  <Point X="26" Y="255" T="119127779" />
  <Point X="24" Y="257" T="119127819" />
  <Point X="26" Y="259" T="119128069" />
  <Point X="28" Y="258" T="119128117" />
  <Point X="30" Y="258" T="119128149" />
  <Point X="32" Y="258" T="119128174" />
  <Point X="34" Y="258" T="119128203" />
  <Point X="36" Y="257" T="119128224" />
  <Point X="38" Y="258" T="119128245" />
  <Point X="40" Y="258" T="119128264" />
  <Point X="43" Y="258" T="119128285" />
  <Point X="45" Y="258" T="119128304" />
  <Point X="47" Y="258" T="119128321" />
  <Point X="49" Y="257" T="119128340" />
  <Point X="51" Y="258" T="119128360" />
  <Point X="53" Y="258" T="119128380" />
  <Point X="55" Y="258" T="119128401" />
  <Point X="57" Y="258" T="119128420" />
  <Point X="59" Y="258" T="119128444" />
  <Point X="61" Y="258" T="119128464" />
  <Point X="63" Y="259" T="119128484" />
  <Point X="65" Y="258" T="119128508" />
  <Point X="67" Y="259" T="119128532" />
  <Point X="69" Y="259" T="119128557" />
  <Point X="72" Y="259" T="119128581" />
  <Point X="74" Y="259" T="119128602" />
  <Point X="76" Y="259" T="119128629" />
  <Point X="78" Y="259" T="119128650" />
  <Point X="80" Y="260" T="119128673" />
  <Point X="82" Y="261" T="119128706" />
  <Point X="84" Y="261" T="119128727" />
  <Point X="86" Y="260" T="119128755" />
  <Point X="88" Y="262" T="119128787" />
  <Point X="90" Y="262" T="119128819" />
  <Point X="92" Y="262" T="119128847" />
  <Point X="94" Y="263" T="119128879" />
  <Point X="97" Y="263" T="119128907" />
  <Point X="99" Y="263" T="119128939" />
  <Point X="101" Y="263" T="119128971" />
  <Point X="103" Y="263" T="119129007" />
  <Point X="105" Y="263" T="119129030" />
  <Point X="107" Y="263" T="119129052" />
  <Point X="109" Y="263" T="119129075" />
  <Point X="111" Y="263" T="119129103" />
  <Point X="114" Y="263" T="119129135" />
  <Point X="116" Y="263" T="119129160" />
  <Point X="118" Y="262" T="119129185" />
  <Point X="120" Y="263" T="119129214" />
  <Point X="122" Y="263" T="119129240" />
  <Point X="124" Y="264" T="119129265" />
  <Point X="126" Y="264" T="119129290" />
  <Point X="128" Y="263" T="119129316" />
  <Point X="130" Y="264" T="119129344" />
  <Point X="134" Y="263" T="119129371" />
  <Point X="136" Y="263" T="119129398" />
  <Point X="138" Y="263" T="119129427" />
  <Point X="140" Y="262" T="119129453" />
  <Point X="142" Y="263" T="119129480" />
  <Point X="144" Y="262" T="119129507" />
  <Point X="146" Y="264" T="119129536" />
  <Point X="148" Y="263" T="119129563" />
  <Point X="151" Y="264" T="119129591" />
  <Point X="153" Y="263" T="119129631" />
  <Point X="155" Y="264" T="119129671" />
  <Point X="157" Y="264" T="119129712" />
  <Point X="159" Y="264" T="119129753" />
  <Point X="161" Y="264" T="119129813" />
  <Point X="163" Y="264" T="119129844" />
  <Point X="165" Y="264" T="119129877" />
  <Point X="167" Y="264" T="119129928" />
  <Point X="168" Y="262" T="119129969" />
  <Point X="169" Y="259" T="119130037" />
  <Point X="169" Y="257" T="119130094" />
  <Point X="169" Y="254" T="119130126" />
  <Point X="168" Y="252" T="119130166" />
  <Point X="168" Y="250" T="119130202" />
  <Point X="167" Y="248" T="119130246" />
  <Point X="166" Y="245" T="119130276" />
  <Point X="166" Y="243" T="119130310" />
  <Point X="165" Y="240" T="119130342" />
  <Point X="164" Y="238" T="119130386" />
  <Point X="163" Y="236" T="119130417" />
  <Point X="162" Y="234" T="119130449" />
  <Point X="161" Y="232" T="119130486" />
  <Point X="160" Y="230" T="119130519" />
  <Point X="159" Y="228" T="119130551" />
  <Point X="159" Y="226" T="119130583" />
  <Point X="158" Y="224" T="119130616" />
  <Point X="156" Y="222" T="119130648" />
  <Point X="155" Y="220" T="119130681" />
  <Point X="153" Y="218" T="119130714" />
  <Point X="152" Y="216" T="119130748" />
  <Point X="150" Y="212" T="119130782" />
  <Point X="149" Y="209" T="119130816" />
  <Point X="148" Y="207" T="119130850" />
  <Point X="147" Y="205" T="119130885" />
  <Point X="145" Y="202" T="119130920" />
  <Point X="144" Y="200" T="119130954" />
  <Point X="142" Y="198" T="119130999" />
  <Point X="142" Y="196" T="119131034" />
  <Point X="140" Y="194" T="119131069" />
  <Point X="139" Y="192" T="119131104" />
  <Point X="137" Y="190" T="119131140" />
  <Point X="136" Y="188" T="119131176" />
  <Point X="134" Y="185" T="119131212" />
  <Point X="133" Y="181" T="119131248" />
  <Point X="129" Y="177" T="119131285" />
  <Point X="126" Y="173" T="119131322" />
  <Point X="122" Y="164" T="119131360" />
  <Point X="118" Y="160" T="119131398" />
  <Point X="116" Y="159" T="119131445" />
</Gesture>