﻿<?xml version="1.0" encoding="utf-8" standalone="yes"?>
<Gesture Name="v01" Subject="5" Speed="slow" Number="1" NumPts="90" Millseconds="2835" AppName="Gestures" AppVer="3.7.0.0" Date="Friday, March 09, 2007" TimeOfDay="9:35:24 PM">
  <Point X="68" Y="155" T="118634617" />
  <Point X="70" Y="156" T="118634749" />
  <Point X="72" Y="157" T="118634823" />
  <Point X="74" Y="158" T="118634864" />
  <Point X="75" Y="161" T="118634900" />
  <Point X="76" Y="163" T="118634941" />
  <Point X="78" Y="165" T="118634977" />
  <Point X="80" Y="167" T="118635009" />
  <Point X="81" Y="169" T="118635034" />
  <Point X="82" Y="171" T="118635055" />
  <Point X="84" Y="172" T="118635091" />
  <Point X="85" Y="174" T="118635110" />
  <Point X="87" Y="175" T="118635147" />
  <Point X="89" Y="177" T="118635192" />
  <Point X="89" Y="180" T="118635241" />
  <Point X="91" Y="182" T="118635273" />
  <Point X="93" Y="184" T="118635337" />
  <Point X="94" Y="186" T="118635366" />
  <Point X="95" Y="188" T="118635405" />
  <Point X="97" Y="190" T="118635453" />
  <Point X="97" Y="192" T="118635481" />
  <Point X="99" Y="194" T="118635548" />
  <Point X="101" Y="197" T="118635605" />
  <Point X="102" Y="199" T="118635649" />
  <Point X="102" Y="201" T="118635678" />
  <Point X="104" Y="202" T="118635730" />
  <Point X="105" Y="204" T="118635745" />
  <Point X="106" Y="207" T="118635818" />
  <Point X="107" Y="209" T="118635846" />
  <Point X="108" Y="211" T="118635883" />
  <Point X="109" Y="213" T="118635911" />
  <Point X="110" Y="215" T="118635956" />
  <Point X="111" Y="217" T="118635985" />
  <Point X="112" Y="219" T="118636005" />
  <Point X="113" Y="221" T="118636050" />
  <Point X="114" Y="223" T="118636086" />
  <Point X="115" Y="225" T="118636106" />
  <Point X="115" Y="228" T="118636151" />
  <Point X="116" Y="230" T="118636179" />
  <Point X="116" Y="232" T="118636192" />
  <Point X="116" Y="234" T="118636227" />
  <Point X="117" Y="236" T="118636254" />
  <Point X="117" Y="238" T="118636278" />
  <Point X="118" Y="240" T="118636329" />
  <Point X="119" Y="242" T="118636365" />
  <Point X="120" Y="245" T="118636402" />
  <Point X="121" Y="247" T="118636518" />
  <Point X="121" Y="245" T="118636582" />
  <Point X="122" Y="242" T="118636622" />
  <Point X="122" Y="240" T="118636638" />
  <Point X="122" Y="238" T="118636658" />
  <Point X="123" Y="235" T="118636683" />
  <Point X="123" Y="233" T="118636699" />
  <Point X="124" Y="230" T="118636716" />
  <Point X="124" Y="228" T="118636732" />
  <Point X="125" Y="226" T="118636748" />
  <Point X="126" Y="224" T="118636772" />
  <Point X="127" Y="221" T="118636793" />
  <Point X="128" Y="219" T="118636810" />
  <Point X="129" Y="217" T="118636827" />
  <Point X="130" Y="215" T="118636844" />
  <Point X="132" Y="213" T="118636862" />
  <Point X="133" Y="211" T="118636880" />
  <Point X="135" Y="208" T="118636898" />
  <Point X="136" Y="205" T="118636916" />
  <Point X="139" Y="203" T="118636937" />
  <Point X="140" Y="201" T="118636956" />
  <Point X="143" Y="196" T="118636978" />
  <Point X="146" Y="192" T="118637000" />
  <Point X="148" Y="190" T="118637019" />
  <Point X="150" Y="187" T="118637039" />
  <Point X="151" Y="185" T="118637058" />
  <Point X="153" Y="182" T="118637078" />
  <Point X="155" Y="180" T="118637098" />
  <Point X="157" Y="178" T="118637118" />
  <Point X="158" Y="176" T="118637141" />
  <Point X="160" Y="173" T="118637162" />
  <Point X="162" Y="171" T="118637183" />
  <Point X="162" Y="169" T="118637204" />
  <Point X="164" Y="168" T="118637225" />
  <Point X="165" Y="166" T="118637247" />
  <Point X="167" Y="164" T="118637269" />
  <Point X="168" Y="162" T="118637291" />
  <Point X="169" Y="160" T="118637313" />
  <Point X="171" Y="157" T="118637335" />
  <Point X="173" Y="155" T="118637359" />
  <Point X="175" Y="155" T="118637382" />
  <Point X="177" Y="153" T="118637406" />
  <Point X="179" Y="151" T="118637429" />
  <Point X="181" Y="150" T="118637452" />
</Gesture>