﻿<?xml version="1.0" encoding="utf-8" standalone="yes"?>
<Gesture Name="v02" Subject="5" Speed="slow" Number="2" NumPts="88" Millseconds="2071" AppName="Gestures" AppVer="3.7.0.0" Date="Friday, March 09, 2007" TimeOfDay="9:35:27 PM">
  <Point X="78" Y="156" T="118638558" />
  <Point X="80" Y="157" T="118638606" />
  <Point X="83" Y="159" T="118638634" />
  <Point X="85" Y="159" T="118638659" />
  <Point X="87" Y="159" T="118638680" />
  <Point X="89" Y="161" T="118638704" />
  <Point X="91" Y="163" T="118638736" />
  <Point X="93" Y="165" T="118638773" />
  <Point X="94" Y="167" T="118638802" />
  <Point X="96" Y="169" T="118638827" />
  <Point X="98" Y="171" T="118638844" />
  <Point X="100" Y="174" T="118638868" />
  <Point X="102" Y="175" T="118638897" />
  <Point X="104" Y="178" T="118638930" />
  <Point X="105" Y="180" T="118638950" />
  <Point X="107" Y="183" T="118638978" />
  <Point X="109" Y="185" T="118639011" />
  <Point X="111" Y="188" T="118639036" />
  <Point X="112" Y="190" T="118639060" />
  <Point X="114" Y="193" T="118639080" />
  <Point X="115" Y="195" T="118639104" />
  <Point X="117" Y="197" T="118639132" />
  <Point X="117" Y="199" T="118639144" />
  <Point X="118" Y="201" T="118639156" />
  <Point X="119" Y="203" T="118639172" />
  <Point X="119" Y="206" T="118639184" />
  <Point X="121" Y="208" T="118639204" />
  <Point X="122" Y="210" T="118639228" />
  <Point X="122" Y="212" T="118639244" />
  <Point X="123" Y="214" T="118639268" />
  <Point X="123" Y="216" T="118639285" />
  <Point X="124" Y="218" T="118639297" />
  <Point X="124" Y="220" T="118639322" />
  <Point X="125" Y="223" T="118639354" />
  <Point X="126" Y="225" T="118639375" />
  <Point X="126" Y="227" T="118639404" />
  <Point X="127" Y="229" T="118639432" />
  <Point X="127" Y="232" T="118639473" />
  <Point X="128" Y="234" T="118639517" />
  <Point X="128" Y="237" T="118639542" />
  <Point X="129" Y="239" T="118639582" />
  <Point X="129" Y="241" T="118639599" />
  <Point X="130" Y="243" T="118639650" />
  <Point X="131" Y="245" T="118639670" />
  <Point X="131" Y="248" T="118639695" />
  <Point X="131" Y="250" T="118639719" />
  <Point X="131" Y="252" T="118639750" />
  <Point X="132" Y="250" T="118639850" />
  <Point X="132" Y="248" T="118639878" />
  <Point X="132" Y="246" T="118639893" />
  <Point X="133" Y="243" T="118639909" />
  <Point X="134" Y="241" T="118639927" />
  <Point X="135" Y="239" T="118639945" />
  <Point X="136" Y="237" T="118639961" />
  <Point X="137" Y="234" T="118639962" />
  <Point X="138" Y="232" T="118639979" />
  <Point X="139" Y="229" T="118639996" />
  <Point X="141" Y="227" T="118640012" />
  <Point X="143" Y="222" T="118640029" />
  <Point X="144" Y="218" T="118640047" />
  <Point X="145" Y="216" T="118640067" />
  <Point X="146" Y="213" T="118640084" />
  <Point X="147" Y="211" T="118640102" />
  <Point X="149" Y="207" T="118640120" />
  <Point X="150" Y="205" T="118640142" />
  <Point X="150" Y="203" T="118640160" />
  <Point X="152" Y="200" T="118640187" />
  <Point X="153" Y="197" T="118640207" />
  <Point X="155" Y="195" T="118640235" />
  <Point X="157" Y="193" T="118640271" />
  <Point X="158" Y="191" T="118640290" />
  <Point X="159" Y="188" T="118640310" />
  <Point X="160" Y="186" T="118640330" />
  <Point X="161" Y="184" T="118640331" />
  <Point X="164" Y="182" T="118640355" />
  <Point X="165" Y="180" T="118640375" />
  <Point X="166" Y="178" T="118640396" />
  <Point X="168" Y="177" T="118640417" />
  <Point X="170" Y="175" T="118640439" />
  <Point X="172" Y="172" T="118640440" />
  <Point X="174" Y="171" T="118640461" />
  <Point X="175" Y="168" T="118640483" />
  <Point X="177" Y="166" T="118640505" />
  <Point X="179" Y="164" T="118640527" />
  <Point X="181" Y="162" T="118640550" />
  <Point X="187" Y="157" T="118640582" />
  <Point X="192" Y="154" T="118640605" />
  <Point X="194" Y="152" T="118640629" />
</Gesture>