﻿<?xml version="1.0" encoding="utf-8" standalone="yes"?>
<Gesture Name="v03" Subject="5" Speed="slow" Number="3" NumPts="84" Millseconds="2247" AppName="Gestures" AppVer="3.7.0.0" Date="Friday, March 09, 2007" TimeOfDay="9:35:31 PM">
  <Point X="66" Y="157" T="118641663" />
  <Point X="66" Y="155" T="118641679" />
  <Point X="68" Y="155" T="118641748" />
  <Point X="70" Y="157" T="118641780" />
  <Point X="72" Y="156" T="118641809" />
  <Point X="74" Y="158" T="118641833" />
  <Point X="76" Y="159" T="118641869" />
  <Point X="78" Y="161" T="118641909" />
  <Point X="79" Y="163" T="118641929" />
  <Point X="81" Y="163" T="118641964" />
  <Point X="82" Y="165" T="118641988" />
  <Point X="84" Y="166" T="118642025" />
  <Point X="85" Y="168" T="118642045" />
  <Point X="87" Y="169" T="118642074" />
  <Point X="88" Y="171" T="118642095" />
  <Point X="90" Y="173" T="118642148" />
  <Point X="92" Y="175" T="118642169" />
  <Point X="93" Y="177" T="118642205" />
  <Point X="94" Y="179" T="118642229" />
  <Point X="96" Y="182" T="118642269" />
  <Point X="97" Y="184" T="118642289" />
  <Point X="98" Y="186" T="118642309" />
  <Point X="100" Y="188" T="118642342" />
  <Point X="102" Y="190" T="118642378" />
  <Point X="103" Y="193" T="118642402" />
  <Point X="104" Y="195" T="118642426" />
  <Point X="105" Y="197" T="118642458" />
  <Point X="107" Y="200" T="118642494" />
  <Point X="108" Y="202" T="118642530" />
  <Point X="110" Y="204" T="118642554" />
  <Point X="110" Y="206" T="118642574" />
  <Point X="111" Y="208" T="118642594" />
  <Point X="113" Y="210" T="118642617" />
  <Point X="114" Y="212" T="118642642" />
  <Point X="114" Y="214" T="118642654" />
  <Point X="115" Y="216" T="118642678" />
  <Point X="116" Y="218" T="118642695" />
  <Point X="118" Y="221" T="118642730" />
  <Point X="119" Y="223" T="118642762" />
  <Point X="120" Y="225" T="118642799" />
  <Point X="121" Y="227" T="118642827" />
  <Point X="122" Y="230" T="118642851" />
  <Point X="123" Y="232" T="118642871" />
  <Point X="124" Y="234" T="118642916" />
  <Point X="125" Y="236" T="118642940" />
  <Point X="126" Y="238" T="118642972" />
  <Point X="126" Y="240" T="118643021" />
  <Point X="127" Y="242" T="118643062" />
  <Point X="129" Y="242" T="118643278" />
  <Point X="129" Y="239" T="118643302" />
  <Point X="130" Y="237" T="118643317" />
  <Point X="130" Y="235" T="118643333" />
  <Point X="131" Y="232" T="118643348" />
  <Point X="133" Y="228" T="118643365" />
  <Point X="133" Y="226" T="118643381" />
  <Point X="135" Y="223" T="118643397" />
  <Point X="136" Y="221" T="118643413" />
  <Point X="138" Y="216" T="118643430" />
  <Point X="139" Y="214" T="118643447" />
  <Point X="141" Y="211" T="118643464" />
  <Point X="142" Y="209" T="118643482" />
  <Point X="143" Y="207" T="118643483" />
  <Point X="144" Y="205" T="118643501" />
  <Point X="145" Y="202" T="118643519" />
  <Point X="147" Y="200" T="118643537" />
  <Point X="150" Y="195" T="118643556" />
  <Point X="152" Y="192" T="118643575" />
  <Point X="154" Y="190" T="118643595" />
  <Point X="156" Y="188" T="118643614" />
  <Point X="157" Y="185" T="118643634" />
  <Point X="159" Y="184" T="118643656" />
  <Point X="160" Y="182" T="118643676" />
  <Point X="162" Y="179" T="118643696" />
  <Point X="164" Y="178" T="118643716" />
  <Point X="168" Y="174" T="118643736" />
  <Point X="170" Y="172" T="118643757" />
  <Point X="172" Y="171" T="118643778" />
  <Point X="173" Y="169" T="118643799" />
  <Point X="175" Y="167" T="118643820" />
  <Point X="177" Y="165" T="118643842" />
  <Point X="179" Y="163" T="118643843" />
  <Point X="180" Y="160" T="118643865" />
  <Point X="184" Y="157" T="118643887" />
  <Point X="186" Y="156" T="118643910" />
</Gesture>