﻿<?xml version="1.0" encoding="utf-8" standalone="yes"?>
<Gesture Name="v04" Subject="5" Speed="slow" Number="4" NumPts="84" Millseconds="2066" AppName="Gestures" AppVer="3.7.0.0" Date="Friday, March 09, 2007" TimeOfDay="9:35:37 PM">
  <Point X="77" Y="157" T="118648670" />
  <Point X="75" Y="155" T="118648678" />
  <Point X="77" Y="156" T="118648810" />
  <Point X="80" Y="157" T="118648839" />
  <Point X="82" Y="159" T="118648871" />
  <Point X="84" Y="160" T="118648908" />
  <Point X="85" Y="162" T="118648928" />
  <Point X="85" Y="164" T="118648952" />
  <Point X="87" Y="166" T="118648979" />
  <Point X="89" Y="167" T="118649012" />
  <Point X="90" Y="169" T="118649032" />
  <Point X="91" Y="172" T="118649052" />
  <Point X="92" Y="174" T="118649072" />
  <Point X="93" Y="176" T="118649100" />
  <Point X="95" Y="178" T="118649129" />
  <Point X="96" Y="180" T="118649162" />
  <Point X="98" Y="182" T="118649182" />
  <Point X="98" Y="184" T="118649195" />
  <Point X="100" Y="187" T="118649222" />
  <Point X="101" Y="189" T="118649238" />
  <Point X="102" Y="192" T="118649262" />
  <Point X="103" Y="194" T="118649291" />
  <Point X="104" Y="196" T="118649307" />
  <Point X="105" Y="198" T="118649327" />
  <Point X="105" Y="201" T="118649343" />
  <Point X="106" Y="203" T="118649372" />
  <Point X="107" Y="205" T="118649401" />
  <Point X="108" Y="208" T="118649424" />
  <Point X="109" Y="210" T="118649461" />
  <Point X="110" Y="212" T="118649477" />
  <Point X="111" Y="215" T="118649505" />
  <Point X="112" Y="217" T="118649534" />
  <Point X="112" Y="219" T="118649550" />
  <Point X="113" Y="221" T="118649567" />
  <Point X="114" Y="223" T="118649591" />
  <Point X="115" Y="225" T="118649623" />
  <Point X="115" Y="227" T="118649656" />
  <Point X="116" Y="230" T="118649670" />
  <Point X="116" Y="232" T="118649692" />
  <Point X="116" Y="234" T="118649708" />
  <Point X="117" Y="236" T="118649732" />
  <Point X="118" Y="238" T="118649748" />
  <Point X="119" Y="241" T="118649788" />
  <Point X="120" Y="243" T="118649812" />
  <Point X="120" Y="246" T="118649832" />
  <Point X="121" Y="248" T="118649853" />
  <Point X="122" Y="250" T="118649958" />
  <Point X="122" Y="248" T="118650042" />
  <Point X="121" Y="245" T="118650075" />
  <Point X="121" Y="243" T="118650090" />
  <Point X="122" Y="241" T="118650105" />
  <Point X="122" Y="239" T="118650121" />
  <Point X="122" Y="235" T="118650136" />
  <Point X="123" Y="231" T="118650152" />
  <Point X="124" Y="229" T="118650168" />
  <Point X="124" Y="226" T="118650185" />
  <Point X="125" Y="223" T="118650202" />
  <Point X="126" Y="221" T="118650218" />
  <Point X="127" Y="219" T="118650236" />
  <Point X="128" Y="217" T="118650253" />
  <Point X="130" Y="215" T="118650271" />
  <Point X="131" Y="213" T="118650289" />
  <Point X="132" Y="210" T="118650306" />
  <Point X="133" Y="208" T="118650324" />
  <Point X="134" Y="206" T="118650342" />
  <Point X="135" Y="203" T="118650361" />
  <Point X="138" Y="199" T="118650380" />
  <Point X="139" Y="197" T="118650398" />
  <Point X="141" Y="195" T="118650418" />
  <Point X="144" Y="191" T="118650437" />
  <Point X="146" Y="189" T="118650456" />
  <Point X="149" Y="186" T="118650476" />
  <Point X="151" Y="184" T="118650496" />
  <Point X="154" Y="179" T="118650517" />
  <Point X="156" Y="177" T="118650537" />
  <Point X="158" Y="175" T="118650558" />
  <Point X="161" Y="170" T="118650579" />
  <Point X="163" Y="168" T="118650600" />
  <Point X="166" Y="164" T="118650622" />
  <Point X="168" Y="162" T="118650643" />
  <Point X="169" Y="160" T="118650665" />
  <Point X="174" Y="155" T="118650692" />
  <Point X="177" Y="154" T="118650714" />
  <Point X="180" Y="150" T="118650736" />
</Gesture>