﻿<?xml version="1.0" encoding="utf-8" standalone="yes"?>
<Gesture Name="v05" Subject="5" Speed="slow" Number="5" NumPts="83" Millseconds="1892" AppName="Gestures" AppVer="3.7.0.0" Date="Friday, March 09, 2007" TimeOfDay="9:35:40 PM">
  <Point X="77" Y="158" T="118651475" />
  <Point X="79" Y="157" T="118651555" />
  <Point X="81" Y="158" T="118651586" />
  <Point X="83" Y="159" T="118651623" />
  <Point X="84" Y="161" T="118651643" />
  <Point X="85" Y="163" T="118651660" />
  <Point X="87" Y="164" T="118651688" />
  <Point X="88" Y="166" T="118651700" />
  <Point X="90" Y="168" T="118651725" />
  <Point X="92" Y="168" T="118651746" />
  <Point X="94" Y="169" T="118651767" />
  <Point X="95" Y="172" T="118651791" />
  <Point X="96" Y="174" T="118651806" />
  <Point X="98" Y="175" T="118651835" />
  <Point X="99" Y="178" T="118651851" />
  <Point X="101" Y="180" T="118651884" />
  <Point X="103" Y="183" T="118651908" />
  <Point X="104" Y="185" T="118651928" />
  <Point X="105" Y="187" T="118651939" />
  <Point X="107" Y="189" T="118651972" />
  <Point X="108" Y="191" T="118651992" />
  <Point X="110" Y="193" T="118652008" />
  <Point X="111" Y="196" T="118652028" />
  <Point X="112" Y="198" T="118652052" />
  <Point X="114" Y="200" T="118652076" />
  <Point X="115" Y="202" T="118652104" />
  <Point X="116" Y="204" T="118652136" />
  <Point X="116" Y="206" T="118652160" />
  <Point X="117" Y="208" T="118652177" />
  <Point X="118" Y="210" T="118652205" />
  <Point X="119" Y="212" T="118652225" />
  <Point X="121" Y="215" T="118652250" />
  <Point X="122" Y="217" T="118652270" />
  <Point X="122" Y="220" T="118652283" />
  <Point X="124" Y="222" T="118652311" />
  <Point X="125" Y="224" T="118652328" />
  <Point X="126" Y="226" T="118652343" />
  <Point X="126" Y="228" T="118652356" />
  <Point X="127" Y="230" T="118652376" />
  <Point X="128" Y="233" T="118652389" />
  <Point X="129" Y="235" T="118652403" />
  <Point X="129" Y="237" T="118652418" />
  <Point X="130" Y="239" T="118652433" />
  <Point X="131" Y="242" T="118652449" />
  <Point X="131" Y="244" T="118652472" />
  <Point X="132" Y="247" T="118652488" />
  <Point X="132" Y="249" T="118652508" />
  <Point X="132" Y="251" T="118652524" />
  <Point X="132" Y="253" T="118652604" />
  <Point X="133" Y="251" T="118652764" />
  <Point X="133" Y="248" T="118652784" />
  <Point X="134" Y="245" T="118652808" />
  <Point X="134" Y="243" T="118652824" />
  <Point X="135" Y="241" T="118652840" />
  <Point X="135" Y="239" T="118652841" />
  <Point X="136" Y="237" T="118652857" />
  <Point X="137" Y="234" T="118652874" />
  <Point X="138" Y="230" T="118652891" />
  <Point X="138" Y="227" T="118652907" />
  <Point X="140" Y="224" T="118652925" />
  <Point X="141" Y="220" T="118652942" />
  <Point X="142" Y="218" T="118652960" />
  <Point X="144" Y="213" T="118652978" />
  <Point X="146" Y="209" T="118652996" />
  <Point X="148" Y="207" T="118653015" />
  <Point X="150" Y="202" T="118653033" />
  <Point X="151" Y="200" T="118653052" />
  <Point X="153" Y="197" T="118653071" />
  <Point X="155" Y="195" T="118653072" />
  <Point X="156" Y="193" T="118653092" />
  <Point X="159" Y="190" T="118653114" />
  <Point X="162" Y="184" T="118653134" />
  <Point X="164" Y="182" T="118653155" />
  <Point X="166" Y="178" T="118653175" />
  <Point X="167" Y="176" T="118653195" />
  <Point X="171" Y="171" T="118653217" />
  <Point X="172" Y="169" T="118653237" />
  <Point X="174" Y="167" T="118653258" />
  <Point X="177" Y="163" T="118653280" />
  <Point X="179" Y="162" T="118653301" />
  <Point X="180" Y="160" T="118653323" />
  <Point X="184" Y="158" T="118653345" />
  <Point X="187" Y="156" T="118653367" />
</Gesture>