﻿<?xml version="1.0" encoding="utf-8" standalone="yes"?>
<Gesture Name="v06" Subject="5" Speed="slow" Number="6" NumPts="80" Millseconds="1500" AppName="Gestures" AppVer="3.7.0.0" Date="Friday, March 09, 2007" TimeOfDay="9:35:42 PM">
  <Point X="78" Y="158" T="118654084" />
  <Point X="80" Y="159" T="118654121" />
  <Point X="82" Y="159" T="118654141" />
  <Point X="84" Y="160" T="118654156" />
  <Point X="87" Y="162" T="118654176" />
  <Point X="88" Y="164" T="118654183" />
  <Point X="90" Y="164" T="118654199" />
  <Point X="92" Y="166" T="118654219" />
  <Point X="94" Y="168" T="118654231" />
  <Point X="96" Y="170" T="118654251" />
  <Point X="96" Y="172" T="118654263" />
  <Point X="98" Y="174" T="118654283" />
  <Point X="99" Y="176" T="118654296" />
  <Point X="101" Y="178" T="118654312" />
  <Point X="103" Y="179" T="118654329" />
  <Point X="105" Y="181" T="118654342" />
  <Point X="107" Y="182" T="118654358" />
  <Point X="108" Y="184" T="118654369" />
  <Point X="110" Y="186" T="118654386" />
  <Point X="111" Y="189" T="118654398" />
  <Point X="113" Y="191" T="118654418" />
  <Point X="113" Y="193" T="118654435" />
  <Point X="114" Y="195" T="118654451" />
  <Point X="116" Y="198" T="118654471" />
  <Point X="117" Y="200" T="118654484" />
  <Point X="117" Y="202" T="118654496" />
  <Point X="118" Y="204" T="118654508" />
  <Point X="119" Y="206" T="118654524" />
  <Point X="119" Y="208" T="118654540" />
  <Point X="120" Y="210" T="118654556" />
  <Point X="121" Y="212" T="118654570" />
  <Point X="121" Y="215" T="118654581" />
  <Point X="122" Y="217" T="118654600" />
  <Point X="122" Y="219" T="118654612" />
  <Point X="123" Y="221" T="118654624" />
  <Point X="123" Y="223" T="118654636" />
  <Point X="124" Y="225" T="118654649" />
  <Point X="125" Y="227" T="118654673" />
  <Point X="126" Y="230" T="118654686" />
  <Point X="126" Y="233" T="118654701" />
  <Point X="127" Y="235" T="118654716" />
  <Point X="127" Y="237" T="118654731" />
  <Point X="127" Y="239" T="118654745" />
  <Point X="128" Y="242" T="118654759" />
  <Point X="128" Y="244" T="118654782" />
  <Point X="128" Y="247" T="118654806" />
  <Point X="128" Y="249" T="118654820" />
  <Point X="129" Y="251" T="118654866" />
  <Point X="129" Y="248" T="118655015" />
  <Point X="130" Y="246" T="118655031" />
  <Point X="130" Y="244" T="118655059" />
  <Point X="131" Y="241" T="118655075" />
  <Point X="131" Y="239" T="118655090" />
  <Point X="132" Y="237" T="118655092" />
  <Point X="133" Y="235" T="118655108" />
  <Point X="134" Y="230" T="118655124" />
  <Point X="134" Y="228" T="118655141" />
  <Point X="135" Y="226" T="118655158" />
  <Point X="137" Y="221" T="118655177" />
  <Point X="137" Y="218" T="118655194" />
  <Point X="140" Y="214" T="118655212" />
  <Point X="140" Y="212" T="118655229" />
  <Point X="143" Y="207" T="118655248" />
  <Point X="143" Y="205" T="118655266" />
  <Point X="145" Y="202" T="118655284" />
  <Point X="147" Y="197" T="118655303" />
  <Point X="149" Y="195" T="118655321" />
  <Point X="150" Y="192" T="118655340" />
  <Point X="153" Y="187" T="118655360" />
  <Point X="155" Y="185" T="118655380" />
  <Point X="158" Y="182" T="118655399" />
  <Point X="161" Y="177" T="118655419" />
  <Point X="164" Y="173" T="118655439" />
  <Point X="168" Y="168" T="118655459" />
  <Point X="169" Y="166" T="118655480" />
  <Point X="174" Y="161" T="118655500" />
  <Point X="176" Y="159" T="118655521" />
  <Point X="180" Y="157" T="118655542" />
  <Point X="184" Y="154" T="118655563" />
  <Point X="187" Y="153" T="118655584" />
</Gesture>