﻿<?xml version="1.0" encoding="utf-8" standalone="yes"?>
<Gesture Name="v07" Subject="5" Speed="slow" Number="7" NumPts="80" Millseconds="1537" AppName="Gestures" AppVer="3.7.0.0" Date="Friday, March 09, 2007" TimeOfDay="9:35:44 PM">
  <Point X="77" Y="157" T="118656228" />
  <Point X="79" Y="158" T="118656265" />
  <Point X="81" Y="159" T="118656285" />
  <Point X="83" Y="160" T="118656302" />
  <Point X="86" Y="162" T="118656318" />
  <Point X="88" Y="162" T="118656334" />
  <Point X="90" Y="165" T="118656354" />
  <Point X="92" Y="166" T="118656370" />
  <Point X="94" Y="169" T="118656387" />
  <Point X="96" Y="171" T="118656411" />
  <Point X="97" Y="173" T="118656432" />
  <Point X="99" Y="175" T="118656452" />
  <Point X="101" Y="178" T="118656477" />
  <Point X="103" Y="180" T="118656493" />
  <Point X="103" Y="182" T="118656502" />
  <Point X="105" Y="183" T="118656521" />
  <Point X="107" Y="185" T="118656537" />
  <Point X="108" Y="187" T="118656554" />
  <Point X="108" Y="190" T="118656565" />
  <Point X="110" Y="192" T="118656585" />
  <Point X="112" Y="194" T="118656603" />
  <Point X="113" Y="197" T="118656618" />
  <Point X="114" Y="199" T="118656638" />
  <Point X="116" Y="201" T="118656661" />
  <Point X="117" Y="203" T="118656674" />
  <Point X="118" Y="206" T="118656690" />
  <Point X="118" Y="208" T="118656702" />
  <Point X="120" Y="210" T="118656722" />
  <Point X="120" Y="212" T="118656734" />
  <Point X="122" Y="214" T="118656766" />
  <Point X="122" Y="217" T="118656782" />
  <Point X="123" Y="219" T="118656798" />
  <Point X="124" Y="221" T="118656814" />
  <Point X="124" Y="223" T="118656827" />
  <Point X="125" Y="225" T="118656854" />
  <Point X="125" Y="227" T="118656871" />
  <Point X="126" Y="230" T="118656891" />
  <Point X="126" Y="232" T="118656912" />
  <Point X="126" Y="235" T="118656928" />
  <Point X="127" Y="237" T="118656943" />
  <Point X="127" Y="239" T="118656968" />
  <Point X="127" Y="242" T="118656981" />
  <Point X="128" Y="244" T="118657017" />
  <Point X="128" Y="242" T="118657132" />
  <Point X="128" Y="240" T="118657148" />
  <Point X="129" Y="238" T="118657172" />
  <Point X="130" Y="235" T="118657192" />
  <Point X="130" Y="233" T="118657212" />
  <Point X="131" Y="231" T="118657227" />
  <Point X="131" Y="229" T="118657242" />
  <Point X="132" Y="226" T="118657257" />
  <Point X="132" Y="224" T="118657273" />
  <Point X="133" Y="221" T="118657289" />
  <Point X="134" Y="219" T="118657304" />
  <Point X="135" Y="215" T="118657321" />
  <Point X="136" Y="212" T="118657338" />
  <Point X="138" Y="209" T="118657354" />
  <Point X="139" Y="207" T="118657371" />
  <Point X="140" Y="204" T="118657388" />
  <Point X="141" Y="202" T="118657389" />
  <Point X="143" Y="198" T="118657406" />
  <Point X="145" Y="196" T="118657424" />
  <Point X="147" Y="193" T="118657445" />
  <Point X="148" Y="190" T="118657463" />
  <Point X="149" Y="188" T="118657481" />
  <Point X="150" Y="186" T="118657500" />
  <Point X="151" Y="184" T="118657518" />
  <Point X="154" Y="179" T="118657538" />
  <Point X="156" Y="177" T="118657557" />
  <Point X="158" Y="172" T="118657576" />
  <Point X="161" Y="170" T="118657596" />
  <Point X="163" Y="166" T="118657616" />
  <Point X="165" Y="164" T="118657636" />
  <Point X="167" Y="162" T="118657656" />
  <Point X="169" Y="160" T="118657657" />
  <Point X="171" Y="158" T="118657678" />
  <Point X="175" Y="154" T="118657699" />
  <Point X="179" Y="150" T="118657720" />
  <Point X="181" Y="149" T="118657742" />
  <Point X="183" Y="148" T="118657765" />
</Gesture>