﻿<?xml version="1.0" encoding="utf-8" standalone="yes"?>
<Gesture Name="v08" Subject="5" Speed="slow" Number="8" NumPts="89" Millseconds="1737" AppName="Gestures" AppVer="3.7.0.0" Date="Friday, March 09, 2007" TimeOfDay="9:35:47 PM">
  <Point X="75" Y="149" T="118658668" />
  <Point X="77" Y="150" T="118658708" />
  <Point X="80" Y="151" T="118658731" />
  <Point X="82" Y="152" T="118658752" />
  <Point X="84" Y="153" T="118658769" />
  <Point X="86" Y="155" T="118658789" />
  <Point X="88" Y="156" T="118658809" />
  <Point X="90" Y="159" T="118658830" />
  <Point X="92" Y="160" T="118658846" />
  <Point X="94" Y="162" T="118658870" />
  <Point X="96" Y="165" T="118658891" />
  <Point X="98" Y="166" T="118658910" />
  <Point X="99" Y="169" T="118658926" />
  <Point X="101" Y="171" T="118658942" />
  <Point X="103" Y="173" T="118658963" />
  <Point X="103" Y="175" T="118658976" />
  <Point X="105" Y="177" T="118658996" />
  <Point X="106" Y="180" T="118659013" />
  <Point X="108" Y="182" T="118659028" />
  <Point X="109" Y="184" T="118659040" />
  <Point X="111" Y="187" T="118659060" />
  <Point X="111" Y="190" T="118659069" />
  <Point X="113" Y="192" T="118659092" />
  <Point X="114" Y="194" T="118659109" />
  <Point X="115" Y="197" T="118659121" />
  <Point X="116" Y="199" T="118659150" />
  <Point X="117" Y="201" T="118659169" />
  <Point X="118" Y="204" T="118659181" />
  <Point X="119" Y="206" T="118659201" />
  <Point X="119" Y="208" T="118659213" />
  <Point X="120" Y="210" T="118659229" />
  <Point X="121" Y="212" T="118659254" />
  <Point X="122" Y="215" T="118659270" />
  <Point X="122" Y="217" T="118659291" />
  <Point X="123" Y="220" T="118659303" />
  <Point X="123" Y="222" T="118659321" />
  <Point X="123" Y="224" T="118659333" />
  <Point X="124" Y="226" T="118659361" />
  <Point X="125" Y="228" T="118659384" />
  <Point X="125" Y="230" T="118659397" />
  <Point X="126" Y="232" T="118659410" />
  <Point X="126" Y="234" T="118659423" />
  <Point X="127" Y="237" T="118659437" />
  <Point X="127" Y="239" T="118659452" />
  <Point X="127" Y="241" T="118659480" />
  <Point X="127" Y="243" T="118659494" />
  <Point X="127" Y="246" T="118659509" />
  <Point X="128" Y="248" T="118659529" />
  <Point X="128" Y="250" T="118659557" />
  <Point X="128" Y="247" T="118659654" />
  <Point X="128" Y="245" T="118659674" />
  <Point X="128" Y="243" T="118659691" />
  <Point X="129" Y="241" T="118659706" />
  <Point X="129" Y="239" T="118659722" />
  <Point X="131" Y="235" T="118659743" />
  <Point X="131" Y="233" T="118659759" />
  <Point X="132" Y="230" T="118659776" />
  <Point X="133" Y="225" T="118659793" />
  <Point X="134" Y="223" T="118659810" />
  <Point X="136" Y="218" T="118659827" />
  <Point X="137" Y="214" T="118659845" />
  <Point X="139" Y="211" T="118659864" />
  <Point X="140" Y="209" T="118659882" />
  <Point X="142" Y="204" T="118659900" />
  <Point X="143" Y="202" T="118659918" />
  <Point X="144" Y="200" T="118659937" />
  <Point X="145" Y="198" T="118659955" />
  <Point X="148" Y="193" T="118659975" />
  <Point X="150" Y="190" T="118659993" />
  <Point X="153" Y="186" T="118660013" />
  <Point X="155" Y="183" T="118660032" />
  <Point X="156" Y="181" T="118660051" />
  <Point X="157" Y="179" T="118660072" />
  <Point X="158" Y="177" T="118660073" />
  <Point X="160" Y="175" T="118660093" />
  <Point X="161" Y="173" T="118660113" />
  <Point X="162" Y="171" T="118660134" />
  <Point X="166" Y="167" T="118660155" />
  <Point X="167" Y="165" T="118660179" />
  <Point X="169" Y="162" T="118660201" />
  <Point X="172" Y="157" T="118660223" />
  <Point X="174" Y="157" T="118660244" />
  <Point X="176" Y="155" T="118660266" />
  <Point X="178" Y="153" T="118660289" />
  <Point X="179" Y="151" T="118660311" />
  <Point X="181" Y="150" T="118660333" />
  <Point X="183" Y="149" T="118660357" />
  <Point X="186" Y="147" T="118660381" />
  <Point X="188" Y="146" T="118660405" />
</Gesture>