﻿<?xml version="1.0" encoding="utf-8" standalone="yes"?>
<Gesture Name="v09" Subject="5" Speed="slow" Number="9" NumPts="86" Millseconds="2037" AppName="Gestures" AppVer="3.7.0.0" Date="Friday, March 09, 2007" TimeOfDay="9:35:50 PM">
  <Point X="74" Y="158" T="118661177" />
  <Point X="76" Y="157" T="118661209" />
  <Point X="78" Y="157" T="118661233" />
  <Point X="80" Y="159" T="118661258" />
  <Point X="82" Y="160" T="118661278" />
  <Point X="84" Y="160" T="118661298" />
  <Point X="86" Y="162" T="118661318" />
  <Point X="88" Y="164" T="118661338" />
  <Point X="90" Y="165" T="118661367" />
  <Point X="92" Y="166" T="118661388" />
  <Point X="94" Y="168" T="118661412" />
  <Point X="96" Y="168" T="118661436" />
  <Point X="98" Y="171" T="118661461" />
  <Point X="100" Y="172" T="118661486" />
  <Point X="102" Y="174" T="118661507" />
  <Point X="104" Y="176" T="118661536" />
  <Point X="106" Y="177" T="118661557" />
  <Point X="107" Y="179" T="118661572" />
  <Point X="108" Y="182" T="118661593" />
  <Point X="110" Y="184" T="118661617" />
  <Point X="112" Y="186" T="118661641" />
  <Point X="113" Y="188" T="118661666" />
  <Point X="115" Y="190" T="118661695" />
  <Point X="116" Y="192" T="118661722" />
  <Point X="117" Y="194" T="118661758" />
  <Point X="118" Y="196" T="118661782" />
  <Point X="120" Y="199" T="118661806" />
  <Point X="121" Y="201" T="118661826" />
  <Point X="122" Y="203" T="118661854" />
  <Point X="124" Y="205" T="118661882" />
  <Point X="124" Y="207" T="118661894" />
  <Point X="126" Y="210" T="118661919" />
  <Point X="127" Y="212" T="118661943" />
  <Point X="128" Y="214" T="118661968" />
  <Point X="129" Y="217" T="118662001" />
  <Point X="130" Y="219" T="118662016" />
  <Point X="131" Y="221" T="118662036" />
  <Point X="132" Y="223" T="118662072" />
  <Point X="133" Y="226" T="118662100" />
  <Point X="133" Y="228" T="118662123" />
  <Point X="135" Y="230" T="118662151" />
  <Point X="136" Y="232" T="118662179" />
  <Point X="136" Y="234" T="118662200" />
  <Point X="138" Y="237" T="118662240" />
  <Point X="138" Y="239" T="118662260" />
  <Point X="139" Y="241" T="118662304" />
  <Point X="140" Y="244" T="118662332" />
  <Point X="140" Y="246" T="118662347" />
  <Point X="141" Y="248" T="118662361" />
  <Point X="142" Y="250" T="118662396" />
  <Point X="142" Y="248" T="118662542" />
  <Point X="142" Y="246" T="118662566" />
  <Point X="143" Y="243" T="118662591" />
  <Point X="144" Y="241" T="118662607" />
  <Point X="144" Y="239" T="118662623" />
  <Point X="145" Y="237" T="118662647" />
  <Point X="146" Y="235" T="118662664" />
  <Point X="147" Y="232" T="118662680" />
  <Point X="148" Y="227" T="118662697" />
  <Point X="149" Y="225" T="118662715" />
  <Point X="150" Y="223" T="118662732" />
  <Point X="151" Y="219" T="118662750" />
  <Point X="152" Y="216" T="118662768" />
  <Point X="153" Y="214" T="118662786" />
  <Point X="155" Y="210" T="118662805" />
  <Point X="157" Y="208" T="118662824" />
  <Point X="158" Y="203" T="118662842" />
  <Point X="160" Y="200" T="118662862" />
  <Point X="161" Y="196" T="118662881" />
  <Point X="163" Y="194" T="118662900" />
  <Point X="165" Y="191" T="118662920" />
  <Point X="168" Y="187" T="118662939" />
  <Point X="169" Y="185" T="118662960" />
  <Point X="171" Y="182" T="118662980" />
  <Point X="172" Y="180" T="118663000" />
  <Point X="174" Y="178" T="118663021" />
  <Point X="176" Y="176" T="118663042" />
  <Point X="178" Y="173" T="118663043" />
  <Point X="180" Y="172" T="118663068" />
  <Point X="183" Y="168" T="118663093" />
  <Point X="186" Y="164" T="118663118" />
  <Point X="188" Y="163" T="118663119" />
  <Point X="190" Y="161" T="118663142" />
  <Point X="195" Y="155" T="118663165" />
  <Point X="199" Y="151" T="118663191" />
  <Point X="201" Y="149" T="118663214" />
</Gesture>