﻿<?xml version="1.0" encoding="utf-8" standalone="yes"?>
<Gesture Name="v10" Subject="5" Speed="slow" Number="10" NumPts="74" Millseconds="1534" AppName="Gestures" AppVer="3.7.0.0" Date="Friday, March 09, 2007" TimeOfDay="9:35:52 PM">
  <Point X="84" Y="166" T="118664041" />
  <Point X="86" Y="167" T="118664085" />
  <Point X="88" Y="167" T="118664102" />
  <Point X="91" Y="167" T="118664118" />
  <Point X="93" Y="167" T="118664130" />
  <Point X="95" Y="169" T="118664143" />
  <Point X="97" Y="170" T="118664159" />
  <Point X="99" Y="172" T="118664175" />
  <Point X="101" Y="174" T="118664191" />
  <Point X="103" Y="176" T="118664211" />
  <Point X="105" Y="177" T="118664231" />
  <Point X="107" Y="179" T="118664255" />
  <Point X="110" Y="180" T="118664275" />
  <Point X="112" Y="182" T="118664291" />
  <Point X="113" Y="184" T="118664311" />
  <Point X="115" Y="185" T="118664328" />
  <Point X="117" Y="188" T="118664348" />
  <Point X="120" Y="189" T="118664377" />
  <Point X="122" Y="191" T="118664401" />
  <Point X="122" Y="193" T="118664418" />
  <Point X="124" Y="195" T="118664430" />
  <Point X="124" Y="197" T="118664446" />
  <Point X="126" Y="199" T="118664474" />
  <Point X="127" Y="201" T="118664489" />
  <Point X="129" Y="203" T="118664514" />
  <Point X="131" Y="205" T="118664530" />
  <Point X="131" Y="208" T="118664550" />
  <Point X="132" Y="210" T="118664570" />
  <Point X="133" Y="213" T="118664590" />
  <Point X="134" Y="215" T="118664623" />
  <Point X="135" Y="218" T="118664647" />
  <Point X="135" Y="220" T="118664668" />
  <Point X="136" Y="222" T="118664692" />
  <Point X="137" Y="224" T="118664705" />
  <Point X="138" Y="227" T="118664736" />
  <Point X="139" Y="229" T="118664757" />
  <Point X="140" Y="231" T="118664772" />
  <Point X="140" Y="234" T="118664792" />
  <Point X="142" Y="236" T="118664816" />
  <Point X="142" Y="238" T="118664831" />
  <Point X="143" Y="240" T="118664844" />
  <Point X="143" Y="242" T="118664857" />
  <Point X="144" Y="245" T="118664872" />
  <Point X="145" Y="247" T="118664914" />
  <Point X="146" Y="250" T="118664949" />
  <Point X="147" Y="252" T="118664989" />
  <Point X="147" Y="250" T="118665106" />
  <Point X="147" Y="247" T="118665122" />
  <Point X="147" Y="245" T="118665138" />
  <Point X="148" Y="242" T="118665158" />
  <Point X="148" Y="240" T="118665173" />
  <Point X="149" Y="235" T="118665189" />
  <Point X="150" Y="233" T="118665205" />
  <Point X="152" Y="228" T="118665221" />
  <Point X="153" Y="226" T="118665237" />
  <Point X="155" Y="222" T="118665254" />
  <Point X="155" Y="219" T="118665255" />
  <Point X="156" Y="217" T="118665272" />
  <Point X="159" Y="210" T="118665289" />
  <Point X="161" Y="205" T="118665307" />
  <Point X="163" Y="202" T="118665324" />
  <Point X="166" Y="196" T="118665342" />
  <Point X="168" Y="192" T="118665360" />
  <Point X="169" Y="189" T="118665378" />
  <Point X="173" Y="185" T="118665397" />
  <Point X="175" Y="183" T="118665415" />
  <Point X="177" Y="181" T="118665434" />
  <Point X="181" Y="176" T="118665453" />
  <Point X="183" Y="173" T="118665473" />
  <Point X="185" Y="172" T="118665492" />
  <Point X="187" Y="170" T="118665511" />
  <Point X="188" Y="168" T="118665531" />
  <Point X="190" Y="166" T="118665551" />
  <Point X="194" Y="163" T="118665575" />
</Gesture>