﻿<?xml version="1.0" encoding="utf-8" standalone="yes"?>
<Gesture Name="x01" Subject="5" Speed="slow" Number="1" NumPts="141" Millseconds="4155" AppName="Gestures" AppVer="3.7.0.0" Date="Friday, March 09, 2007" TimeOfDay="9:50:09 PM">
  <Point X="63" Y="147" T="119520473" />
  <Point X="64" Y="149" T="119520637" />
  <Point X="66" Y="149" T="119520697" />
  <Point X="67" Y="151" T="119520733" />
  <Point X="68" Y="154" T="119520760" />
  <Point X="71" Y="155" T="119520797" />
  <Point X="72" Y="158" T="119520817" />
  <Point X="74" Y="159" T="119520841" />
  <Point X="75" Y="161" T="119520853" />
  <Point X="76" Y="163" T="119520869" />
  <Point X="78" Y="164" T="119520894" />
  <Point X="80" Y="166" T="119520922" />
  <Point X="81" Y="168" T="119520946" />
  <Point X="83" Y="170" T="119520970" />
  <Point X="85" Y="173" T="119520995" />
  <Point X="87" Y="174" T="119521032" />
  <Point X="88" Y="176" T="119521053" />
  <Point X="89" Y="178" T="119521069" />
  <Point X="90" Y="181" T="119521093" />
  <Point X="92" Y="183" T="119521117" />
  <Point X="93" Y="185" T="119521146" />
  <Point X="95" Y="186" T="119521174" />
  <Point X="96" Y="188" T="119521187" />
  <Point X="97" Y="190" T="119521211" />
  <Point X="98" Y="193" T="119521235" />
  <Point X="99" Y="195" T="119521259" />
  <Point X="101" Y="198" T="119521291" />
  <Point X="102" Y="200" T="119521307" />
  <Point X="103" Y="202" T="119521336" />
  <Point X="104" Y="204" T="119521361" />
  <Point X="105" Y="207" T="119521375" />
  <Point X="107" Y="209" T="119521408" />
  <Point X="108" Y="211" T="119521420" />
  <Point X="108" Y="213" T="119521434" />
  <Point X="109" Y="216" T="119521463" />
  <Point X="111" Y="218" T="119521487" />
  <Point X="112" Y="220" T="119521508" />
  <Point X="112" Y="222" T="119521523" />
  <Point X="114" Y="224" T="119521544" />
  <Point X="115" Y="227" T="119521568" />
  <Point X="115" Y="229" T="119521582" />
  <Point X="115" Y="231" T="119521597" />
  <Point X="116" Y="233" T="119521629" />
  <Point X="117" Y="236" T="119521656" />
  <Point X="118" Y="238" T="119521680" />
  <Point X="119" Y="240" T="119521712" />
  <Point X="119" Y="242" T="119521732" />
  <Point X="120" Y="244" T="119521752" />
  <Point X="121" Y="247" T="119521788" />
  <Point X="122" Y="249" T="119521812" />
  <Point X="122" Y="251" T="119521828" />
  <Point X="123" Y="253" T="119521860" />
  <Point X="124" Y="256" T="119521880" />
  <Point X="125" Y="258" T="119521913" />
  <Point X="127" Y="260" T="119521953" />
  <Point X="128" Y="263" T="119521981" />
  <Point X="129" Y="265" T="119522029" />
  <Point X="130" Y="263" T="119522166" />
  <Point X="129" Y="260" T="119522198" />
  <Point X="129" Y="258" T="119522216" />
  <Point X="129" Y="255" T="119522250" />
  <Point X="128" Y="253" T="119522269" />
  <Point X="128" Y="251" T="119522301" />
  <Point X="128" Y="249" T="119522320" />
  <Point X="128" Y="247" T="119522338" />
  <Point X="127" Y="245" T="119522365" />
  <Point X="127" Y="243" T="119522398" />
  <Point X="126" Y="240" T="119522418" />
  <Point X="126" Y="238" T="119522438" />
  <Point X="126" Y="236" T="119522462" />
  <Point X="126" Y="234" T="119522482" />
  <Point X="126" Y="232" T="119522503" />
  <Point X="125" Y="230" T="119522535" />
  <Point X="125" Y="228" T="119522556" />
  <Point X="125" Y="226" T="119522577" />
  <Point X="125" Y="223" T="119522604" />
  <Point X="125" Y="221" T="119522627" />
  <Point X="125" Y="218" T="119522648" />
  <Point X="124" Y="215" T="119522670" />
  <Point X="124" Y="213" T="119522692" />
  <Point X="124" Y="211" T="119522719" />
  <Point X="124" Y="209" T="119522741" />
  <Point X="122" Y="207" T="119522782" />
  <Point X="122" Y="205" T="119522806" />
  <Point X="121" Y="203" T="119522833" />
  <Point X="121" Y="201" T="119522856" />
  <Point X="121" Y="199" T="119522880" />
  <Point X="120" Y="197" T="119522904" />
  <Point X="119" Y="192" T="119522928" />
  <Point X="119" Y="188" T="119522953" />
  <Point X="119" Y="186" T="119522977" />
  <Point X="119" Y="184" T="119523002" />
  <Point X="119" Y="182" T="119523027" />
  <Point X="118" Y="179" T="119523054" />
  <Point X="118" Y="174" T="119523079" />
  <Point X="118" Y="172" T="119523105" />
  <Point X="118" Y="170" T="119523106" />
  <Point X="118" Y="168" T="119523132" />
  <Point X="118" Y="164" T="119523158" />
  <Point X="118" Y="160" T="119523185" />
  <Point X="119" Y="155" T="119523212" />
  <Point X="119" Y="153" T="119523239" />
  <Point X="120" Y="148" T="119523266" />
  <Point X="121" Y="143" T="119523293" />
  <Point X="122" Y="141" T="119523320" />
  <Point X="123" Y="139" T="119523348" />
  <Point X="124" Y="137" T="119523375" />
  <Point X="124" Y="135" T="119523446" />
  <Point X="122" Y="135" T="119523628" />
  <Point X="122" Y="137" T="119523656" />
  <Point X="120" Y="140" T="119523685" />
  <Point X="119" Y="142" T="119523713" />
  <Point X="118" Y="146" T="119523743" />
  <Point X="116" Y="148" T="119523772" />
  <Point X="114" Y="152" T="119523801" />
  <Point X="112" Y="158" T="119523832" />
  <Point X="108" Y="162" T="119523862" />
  <Point X="105" Y="169" T="119523894" />
  <Point X="101" Y="176" T="119523926" />
  <Point X="99" Y="182" T="119523957" />
  <Point X="97" Y="186" T="119523989" />
  <Point X="96" Y="188" T="119524020" />
  <Point X="91" Y="195" T="119524053" />
  <Point X="89" Y="197" T="119524085" />
  <Point X="87" Y="202" T="119524117" />
  <Point X="84" Y="206" T="119524149" />
  <Point X="81" Y="210" T="119524181" />
  <Point X="78" Y="214" T="119524213" />
  <Point X="76" Y="216" T="119524246" />
  <Point X="72" Y="220" T="119524280" />
  <Point X="68" Y="224" T="119524315" />
  <Point X="64" Y="227" T="119524349" />
  <Point X="60" Y="231" T="119524383" />
  <Point X="55" Y="235" T="119524417" />
  <Point X="52" Y="239" T="119524452" />
  <Point X="48" Y="242" T="119524487" />
  <Point X="41" Y="246" T="119524522" />
  <Point X="36" Y="249" T="119524556" />
  <Point X="32" Y="253" T="119524591" />
  <Point X="30" Y="254" T="119524593" />
  <Point X="26" Y="257" T="119524628" />
</Gesture>