﻿<?xml version="1.0" encoding="utf-8" standalone="yes"?>
<Gesture Name="x02" Subject="5" Speed="slow" Number="2" NumPts="132" Millseconds="3478" AppName="Gestures" AppVer="3.7.0.0" Date="Friday, March 09, 2007" TimeOfDay="9:50:14 PM">
  <Point X="61" Y="157" T="119525370" />
  <Point X="62" Y="159" T="119525423" />
  <Point X="63" Y="161" T="119525447" />
  <Point X="64" Y="163" T="119525471" />
  <Point X="66" Y="166" T="119525491" />
  <Point X="66" Y="168" T="119525504" />
  <Point X="68" Y="169" T="119525524" />
  <Point X="69" Y="171" T="119525536" />
  <Point X="71" Y="174" T="119525564" />
  <Point X="71" Y="176" T="119525576" />
  <Point X="73" Y="178" T="119525604" />
  <Point X="74" Y="181" T="119525624" />
  <Point X="75" Y="183" T="119525639" />
  <Point X="75" Y="185" T="119525651" />
  <Point X="77" Y="187" T="119525676" />
  <Point X="79" Y="189" T="119525709" />
  <Point X="80" Y="192" T="119525730" />
  <Point X="81" Y="194" T="119525754" />
  <Point X="82" Y="196" T="119525782" />
  <Point X="83" Y="198" T="119525798" />
  <Point X="85" Y="200" T="119525826" />
  <Point X="85" Y="203" T="119525842" />
  <Point X="86" Y="205" T="119525858" />
  <Point X="87" Y="207" T="119525877" />
  <Point X="88" Y="209" T="119525902" />
  <Point X="89" Y="211" T="119525926" />
  <Point X="91" Y="213" T="119525954" />
  <Point X="93" Y="215" T="119525978" />
  <Point X="94" Y="217" T="119525998" />
  <Point X="95" Y="220" T="119526022" />
  <Point X="97" Y="222" T="119526051" />
  <Point X="98" Y="225" T="119526063" />
  <Point X="100" Y="227" T="119526091" />
  <Point X="101" Y="229" T="119526107" />
  <Point X="102" Y="231" T="119526128" />
  <Point X="103" Y="233" T="119526145" />
  <Point X="104" Y="235" T="119526169" />
  <Point X="106" Y="238" T="119526190" />
  <Point X="107" Y="240" T="119526209" />
  <Point X="108" Y="242" T="119526233" />
  <Point X="110" Y="245" T="119526260" />
  <Point X="112" Y="246" T="119526292" />
  <Point X="112" Y="248" T="119526307" />
  <Point X="114" Y="251" T="119526328" />
  <Point X="115" Y="253" T="119526349" />
  <Point X="117" Y="255" T="119526368" />
  <Point X="118" Y="258" T="119526392" />
  <Point X="120" Y="260" T="119526436" />
  <Point X="120" Y="262" T="119526452" />
  <Point X="122" Y="264" T="119526496" />
  <Point X="123" Y="262" T="119526702" />
  <Point X="122" Y="260" T="119526718" />
  <Point X="122" Y="257" T="119526738" />
  <Point X="121" Y="254" T="119526767" />
  <Point X="121" Y="252" T="119526784" />
  <Point X="121" Y="250" T="119526801" />
  <Point X="120" Y="248" T="119526818" />
  <Point X="120" Y="246" T="119526836" />
  <Point X="120" Y="244" T="119526854" />
  <Point X="120" Y="241" T="119526875" />
  <Point X="119" Y="238" T="119526899" />
  <Point X="119" Y="236" T="119526917" />
  <Point X="119" Y="233" T="119526944" />
  <Point X="119" Y="231" T="119526964" />
  <Point X="119" Y="228" T="119526983" />
  <Point X="119" Y="226" T="119527002" />
  <Point X="118" Y="224" T="119527021" />
  <Point X="118" Y="222" T="119527045" />
  <Point X="118" Y="220" T="119527065" />
  <Point X="118" Y="218" T="119527085" />
  <Point X="117" Y="216" T="119527109" />
  <Point X="117" Y="214" T="119527130" />
  <Point X="117" Y="212" T="119527150" />
  <Point X="117" Y="210" T="119527171" />
  <Point X="116" Y="207" T="119527192" />
  <Point X="116" Y="205" T="119527213" />
  <Point X="115" Y="203" T="119527234" />
  <Point X="115" Y="201" T="119527256" />
  <Point X="114" Y="197" T="119527278" />
  <Point X="113" Y="195" T="119527305" />
  <Point X="112" Y="193" T="119527329" />
  <Point X="111" Y="191" T="119527351" />
  <Point X="111" Y="188" T="119527375" />
  <Point X="110" Y="186" T="119527398" />
  <Point X="110" Y="184" T="119527421" />
  <Point X="110" Y="181" T="119527444" />
  <Point X="109" Y="179" T="119527468" />
  <Point X="109" Y="177" T="119527491" />
  <Point X="110" Y="172" T="119527515" />
  <Point X="110" Y="170" T="119527539" />
  <Point X="111" Y="168" T="119527563" />
  <Point X="111" Y="165" T="119527588" />
  <Point X="112" Y="163" T="119527590" />
  <Point X="112" Y="160" T="119527617" />
  <Point X="113" Y="158" T="119527642" />
  <Point X="113" Y="156" T="119527667" />
  <Point X="114" Y="154" T="119527692" />
  <Point X="115" Y="152" T="119527729" />
  <Point X="115" Y="149" T="119527755" />
  <Point X="116" Y="147" T="119527781" />
  <Point X="116" Y="145" T="119527807" />
  <Point X="118" Y="143" T="119527910" />
  <Point X="116" Y="145" T="119527962" />
  <Point X="115" Y="147" T="119527989" />
  <Point X="115" Y="149" T="119528016" />
  <Point X="113" Y="151" T="119528045" />
  <Point X="111" Y="156" T="119528075" />
  <Point X="110" Y="158" T="119528103" />
  <Point X="107" Y="164" T="119528131" />
  <Point X="105" Y="167" T="119528159" />
  <Point X="102" Y="171" T="119528187" />
  <Point X="99" Y="175" T="119528216" />
  <Point X="96" Y="180" T="119528244" />
  <Point X="93" Y="185" T="119528272" />
  <Point X="92" Y="187" T="119528302" />
  <Point X="89" Y="192" T="119528331" />
  <Point X="87" Y="196" T="119528366" />
  <Point X="86" Y="199" T="119528397" />
  <Point X="82" Y="203" T="119528428" />
  <Point X="79" Y="208" T="119528460" />
  <Point X="77" Y="209" T="119528492" />
  <Point X="73" Y="214" T="119528523" />
  <Point X="72" Y="216" T="119528554" />
  <Point X="68" Y="220" T="119528586" />
  <Point X="65" Y="224" T="119528618" />
  <Point X="61" Y="230" T="119528650" />
  <Point X="57" Y="235" T="119528683" />
  <Point X="53" Y="239" T="119528715" />
  <Point X="48" Y="245" T="119528748" />
  <Point X="42" Y="254" T="119528782" />
  <Point X="38" Y="258" T="119528815" />
  <Point X="36" Y="259" T="119528848" />
</Gesture>