﻿<?xml version="1.0" encoding="utf-8" standalone="yes"?>
<Gesture Name="x03" Subject="5" Speed="slow" Number="3" NumPts="136" Millseconds="3474" AppName="Gestures" AppVer="3.7.0.0" Date="Friday, March 09, 2007" TimeOfDay="9:50:18 PM">
  <Point X="56" Y="154" T="119529592" />
  <Point X="57" Y="157" T="119529624" />
  <Point X="59" Y="159" T="119529653" />
  <Point X="59" Y="161" T="119529661" />
  <Point X="60" Y="163" T="119529669" />
  <Point X="62" Y="164" T="119529689" />
  <Point X="63" Y="167" T="119529702" />
  <Point X="64" Y="169" T="119529710" />
  <Point X="66" Y="171" T="119529722" />
  <Point X="68" Y="173" T="119529738" />
  <Point X="69" Y="176" T="119529750" />
  <Point X="71" Y="177" T="119529766" />
  <Point X="72" Y="179" T="119529774" />
  <Point X="74" Y="181" T="119529791" />
  <Point X="75" Y="183" T="119529803" />
  <Point X="77" Y="185" T="119529816" />
  <Point X="79" Y="187" T="119529837" />
  <Point X="80" Y="189" T="119529845" />
  <Point X="82" Y="191" T="119529865" />
  <Point X="84" Y="193" T="119529885" />
  <Point X="86" Y="195" T="119529902" />
  <Point X="88" Y="197" T="119529921" />
  <Point X="90" Y="200" T="119529934" />
  <Point X="92" Y="201" T="119529946" />
  <Point X="93" Y="203" T="119529958" />
  <Point X="95" Y="205" T="119529978" />
  <Point X="97" Y="207" T="119530002" />
  <Point X="98" Y="209" T="119530023" />
  <Point X="100" Y="213" T="119530046" />
  <Point X="102" Y="216" T="119530066" />
  <Point X="104" Y="218" T="119530090" />
  <Point X="105" Y="220" T="119530119" />
  <Point X="107" Y="222" T="119530143" />
  <Point X="108" Y="224" T="119530172" />
  <Point X="109" Y="227" T="119530197" />
  <Point X="110" Y="229" T="119530217" />
  <Point X="111" Y="231" T="119530242" />
  <Point X="113" Y="233" T="119530282" />
  <Point X="114" Y="235" T="119530306" />
  <Point X="115" Y="237" T="119530322" />
  <Point X="116" Y="240" T="119530355" />
  <Point X="118" Y="242" T="119530416" />
  <Point X="119" Y="244" T="119530436" />
  <Point X="120" Y="246" T="119530475" />
  <Point X="121" Y="248" T="119530497" />
  <Point X="122" Y="250" T="119530542" />
  <Point X="124" Y="252" T="119530578" />
  <Point X="124" Y="254" T="119530598" />
  <Point X="124" Y="256" T="119530614" />
  <Point X="125" Y="258" T="119530650" />
  <Point X="126" Y="260" T="119530690" />
  <Point X="128" Y="262" T="119530747" />
  <Point X="128" Y="260" T="119530827" />
  <Point X="128" Y="258" T="119530852" />
  <Point X="128" Y="256" T="119530869" />
  <Point X="127" Y="254" T="119530887" />
  <Point X="127" Y="252" T="119530905" />
  <Point X="126" Y="249" T="119530923" />
  <Point X="125" Y="245" T="119530943" />
  <Point X="125" Y="242" T="119530965" />
  <Point X="124" Y="240" T="119530984" />
  <Point X="124" Y="238" T="119531002" />
  <Point X="123" Y="234" T="119531021" />
  <Point X="122" Y="231" T="119531039" />
  <Point X="122" Y="228" T="119531058" />
  <Point X="121" Y="226" T="119531077" />
  <Point X="121" Y="224" T="119531096" />
  <Point X="120" Y="221" T="119531116" />
  <Point X="120" Y="219" T="119531135" />
  <Point X="119" Y="214" T="119531159" />
  <Point X="119" Y="212" T="119531179" />
  <Point X="118" Y="210" T="119531199" />
  <Point X="118" Y="206" T="119531220" />
  <Point X="118" Y="203" T="119531241" />
  <Point X="117" Y="201" T="119531264" />
  <Point X="117" Y="199" T="119531284" />
  <Point X="116" Y="197" T="119531306" />
  <Point X="116" Y="195" T="119531328" />
  <Point X="116" Y="193" T="119531350" />
  <Point X="115" Y="190" T="119531376" />
  <Point X="115" Y="188" T="119531404" />
  <Point X="115" Y="186" T="119531427" />
  <Point X="115" Y="184" T="119531449" />
  <Point X="115" Y="181" T="119531473" />
  <Point X="115" Y="179" T="119531496" />
  <Point X="114" Y="177" T="119531519" />
  <Point X="114" Y="175" T="119531543" />
  <Point X="114" Y="173" T="119531545" />
  <Point X="114" Y="170" T="119531581" />
  <Point X="114" Y="168" T="119531605" />
  <Point X="114" Y="166" T="119531630" />
  <Point X="114" Y="164" T="119531654" />
  <Point X="115" Y="162" T="119531679" />
  <Point X="115" Y="160" T="119531704" />
  <Point X="115" Y="157" T="119531729" />
  <Point X="115" Y="155" T="119531754" />
  <Point X="116" Y="152" T="119531781" />
  <Point X="117" Y="150" T="119531809" />
  <Point X="118" Y="147" T="119531845" />
  <Point X="118" Y="145" T="119531881" />
  <Point X="118" Y="143" T="119531932" />
  <Point X="119" Y="141" T="119531973" />
  <Point X="120" Y="139" T="119532102" />
  <Point X="119" Y="141" T="119532129" />
  <Point X="118" Y="145" T="119532157" />
  <Point X="116" Y="149" T="119532184" />
  <Point X="113" Y="155" T="119532213" />
  <Point X="111" Y="159" T="119532241" />
  <Point X="108" Y="164" T="119532269" />
  <Point X="105" Y="168" T="119532298" />
  <Point X="103" Y="172" T="119532327" />
  <Point X="101" Y="178" T="119532356" />
  <Point X="100" Y="181" T="119532385" />
  <Point X="98" Y="187" T="119532414" />
  <Point X="97" Y="189" T="119532443" />
  <Point X="95" Y="194" T="119532473" />
  <Point X="94" Y="196" T="119532475" />
  <Point X="94" Y="198" T="119532505" />
  <Point X="92" Y="200" T="119532536" />
  <Point X="90" Y="205" T="119532567" />
  <Point X="88" Y="207" T="119532598" />
  <Point X="87" Y="209" T="119532633" />
  <Point X="86" Y="211" T="119532635" />
  <Point X="84" Y="213" T="119532669" />
  <Point X="82" Y="215" T="119532702" />
  <Point X="78" Y="220" T="119532734" />
  <Point X="76" Y="221" T="119532766" />
  <Point X="73" Y="226" T="119532799" />
  <Point X="70" Y="229" T="119532832" />
  <Point X="66" Y="233" T="119532865" />
  <Point X="62" Y="237" T="119532897" />
  <Point X="58" Y="241" T="119532930" />
  <Point X="53" Y="247" T="119532964" />
  <Point X="49" Y="250" T="119532997" />
  <Point X="47" Y="254" T="119533032" />
  <Point X="45" Y="256" T="119533066" />
</Gesture>