﻿<?xml version="1.0" encoding="utf-8" standalone="yes"?>
<Gesture Name="x04" Subject="5" Speed="slow" Number="4" NumPts="125" Millseconds="3209" AppName="Gestures" AppVer="3.7.0.0" Date="Friday, March 09, 2007" TimeOfDay="9:50:22 PM">
  <Point X="60" Y="154" T="119533787" />
  <Point X="62" Y="156" T="119533880" />
  <Point X="64" Y="158" T="119533908" />
  <Point X="65" Y="160" T="119533928" />
  <Point X="67" Y="161" T="119533953" />
  <Point X="68" Y="163" T="119533965" />
  <Point X="70" Y="165" T="119533985" />
  <Point X="72" Y="167" T="119534010" />
  <Point X="74" Y="169" T="119534027" />
  <Point X="76" Y="172" T="119534051" />
  <Point X="77" Y="174" T="119534068" />
  <Point X="79" Y="176" T="119534088" />
  <Point X="81" Y="178" T="119534108" />
  <Point X="83" Y="180" T="119534128" />
  <Point X="84" Y="182" T="119534141" />
  <Point X="86" Y="185" T="119534170" />
  <Point X="88" Y="187" T="119534190" />
  <Point X="89" Y="189" T="119534210" />
  <Point X="89" Y="191" T="119534219" />
  <Point X="91" Y="193" T="119534247" />
  <Point X="92" Y="195" T="119534263" />
  <Point X="94" Y="197" T="119534283" />
  <Point X="95" Y="199" T="119534299" />
  <Point X="96" Y="202" T="119534320" />
  <Point X="98" Y="204" T="119534336" />
  <Point X="98" Y="206" T="119534347" />
  <Point X="99" Y="208" T="119534368" />
  <Point X="101" Y="210" T="119534397" />
  <Point X="102" Y="213" T="119534417" />
  <Point X="103" Y="215" T="119534429" />
  <Point X="105" Y="217" T="119534453" />
  <Point X="106" Y="219" T="119534477" />
  <Point X="107" Y="221" T="119534506" />
  <Point X="108" Y="223" T="119534531" />
  <Point X="110" Y="226" T="119534552" />
  <Point X="112" Y="228" T="119534584" />
  <Point X="113" Y="230" T="119534611" />
  <Point X="114" Y="233" T="119534631" />
  <Point X="116" Y="235" T="119534659" />
  <Point X="117" Y="238" T="119534688" />
  <Point X="119" Y="240" T="119534727" />
  <Point X="120" Y="242" T="119534743" />
  <Point X="122" Y="245" T="119534784" />
  <Point X="124" Y="246" T="119534839" />
  <Point X="126" Y="249" T="119534888" />
  <Point X="127" Y="252" T="119534933" />
  <Point X="128" Y="254" T="119535009" />
  <Point X="128" Y="252" T="119535183" />
  <Point X="128" Y="249" T="119535198" />
  <Point X="128" Y="247" T="119535222" />
  <Point X="127" Y="245" T="119535239" />
  <Point X="126" Y="243" T="119535258" />
  <Point X="126" Y="241" T="119535274" />
  <Point X="126" Y="238" T="119535290" />
  <Point X="126" Y="236" T="119535306" />
  <Point X="125" Y="234" T="119535323" />
  <Point X="125" Y="232" T="119535350" />
  <Point X="124" Y="229" T="119535367" />
  <Point X="123" Y="227" T="119535391" />
  <Point X="123" Y="225" T="119535411" />
  <Point X="123" Y="223" T="119535428" />
  <Point X="122" Y="221" T="119535447" />
  <Point X="121" Y="219" T="119535483" />
  <Point X="121" Y="217" T="119535503" />
  <Point X="120" Y="215" T="119535523" />
  <Point X="120" Y="212" T="119535541" />
  <Point X="119" Y="210" T="119535560" />
  <Point X="118" Y="208" T="119535580" />
  <Point X="118" Y="206" T="119535599" />
  <Point X="117" Y="204" T="119535618" />
  <Point X="117" Y="202" T="119535638" />
  <Point X="116" Y="199" T="119535657" />
  <Point X="116" Y="197" T="119535677" />
  <Point X="116" Y="195" T="119535697" />
  <Point X="116" Y="192" T="119535717" />
  <Point X="115" Y="187" T="119535738" />
  <Point X="115" Y="185" T="119535758" />
  <Point X="115" Y="183" T="119535780" />
  <Point X="115" Y="178" T="119535801" />
  <Point X="115" Y="176" T="119535822" />
  <Point X="114" Y="174" T="119535844" />
  <Point X="114" Y="171" T="119535867" />
  <Point X="114" Y="169" T="119535889" />
  <Point X="114" Y="167" T="119535911" />
  <Point X="114" Y="163" T="119535933" />
  <Point X="114" Y="161" T="119535956" />
  <Point X="114" Y="157" T="119535979" />
  <Point X="114" Y="155" T="119536002" />
  <Point X="114" Y="152" T="119536025" />
  <Point X="115" Y="149" T="119536048" />
  <Point X="115" Y="147" T="119536071" />
  <Point X="116" Y="145" T="119536099" />
  <Point X="116" Y="143" T="119536122" />
  <Point X="117" Y="141" T="119536155" />
  <Point X="116" Y="143" T="119536239" />
  <Point X="115" Y="145" T="119536268" />
  <Point X="114" Y="147" T="119536294" />
  <Point X="112" Y="150" T="119536319" />
  <Point X="111" Y="154" T="119536345" />
  <Point X="110" Y="156" T="119536370" />
  <Point X="108" Y="160" T="119536395" />
  <Point X="106" Y="165" T="119536420" />
  <Point X="105" Y="169" T="119536446" />
  <Point X="103" Y="173" T="119536472" />
  <Point X="101" Y="179" T="119536498" />
  <Point X="99" Y="183" T="119536525" />
  <Point X="97" Y="188" T="119536551" />
  <Point X="96" Y="190" T="119536578" />
  <Point X="94" Y="194" T="119536606" />
  <Point X="91" Y="199" T="119536635" />
  <Point X="88" Y="203" T="119536665" />
  <Point X="87" Y="206" T="119536694" />
  <Point X="85" Y="209" T="119536722" />
  <Point X="83" Y="211" T="119536723" />
  <Point X="81" Y="212" T="119536752" />
  <Point X="78" Y="216" T="119536785" />
  <Point X="75" Y="220" T="119536814" />
  <Point X="69" Y="225" T="119536844" />
  <Point X="65" Y="229" T="119536873" />
  <Point X="61" Y="233" T="119536903" />
  <Point X="59" Y="236" T="119536904" />
  <Point X="56" Y="239" T="119536934" />
  <Point X="51" Y="245" T="119536964" />
  <Point X="47" Y="250" T="119536995" />
  <Point X="46" Y="252" T="119536996" />
</Gesture>