﻿<?xml version="1.0" encoding="utf-8" standalone="yes"?>
<Gesture Name="x05" Subject="5" Speed="slow" Number="5" NumPts="121" Millseconds="2941" AppName="Gestures" AppVer="3.7.0.0" Date="Friday, March 09, 2007" TimeOfDay="9:50:26 PM">
  <Point X="58" Y="160" T="119537841" />
  <Point X="60" Y="161" T="119537897" />
  <Point X="62" Y="163" T="119537921" />
  <Point X="62" Y="165" T="119537937" />
  <Point X="64" Y="167" T="119537969" />
  <Point X="65" Y="170" T="119537985" />
  <Point X="67" Y="171" T="119538009" />
  <Point X="68" Y="173" T="119538025" />
  <Point X="70" Y="175" T="119538057" />
  <Point X="71" Y="177" T="119538077" />
  <Point X="73" Y="180" T="119538101" />
  <Point X="74" Y="182" T="119538121" />
  <Point X="76" Y="184" T="119538141" />
  <Point X="77" Y="186" T="119538161" />
  <Point X="78" Y="189" T="119538181" />
  <Point X="80" Y="192" T="119538202" />
  <Point X="81" Y="194" T="119538219" />
  <Point X="81" Y="196" T="119538227" />
  <Point X="83" Y="198" T="119538243" />
  <Point X="85" Y="200" T="119538267" />
  <Point X="86" Y="202" T="119538279" />
  <Point X="88" Y="203" T="119538304" />
  <Point X="89" Y="205" T="119538316" />
  <Point X="91" Y="207" T="119538336" />
  <Point X="92" Y="209" T="119538352" />
  <Point X="94" Y="212" T="119538369" />
  <Point X="96" Y="214" T="119538392" />
  <Point X="97" Y="217" T="119538416" />
  <Point X="99" Y="219" T="119538436" />
  <Point X="101" Y="221" T="119538460" />
  <Point X="103" Y="223" T="119538476" />
  <Point X="104" Y="225" T="119538492" />
  <Point X="105" Y="227" T="119538504" />
  <Point X="107" Y="229" T="119538520" />
  <Point X="108" Y="231" T="119538540" />
  <Point X="110" Y="233" T="119538561" />
  <Point X="111" Y="235" T="119538578" />
  <Point X="112" Y="237" T="119538602" />
  <Point X="114" Y="239" T="119538626" />
  <Point X="116" Y="242" T="119538655" />
  <Point X="117" Y="244" T="119538679" />
  <Point X="119" Y="245" T="119538716" />
  <Point X="121" Y="247" T="119538739" />
  <Point X="122" Y="249" T="119538768" />
  <Point X="124" Y="251" T="119538817" />
  <Point X="125" Y="253" T="119538938" />
  <Point X="124" Y="251" T="119539010" />
  <Point X="124" Y="249" T="119539025" />
  <Point X="123" Y="247" T="119539039" />
  <Point X="122" Y="245" T="119539054" />
  <Point X="122" Y="243" T="119539070" />
  <Point X="121" Y="241" T="119539086" />
  <Point X="120" Y="238" T="119539102" />
  <Point X="120" Y="236" T="119539119" />
  <Point X="120" Y="233" T="119539136" />
  <Point X="119" Y="229" T="119539155" />
  <Point X="118" Y="226" T="119539173" />
  <Point X="118" Y="224" T="119539193" />
  <Point X="117" Y="221" T="119539210" />
  <Point X="116" Y="219" T="119539226" />
  <Point X="115" Y="216" T="119539249" />
  <Point X="114" Y="214" T="119539274" />
  <Point X="113" Y="212" T="119539291" />
  <Point X="112" Y="210" T="119539309" />
  <Point X="111" Y="208" T="119539327" />
  <Point X="110" Y="206" T="119539346" />
  <Point X="109" Y="204" T="119539364" />
  <Point X="108" Y="202" T="119539386" />
  <Point X="107" Y="197" T="119539405" />
  <Point X="106" Y="195" T="119539424" />
  <Point X="105" Y="193" T="119539443" />
  <Point X="105" Y="190" T="119539463" />
  <Point X="105" Y="188" T="119539483" />
  <Point X="104" Y="186" T="119539503" />
  <Point X="103" Y="184" T="119539523" />
  <Point X="103" Y="180" T="119539544" />
  <Point X="103" Y="177" T="119539565" />
  <Point X="103" Y="175" T="119539588" />
  <Point X="102" Y="173" T="119539614" />
  <Point X="102" Y="171" T="119539637" />
  <Point X="102" Y="168" T="119539658" />
  <Point X="102" Y="166" T="119539660" />
  <Point X="102" Y="164" T="119539683" />
  <Point X="102" Y="161" T="119539707" />
  <Point X="102" Y="159" T="119539729" />
  <Point X="103" Y="156" T="119539752" />
  <Point X="103" Y="154" T="119539775" />
  <Point X="103" Y="151" T="119539800" />
  <Point X="103" Y="149" T="119539823" />
  <Point X="103" Y="147" T="119539869" />
  <Point X="104" Y="145" T="119539893" />
  <Point X="105" Y="142" T="119539929" />
  <Point X="105" Y="144" T="119540064" />
  <Point X="103" Y="148" T="119540095" />
  <Point X="103" Y="150" T="119540119" />
  <Point X="102" Y="156" T="119540144" />
  <Point X="101" Y="158" T="119540169" />
  <Point X="100" Y="163" T="119540194" />
  <Point X="99" Y="166" T="119540195" />
  <Point X="97" Y="170" T="119540221" />
  <Point X="96" Y="174" T="119540248" />
  <Point X="94" Y="179" T="119540273" />
  <Point X="90" Y="186" T="119540300" />
  <Point X="87" Y="194" T="119540327" />
  <Point X="84" Y="199" T="119540353" />
  <Point X="82" Y="201" T="119540380" />
  <Point X="80" Y="205" T="119540410" />
  <Point X="77" Y="209" T="119540438" />
  <Point X="75" Y="211" T="119540465" />
  <Point X="71" Y="215" T="119540493" />
  <Point X="67" Y="219" T="119540521" />
  <Point X="63" Y="224" T="119540549" />
  <Point X="59" Y="227" T="119540577" />
  <Point X="55" Y="231" T="119540606" />
  <Point X="52" Y="236" T="119540634" />
  <Point X="50" Y="239" T="119540635" />
  <Point X="46" Y="243" T="119540664" />
  <Point X="42" Y="247" T="119540693" />
  <Point X="38" Y="251" T="119540723" />
  <Point X="35" Y="253" T="119540752" />
  <Point X="34" Y="256" T="119540782" />
</Gesture>