﻿<?xml version="1.0" encoding="utf-8" standalone="yes"?>
<Gesture Name="x06" Subject="5" Speed="slow" Number="6" NumPts="119" Millseconds="2683" AppName="Gestures" AppVer="3.7.0.0" Date="Friday, March 09, 2007" TimeOfDay="9:50:29 PM">
  <Point X="63" Y="156" T="119541840" />
  <Point X="64" Y="158" T="119541920" />
  <Point X="67" Y="161" T="119541949" />
  <Point X="69" Y="163" T="119541968" />
  <Point X="71" Y="165" T="119541985" />
  <Point X="72" Y="167" T="119541997" />
  <Point X="74" Y="169" T="119542017" />
  <Point X="75" Y="171" T="119542025" />
  <Point X="76" Y="173" T="119542045" />
  <Point X="78" Y="176" T="119542069" />
  <Point X="80" Y="177" T="119542089" />
  <Point X="82" Y="180" T="119542105" />
  <Point X="83" Y="182" T="119542113" />
  <Point X="85" Y="184" T="119542137" />
  <Point X="87" Y="186" T="119542154" />
  <Point X="88" Y="188" T="119542166" />
  <Point X="89" Y="190" T="119542185" />
  <Point X="91" Y="192" T="119542198" />
  <Point X="93" Y="192" T="119542214" />
  <Point X="94" Y="195" T="119542223" />
  <Point X="95" Y="197" T="119542234" />
  <Point X="97" Y="200" T="119542250" />
  <Point X="99" Y="202" T="119542267" />
  <Point X="101" Y="204" T="119542282" />
  <Point X="102" Y="207" T="119542292" />
  <Point X="104" Y="208" T="119542311" />
  <Point X="106" Y="211" T="119542331" />
  <Point X="108" Y="213" T="119542347" />
  <Point X="110" Y="214" T="119542367" />
  <Point X="112" Y="217" T="119542383" />
  <Point X="113" Y="219" T="119542395" />
  <Point X="115" Y="221" T="119542415" />
  <Point X="117" Y="223" T="119542439" />
  <Point X="119" Y="225" T="119542463" />
  <Point X="121" Y="227" T="119542484" />
  <Point X="122" Y="229" T="119542501" />
  <Point X="123" Y="232" T="119542513" />
  <Point X="125" Y="234" T="119542537" />
  <Point X="127" Y="236" T="119542561" />
  <Point X="128" Y="238" T="119542577" />
  <Point X="130" Y="240" T="119542601" />
  <Point X="132" Y="242" T="119542624" />
  <Point X="134" Y="244" T="119542653" />
  <Point X="135" Y="246" T="119542669" />
  <Point X="136" Y="248" T="119542694" />
  <Point X="137" Y="250" T="119542718" />
  <Point X="139" Y="252" T="119542763" />
  <Point X="139" Y="250" T="119542868" />
  <Point X="138" Y="248" T="119542888" />
  <Point X="138" Y="245" T="119542904" />
  <Point X="137" Y="243" T="119542924" />
  <Point X="136" Y="241" T="119542939" />
  <Point X="136" Y="239" T="119542955" />
  <Point X="134" Y="236" T="119542973" />
  <Point X="134" Y="234" T="119542989" />
  <Point X="133" Y="229" T="119543005" />
  <Point X="133" Y="227" T="119543022" />
  <Point X="132" Y="225" T="119543039" />
  <Point X="132" Y="223" T="119543055" />
  <Point X="131" Y="221" T="119543073" />
  <Point X="131" Y="219" T="119543091" />
  <Point X="130" Y="215" T="119543109" />
  <Point X="129" Y="212" T="119543126" />
  <Point X="128" Y="210" T="119543145" />
  <Point X="128" Y="207" T="119543165" />
  <Point X="127" Y="205" T="119543183" />
  <Point X="126" Y="202" T="119543202" />
  <Point X="125" Y="200" T="119543220" />
  <Point X="124" Y="198" T="119543239" />
  <Point X="124" Y="195" T="119543259" />
  <Point X="123" Y="193" T="119543278" />
  <Point X="122" Y="191" T="119543298" />
  <Point X="121" Y="187" T="119543318" />
  <Point X="121" Y="184" T="119543338" />
  <Point X="121" Y="182" T="119543358" />
  <Point X="120" Y="180" T="119543379" />
  <Point X="120" Y="176" T="119543400" />
  <Point X="119" Y="174" T="119543421" />
  <Point X="119" Y="172" T="119543442" />
  <Point X="120" Y="167" T="119543463" />
  <Point X="120" Y="165" T="119543488" />
  <Point X="120" Y="162" T="119543509" />
  <Point X="120" Y="160" T="119543531" />
  <Point X="121" Y="156" T="119543554" />
  <Point X="121" Y="154" T="119543576" />
  <Point X="121" Y="152" T="119543599" />
  <Point X="122" Y="148" T="119543622" />
  <Point X="122" Y="146" T="119543660" />
  <Point X="121" Y="148" T="119543773" />
  <Point X="120" Y="150" T="119543800" />
  <Point X="119" Y="153" T="119543824" />
  <Point X="118" Y="157" T="119543848" />
  <Point X="117" Y="160" T="119543872" />
  <Point X="114" Y="167" T="119543896" />
  <Point X="113" Y="171" T="119543921" />
  <Point X="111" Y="175" T="119543946" />
  <Point X="108" Y="180" T="119543971" />
  <Point X="106" Y="185" T="119543998" />
  <Point X="104" Y="190" T="119544024" />
  <Point X="102" Y="192" T="119544049" />
  <Point X="100" Y="196" T="119544075" />
  <Point X="97" Y="201" T="119544101" />
  <Point X="95" Y="203" T="119544127" />
  <Point X="91" Y="208" T="119544154" />
  <Point X="89" Y="210" T="119544181" />
  <Point X="87" Y="212" T="119544182" />
  <Point X="85" Y="213" T="119544208" />
  <Point X="83" Y="215" T="119544235" />
  <Point X="81" Y="217" T="119544262" />
  <Point X="77" Y="220" T="119544291" />
  <Point X="74" Y="224" T="119544319" />
  <Point X="68" Y="230" T="119544348" />
  <Point X="64" Y="234" T="119544376" />
  <Point X="62" Y="236" T="119544405" />
  <Point X="59" Y="238" T="119544406" />
  <Point X="56" Y="244" T="119544435" />
  <Point X="52" Y="248" T="119544464" />
  <Point X="49" Y="253" T="119544494" />
  <Point X="46" Y="256" T="119544523" />
</Gesture>