﻿<?xml version="1.0" encoding="utf-8" standalone="yes"?>
<Gesture Name="x07" Subject="5" Speed="slow" Number="7" NumPts="116" Millseconds="2935" AppName="Gestures" AppVer="3.7.0.0" Date="Friday, March 09, 2007" TimeOfDay="9:50:33 PM">
  <Point X="63" Y="158" T="119545487" />
  <Point X="63" Y="160" T="119545559" />
  <Point X="65" Y="162" T="119545607" />
  <Point X="66" Y="164" T="119545644" />
  <Point X="68" Y="167" T="119545668" />
  <Point X="70" Y="170" T="119545697" />
  <Point X="70" Y="172" T="119545721" />
  <Point X="72" Y="174" T="119545754" />
  <Point X="73" Y="176" T="119545778" />
  <Point X="74" Y="178" T="119545794" />
  <Point X="75" Y="180" T="119545810" />
  <Point X="77" Y="183" T="119545842" />
  <Point X="79" Y="185" T="119545875" />
  <Point X="80" Y="187" T="119545891" />
  <Point X="80" Y="189" T="119545903" />
  <Point X="81" Y="191" T="119545924" />
  <Point X="82" Y="193" T="119545936" />
  <Point X="83" Y="196" T="119545949" />
  <Point X="85" Y="197" T="119545977" />
  <Point X="86" Y="199" T="119545989" />
  <Point X="87" Y="201" T="119546005" />
  <Point X="88" Y="203" T="119546017" />
  <Point X="89" Y="206" T="119546042" />
  <Point X="91" Y="209" T="119546062" />
  <Point X="93" Y="211" T="119546090" />
  <Point X="95" Y="213" T="119546110" />
  <Point X="97" Y="215" T="119546138" />
  <Point X="98" Y="217" T="119546154" />
  <Point X="100" Y="219" T="119546174" />
  <Point X="101" Y="221" T="119546186" />
  <Point X="102" Y="223" T="119546198" />
  <Point X="104" Y="224" T="119546222" />
  <Point X="105" Y="226" T="119546246" />
  <Point X="107" Y="228" T="119546271" />
  <Point X="109" Y="230" T="119546299" />
  <Point X="111" Y="232" T="119546319" />
  <Point X="113" Y="234" T="119546343" />
  <Point X="114" Y="236" T="119546364" />
  <Point X="116" Y="238" T="119546391" />
  <Point X="118" Y="239" T="119546424" />
  <Point X="119" Y="241" T="119546456" />
  <Point X="121" Y="243" T="119546485" />
  <Point X="123" Y="245" T="119546525" />
  <Point X="125" Y="247" T="119546596" />
  <Point X="126" Y="249" T="119546653" />
  <Point X="128" Y="249" T="119546700" />
  <Point X="129" Y="251" T="119546724" />
  <Point X="131" Y="252" T="119546792" />
  <Point X="132" Y="254" T="119546860" />
  <Point X="132" Y="252" T="119546909" />
  <Point X="132" Y="250" T="119546924" />
  <Point X="131" Y="248" T="119546940" />
  <Point X="131" Y="246" T="119546956" />
  <Point X="130" Y="244" T="119546972" />
  <Point X="130" Y="242" T="119546988" />
  <Point X="129" Y="239" T="119547004" />
  <Point X="128" Y="237" T="119547023" />
  <Point X="128" Y="234" T="119547040" />
  <Point X="128" Y="232" T="119547057" />
  <Point X="127" Y="229" T="119547074" />
  <Point X="126" Y="226" T="119547092" />
  <Point X="125" Y="224" T="119547109" />
  <Point X="124" Y="222" T="119547128" />
  <Point X="123" Y="218" T="119547146" />
  <Point X="122" Y="215" T="119547165" />
  <Point X="120" Y="213" T="119547190" />
  <Point X="120" Y="210" T="119547209" />
  <Point X="118" Y="208" T="119547227" />
  <Point X="116" Y="204" T="119547247" />
  <Point X="115" Y="201" T="119547266" />
  <Point X="114" Y="199" T="119547286" />
  <Point X="113" Y="197" T="119547306" />
  <Point X="112" Y="195" T="119547326" />
  <Point X="111" Y="192" T="119547346" />
  <Point X="110" Y="190" T="119547366" />
  <Point X="110" Y="188" T="119547387" />
  <Point X="108" Y="183" T="119547408" />
  <Point X="108" Y="181" T="119547429" />
  <Point X="108" Y="176" T="119547450" />
  <Point X="108" Y="171" T="119547472" />
  <Point X="108" Y="167" T="119547497" />
  <Point X="108" Y="165" T="119547518" />
  <Point X="108" Y="161" T="119547540" />
  <Point X="107" Y="159" T="119547566" />
  <Point X="107" Y="156" T="119547588" />
  <Point X="107" Y="154" T="119547611" />
  <Point X="107" Y="152" T="119547634" />
  <Point X="107" Y="149" T="119547657" />
  <Point X="108" Y="146" T="119547658" />
  <Point X="108" Y="144" T="119547683" />
  <Point X="108" Y="142" T="119547706" />
  <Point X="109" Y="139" T="119547730" />
  <Point X="109" Y="137" T="119547754" />
  <Point X="108" Y="140" T="119547850" />
  <Point X="107" Y="145" T="119547875" />
  <Point X="107" Y="147" T="119547899" />
  <Point X="104" Y="155" T="119547925" />
  <Point X="102" Y="162" T="119547951" />
  <Point X="100" Y="168" T="119547977" />
  <Point X="97" Y="178" T="119548003" />
  <Point X="97" Y="183" T="119548029" />
  <Point X="95" Y="192" T="119548058" />
  <Point X="94" Y="197" T="119548085" />
  <Point X="91" Y="203" T="119548111" />
  <Point X="87" Y="210" T="119548138" />
  <Point X="84" Y="214" T="119548166" />
  <Point X="79" Y="222" T="119548194" />
  <Point X="76" Y="226" T="119548222" />
  <Point X="74" Y="228" T="119548223" />
  <Point X="72" Y="232" T="119548251" />
  <Point X="67" Y="239" T="119548279" />
  <Point X="64" Y="243" T="119548308" />
  <Point X="60" Y="247" T="119548337" />
  <Point X="58" Y="248" T="119548365" />
  <Point X="57" Y="251" T="119548394" />
  <Point X="58" Y="249" T="119548422" />
</Gesture>