﻿<?xml version="1.0" encoding="utf-8" standalone="yes"?>
<Gesture Name="x08" Subject="5" Speed="slow" Number="8" NumPts="121" Millseconds="2913" AppName="Gestures" AppVer="3.7.0.0" Date="Friday, March 09, 2007" TimeOfDay="9:50:37 PM">
  <Point X="65" Y="158" T="119549635" />
  <Point X="65" Y="160" T="119549683" />
  <Point X="67" Y="163" T="119549731" />
  <Point X="68" Y="165" T="119549748" />
  <Point X="68" Y="167" T="119549772" />
  <Point X="69" Y="169" T="119549792" />
  <Point X="70" Y="171" T="119549804" />
  <Point X="71" Y="174" T="119549832" />
  <Point X="73" Y="176" T="119549848" />
  <Point X="74" Y="178" T="119549868" />
  <Point X="76" Y="181" T="119549896" />
  <Point X="77" Y="184" T="119549913" />
  <Point X="78" Y="186" T="119549929" />
  <Point X="79" Y="188" T="119549941" />
  <Point X="80" Y="190" T="119549969" />
  <Point X="81" Y="192" T="119549994" />
  <Point X="82" Y="194" T="119550015" />
  <Point X="84" Y="196" T="119550040" />
  <Point X="85" Y="198" T="119550055" />
  <Point X="86" Y="200" T="119550079" />
  <Point X="87" Y="202" T="119550095" />
  <Point X="89" Y="205" T="119550139" />
  <Point X="89" Y="207" T="119550163" />
  <Point X="91" Y="208" T="119550195" />
  <Point X="92" Y="211" T="119550215" />
  <Point X="93" Y="213" T="119550227" />
  <Point X="95" Y="215" T="119550264" />
  <Point X="97" Y="217" T="119550289" />
  <Point X="97" Y="219" T="119550301" />
  <Point X="98" Y="221" T="119550321" />
  <Point X="100" Y="223" T="119550353" />
  <Point X="102" Y="225" T="119550373" />
  <Point X="103" Y="227" T="119550389" />
  <Point X="104" Y="229" T="119550402" />
  <Point X="106" Y="231" T="119550426" />
  <Point X="107" Y="233" T="119550445" />
  <Point X="109" Y="235" T="119550470" />
  <Point X="110" Y="238" T="119550491" />
  <Point X="112" Y="240" T="119550510" />
  <Point X="114" Y="242" T="119550530" />
  <Point X="115" Y="244" T="119550546" />
  <Point X="117" Y="246" T="119550562" />
  <Point X="118" Y="248" T="119550586" />
  <Point X="120" Y="249" T="119550618" />
  <Point X="122" Y="252" T="119550645" />
  <Point X="124" Y="254" T="119550681" />
  <Point X="126" Y="256" T="119550721" />
  <Point X="127" Y="258" T="119550745" />
  <Point X="129" Y="258" T="119550781" />
  <Point X="131" Y="261" T="119550817" />
  <Point X="132" Y="263" T="119550857" />
  <Point X="132" Y="261" T="119550927" />
  <Point X="130" Y="258" T="119550963" />
  <Point X="129" Y="256" T="119550979" />
  <Point X="129" Y="253" T="119550995" />
  <Point X="128" Y="249" T="119551012" />
  <Point X="127" Y="246" T="119551031" />
  <Point X="127" Y="244" T="119551048" />
  <Point X="126" Y="241" T="119551065" />
  <Point X="125" Y="239" T="119551082" />
  <Point X="124" Y="235" T="119551099" />
  <Point X="123" Y="233" T="119551117" />
  <Point X="123" Y="231" T="119551135" />
  <Point X="122" Y="228" T="119551153" />
  <Point X="121" Y="224" T="119551172" />
  <Point X="120" Y="221" T="119551192" />
  <Point X="120" Y="219" T="119551210" />
  <Point X="119" Y="217" T="119551229" />
  <Point X="119" Y="212" T="119551248" />
  <Point X="118" Y="210" T="119551268" />
  <Point X="118" Y="207" T="119551287" />
  <Point X="117" Y="205" T="119551306" />
  <Point X="117" Y="202" T="119551326" />
  <Point X="116" Y="200" T="119551346" />
  <Point X="115" Y="198" T="119551366" />
  <Point X="114" Y="196" T="119551387" />
  <Point X="113" Y="191" T="119551408" />
  <Point X="113" Y="188" T="119551430" />
  <Point X="112" Y="184" T="119551453" />
  <Point X="112" Y="182" T="119551475" />
  <Point X="112" Y="179" T="119551497" />
  <Point X="112" Y="176" T="119551518" />
  <Point X="113" Y="174" T="119551520" />
  <Point X="113" Y="172" T="119551542" />
  <Point X="113" Y="169" T="119551564" />
  <Point X="114" Y="167" T="119551586" />
  <Point X="115" Y="163" T="119551610" />
  <Point X="115" Y="160" T="119551635" />
  <Point X="116" Y="155" T="119551658" />
  <Point X="116" Y="153" T="119551682" />
  <Point X="117" Y="151" T="119551705" />
  <Point X="118" Y="148" T="119551729" />
  <Point X="118" Y="146" T="119551753" />
  <Point X="119" Y="144" T="119551777" />
  <Point X="120" Y="142" T="119551867" />
  <Point X="119" Y="144" T="119551902" />
  <Point X="118" Y="146" T="119551927" />
  <Point X="117" Y="151" T="119551952" />
  <Point X="115" Y="156" T="119551977" />
  <Point X="113" Y="162" T="119552003" />
  <Point X="111" Y="166" T="119552029" />
  <Point X="110" Y="169" T="119552030" />
  <Point X="108" Y="174" T="119552057" />
  <Point X="105" Y="181" T="119552085" />
  <Point X="103" Y="186" T="119552111" />
  <Point X="100" Y="194" T="119552139" />
  <Point X="98" Y="198" T="119552166" />
  <Point X="96" Y="200" T="119552167" />
  <Point X="92" Y="208" T="119552195" />
  <Point X="90" Y="210" T="119552225" />
  <Point X="87" Y="215" T="119552254" />
  <Point X="84" Y="220" T="119552283" />
  <Point X="80" Y="223" T="119552312" />
  <Point X="76" Y="227" T="119552341" />
  <Point X="72" Y="231" T="119552370" />
  <Point X="68" Y="236" T="119552399" />
  <Point X="64" Y="241" T="119552428" />
  <Point X="61" Y="245" T="119552457" />
  <Point X="57" Y="249" T="119552487" />
  <Point X="52" Y="254" T="119552518" />
  <Point X="50" Y="257" T="119552548" />
</Gesture>