﻿<?xml version="1.0" encoding="utf-8" standalone="yes"?>
<Gesture Name="x09" Subject="5" Speed="slow" Number="9" NumPts="119" Millseconds="2712" AppName="Gestures" AppVer="3.7.0.0" Date="Friday, March 09, 2007" TimeOfDay="9:50:41 PM">
  <Point X="63" Y="163" T="119553186" />
  <Point X="63" Y="165" T="119553218" />
  <Point X="65" Y="167" T="119553259" />
  <Point X="66" Y="169" T="119553279" />
  <Point X="66" Y="171" T="119553291" />
  <Point X="68" Y="173" T="119553311" />
  <Point X="69" Y="175" T="119553323" />
  <Point X="70" Y="177" T="119553343" />
  <Point X="71" Y="179" T="119553355" />
  <Point X="73" Y="182" T="119553371" />
  <Point X="74" Y="184" T="119553395" />
  <Point X="76" Y="186" T="119553415" />
  <Point X="77" Y="188" T="119553423" />
  <Point X="78" Y="191" T="119553440" />
  <Point X="79" Y="193" T="119553448" />
  <Point X="80" Y="195" T="119553465" />
  <Point X="81" Y="197" T="119553479" />
  <Point X="82" Y="200" T="119553495" />
  <Point X="84" Y="202" T="119553519" />
  <Point X="86" Y="205" T="119553543" />
  <Point X="88" Y="207" T="119553559" />
  <Point X="89" Y="209" T="119553568" />
  <Point X="90" Y="211" T="119553579" />
  <Point X="91" Y="213" T="119553591" />
  <Point X="93" Y="215" T="119553611" />
  <Point X="94" Y="217" T="119553623" />
  <Point X="96" Y="219" T="119553647" />
  <Point X="98" Y="221" T="119553667" />
  <Point X="99" Y="223" T="119553679" />
  <Point X="101" Y="225" T="119553691" />
  <Point X="103" Y="227" T="119553712" />
  <Point X="104" Y="230" T="119553724" />
  <Point X="105" Y="232" T="119553737" />
  <Point X="107" Y="234" T="119553767" />
  <Point X="109" Y="236" T="119553788" />
  <Point X="111" Y="238" T="119553812" />
  <Point X="113" Y="241" T="119553837" />
  <Point X="115" Y="242" T="119553864" />
  <Point X="117" Y="244" T="119553889" />
  <Point X="118" Y="246" T="119553902" />
  <Point X="120" Y="248" T="119553917" />
  <Point X="122" Y="249" T="119553937" />
  <Point X="122" Y="251" T="119553950" />
  <Point X="124" Y="252" T="119553973" />
  <Point X="125" Y="254" T="119553990" />
  <Point X="128" Y="256" T="119554018" />
  <Point X="130" Y="258" T="119554050" />
  <Point X="132" Y="260" T="119554086" />
  <Point X="132" Y="258" T="119554234" />
  <Point X="132" Y="255" T="119554249" />
  <Point X="131" Y="253" T="119554266" />
  <Point X="130" Y="251" T="119554286" />
  <Point X="129" Y="249" T="119554302" />
  <Point X="129" Y="246" T="119554318" />
  <Point X="127" Y="244" T="119554334" />
  <Point X="126" Y="240" T="119554350" />
  <Point X="125" Y="237" T="119554371" />
  <Point X="125" Y="235" T="119554388" />
  <Point X="124" Y="232" T="119554406" />
  <Point X="123" Y="230" T="119554426" />
  <Point X="123" Y="228" T="119554443" />
  <Point X="122" Y="226" T="119554461" />
  <Point X="121" Y="224" T="119554479" />
  <Point X="121" Y="222" T="119554497" />
  <Point X="120" Y="218" T="119554515" />
  <Point X="119" Y="215" T="119554534" />
  <Point X="119" Y="213" T="119554552" />
  <Point X="119" Y="208" T="119554571" />
  <Point X="118" Y="206" T="119554599" />
  <Point X="118" Y="204" T="119554623" />
  <Point X="117" Y="201" T="119554643" />
  <Point X="117" Y="199" T="119554663" />
  <Point X="117" Y="197" T="119554683" />
  <Point X="117" Y="195" T="119554703" />
  <Point X="117" Y="193" T="119554723" />
  <Point X="117" Y="191" T="119554744" />
  <Point X="118" Y="186" T="119554765" />
  <Point X="118" Y="184" T="119554786" />
  <Point X="118" Y="181" T="119554807" />
  <Point X="118" Y="177" T="119554828" />
  <Point X="118" Y="175" T="119554850" />
  <Point X="118" Y="173" T="119554872" />
  <Point X="120" Y="167" T="119554894" />
  <Point X="121" Y="165" T="119554915" />
  <Point X="122" Y="163" T="119554938" />
  <Point X="123" Y="159" T="119554960" />
  <Point X="125" Y="156" T="119554983" />
  <Point X="126" Y="153" T="119555006" />
  <Point X="126" Y="151" T="119555092" />
  <Point X="125" Y="153" T="119555136" />
  <Point X="124" Y="155" T="119555161" />
  <Point X="122" Y="158" T="119555186" />
  <Point X="121" Y="160" T="119555188" />
  <Point X="120" Y="162" T="119555212" />
  <Point X="117" Y="167" T="119555238" />
  <Point X="115" Y="170" T="119555262" />
  <Point X="112" Y="175" T="119555288" />
  <Point X="110" Y="177" T="119555313" />
  <Point X="106" Y="182" T="119555341" />
  <Point X="104" Y="185" T="119555366" />
  <Point X="103" Y="189" T="119555392" />
  <Point X="101" Y="191" T="119555418" />
  <Point X="100" Y="193" T="119555444" />
  <Point X="98" Y="196" T="119555470" />
  <Point X="95" Y="201" T="119555498" />
  <Point X="94" Y="203" T="119555526" />
  <Point X="91" Y="208" T="119555554" />
  <Point X="88" Y="212" T="119555583" />
  <Point X="85" Y="214" T="119555610" />
  <Point X="82" Y="218" T="119555639" />
  <Point X="78" Y="223" T="119555667" />
  <Point X="75" Y="227" T="119555695" />
  <Point X="71" Y="232" T="119555724" />
  <Point X="67" Y="237" T="119555753" />
  <Point X="65" Y="239" T="119555781" />
  <Point X="61" Y="242" T="119555810" />
  <Point X="60" Y="244" T="119555840" />
  <Point X="58" Y="247" T="119555869" />
  <Point X="56" Y="249" T="119555898" />
</Gesture>