﻿<?xml version="1.0" encoding="utf-8" standalone="yes"?>
<Gesture Name="x10" Subject="5" Speed="slow" Number="10" NumPts="119" Millseconds="2779" AppName="Gestures" AppVer="3.7.0.0" Date="Friday, March 09, 2007" TimeOfDay="9:50:44 PM">
  <Point X="72" Y="165" T="119556615" />
  <Point X="72" Y="167" T="119556675" />
  <Point X="72" Y="170" T="119556699" />
  <Point X="73" Y="172" T="119556728" />
  <Point X="74" Y="174" T="119556744" />
  <Point X="75" Y="177" T="119556761" />
  <Point X="77" Y="179" T="119556789" />
  <Point X="77" Y="181" T="119556797" />
  <Point X="78" Y="183" T="119556817" />
  <Point X="79" Y="185" T="119556833" />
  <Point X="80" Y="187" T="119556844" />
  <Point X="81" Y="190" T="119556872" />
  <Point X="82" Y="192" T="119556884" />
  <Point X="84" Y="194" T="119556912" />
  <Point X="86" Y="196" T="119556933" />
  <Point X="87" Y="199" T="119556941" />
  <Point X="88" Y="201" T="119556961" />
  <Point X="89" Y="203" T="119556988" />
  <Point X="91" Y="205" T="119557009" />
  <Point X="92" Y="208" T="119557018" />
  <Point X="94" Y="209" T="119557040" />
  <Point X="94" Y="211" T="119557052" />
  <Point X="95" Y="213" T="119557061" />
  <Point X="96" Y="215" T="119557080" />
  <Point X="97" Y="218" T="119557093" />
  <Point X="98" Y="220" T="119557112" />
  <Point X="99" Y="222" T="119557132" />
  <Point X="101" Y="225" T="119557156" />
  <Point X="103" Y="227" T="119557188" />
  <Point X="104" Y="230" T="119557204" />
  <Point X="105" Y="232" T="119557220" />
  <Point X="106" Y="234" T="119557244" />
  <Point X="107" Y="236" T="119557281" />
  <Point X="109" Y="238" T="119557310" />
  <Point X="111" Y="240" T="119557326" />
  <Point X="112" Y="242" T="119557338" />
  <Point X="114" Y="244" T="119557363" />
  <Point X="116" Y="245" T="119557390" />
  <Point X="118" Y="247" T="119557415" />
  <Point X="120" Y="248" T="119557436" />
  <Point X="121" Y="250" T="119557449" />
  <Point X="123" Y="252" T="119557468" />
  <Point X="124" Y="254" T="119557492" />
  <Point X="126" Y="256" T="119557533" />
  <Point X="128" Y="257" T="119557561" />
  <Point X="129" Y="259" T="119557581" />
  <Point X="131" Y="260" T="119557614" />
  <Point X="133" Y="261" T="119557647" />
  <Point X="134" Y="263" T="119557662" />
  <Point X="136" Y="265" T="119557687" />
  <Point X="138" Y="266" T="119557731" />
  <Point X="139" Y="268" T="119557787" />
  <Point X="138" Y="266" T="119557827" />
  <Point X="137" Y="264" T="119557848" />
  <Point X="136" Y="262" T="119557865" />
  <Point X="136" Y="260" T="119557881" />
  <Point X="135" Y="257" T="119557898" />
  <Point X="134" Y="255" T="119557915" />
  <Point X="133" Y="253" T="119557932" />
  <Point X="132" Y="250" T="119557950" />
  <Point X="131" Y="248" T="119557967" />
  <Point X="130" Y="242" T="119557985" />
  <Point X="128" Y="240" T="119558003" />
  <Point X="128" Y="237" T="119558021" />
  <Point X="127" Y="234" T="119558039" />
  <Point X="127" Y="232" T="119558040" />
  <Point X="126" Y="230" T="119558062" />
  <Point X="124" Y="228" T="119558081" />
  <Point X="123" Y="223" T="119558100" />
  <Point X="123" Y="221" T="119558119" />
  <Point X="122" Y="217" T="119558139" />
  <Point X="121" Y="215" T="119558165" />
  <Point X="121" Y="212" T="119558167" />
  <Point X="120" Y="210" T="119558187" />
  <Point X="119" Y="205" T="119558207" />
  <Point X="118" Y="203" T="119558228" />
  <Point X="118" Y="201" T="119558249" />
  <Point X="117" Y="198" T="119558273" />
  <Point X="117" Y="194" T="119558295" />
  <Point X="116" Y="192" T="119558327" />
  <Point X="116" Y="190" T="119558353" />
  <Point X="116" Y="187" T="119558375" />
  <Point X="117" Y="185" T="119558416" />
  <Point X="117" Y="183" T="119558438" />
  <Point X="118" Y="181" T="119558461" />
  <Point X="118" Y="178" T="119558483" />
  <Point X="118" Y="176" T="119558484" />
  <Point X="119" Y="174" T="119558507" />
  <Point X="119" Y="171" T="119558532" />
  <Point X="119" Y="167" T="119558555" />
  <Point X="119" Y="165" T="119558579" />
  <Point X="120" Y="163" T="119558603" />
  <Point X="121" Y="161" T="119558630" />
  <Point X="122" Y="159" T="119558697" />
  <Point X="121" Y="161" T="119558724" />
  <Point X="120" Y="163" T="119558757" />
  <Point X="119" Y="167" T="119558782" />
  <Point X="117" Y="171" T="119558808" />
  <Point X="113" Y="177" T="119558833" />
  <Point X="112" Y="181" T="119558860" />
  <Point X="110" Y="188" T="119558886" />
  <Point X="108" Y="193" T="119558912" />
  <Point X="106" Y="199" T="119558938" />
  <Point X="103" Y="204" T="119558965" />
  <Point X="101" Y="208" T="119558992" />
  <Point X="99" Y="211" T="119559019" />
  <Point X="96" Y="217" T="119559046" />
  <Point X="93" Y="221" T="119559074" />
  <Point X="90" Y="226" T="119559102" />
  <Point X="88" Y="228" T="119559130" />
  <Point X="84" Y="232" T="119559160" />
  <Point X="80" Y="235" T="119559189" />
  <Point X="76" Y="240" T="119559218" />
  <Point X="72" Y="243" T="119559246" />
  <Point X="68" Y="247" T="119559275" />
  <Point X="64" Y="251" T="119559305" />
  <Point X="61" Y="255" T="119559334" />
  <Point X="57" Y="258" T="119559364" />
  <Point X="54" Y="261" T="119559394" />
</Gesture>