﻿<?xml version="1.0" encoding="utf-8" standalone="yes"?>
<Gesture Name="arrow03" Subject="5" Speed="fast" Number="3" NumPts="63" Millseconds="999" AppName="Gestures" AppVer="3.7.0.0" Date="Friday, March 09, 2007" TimeOfDay="9:54:12 PM">
  <Point X="60" Y="211" T="119766550" />
  <Point X="63" Y="210" T="119766558" />
  <Point X="66" Y="210" T="119766566" />
  <Point X="68" Y="210" T="119766571" />
  <Point X="70" Y="210" T="119766577" />
  <Point X="75" Y="208" T="119766583" />
  <Point X="77" Y="208" T="119766589" />
  <Point X="82" Y="207" T="119766595" />
  <Point X="85" Y="206" T="119766602" />
  <Point X="87" Y="206" T="119766603" />
  <Point X="90" Y="205" T="119766610" />
  <Point X="93" Y="204" T="119766611" />
  <Point X="96" Y="203" T="119766618" />
  <Point X="98" Y="203" T="119766619" />
  <Point X="104" Y="202" T="119766627" />
  <Point X="109" Y="199" T="119766635" />
  <Point X="114" Y="197" T="119766643" />
  <Point X="119" Y="194" T="119766651" />
  <Point X="121" Y="193" T="119766660" />
  <Point X="128" Y="189" T="119766671" />
  <Point X="131" Y="187" T="119766681" />
  <Point X="133" Y="186" T="119766690" />
  <Point X="136" Y="184" T="119766699" />
  <Point X="138" Y="183" T="119766713" />
  <Point X="140" Y="181" T="119766730" />
  <Point X="142" Y="180" T="119766754" />
  <Point X="144" Y="179" T="119766789" />
  <Point X="141" Y="178" T="119766862" />
  <Point X="139" Y="178" T="119766874" />
  <Point X="136" Y="179" T="119766887" />
  <Point X="130" Y="181" T="119766900" />
  <Point X="124" Y="181" T="119766912" />
  <Point X="118" Y="181" T="119766925" />
  <Point X="116" Y="182" T="119766927" />
  <Point X="110" Y="182" T="119766940" />
  <Point X="107" Y="183" T="119766953" />
  <Point X="104" Y="183" T="119766955" />
  <Point X="101" Y="182" T="119766969" />
  <Point X="98" Y="179" T="119766983" />
  <Point X="96" Y="176" T="119767006" />
  <Point X="98" Y="177" T="119767079" />
  <Point X="100" Y="176" T="119767093" />
  <Point X="106" Y="176" T="119767108" />
  <Point X="113" Y="176" T="119767123" />
  <Point X="115" Y="176" T="119767124" />
  <Point X="124" Y="174" T="119767140" />
  <Point X="132" Y="175" T="119767156" />
  <Point X="139" Y="175" T="119767171" />
  <Point X="144" Y="175" T="119767187" />
  <Point X="146" Y="176" T="119767203" />
  <Point X="149" Y="176" T="119767219" />
  <Point X="151" Y="177" T="119767236" />
  <Point X="153" Y="175" T="119767324" />
  <Point X="151" Y="177" T="119767400" />
  <Point X="150" Y="181" T="119767417" />
  <Point X="147" Y="191" T="119767435" />
  <Point X="146" Y="194" T="119767437" />
  <Point X="143" Y="206" T="119767456" />
  <Point X="141" Y="213" T="119767475" />
  <Point X="139" Y="222" T="119767493" />
  <Point X="138" Y="225" T="119767511" />
  <Point X="137" Y="228" T="119767530" />
  <Point X="135" Y="230" T="119767549" />
</Gesture>