﻿<?xml version="1.0" encoding="utf-8" standalone="yes"?>
<Gesture Name="arrow02" Subject="5" Speed="fast" Number="2" NumPts="69" Millseconds="1012" AppName="Gestures" AppVer="3.7.0.0" Date="Friday, March 09, 2007" TimeOfDay="9:54:10 PM">
  <Point X="51" Y="214" T="119765093" />
  <Point X="54" Y="213" T="119765105" />
  <Point X="57" Y="214" T="119765114" />
  <Point X="59" Y="213" T="119765119" />
  <Point X="61" Y="212" T="119765125" />
  <Point X="66" Y="211" T="119765131" />
  <Point X="68" Y="210" T="119765137" />
  <Point X="74" Y="208" T="119765143" />
  <Point X="77" Y="208" T="119765150" />
  <Point X="81" Y="207" T="119765151" />
  <Point X="84" Y="207" T="119765158" />
  <Point X="87" Y="205" T="119765159" />
  <Point X="91" Y="204" T="119765166" />
  <Point X="94" Y="202" T="119765167" />
  <Point X="101" Y="201" T="119765175" />
  <Point X="107" Y="199" T="119765183" />
  <Point X="113" Y="197" T="119765191" />
  <Point X="118" Y="194" T="119765200" />
  <Point X="123" Y="192" T="119765209" />
  <Point X="127" Y="189" T="119765217" />
  <Point X="130" Y="186" T="119765227" />
  <Point X="133" Y="185" T="119765236" />
  <Point X="136" Y="183" T="119765245" />
  <Point X="138" Y="181" T="119765254" />
  <Point X="140" Y="180" T="119765264" />
  <Point X="141" Y="178" T="119765274" />
  <Point X="143" Y="177" T="119765284" />
  <Point X="146" Y="175" T="119765306" />
  <Point X="144" Y="176" T="119765383" />
  <Point X="141" Y="177" T="119765395" />
  <Point X="139" Y="178" T="119765407" />
  <Point X="136" Y="178" T="119765419" />
  <Point X="132" Y="179" T="119765432" />
  <Point X="129" Y="180" T="119765445" />
  <Point X="125" Y="179" T="119765458" />
  <Point X="121" Y="178" T="119765471" />
  <Point X="119" Y="178" T="119765485" />
  <Point X="116" Y="177" T="119765498" />
  <Point X="114" Y="176" T="119765500" />
  <Point X="111" Y="176" T="119765516" />
  <Point X="107" Y="176" T="119765530" />
  <Point X="105" Y="175" T="119765544" />
  <Point X="103" Y="175" T="119765559" />
  <Point X="105" Y="174" T="119765628" />
  <Point X="108" Y="173" T="119765643" />
  <Point X="114" Y="171" T="119765659" />
  <Point X="120" Y="169" T="119765674" />
  <Point X="127" Y="168" T="119765690" />
  <Point X="133" Y="168" T="119765706" />
  <Point X="138" Y="169" T="119765722" />
  <Point X="142" Y="169" T="119765738" />
  <Point X="144" Y="170" T="119765755" />
  <Point X="147" Y="169" T="119765771" />
  <Point X="149" Y="169" T="119765788" />
  <Point X="151" Y="169" T="119765805" />
  <Point X="153" Y="168" T="119765822" />
  <Point X="154" Y="166" T="119765849" />
  <Point X="154" Y="168" T="119765885" />
  <Point X="152" Y="171" T="119765921" />
  <Point X="151" Y="173" T="119765939" />
  <Point X="150" Y="178" T="119765957" />
  <Point X="148" Y="184" T="119765977" />
  <Point X="145" Y="195" T="119765996" />
  <Point X="145" Y="198" T="119765998" />
  <Point X="142" Y="209" T="119766019" />
  <Point X="140" Y="220" T="119766039" />
  <Point X="137" Y="228" T="119766059" />
  <Point X="135" Y="234" T="119766082" />
  <Point X="134" Y="239" T="119766105" />
</Gesture>