﻿<?xml version="1.0" encoding="utf-8" standalone="yes"?>
<Gesture Name="arrow04" Subject="5" Speed="fast" Number="4" NumPts="66" Millseconds="1084" AppName="Gestures" AppVer="3.7.0.0" Date="Friday, March 09, 2007" TimeOfDay="9:54:13 PM">
  <Point X="63" Y="214" T="119768017" />
  <Point X="65" Y="215" T="119768033" />
  <Point X="67" Y="214" T="119768045" />
  <Point X="70" Y="213" T="119768053" />
  <Point X="73" Y="212" T="119768060" />
  <Point X="75" Y="211" T="119768066" />
  <Point X="77" Y="211" T="119768072" />
  <Point X="79" Y="211" T="119768073" />
  <Point X="81" Y="210" T="119768079" />
  <Point X="84" Y="209" T="119768080" />
  <Point X="86" Y="208" T="119768087" />
  <Point X="92" Y="206" T="119768094" />
  <Point X="97" Y="205" T="119768102" />
  <Point X="102" Y="203" T="119768109" />
  <Point X="107" Y="202" T="119768117" />
  <Point X="112" Y="199" T="119768125" />
  <Point X="117" Y="197" T="119768134" />
  <Point X="121" Y="195" T="119768142" />
  <Point X="125" Y="193" T="119768151" />
  <Point X="127" Y="192" T="119768160" />
  <Point X="130" Y="190" T="119768161" />
  <Point X="132" Y="188" T="119768170" />
  <Point X="135" Y="186" T="119768180" />
  <Point X="137" Y="184" T="119768181" />
  <Point X="139" Y="182" T="119768191" />
  <Point X="141" Y="181" T="119768201" />
  <Point X="143" Y="179" T="119768216" />
  <Point X="145" Y="177" T="119768252" />
  <Point X="143" Y="178" T="119768340" />
  <Point X="141" Y="179" T="119768352" />
  <Point X="139" Y="179" T="119768364" />
  <Point X="134" Y="180" T="119768377" />
  <Point X="131" Y="180" T="119768389" />
  <Point X="125" Y="179" T="119768402" />
  <Point X="122" Y="180" T="119768415" />
  <Point X="116" Y="180" T="119768428" />
  <Point X="112" Y="180" T="119768441" />
  <Point X="110" Y="178" T="119768454" />
  <Point X="108" Y="177" T="119768472" />
  <Point X="108" Y="175" T="119768492" />
  <Point X="107" Y="177" T="119768548" />
  <Point X="110" Y="178" T="119768568" />
  <Point X="112" Y="178" T="119768582" />
  <Point X="117" Y="178" T="119768598" />
  <Point X="123" Y="178" T="119768613" />
  <Point X="129" Y="177" T="119768629" />
  <Point X="135" Y="177" T="119768645" />
  <Point X="140" Y="177" T="119768660" />
  <Point X="142" Y="177" T="119768677" />
  <Point X="145" Y="177" T="119768693" />
  <Point X="147" Y="176" T="119768709" />
  <Point X="149" Y="175" T="119768740" />
  <Point X="150" Y="173" T="119768757" />
  <Point X="152" Y="172" T="119768793" />
  <Point X="151" Y="174" T="119768886" />
  <Point X="150" Y="177" T="119768906" />
  <Point X="149" Y="183" T="119768924" />
  <Point X="146" Y="191" T="119768942" />
  <Point X="143" Y="200" T="119768961" />
  <Point X="141" Y="208" T="119768981" />
  <Point X="137" Y="217" T="119769001" />
  <Point X="134" Y="225" T="119769023" />
  <Point X="132" Y="227" T="119769043" />
  <Point X="129" Y="232" T="119769063" />
  <Point X="128" Y="235" T="119769082" />
  <Point X="127" Y="237" T="119769101" />
</Gesture>