﻿<?xml version="1.0" encoding="utf-8" standalone="yes"?>
<Gesture Name="arrow09" Subject="5" Speed="fast" Number="9" NumPts="65" Millseconds="902" AppName="Gestures" AppVer="3.7.0.0" Date="Friday, March 09, 2007" TimeOfDay="9:54:20 PM">
  <Point X="64" Y="214" T="119774710" />
  <Point X="66" Y="214" T="119774722" />
  <Point X="69" Y="213" T="119774730" />
  <Point X="72" Y="213" T="119774739" />
  <Point X="74" Y="213" T="119774745" />
  <Point X="77" Y="212" T="119774750" />
  <Point X="80" Y="211" T="119774751" />
  <Point X="82" Y="210" T="119774758" />
  <Point X="88" Y="208" T="119774764" />
  <Point X="94" Y="205" T="119774771" />
  <Point X="98" Y="204" T="119774778" />
  <Point X="101" Y="203" T="119774779" />
  <Point X="104" Y="201" T="119774787" />
  <Point X="108" Y="200" T="119774788" />
  <Point X="114" Y="197" T="119774796" />
  <Point X="120" Y="194" T="119774804" />
  <Point X="124" Y="192" T="119774812" />
  <Point X="129" Y="191" T="119774821" />
  <Point X="133" Y="187" T="119774829" />
  <Point X="137" Y="185" T="119774838" />
  <Point X="140" Y="182" T="119774847" />
  <Point X="143" Y="180" T="119774856" />
  <Point X="145" Y="178" T="119774866" />
  <Point X="147" Y="177" T="119774875" />
  <Point X="149" Y="175" T="119774887" />
  <Point X="151" Y="173" T="119774899" />
  <Point X="153" Y="172" T="119774915" />
  <Point X="155" Y="170" T="119774935" />
  <Point X="153" Y="169" T="119775016" />
  <Point X="150" Y="169" T="119775028" />
  <Point X="147" Y="170" T="119775040" />
  <Point X="141" Y="171" T="119775052" />
  <Point X="137" Y="173" T="119775065" />
  <Point X="130" Y="174" T="119775077" />
  <Point X="124" Y="175" T="119775090" />
  <Point X="121" Y="174" T="119775103" />
  <Point X="118" Y="175" T="119775105" />
  <Point X="115" Y="175" T="119775119" />
  <Point X="113" Y="175" T="119775133" />
  <Point X="111" Y="174" T="119775147" />
  <Point X="111" Y="172" T="119775161" />
  <Point X="112" Y="170" T="119775176" />
  <Point X="114" Y="170" T="119775195" />
  <Point X="117" Y="170" T="119775212" />
  <Point X="123" Y="170" T="119775227" />
  <Point X="132" Y="169" T="119775243" />
  <Point X="142" Y="167" T="119775259" />
  <Point X="151" Y="163" T="119775276" />
  <Point X="159" Y="160" T="119775292" />
  <Point X="165" Y="158" T="119775308" />
  <Point X="167" Y="157" T="119775324" />
  <Point X="169" Y="156" T="119775340" />
  <Point X="170" Y="159" T="119775433" />
  <Point X="168" Y="164" T="119775449" />
  <Point X="164" Y="171" T="119775466" />
  <Point X="159" Y="182" T="119775483" />
  <Point X="158" Y="186" T="119775484" />
  <Point X="153" Y="197" T="119775502" />
  <Point X="149" Y="205" T="119775520" />
  <Point X="148" Y="208" T="119775521" />
  <Point X="145" Y="214" T="119775539" />
  <Point X="140" Y="221" T="119775557" />
  <Point X="137" Y="225" T="119775575" />
  <Point X="135" Y="227" T="119775593" />
  <Point X="133" Y="228" T="119775612" />
</Gesture>