﻿<?xml version="1.0" encoding="utf-8" standalone="yes"?>
<Gesture Name="arrow07" Subject="5" Speed="fast" Number="7" NumPts="67" Millseconds="890" AppName="Gestures" AppVer="3.7.0.0" Date="Friday, March 09, 2007" TimeOfDay="9:54:17 PM">
  <Point X="66" Y="218" T="119772273" />
  <Point X="69" Y="218" T="119772281" />
  <Point X="73" Y="216" T="119772290" />
  <Point X="75" Y="215" T="119772295" />
  <Point X="78" Y="214" T="119772301" />
  <Point X="83" Y="212" T="119772307" />
  <Point X="85" Y="212" T="119772313" />
  <Point X="88" Y="211" T="119772314" />
  <Point X="91" Y="211" T="119772321" />
  <Point X="96" Y="207" T="119772328" />
  <Point X="102" Y="205" T="119772335" />
  <Point X="108" Y="203" T="119772342" />
  <Point X="111" Y="202" T="119772350" />
  <Point X="113" Y="201" T="119772351" />
  <Point X="119" Y="197" T="119772359" />
  <Point X="123" Y="196" T="119772367" />
  <Point X="127" Y="193" T="119772375" />
  <Point X="129" Y="191" T="119772383" />
  <Point X="133" Y="190" T="119772392" />
  <Point X="138" Y="185" T="119772401" />
  <Point X="140" Y="182" T="119772410" />
  <Point X="143" Y="179" T="119772420" />
  <Point X="145" Y="177" T="119772429" />
  <Point X="147" Y="175" T="119772438" />
  <Point X="150" Y="173" T="119772448" />
  <Point X="152" Y="171" T="119772458" />
  <Point X="154" Y="169" T="119772469" />
  <Point X="156" Y="169" T="119772484" />
  <Point X="158" Y="167" T="119772514" />
  <Point X="156" Y="168" T="119772570" />
  <Point X="154" Y="168" T="119772583" />
  <Point X="151" Y="169" T="119772594" />
  <Point X="149" Y="170" T="119772607" />
  <Point X="142" Y="171" T="119772620" />
  <Point X="139" Y="172" T="119772633" />
  <Point X="136" Y="171" T="119772635" />
  <Point X="133" Y="172" T="119772648" />
  <Point X="126" Y="174" T="119772662" />
  <Point X="120" Y="174" T="119772676" />
  <Point X="117" Y="175" T="119772690" />
  <Point X="115" Y="175" T="119772691" />
  <Point X="113" Y="175" T="119772705" />
  <Point X="111" Y="174" T="119772722" />
  <Point X="112" Y="172" T="119772766" />
  <Point X="114" Y="172" T="119772782" />
  <Point X="117" Y="171" T="119772797" />
  <Point X="123" Y="171" T="119772813" />
  <Point X="130" Y="169" T="119772829" />
  <Point X="137" Y="167" T="119772845" />
  <Point X="144" Y="166" T="119772862" />
  <Point X="150" Y="164" T="119772878" />
  <Point X="154" Y="162" T="119772895" />
  <Point X="158" Y="159" T="119772911" />
  <Point X="160" Y="159" T="119772928" />
  <Point X="162" Y="157" T="119772945" />
  <Point X="164" Y="159" T="119773006" />
  <Point X="163" Y="164" T="119773024" />
  <Point X="161" Y="173" T="119773041" />
  <Point X="161" Y="175" T="119773043" />
  <Point X="158" Y="186" T="119773061" />
  <Point X="157" Y="188" T="119773062" />
  <Point X="154" Y="199" T="119773083" />
  <Point X="151" Y="210" T="119773102" />
  <Point X="150" Y="215" T="119773121" />
  <Point X="150" Y="218" T="119773123" />
  <Point X="149" Y="223" T="119773143" />
  <Point X="149" Y="226" T="119773163" />
</Gesture>