﻿<?xml version="1.0" encoding="utf-8" standalone="yes"?>
<Gesture Name="arrow05" Subject="5" Speed="fast" Number="5" NumPts="66" Millseconds="920" AppName="Gestures" AppVer="3.7.0.0" Date="Friday, March 09, 2007" TimeOfDay="9:54:15 PM">
  <Point X="57" Y="217" T="119769481" />
  <Point X="60" Y="217" T="119769494" />
  <Point X="62" Y="218" T="119769504" />
  <Point X="64" Y="217" T="119769509" />
  <Point X="67" Y="216" T="119769515" />
  <Point X="69" Y="215" T="119769516" />
  <Point X="71" Y="214" T="119769523" />
  <Point X="76" Y="213" T="119769529" />
  <Point X="78" Y="212" T="119769535" />
  <Point X="81" Y="211" T="119769536" />
  <Point X="84" Y="210" T="119769543" />
  <Point X="87" Y="209" T="119769544" />
  <Point X="90" Y="207" T="119769552" />
  <Point X="92" Y="206" T="119769553" />
  <Point X="98" Y="204" T="119769561" />
  <Point X="104" Y="201" T="119769569" />
  <Point X="110" Y="200" T="119769577" />
  <Point X="115" Y="197" T="119769586" />
  <Point X="119" Y="195" T="119769595" />
  <Point X="124" Y="192" T="119769603" />
  <Point X="126" Y="191" T="119769605" />
  <Point X="129" Y="189" T="119769616" />
  <Point X="132" Y="187" T="119769625" />
  <Point X="135" Y="185" T="119769635" />
  <Point X="137" Y="183" T="119769644" />
  <Point X="140" Y="182" T="119769654" />
  <Point X="141" Y="180" T="119769665" />
  <Point X="143" Y="177" T="119769677" />
  <Point X="145" Y="176" T="119769710" />
  <Point X="147" Y="175" T="119769734" />
  <Point X="148" Y="172" T="119769749" />
  <Point X="148" Y="174" T="119769765" />
  <Point X="146" Y="174" T="119769813" />
  <Point X="144" Y="173" T="119769826" />
  <Point X="142" Y="175" T="119769839" />
  <Point X="137" Y="175" T="119769852" />
  <Point X="131" Y="176" T="119769865" />
  <Point X="127" Y="177" T="119769879" />
  <Point X="120" Y="177" T="119769892" />
  <Point X="115" Y="178" T="119769906" />
  <Point X="113" Y="177" T="119769921" />
  <Point X="111" Y="178" T="119769936" />
  <Point X="111" Y="176" T="119770001" />
  <Point X="113" Y="176" T="119770017" />
  <Point X="116" Y="176" T="119770032" />
  <Point X="121" Y="175" T="119770048" />
  <Point X="128" Y="173" T="119770063" />
  <Point X="135" Y="172" T="119770079" />
  <Point X="141" Y="171" T="119770095" />
  <Point X="146" Y="170" T="119770112" />
  <Point X="148" Y="169" T="119770128" />
  <Point X="150" Y="167" T="119770144" />
  <Point X="153" Y="167" T="119770146" />
  <Point X="155" Y="166" T="119770169" />
  <Point X="156" Y="164" T="119770198" />
  <Point X="156" Y="166" T="119770246" />
  <Point X="155" Y="168" T="119770263" />
  <Point X="153" Y="176" T="119770281" />
  <Point X="152" Y="179" T="119770283" />
  <Point X="149" Y="191" T="119770303" />
  <Point X="147" Y="200" T="119770322" />
  <Point X="146" Y="202" T="119770323" />
  <Point X="144" Y="209" T="119770343" />
  <Point X="143" Y="215" T="119770363" />
  <Point X="143" Y="218" T="119770382" />
  <Point X="143" Y="220" T="119770401" />
</Gesture>