﻿<?xml version="1.0" encoding="utf-8" standalone="yes"?>
<Gesture Name="arrow10" Subject="5" Speed="fast" Number="10" NumPts="65" Millseconds="916" AppName="Gestures" AppVer="3.7.0.0" Date="Friday, March 09, 2007" TimeOfDay="9:54:21 PM">
  <Point X="71" Y="210" T="119775998" />
  <Point X="75" Y="210" T="119776006" />
  <Point X="78" Y="210" T="119776011" />
  <Point X="80" Y="209" T="119776017" />
  <Point X="86" Y="207" T="119776023" />
  <Point X="89" Y="206" T="119776029" />
  <Point X="95" Y="204" T="119776035" />
  <Point X="98" Y="203" T="119776041" />
  <Point X="101" Y="202" T="119776042" />
  <Point X="104" Y="201" T="119776049" />
  <Point X="111" Y="198" T="119776056" />
  <Point X="116" Y="196" T="119776063" />
  <Point X="122" Y="193" T="119776071" />
  <Point X="128" Y="190" T="119776079" />
  <Point X="133" Y="187" T="119776086" />
  <Point X="137" Y="185" T="119776095" />
  <Point X="141" Y="182" T="119776103" />
  <Point X="144" Y="180" T="119776111" />
  <Point X="147" Y="177" T="119776120" />
  <Point X="149" Y="176" T="119776129" />
  <Point X="151" Y="174" T="119776137" />
  <Point X="153" Y="172" T="119776147" />
  <Point X="155" Y="171" T="119776156" />
  <Point X="158" Y="170" T="119776170" />
  <Point X="160" Y="168" T="119776194" />
  <Point X="158" Y="168" T="119776271" />
  <Point X="156" Y="167" T="119776283" />
  <Point X="153" Y="168" T="119776295" />
  <Point X="150" Y="169" T="119776307" />
  <Point X="148" Y="170" T="119776318" />
  <Point X="145" Y="169" T="119776329" />
  <Point X="140" Y="170" T="119776341" />
  <Point X="137" Y="169" T="119776352" />
  <Point X="131" Y="168" T="119776364" />
  <Point X="129" Y="168" T="119776376" />
  <Point X="124" Y="168" T="119776388" />
  <Point X="122" Y="167" T="119776400" />
  <Point X="120" Y="166" T="119776415" />
  <Point X="122" Y="164" T="119776505" />
  <Point X="124" Y="163" T="119776518" />
  <Point X="129" Y="162" T="119776532" />
  <Point X="134" Y="161" T="119776545" />
  <Point X="137" Y="160" T="119776559" />
  <Point X="143" Y="159" T="119776573" />
  <Point X="148" Y="159" T="119776587" />
  <Point X="152" Y="157" T="119776602" />
  <Point X="155" Y="157" T="119776617" />
  <Point X="157" Y="156" T="119776632" />
  <Point X="159" Y="155" T="119776647" />
  <Point X="164" Y="152" T="119776662" />
  <Point X="166" Y="152" T="119776677" />
  <Point X="167" Y="150" T="119776709" />
  <Point X="166" Y="152" T="119776737" />
  <Point X="166" Y="155" T="119776754" />
  <Point X="165" Y="157" T="119776770" />
  <Point X="163" Y="166" T="119776787" />
  <Point X="160" Y="178" T="119776804" />
  <Point X="159" Y="181" T="119776805" />
  <Point X="155" Y="191" T="119776823" />
  <Point X="150" Y="200" T="119776841" />
  <Point X="145" Y="207" T="119776859" />
  <Point X="140" Y="213" T="119776877" />
  <Point X="138" Y="214" T="119776878" />
  <Point X="136" Y="217" T="119776896" />
  <Point X="134" Y="222" T="119776914" />
</Gesture>