﻿<?xml version="1.0" encoding="utf-8" standalone="yes"?>
<Gesture Name="caret08" Subject="5" Speed="fast" Number="8" NumPts="63" Millseconds="909" AppName="Gestures" AppVer="3.7.0.0" Date="Friday, March 09, 2007" TimeOfDay="9:52:43 PM">
  <Point X="77" Y="216" T="119677524" />
  <Point X="78" Y="213" T="119677536" />
  <Point X="79" Y="211" T="119677548" />
  <Point X="80" Y="208" T="119677564" />
  <Point X="81" Y="206" T="119677573" />
  <Point X="83" Y="204" T="119677582" />
  <Point X="84" Y="201" T="119677591" />
  <Point X="85" Y="198" T="119677600" />
  <Point X="86" Y="196" T="119677610" />
  <Point X="87" Y="194" T="119677619" />
  <Point X="87" Y="191" T="119677629" />
  <Point X="88" Y="189" T="119677642" />
  <Point X="89" Y="187" T="119677650" />
  <Point X="89" Y="184" T="119677659" />
  <Point X="90" Y="181" T="119677666" />
  <Point X="91" Y="179" T="119677675" />
  <Point X="92" Y="176" T="119677688" />
  <Point X="93" Y="174" T="119677696" />
  <Point X="94" Y="171" T="119677705" />
  <Point X="95" Y="169" T="119677713" />
  <Point X="96" Y="167" T="119677722" />
  <Point X="97" Y="164" T="119677731" />
  <Point X="97" Y="162" T="119677732" />
  <Point X="98" Y="159" T="119677742" />
  <Point X="99" Y="157" T="119677752" />
  <Point X="100" Y="155" T="119677762" />
  <Point X="101" Y="152" T="119677772" />
  <Point X="102" Y="150" T="119677783" />
  <Point X="103" Y="148" T="119677793" />
  <Point X="104" Y="145" T="119677804" />
  <Point X="105" Y="143" T="119677805" />
  <Point X="106" Y="141" T="119677817" />
  <Point X="107" Y="138" T="119677828" />
  <Point X="108" Y="135" T="119677840" />
  <Point X="110" Y="132" T="119677852" />
  <Point X="111" Y="130" T="119677865" />
  <Point X="112" Y="128" T="119677885" />
  <Point X="113" Y="125" T="119677897" />
  <Point X="115" Y="123" T="119677917" />
  <Point X="116" Y="121" T="119677938" />
  <Point X="117" Y="119" T="119678010" />
  <Point X="118" Y="117" T="119678030" />
  <Point X="119" Y="115" T="119678103" />
  <Point X="120" Y="117" T="119678152" />
  <Point X="120" Y="119" T="119678167" />
  <Point X="120" Y="125" T="119678181" />
  <Point X="120" Y="128" T="119678196" />
  <Point X="121" Y="132" T="119678197" />
  <Point X="122" Y="144" T="119678212" />
  <Point X="124" Y="156" T="119678228" />
  <Point X="127" Y="169" T="119678244" />
  <Point X="131" Y="181" T="119678261" />
  <Point X="135" Y="191" T="119678276" />
  <Point X="141" Y="200" T="119678293" />
  <Point X="146" Y="209" T="119678309" />
  <Point X="151" Y="216" T="119678327" />
  <Point X="158" Y="225" T="119678345" />
  <Point X="161" Y="230" T="119678362" />
  <Point X="165" Y="236" T="119678380" />
  <Point X="166" Y="238" T="119678397" />
  <Point X="168" Y="240" T="119678415" />
  <Point X="170" Y="242" T="119678432" />
  <Point X="172" Y="245" T="119678433" />
</Gesture>