﻿<?xml version="1.0" encoding="utf-8" standalone="yes"?>
<Gesture Name="caret02" Subject="5" Speed="fast" Number="2" NumPts="59" Millseconds="678" AppName="Gestures" AppVer="3.7.0.0" Date="Friday, March 09, 2007" TimeOfDay="9:52:35 PM">
  <Point X="54" Y="230" T="119670124" />
  <Point X="56" Y="231" T="119670145" />
  <Point X="58" Y="229" T="119670153" />
  <Point X="60" Y="226" T="119670161" />
  <Point X="62" Y="223" T="119670169" />
  <Point X="65" Y="220" T="119670177" />
  <Point X="67" Y="217" T="119670186" />
  <Point X="69" Y="214" T="119670192" />
  <Point X="71" Y="210" T="119670199" />
  <Point X="73" Y="208" T="119670205" />
  <Point X="74" Y="206" T="119670207" />
  <Point X="76" Y="203" T="119670214" />
  <Point X="77" Y="201" T="119670221" />
  <Point X="78" Y="199" T="119670222" />
  <Point X="80" Y="195" T="119670231" />
  <Point X="81" Y="192" T="119670239" />
  <Point X="83" Y="190" T="119670247" />
  <Point X="83" Y="188" T="119670255" />
  <Point X="84" Y="186" T="119670264" />
  <Point X="85" Y="184" T="119670272" />
  <Point X="85" Y="180" T="119670281" />
  <Point X="87" Y="174" T="119670290" />
  <Point X="88" Y="171" T="119670299" />
  <Point X="90" Y="169" T="119670309" />
  <Point X="92" Y="162" T="119670319" />
  <Point X="94" Y="158" T="119670329" />
  <Point X="96" Y="155" T="119670339" />
  <Point X="100" Y="147" T="119670350" />
  <Point X="101" Y="145" T="119670361" />
  <Point X="104" Y="139" T="119670372" />
  <Point X="105" Y="135" T="119670383" />
  <Point X="106" Y="133" T="119670394" />
  <Point X="107" Y="131" T="119670395" />
  <Point X="107" Y="128" T="119670406" />
  <Point X="109" Y="125" T="119670419" />
  <Point X="110" Y="122" T="119670431" />
  <Point X="111" Y="120" T="119670443" />
  <Point X="112" Y="118" T="119670455" />
  <Point X="113" Y="115" T="119670468" />
  <Point X="114" Y="113" T="119670480" />
  <Point X="113" Y="115" T="119670534" />
  <Point X="113" Y="118" T="119670547" />
  <Point X="112" Y="120" T="119670561" />
  <Point X="112" Y="122" T="119670574" />
  <Point X="111" Y="124" T="119670588" />
  <Point X="111" Y="129" T="119670603" />
  <Point X="110" Y="137" T="119670618" />
  <Point X="111" Y="144" T="119670634" />
  <Point X="111" Y="147" T="119670635" />
  <Point X="112" Y="161" T="119670651" />
  <Point X="114" Y="173" T="119670667" />
  <Point X="118" Y="186" T="119670683" />
  <Point X="123" Y="198" T="119670699" />
  <Point X="128" Y="209" T="119670715" />
  <Point X="133" Y="217" T="119670732" />
  <Point X="140" Y="228" T="119670751" />
  <Point X="144" Y="234" T="119670768" />
  <Point X="147" Y="239" T="119670785" />
  <Point X="149" Y="241" T="119670802" />
</Gesture>