﻿<?xml version="1.0" encoding="utf-8" standalone="yes"?>
<Gesture Name="caret03" Subject="5" Speed="fast" Number="3" NumPts="58" Millseconds="807" AppName="Gestures" AppVer="3.7.0.0" Date="Friday, March 09, 2007" TimeOfDay="9:52:37 PM">
  <Point X="57" Y="229" T="119671263" />
  <Point X="58" Y="227" T="119671283" />
  <Point X="60" Y="224" T="119671295" />
  <Point X="62" Y="222" T="119671307" />
  <Point X="63" Y="219" T="119671315" />
  <Point X="65" Y="216" T="119671323" />
  <Point X="66" Y="213" T="119671330" />
  <Point X="69" Y="210" T="119671336" />
  <Point X="71" Y="206" T="119671343" />
  <Point X="72" Y="203" T="119671350" />
  <Point X="74" Y="201" T="119671357" />
  <Point X="77" Y="198" T="119671364" />
  <Point X="80" Y="193" T="119671371" />
  <Point X="81" Y="191" T="119671379" />
  <Point X="82" Y="188" T="119671387" />
  <Point X="83" Y="185" T="119671395" />
  <Point X="83" Y="182" T="119671404" />
  <Point X="84" Y="179" T="119671413" />
  <Point X="83" Y="177" T="119671424" />
  <Point X="83" Y="174" T="119671432" />
  <Point X="83" Y="172" T="119671445" />
  <Point X="84" Y="169" T="119671458" />
  <Point X="84" Y="167" T="119671469" />
  <Point X="85" Y="163" T="119671479" />
  <Point X="86" Y="159" T="119671488" />
  <Point X="87" Y="156" T="119671498" />
  <Point X="88" Y="152" T="119671508" />
  <Point X="90" Y="147" T="119671519" />
  <Point X="91" Y="145" T="119671529" />
  <Point X="93" Y="142" T="119671540" />
  <Point X="95" Y="137" T="119671551" />
  <Point X="96" Y="135" T="119671563" />
  <Point X="98" Y="130" T="119671574" />
  <Point X="100" Y="127" T="119671586" />
  <Point X="102" Y="122" T="119671598" />
  <Point X="104" Y="120" T="119671610" />
  <Point X="105" Y="117" T="119671623" />
  <Point X="107" Y="114" T="119671636" />
  <Point X="109" Y="114" T="119671792" />
  <Point X="110" Y="116" T="119671837" />
  <Point X="110" Y="119" T="119671850" />
  <Point X="111" Y="126" T="119671864" />
  <Point X="111" Y="128" T="119671865" />
  <Point X="111" Y="138" T="119671879" />
  <Point X="113" Y="153" T="119671894" />
  <Point X="114" Y="165" T="119671908" />
  <Point X="115" Y="169" T="119671909" />
  <Point X="117" Y="180" T="119671925" />
  <Point X="118" Y="184" T="119671926" />
  <Point X="122" Y="195" T="119671941" />
  <Point X="125" Y="202" T="119671957" />
  <Point X="130" Y="209" T="119671972" />
  <Point X="135" Y="214" T="119671988" />
  <Point X="140" Y="218" T="119672004" />
  <Point X="144" Y="222" T="119672020" />
  <Point X="147" Y="222" T="119672037" />
  <Point X="149" Y="223" T="119672053" />
  <Point X="152" Y="223" T="119672070" />
</Gesture>