﻿<?xml version="1.0" encoding="utf-8" standalone="yes"?>
<Gesture Name="caret10" Subject="5" Speed="fast" Number="10" NumPts="54" Millseconds="695" AppName="Gestures" AppVer="3.7.0.0" Date="Friday, March 09, 2007" TimeOfDay="9:52:45 PM">
  <Point X="81" Y="208" T="119680227" />
  <Point X="82" Y="206" T="119680247" />
  <Point X="83" Y="204" T="119680255" />
  <Point X="85" Y="201" T="119680267" />
  <Point X="87" Y="199" T="119680278" />
  <Point X="87" Y="197" T="119680284" />
  <Point X="89" Y="193" T="119680291" />
  <Point X="90" Y="191" T="119680298" />
  <Point X="92" Y="188" T="119680306" />
  <Point X="94" Y="185" T="119680314" />
  <Point X="95" Y="183" T="119680321" />
  <Point X="96" Y="180" T="119680328" />
  <Point X="98" Y="176" T="119680335" />
  <Point X="99" Y="174" T="119680342" />
  <Point X="101" Y="171" T="119680350" />
  <Point X="102" Y="168" T="119680358" />
  <Point X="104" Y="165" T="119680366" />
  <Point X="105" Y="161" T="119680375" />
  <Point X="106" Y="159" T="119680383" />
  <Point X="107" Y="156" T="119680392" />
  <Point X="108" Y="154" T="119680401" />
  <Point X="109" Y="151" T="119680410" />
  <Point X="110" Y="148" T="119680420" />
  <Point X="111" Y="145" T="119680429" />
  <Point X="111" Y="142" T="119680430" />
  <Point X="112" Y="139" T="119680440" />
  <Point X="113" Y="137" T="119680450" />
  <Point X="114" Y="134" T="119680461" />
  <Point X="115" Y="131" T="119680471" />
  <Point X="116" Y="126" T="119680482" />
  <Point X="117" Y="124" T="119680493" />
  <Point X="118" Y="121" T="119680505" />
  <Point X="118" Y="118" T="119680516" />
  <Point X="118" Y="116" T="119680528" />
  <Point X="119" Y="114" T="119680550" />
  <Point X="119" Y="112" T="119680571" />
  <Point X="120" Y="115" T="119680689" />
  <Point X="121" Y="117" T="119680702" />
  <Point X="121" Y="122" T="119680715" />
  <Point X="122" Y="125" T="119680728" />
  <Point X="123" Y="135" T="119680742" />
  <Point X="125" Y="141" T="119680756" />
  <Point X="128" Y="152" T="119680770" />
  <Point X="131" Y="161" T="119680784" />
  <Point X="136" Y="173" T="119680799" />
  <Point X="141" Y="185" T="119680814" />
  <Point X="146" Y="193" T="119680829" />
  <Point X="148" Y="196" T="119680830" />
  <Point X="156" Y="205" T="119680845" />
  <Point X="161" Y="210" T="119680860" />
  <Point X="167" Y="216" T="119680875" />
  <Point X="171" Y="222" T="119680891" />
  <Point X="173" Y="225" T="119680906" />
  <Point X="176" Y="229" T="119680922" />
</Gesture>