﻿<?xml version="1.0" encoding="utf-8" standalone="yes"?>
<Gesture Name="caret06" Subject="5" Speed="fast" Number="6" NumPts="60" Millseconds="766" AppName="Gestures" AppVer="3.7.0.0" Date="Friday, March 09, 2007" TimeOfDay="9:52:40 PM">
  <Point X="69" Y="223" T="119674964" />
  <Point X="70" Y="221" T="119674976" />
  <Point X="73" Y="219" T="119674992" />
  <Point X="74" Y="216" T="119675000" />
  <Point X="76" Y="213" T="119675007" />
  <Point X="78" Y="210" T="119675015" />
  <Point X="81" Y="206" T="119675024" />
  <Point X="82" Y="204" T="119675030" />
  <Point X="83" Y="202" T="119675037" />
  <Point X="86" Y="199" T="119675043" />
  <Point X="88" Y="195" T="119675050" />
  <Point X="90" Y="192" T="119675057" />
  <Point X="92" Y="187" T="119675065" />
  <Point X="93" Y="184" T="119675072" />
  <Point X="94" Y="181" T="119675081" />
  <Point X="95" Y="178" T="119675089" />
  <Point X="96" Y="175" T="119675097" />
  <Point X="97" Y="173" T="119675105" />
  <Point X="97" Y="171" T="119675113" />
  <Point X="98" Y="167" T="119675122" />
  <Point X="100" Y="162" T="119675131" />
  <Point X="101" Y="159" T="119675132" />
  <Point X="102" Y="156" T="119675142" />
  <Point X="103" Y="153" T="119675151" />
  <Point X="104" Y="151" T="119675152" />
  <Point X="105" Y="148" T="119675162" />
  <Point X="107" Y="145" T="119675173" />
  <Point X="108" Y="143" T="119675183" />
  <Point X="108" Y="140" T="119675193" />
  <Point X="109" Y="138" T="119675204" />
  <Point X="110" Y="134" T="119675215" />
  <Point X="111" Y="132" T="119675226" />
  <Point X="112" Y="130" T="119675237" />
  <Point X="112" Y="128" T="119675249" />
  <Point X="113" Y="125" T="119675260" />
  <Point X="113" Y="123" T="119675279" />
  <Point X="114" Y="121" T="119675326" />
  <Point X="115" Y="124" T="119675402" />
  <Point X="115" Y="127" T="119675414" />
  <Point X="116" Y="129" T="119675427" />
  <Point X="117" Y="134" T="119675441" />
  <Point X="118" Y="140" T="119675455" />
  <Point X="120" Y="147" T="119675469" />
  <Point X="123" Y="156" T="119675483" />
  <Point X="125" Y="161" T="119675497" />
  <Point X="126" Y="163" T="119675498" />
  <Point X="129" Y="173" T="119675516" />
  <Point X="133" Y="182" T="119675531" />
  <Point X="136" Y="189" T="119675546" />
  <Point X="140" Y="196" T="119675562" />
  <Point X="145" Y="203" T="119675577" />
  <Point X="150" Y="210" T="119675593" />
  <Point X="155" Y="214" T="119675610" />
  <Point X="159" Y="218" T="119675626" />
  <Point X="163" Y="223" T="119675642" />
  <Point X="166" Y="226" T="119675658" />
  <Point X="169" Y="231" T="119675675" />
  <Point X="171" Y="233" T="119675691" />
  <Point X="173" Y="235" T="119675708" />
  <Point X="175" Y="237" T="119675730" />
</Gesture>