﻿<?xml version="1.0" encoding="utf-8" standalone="yes"?>
<Gesture Name="caret04" Subject="5" Speed="fast" Number="4" NumPts="56" Millseconds="712" AppName="Gestures" AppVer="3.7.0.0" Date="Friday, March 09, 2007" TimeOfDay="9:52:38 PM">
  <Point X="61" Y="226" T="119672574" />
  <Point X="63" Y="224" T="119672602" />
  <Point X="64" Y="221" T="119672610" />
  <Point X="65" Y="218" T="119672618" />
  <Point X="67" Y="215" T="119672626" />
  <Point X="69" Y="212" T="119672634" />
  <Point X="69" Y="210" T="119672640" />
  <Point X="72" Y="205" T="119672646" />
  <Point X="73" Y="202" T="119672653" />
  <Point X="75" Y="197" T="119672659" />
  <Point X="76" Y="195" T="119672666" />
  <Point X="78" Y="190" T="119672673" />
  <Point X="79" Y="188" T="119672674" />
  <Point X="80" Y="185" T="119672683" />
  <Point X="81" Y="183" T="119672691" />
  <Point X="82" Y="181" T="119672692" />
  <Point X="83" Y="179" T="119672700" />
  <Point X="84" Y="175" T="119672708" />
  <Point X="85" Y="172" T="119672716" />
  <Point X="86" Y="168" T="119672725" />
  <Point X="87" Y="165" T="119672734" />
  <Point X="88" Y="160" T="119672744" />
  <Point X="88" Y="158" T="119672753" />
  <Point X="89" Y="154" T="119672763" />
  <Point X="90" Y="152" T="119672764" />
  <Point X="91" Y="150" T="119672774" />
  <Point X="93" Y="144" T="119672784" />
  <Point X="95" Y="141" T="119672795" />
  <Point X="96" Y="138" T="119672806" />
  <Point X="99" Y="132" T="119672816" />
  <Point X="100" Y="129" T="119672828" />
  <Point X="101" Y="127" T="119672839" />
  <Point X="101" Y="124" T="119672855" />
  <Point X="101" Y="122" T="119672866" />
  <Point X="101" Y="120" T="119672896" />
  <Point X="102" Y="123" T="119673018" />
  <Point X="103" Y="125" T="119673034" />
  <Point X="103" Y="128" T="119673046" />
  <Point X="103" Y="134" T="119673059" />
  <Point X="104" Y="138" T="119673072" />
  <Point X="105" Y="149" T="119673086" />
  <Point X="105" Y="151" T="119673087" />
  <Point X="106" Y="161" T="119673101" />
  <Point X="108" Y="172" T="119673115" />
  <Point X="109" Y="180" T="119673129" />
  <Point X="110" Y="183" T="119673130" />
  <Point X="112" Y="190" T="119673145" />
  <Point X="116" Y="200" T="119673160" />
  <Point X="120" Y="210" T="119673175" />
  <Point X="125" Y="218" T="119673191" />
  <Point X="129" Y="226" T="119673207" />
  <Point X="134" Y="234" T="119673223" />
  <Point X="138" Y="239" T="119673239" />
  <Point X="142" Y="243" T="119673254" />
  <Point X="143" Y="245" T="119673270" />
  <Point X="145" Y="247" T="119673286" />
</Gesture>