﻿<?xml version="1.0" encoding="utf-8" standalone="yes"?>
<Gesture Name="caret01" Subject="5" Speed="fast" Number="1" NumPts="51" Millseconds="559" AppName="Gestures" AppVer="3.7.0.0" Date="Friday, March 09, 2007" TimeOfDay="9:52:34 PM">
  <Point X="53" Y="232" T="119669058" />
  <Point X="55" Y="230" T="119669078" />
  <Point X="57" Y="228" T="119669091" />
  <Point X="59" Y="226" T="119669099" />
  <Point X="61" Y="223" T="119669107" />
  <Point X="64" Y="219" T="119669115" />
  <Point X="66" Y="214" T="119669124" />
  <Point X="70" Y="210" T="119669132" />
  <Point X="71" Y="208" T="119669138" />
  <Point X="74" Y="203" T="119669145" />
  <Point X="76" Y="200" T="119669152" />
  <Point X="79" Y="196" T="119669159" />
  <Point X="82" Y="191" T="119669166" />
  <Point X="84" Y="186" T="119669174" />
  <Point X="87" Y="182" T="119669181" />
  <Point X="89" Y="177" T="119669189" />
  <Point X="91" Y="173" T="119669198" />
  <Point X="92" Y="168" T="119669206" />
  <Point X="94" Y="164" T="119669215" />
  <Point X="94" Y="162" T="119669223" />
  <Point X="96" Y="160" T="119669224" />
  <Point X="97" Y="156" T="119669235" />
  <Point X="98" Y="154" T="119669236" />
  <Point X="99" Y="150" T="119669248" />
  <Point X="100" Y="147" T="119669258" />
  <Point X="102" Y="142" T="119669268" />
  <Point X="103" Y="139" T="119669278" />
  <Point X="106" Y="133" T="119669289" />
  <Point X="107" Y="131" T="119669299" />
  <Point X="108" Y="129" T="119669310" />
  <Point X="109" Y="127" T="119669321" />
  <Point X="109" Y="129" T="119669401" />
  <Point X="108" Y="131" T="119669412" />
  <Point X="108" Y="134" T="119669424" />
  <Point X="108" Y="139" T="119669436" />
  <Point X="108" Y="142" T="119669437" />
  <Point X="107" Y="149" T="119669451" />
  <Point X="107" Y="158" T="119669464" />
  <Point X="108" Y="172" T="119669477" />
  <Point X="110" Y="183" T="119669491" />
  <Point X="112" Y="191" T="119669504" />
  <Point X="113" Y="194" T="119669505" />
  <Point X="118" Y="204" T="119669522" />
  <Point X="122" Y="212" T="119669536" />
  <Point X="124" Y="215" T="119669537" />
  <Point X="130" Y="223" T="119669554" />
  <Point X="135" Y="229" T="119669568" />
  <Point X="137" Y="231" T="119669569" />
  <Point X="142" Y="238" T="119669587" />
  <Point X="144" Y="243" T="119669602" />
  <Point X="146" Y="245" T="119669617" />
</Gesture>