﻿<?xml version="1.0" encoding="utf-8" standalone="yes"?>
<Gesture Name="caret05" Subject="5" Speed="fast" Number="5" NumPts="56" Millseconds="712" AppName="Gestures" AppVer="3.7.0.0" Date="Friday, March 09, 2007" TimeOfDay="9:52:39 PM">
  <Point X="66" Y="224" T="119673756" />
  <Point X="68" Y="222" T="119673772" />
  <Point X="70" Y="220" T="119673789" />
  <Point X="71" Y="217" T="119673797" />
  <Point X="72" Y="215" T="119673802" />
  <Point X="74" Y="211" T="119673810" />
  <Point X="76" Y="208" T="119673817" />
  <Point X="77" Y="204" T="119673825" />
  <Point X="79" Y="201" T="119673833" />
  <Point X="81" Y="198" T="119673841" />
  <Point X="83" Y="194" T="119673849" />
  <Point X="84" Y="191" T="119673857" />
  <Point X="86" Y="187" T="119673865" />
  <Point X="87" Y="184" T="119673874" />
  <Point X="88" Y="180" T="119673883" />
  <Point X="89" Y="176" T="119673891" />
  <Point X="91" Y="171" T="119673900" />
  <Point X="91" Y="169" T="119673908" />
  <Point X="93" Y="166" T="119673917" />
  <Point X="94" Y="162" T="119673925" />
  <Point X="97" Y="156" T="119673934" />
  <Point X="97" Y="153" T="119673935" />
  <Point X="98" Y="151" T="119673945" />
  <Point X="99" Y="148" T="119673954" />
  <Point X="100" Y="146" T="119673955" />
  <Point X="101" Y="143" T="119673965" />
  <Point X="101" Y="141" T="119673976" />
  <Point X="102" Y="136" T="119673987" />
  <Point X="102" Y="134" T="119673999" />
  <Point X="102" Y="132" T="119674011" />
  <Point X="102" Y="130" T="119674022" />
  <Point X="103" Y="127" T="119674033" />
  <Point X="103" Y="124" T="119674045" />
  <Point X="104" Y="122" T="119674057" />
  <Point X="105" Y="119" T="119674069" />
  <Point X="106" Y="117" T="119674095" />
  <Point X="106" Y="120" T="119674176" />
  <Point X="106" Y="122" T="119674189" />
  <Point X="106" Y="125" T="119674201" />
  <Point X="106" Y="127" T="119674215" />
  <Point X="107" Y="135" T="119674229" />
  <Point X="108" Y="138" T="119674242" />
  <Point X="111" Y="149" T="119674256" />
  <Point X="114" Y="158" T="119674271" />
  <Point X="117" Y="167" T="119674285" />
  <Point X="120" Y="175" T="119674300" />
  <Point X="125" Y="183" T="119674315" />
  <Point X="130" Y="192" T="119674330" />
  <Point X="133" Y="197" T="119674345" />
  <Point X="138" Y="205" T="119674361" />
  <Point X="143" Y="213" T="119674377" />
  <Point X="148" Y="219" T="119674393" />
  <Point X="152" Y="223" T="119674408" />
  <Point X="153" Y="225" T="119674424" />
  <Point X="156" Y="230" T="119674440" />
  <Point X="158" Y="231" T="119674468" />
</Gesture>