﻿<?xml version="1.0" encoding="utf-8" standalone="yes"?>
<Gesture Name="caret09" Subject="5" Speed="fast" Number="9" NumPts="59" Millseconds="782" AppName="Gestures" AppVer="3.7.0.0" Date="Friday, March 09, 2007" TimeOfDay="9:52:44 PM">
  <Point X="80" Y="210" T="119678938" />
  <Point X="81" Y="207" T="119678954" />
  <Point X="82" Y="204" T="119678962" />
  <Point X="84" Y="200" T="119678978" />
  <Point X="85" Y="198" T="119678983" />
  <Point X="86" Y="195" T="119678989" />
  <Point X="87" Y="193" T="119678995" />
  <Point X="89" Y="191" T="119679002" />
  <Point X="89" Y="189" T="119679008" />
  <Point X="90" Y="186" T="119679015" />
  <Point X="92" Y="184" T="119679022" />
  <Point X="93" Y="181" T="119679029" />
  <Point X="94" Y="179" T="119679036" />
  <Point X="96" Y="176" T="119679043" />
  <Point X="97" Y="173" T="119679051" />
  <Point X="99" Y="170" T="119679059" />
  <Point X="100" Y="166" T="119679067" />
  <Point X="101" Y="164" T="119679075" />
  <Point X="103" Y="162" T="119679084" />
  <Point X="104" Y="159" T="119679093" />
  <Point X="105" Y="156" T="119679101" />
  <Point X="107" Y="152" T="119679102" />
  <Point X="108" Y="149" T="119679112" />
  <Point X="109" Y="147" T="119679121" />
  <Point X="111" Y="143" T="119679131" />
  <Point X="112" Y="141" T="119679141" />
  <Point X="114" Y="137" T="119679151" />
  <Point X="115" Y="134" T="119679162" />
  <Point X="116" Y="132" T="119679172" />
  <Point X="116" Y="129" T="119679183" />
  <Point X="118" Y="125" T="119679195" />
  <Point X="118" Y="123" T="119679206" />
  <Point X="118" Y="121" T="119679227" />
  <Point X="118" Y="119" T="119679239" />
  <Point X="119" Y="117" T="119679333" />
  <Point X="120" Y="114" T="119679366" />
  <Point X="121" Y="117" T="119679426" />
  <Point X="121" Y="119" T="119679443" />
  <Point X="121" Y="122" T="119679456" />
  <Point X="121" Y="127" T="119679469" />
  <Point X="121" Y="130" T="119679482" />
  <Point X="121" Y="134" T="119679483" />
  <Point X="122" Y="140" T="119679498" />
  <Point X="122" Y="149" T="119679512" />
  <Point X="123" Y="157" T="119679526" />
  <Point X="124" Y="159" T="119679527" />
  <Point X="125" Y="168" T="119679542" />
  <Point X="129" Y="179" T="119679557" />
  <Point X="132" Y="188" T="119679572" />
  <Point X="137" Y="195" T="119679587" />
  <Point X="139" Y="199" T="119679602" />
  <Point X="142" Y="202" T="119679604" />
  <Point X="148" Y="209" T="119679620" />
  <Point X="152" Y="215" T="119679636" />
  <Point X="158" Y="220" T="119679653" />
  <Point X="163" Y="225" T="119679669" />
  <Point X="167" Y="227" T="119679685" />
  <Point X="170" Y="232" T="119679702" />
  <Point X="171" Y="234" T="119679720" />
</Gesture>