﻿<?xml version="1.0" encoding="utf-8" standalone="yes"?>
<Gesture Name="check02" Subject="5" Speed="fast" Number="2" NumPts="43" Millseconds="463" AppName="Gestures" AppVer="3.7.0.0" Date="Friday, March 09, 2007" TimeOfDay="9:38:55 PM">
  <Point X="80" Y="201" T="118848493" />
  <Point X="83" Y="201" T="118848509" />
  <Point X="85" Y="202" T="118848517" />
  <Point X="88" Y="203" T="118848525" />
  <Point X="91" Y="204" T="118848533" />
  <Point X="94" Y="205" T="118848541" />
  <Point X="98" Y="207" T="118848550" />
  <Point X="100" Y="208" T="118848556" />
  <Point X="103" Y="209" T="118848563" />
  <Point X="107" Y="211" T="118848570" />
  <Point X="110" Y="214" T="118848578" />
  <Point X="112" Y="215" T="118848585" />
  <Point X="115" Y="218" T="118848593" />
  <Point X="117" Y="221" T="118848601" />
  <Point X="119" Y="225" T="118848609" />
  <Point X="120" Y="227" T="118848610" />
  <Point X="121" Y="229" T="118848619" />
  <Point X="122" Y="232" T="118848627" />
  <Point X="124" Y="235" T="118848637" />
  <Point X="124" Y="238" T="118848645" />
  <Point X="125" Y="240" T="118848647" />
  <Point X="125" Y="242" T="118848656" />
  <Point X="125" Y="245" T="118848666" />
  <Point X="125" Y="247" T="118848676" />
  <Point X="127" Y="245" T="118848734" />
  <Point X="128" Y="243" T="118848744" />
  <Point X="129" Y="240" T="118848754" />
  <Point X="130" Y="236" T="118848765" />
  <Point X="133" Y="226" T="118848776" />
  <Point X="135" Y="216" T="118848787" />
  <Point X="138" Y="206" T="118848799" />
  <Point X="142" Y="196" T="118848811" />
  <Point X="146" Y="187" T="118848823" />
  <Point X="152" Y="179" T="118848835" />
  <Point X="158" Y="170" T="118848848" />
  <Point X="163" Y="164" T="118848860" />
  <Point X="169" Y="157" T="118848873" />
  <Point X="171" Y="155" T="118848874" />
  <Point X="174" Y="153" T="118848887" />
  <Point X="180" Y="149" T="118848901" />
  <Point X="182" Y="148" T="118848914" />
  <Point X="182" Y="151" T="118848942" />
  <Point X="180" Y="153" T="118848956" />
</Gesture>