﻿<?xml version="1.0" encoding="utf-8" standalone="yes"?>
<Gesture Name="check08" Subject="5" Speed="fast" Number="8" NumPts="41" Millseconds="521" AppName="Gestures" AppVer="3.7.0.0" Date="Friday, March 09, 2007" TimeOfDay="9:39:01 PM">
  <Point X="95" Y="204" T="118853737" />
  <Point X="98" Y="205" T="118853753" />
  <Point X="101" Y="208" T="118853765" />
  <Point X="103" Y="209" T="118853773" />
  <Point X="106" Y="211" T="118853781" />
  <Point X="109" Y="213" T="118853790" />
  <Point X="112" Y="214" T="118853798" />
  <Point X="115" Y="217" T="118853806" />
  <Point X="118" Y="221" T="118853814" />
  <Point X="121" Y="224" T="118853822" />
  <Point X="123" Y="227" T="118853830" />
  <Point X="126" Y="230" T="118853838" />
  <Point X="128" Y="234" T="118853846" />
  <Point X="129" Y="237" T="118853855" />
  <Point X="131" Y="240" T="118853862" />
  <Point X="131" Y="243" T="118853870" />
  <Point X="131" Y="246" T="118853878" />
  <Point X="131" Y="249" T="118853886" />
  <Point X="131" Y="252" T="118853898" />
  <Point X="131" Y="254" T="118853907" />
  <Point X="131" Y="256" T="118853915" />
  <Point X="130" Y="258" T="118853924" />
  <Point X="130" Y="260" T="118853943" />
  <Point X="130" Y="263" T="118853959" />
  <Point X="131" Y="261" T="118854056" />
  <Point X="132" Y="258" T="118854089" />
  <Point X="134" Y="255" T="118854101" />
  <Point X="135" Y="253" T="118854112" />
  <Point X="138" Y="247" T="118854123" />
  <Point X="141" Y="239" T="118854134" />
  <Point X="146" Y="230" T="118854145" />
  <Point X="152" Y="219" T="118854157" />
  <Point X="159" Y="209" T="118854169" />
  <Point X="167" Y="199" T="118854181" />
  <Point X="174" Y="190" T="118854194" />
  <Point X="181" Y="183" T="118854206" />
  <Point X="186" Y="179" T="118854219" />
  <Point X="193" Y="173" T="118854232" />
  <Point X="195" Y="170" T="118854244" />
  <Point X="198" Y="168" T="118854245" />
  <Point X="200" Y="166" T="118854258" />
</Gesture>