﻿<?xml version="1.0" encoding="utf-8" standalone="yes"?>
<Gesture Name="check01" Subject="5" Speed="fast" Number="1" NumPts="39" Millseconds="392" AppName="Gestures" AppVer="3.7.0.0" Date="Friday, March 09, 2007" TimeOfDay="9:38:54 PM">
  <Point X="82" Y="200" T="118847727" />
  <Point X="85" Y="199" T="118847751" />
  <Point X="87" Y="200" T="118847764" />
  <Point X="90" Y="202" T="118847772" />
  <Point X="92" Y="204" T="118847780" />
  <Point X="95" Y="207" T="118847788" />
  <Point X="99" Y="209" T="118847796" />
  <Point X="102" Y="212" T="118847804" />
  <Point X="105" Y="215" T="118847814" />
  <Point X="108" Y="218" T="118847822" />
  <Point X="111" Y="222" T="118847830" />
  <Point X="113" Y="225" T="118847838" />
  <Point X="114" Y="227" T="118847845" />
  <Point X="116" Y="229" T="118847846" />
  <Point X="116" Y="231" T="118847856" />
  <Point X="119" Y="236" T="118847864" />
  <Point X="120" Y="238" T="118847872" />
  <Point X="121" Y="241" T="118847881" />
  <Point X="122" Y="244" T="118847889" />
  <Point X="123" Y="246" T="118847890" />
  <Point X="123" Y="248" T="118847923" />
  <Point X="124" Y="246" T="118847943" />
  <Point X="124" Y="243" T="118847952" />
  <Point X="125" Y="239" T="118847962" />
  <Point X="126" Y="232" T="118847972" />
  <Point X="126" Y="226" T="118847982" />
  <Point X="127" Y="222" T="118847983" />
  <Point X="130" Y="212" T="118847996" />
  <Point X="133" Y="201" T="118848007" />
  <Point X="136" Y="193" T="118848018" />
  <Point X="138" Y="190" T="118848019" />
  <Point X="144" Y="180" T="118848033" />
  <Point X="151" Y="170" T="118848045" />
  <Point X="158" Y="162" T="118848057" />
  <Point X="164" Y="157" T="118848070" />
  <Point X="169" Y="152" T="118848082" />
  <Point X="172" Y="149" T="118848094" />
  <Point X="174" Y="147" T="118848107" />
  <Point X="176" Y="145" T="118848119" />
</Gesture>