﻿<?xml version="1.0" encoding="utf-8" standalone="yes"?>
<Gesture Name="check07" Subject="5" Speed="fast" Number="7" NumPts="45" Millseconds="547" AppName="Gestures" AppVer="3.7.0.0" Date="Friday, March 09, 2007" TimeOfDay="9:39:00 PM">
  <Point X="93" Y="202" T="118852728" />
  <Point X="95" Y="204" T="118852744" />
  <Point X="98" Y="204" T="118852753" />
  <Point X="101" Y="206" T="118852761" />
  <Point X="105" Y="206" T="118852769" />
  <Point X="108" Y="209" T="118852777" />
  <Point X="112" Y="211" T="118852786" />
  <Point X="114" Y="213" T="118852792" />
  <Point X="117" Y="215" T="118852799" />
  <Point X="119" Y="216" T="118852805" />
  <Point X="122" Y="220" T="118852812" />
  <Point X="125" Y="223" T="118852819" />
  <Point X="128" Y="225" T="118852826" />
  <Point X="130" Y="228" T="118852834" />
  <Point X="132" Y="231" T="118852843" />
  <Point X="133" Y="233" T="118852851" />
  <Point X="134" Y="237" T="118852859" />
  <Point X="134" Y="239" T="118852867" />
  <Point X="135" Y="243" T="118852875" />
  <Point X="135" Y="245" T="118852884" />
  <Point X="135" Y="247" T="118852893" />
  <Point X="134" Y="249" T="118852902" />
  <Point X="134" Y="252" T="118852911" />
  <Point X="133" Y="255" T="118852926" />
  <Point X="133" Y="257" T="118852942" />
  <Point X="133" Y="259" T="118852999" />
  <Point X="134" Y="257" T="118853087" />
  <Point X="135" Y="254" T="118853099" />
  <Point X="136" Y="252" T="118853110" />
  <Point X="137" Y="250" T="118853121" />
  <Point X="139" Y="242" T="118853132" />
  <Point X="141" Y="233" T="118853144" />
  <Point X="144" Y="223" T="118853156" />
  <Point X="149" Y="213" T="118853168" />
  <Point X="154" Y="203" T="118853181" />
  <Point X="159" Y="196" T="118853194" />
  <Point X="165" Y="189" T="118853206" />
  <Point X="167" Y="186" T="118853207" />
  <Point X="171" Y="182" T="118853220" />
  <Point X="178" Y="175" T="118853233" />
  <Point X="181" Y="173" T="118853246" />
  <Point X="183" Y="171" T="118853248" />
  <Point X="185" Y="168" T="118853261" />
  <Point X="186" Y="166" T="118853274" />
  <Point X="188" Y="164" T="118853275" />
</Gesture>