﻿<?xml version="1.0" encoding="utf-8" standalone="yes"?>
<Gesture Name="check09" Subject="5" Speed="fast" Number="9" NumPts="43" Millseconds="472" AppName="Gestures" AppVer="3.7.0.0" Date="Friday, March 09, 2007" TimeOfDay="9:39:02 PM">
  <Point X="84" Y="205" T="118854728" />
  <Point X="87" Y="205" T="118854747" />
  <Point X="89" Y="205" T="118854758" />
  <Point X="91" Y="206" T="118854767" />
  <Point X="94" Y="208" T="118854775" />
  <Point X="97" Y="208" T="118854783" />
  <Point X="99" Y="209" T="118854789" />
  <Point X="104" Y="210" T="118854795" />
  <Point X="106" Y="211" T="118854802" />
  <Point X="110" Y="214" T="118854808" />
  <Point X="115" Y="217" T="118854815" />
  <Point X="117" Y="219" T="118854822" />
  <Point X="119" Y="220" T="118854823" />
  <Point X="121" Y="221" T="118854831" />
  <Point X="125" Y="223" T="118854838" />
  <Point X="128" Y="226" T="118854846" />
  <Point X="130" Y="229" T="118854855" />
  <Point X="131" Y="231" T="118854863" />
  <Point X="133" Y="234" T="118854872" />
  <Point X="134" Y="237" T="118854880" />
  <Point X="134" Y="239" T="118854889" />
  <Point X="135" Y="241" T="118854900" />
  <Point X="135" Y="243" T="118854909" />
  <Point X="135" Y="245" T="118854924" />
  <Point X="137" Y="245" T="118854976" />
  <Point X="139" Y="243" T="118854996" />
  <Point X="140" Y="240" T="118855008" />
  <Point X="140" Y="238" T="118855019" />
  <Point X="141" Y="235" T="118855029" />
  <Point X="143" Y="227" T="118855041" />
  <Point X="145" Y="218" T="118855052" />
  <Point X="146" Y="211" T="118855064" />
  <Point X="148" Y="208" T="118855065" />
  <Point X="152" Y="198" T="118855077" />
  <Point X="157" Y="190" T="118855089" />
  <Point X="163" Y="182" T="118855102" />
  <Point X="169" Y="177" T="118855115" />
  <Point X="177" Y="168" T="118855128" />
  <Point X="183" Y="165" T="118855141" />
  <Point X="186" Y="162" T="118855154" />
  <Point X="192" Y="159" T="118855167" />
  <Point X="196" Y="155" T="118855181" />
  <Point X="198" Y="153" T="118855200" />
</Gesture>