﻿<?xml version="1.0" encoding="utf-8" standalone="yes"?>
<Gesture Name="check04" Subject="5" Speed="fast" Number="4" NumPts="45" Millseconds="484" AppName="Gestures" AppVer="3.7.0.0" Date="Friday, March 09, 2007" TimeOfDay="9:38:57 PM">
  <Point X="88" Y="201" T="118850094" />
  <Point X="90" Y="203" T="118850106" />
  <Point X="92" Y="204" T="118850114" />
  <Point X="96" Y="206" T="118850122" />
  <Point X="98" Y="207" T="118850127" />
  <Point X="100" Y="207" T="118850133" />
  <Point X="102" Y="208" T="118850134" />
  <Point X="104" Y="209" T="118850141" />
  <Point X="108" Y="211" T="118850147" />
  <Point X="113" Y="213" T="118850154" />
  <Point X="116" Y="215" T="118850162" />
  <Point X="118" Y="216" T="118850169" />
  <Point X="122" Y="219" T="118850177" />
  <Point X="124" Y="222" T="118850185" />
  <Point X="127" Y="225" T="118850192" />
  <Point X="129" Y="229" T="118850200" />
  <Point X="131" Y="233" T="118850209" />
  <Point X="132" Y="237" T="118850217" />
  <Point X="133" Y="240" T="118850226" />
  <Point X="133" Y="242" T="118850227" />
  <Point X="133" Y="246" T="118850235" />
  <Point X="133" Y="249" T="118850245" />
  <Point X="133" Y="253" T="118850254" />
  <Point X="132" Y="257" T="118850267" />
  <Point X="132" Y="259" T="118850278" />
  <Point X="133" Y="262" T="118850294" />
  <Point X="134" Y="264" T="118850342" />
  <Point X="135" Y="262" T="118850386" />
  <Point X="136" Y="259" T="118850398" />
  <Point X="136" Y="257" T="118850409" />
  <Point X="137" Y="251" T="118850420" />
  <Point X="138" Y="244" T="118850432" />
  <Point X="140" Y="233" T="118850444" />
  <Point X="143" Y="221" T="118850456" />
  <Point X="148" Y="208" T="118850469" />
  <Point X="153" Y="193" T="118850481" />
  <Point X="156" Y="189" T="118850482" />
  <Point X="163" Y="180" T="118850495" />
  <Point X="170" Y="172" T="118850508" />
  <Point X="177" Y="166" T="118850522" />
  <Point X="179" Y="164" T="118850523" />
  <Point X="185" Y="159" T="118850537" />
  <Point X="191" Y="155" T="118850550" />
  <Point X="193" Y="154" T="118850564" />
  <Point X="195" Y="154" T="118850578" />
</Gesture>