﻿<?xml version="1.0" encoding="utf-8" standalone="yes"?>
<Gesture Name="check05" Subject="5" Speed="fast" Number="5" NumPts="44" Millseconds="478" AppName="Gestures" AppVer="3.7.0.0" Date="Friday, March 09, 2007" TimeOfDay="9:38:58 PM">
  <Point X="82" Y="205" T="118850953" />
  <Point X="83" Y="207" T="118850961" />
  <Point X="85" Y="208" T="118850973" />
  <Point X="87" Y="209" T="118850980" />
  <Point X="90" Y="210" T="118850988" />
  <Point X="94" Y="213" T="118850997" />
  <Point X="96" Y="215" T="118851003" />
  <Point X="100" Y="217" T="118851009" />
  <Point X="102" Y="219" T="118851016" />
  <Point X="107" Y="221" T="118851023" />
  <Point X="111" Y="224" T="118851030" />
  <Point X="113" Y="226" T="118851037" />
  <Point X="115" Y="228" T="118851038" />
  <Point X="119" Y="232" T="118851045" />
  <Point X="122" Y="234" T="118851054" />
  <Point X="125" Y="239" T="118851063" />
  <Point X="126" Y="241" T="118851071" />
  <Point X="129" Y="244" T="118851080" />
  <Point X="130" Y="246" T="118851088" />
  <Point X="131" Y="248" T="118851097" />
  <Point X="131" Y="251" T="118851106" />
  <Point X="132" Y="253" T="118851115" />
  <Point X="131" Y="255" T="118851124" />
  <Point X="131" Y="257" T="118851163" />
  <Point X="133" Y="257" T="118851206" />
  <Point X="134" Y="255" T="118851218" />
  <Point X="134" Y="253" T="118851230" />
  <Point X="135" Y="251" T="118851242" />
  <Point X="136" Y="249" T="118851253" />
  <Point X="136" Y="246" T="118851264" />
  <Point X="137" Y="241" T="118851275" />
  <Point X="139" Y="230" T="118851287" />
  <Point X="141" Y="221" T="118851299" />
  <Point X="145" Y="212" T="118851311" />
  <Point X="150" Y="204" T="118851323" />
  <Point X="155" Y="195" T="118851336" />
  <Point X="161" Y="188" T="118851349" />
  <Point X="166" Y="182" T="118851361" />
  <Point X="168" Y="180" T="118851362" />
  <Point X="174" Y="173" T="118851376" />
  <Point X="180" Y="168" T="118851389" />
  <Point X="187" Y="162" T="118851403" />
  <Point X="189" Y="160" T="118851417" />
  <Point X="193" Y="157" T="118851431" />
</Gesture>