﻿<?xml version="1.0" encoding="utf-8" standalone="yes"?>
<Gesture Name="check03" Subject="5" Speed="fast" Number="3" NumPts="43" Millseconds="452" AppName="Gestures" AppVer="3.7.0.0" Date="Friday, March 09, 2007" TimeOfDay="9:38:56 PM">
  <Point X="87" Y="200" T="118849282" />
  <Point X="90" Y="201" T="118849294" />
  <Point X="92" Y="202" T="118849302" />
  <Point X="95" Y="203" T="118849310" />
  <Point X="99" Y="205" T="118849319" />
  <Point X="101" Y="207" T="118849325" />
  <Point X="106" Y="210" T="118849331" />
  <Point X="108" Y="212" T="118849338" />
  <Point X="112" Y="215" T="118849344" />
  <Point X="116" Y="218" T="118849352" />
  <Point X="118" Y="220" T="118849359" />
  <Point X="121" Y="223" T="118849366" />
  <Point X="123" Y="226" T="118849373" />
  <Point X="126" Y="230" T="118849380" />
  <Point X="128" Y="234" T="118849388" />
  <Point X="129" Y="236" T="118849396" />
  <Point X="130" Y="239" T="118849404" />
  <Point X="131" Y="242" T="118849412" />
  <Point X="132" Y="245" T="118849421" />
  <Point X="132" Y="247" T="118849430" />
  <Point X="133" Y="249" T="118849438" />
  <Point X="133" Y="252" T="118849448" />
  <Point X="135" Y="253" T="118849508" />
  <Point X="136" Y="251" T="118849525" />
  <Point X="137" Y="247" T="118849545" />
  <Point X="137" Y="245" T="118849557" />
  <Point X="137" Y="242" T="118849569" />
  <Point X="137" Y="237" T="118849581" />
  <Point X="138" Y="235" T="118849582" />
  <Point X="138" Y="228" T="118849593" />
  <Point X="139" Y="221" T="118849605" />
  <Point X="140" Y="218" T="118849606" />
  <Point X="143" Y="210" T="118849618" />
  <Point X="148" Y="202" T="118849630" />
  <Point X="153" Y="194" T="118849642" />
  <Point X="159" Y="187" T="118849655" />
  <Point X="166" Y="181" T="118849668" />
  <Point X="172" Y="176" T="118849680" />
  <Point X="174" Y="174" T="118849681" />
  <Point X="180" Y="168" T="118849694" />
  <Point X="183" Y="166" T="118849708" />
  <Point X="188" Y="162" T="118849721" />
  <Point X="190" Y="160" T="118849734" />
</Gesture>