﻿<?xml version="1.0" encoding="utf-8" standalone="yes"?>
<Gesture Name="check10" Subject="5" Speed="fast" Number="10" NumPts="42" Millseconds="503" AppName="Gestures" AppVer="3.7.0.0" Date="Friday, March 09, 2007" TimeOfDay="9:39:02 PM">
  <Point X="95" Y="196" T="118855717" />
  <Point X="96" Y="198" T="118855752" />
  <Point X="98" Y="199" T="118855764" />
  <Point X="100" Y="201" T="118855772" />
  <Point X="102" Y="203" T="118855780" />
  <Point X="105" Y="206" T="118855788" />
  <Point X="106" Y="208" T="118855794" />
  <Point X="109" Y="212" T="118855800" />
  <Point X="111" Y="214" T="118855807" />
  <Point X="114" Y="218" T="118855814" />
  <Point X="116" Y="222" T="118855820" />
  <Point X="118" Y="226" T="118855828" />
  <Point X="119" Y="228" T="118855835" />
  <Point X="120" Y="230" T="118855836" />
  <Point X="121" Y="233" T="118855844" />
  <Point X="123" Y="236" T="118855852" />
  <Point X="125" Y="239" T="118855861" />
  <Point X="126" Y="242" T="118855869" />
  <Point X="127" Y="245" T="118855877" />
  <Point X="129" Y="247" T="118855886" />
  <Point X="129" Y="250" T="118855896" />
  <Point X="130" Y="252" T="118855908" />
  <Point X="131" Y="250" T="118855972" />
  <Point X="131" Y="247" T="118855984" />
  <Point X="131" Y="244" T="118855994" />
  <Point X="131" Y="241" T="118856004" />
  <Point X="132" Y="237" T="118856015" />
  <Point X="134" Y="230" T="118856025" />
  <Point X="135" Y="223" T="118856037" />
  <Point X="137" Y="219" T="118856048" />
  <Point X="138" Y="217" T="118856049" />
  <Point X="142" Y="207" T="118856060" />
  <Point X="147" Y="200" T="118856073" />
  <Point X="152" Y="193" T="118856085" />
  <Point X="159" Y="186" T="118856098" />
  <Point X="165" Y="179" T="118856110" />
  <Point X="171" Y="174" T="118856123" />
  <Point X="178" Y="166" T="118856137" />
  <Point X="181" Y="165" T="118856149" />
  <Point X="186" Y="160" T="118856163" />
  <Point X="188" Y="159" T="118856176" />
  <Point X="186" Y="160" T="118856220" />
</Gesture>