﻿<?xml version="1.0" encoding="utf-8" standalone="yes"?>
<Gesture Name="check06" Subject="5" Speed="fast" Number="6" NumPts="44" Millseconds="522" AppName="Gestures" AppVer="3.7.0.0" Date="Friday, March 09, 2007" TimeOfDay="9:38:59 PM">
  <Point X="86" Y="207" T="118851811" />
  <Point X="88" Y="207" T="118851831" />
  <Point X="90" Y="207" T="118851839" />
  <Point X="93" Y="208" T="118851847" />
  <Point X="96" Y="210" T="118851855" />
  <Point X="99" Y="213" T="118851864" />
  <Point X="103" Y="215" T="118851872" />
  <Point X="105" Y="216" T="118851878" />
  <Point X="110" Y="219" T="118851885" />
  <Point X="112" Y="221" T="118851891" />
  <Point X="114" Y="223" T="118851892" />
  <Point X="116" Y="225" T="118851900" />
  <Point X="117" Y="227" T="118851901" />
  <Point X="121" Y="230" T="118851909" />
  <Point X="124" Y="233" T="118851918" />
  <Point X="127" Y="236" T="118851926" />
  <Point X="129" Y="238" T="118851934" />
  <Point X="131" Y="241" T="118851942" />
  <Point X="132" Y="243" T="118851950" />
  <Point X="133" Y="245" T="118851959" />
  <Point X="133" Y="247" T="118851968" />
  <Point X="134" Y="250" T="118851977" />
  <Point X="134" Y="253" T="118851989" />
  <Point X="133" Y="255" T="118852005" />
  <Point X="133" Y="257" T="118852034" />
  <Point X="134" Y="255" T="118852105" />
  <Point X="134" Y="253" T="118852133" />
  <Point X="135" Y="251" T="118852143" />
  <Point X="136" Y="248" T="118852154" />
  <Point X="138" Y="241" T="118852165" />
  <Point X="139" Y="236" T="118852177" />
  <Point X="140" Y="233" T="118852178" />
  <Point X="144" Y="221" T="118852190" />
  <Point X="149" Y="210" T="118852202" />
  <Point X="156" Y="198" T="118852214" />
  <Point X="163" Y="187" T="118852226" />
  <Point X="171" Y="179" T="118852239" />
  <Point X="178" Y="171" T="118852252" />
  <Point X="184" Y="165" T="118852265" />
  <Point X="190" Y="157" T="118852278" />
  <Point X="192" Y="155" T="118852291" />
  <Point X="195" Y="152" T="118852304" />
  <Point X="196" Y="150" T="118852317" />
  <Point X="198" Y="148" T="118852333" />
</Gesture>