﻿<?xml version="1.0" encoding="utf-8" standalone="yes"?>
<Gesture Name="circle04" Subject="5" Speed="fast" Number="4" NumPts="61" Millseconds="648" AppName="Gestures" AppVer="3.7.0.0" Date="Friday, March 09, 2007" TimeOfDay="9:37:56 PM">
  <Point X="101" Y="167" T="118788689" />
  <Point X="99" Y="166" T="118788701" />
  <Point X="97" Y="167" T="118788713" />
  <Point X="94" Y="168" T="118788726" />
  <Point X="93" Y="170" T="118788734" />
  <Point X="91" Y="172" T="118788742" />
  <Point X="89" Y="174" T="118788750" />
  <Point X="87" Y="177" T="118788758" />
  <Point X="84" Y="180" T="118788766" />
  <Point X="83" Y="182" T="118788773" />
  <Point X="81" Y="186" T="118788780" />
  <Point X="79" Y="190" T="118788787" />
  <Point X="77" Y="195" T="118788795" />
  <Point X="76" Y="197" T="118788802" />
  <Point X="75" Y="199" T="118788804" />
  <Point X="73" Y="203" T="118788812" />
  <Point X="71" Y="208" T="118788820" />
  <Point X="70" Y="214" T="118788828" />
  <Point X="70" Y="219" T="118788837" />
  <Point X="70" Y="223" T="118788846" />
  <Point X="71" Y="230" T="118788856" />
  <Point X="72" Y="234" T="118788865" />
  <Point X="73" Y="236" T="118788874" />
  <Point X="74" Y="239" T="118788876" />
  <Point X="76" Y="242" T="118788886" />
  <Point X="78" Y="244" T="118788897" />
  <Point X="81" Y="247" T="118788907" />
  <Point X="83" Y="250" T="118788908" />
  <Point X="86" Y="252" T="118788918" />
  <Point X="89" Y="253" T="118788929" />
  <Point X="95" Y="258" T="118788940" />
  <Point X="99" Y="260" T="118788952" />
  <Point X="106" Y="263" T="118788963" />
  <Point X="111" Y="266" T="118788975" />
  <Point X="117" Y="268" T="118788987" />
  <Point X="120" Y="269" T="118789000" />
  <Point X="127" Y="269" T="118789013" />
  <Point X="130" Y="269" T="118789025" />
  <Point X="136" Y="267" T="118789038" />
  <Point X="139" Y="267" T="118789051" />
  <Point X="142" Y="266" T="118789052" />
  <Point X="145" Y="264" T="118789065" />
  <Point X="150" Y="261" T="118789079" />
  <Point X="154" Y="255" T="118789093" />
  <Point X="156" Y="253" T="118789107" />
  <Point X="158" Y="247" T="118789122" />
  <Point X="159" Y="242" T="118789136" />
  <Point X="159" Y="235" T="118789151" />
  <Point X="158" Y="231" T="118789166" />
  <Point X="158" Y="228" T="118789167" />
  <Point X="156" Y="222" T="118789183" />
  <Point X="153" Y="215" T="118789202" />
  <Point X="150" Y="208" T="118789218" />
  <Point X="147" Y="203" T="118789234" />
  <Point X="143" Y="199" T="118789250" />
  <Point X="140" Y="197" T="118789251" />
  <Point X="135" Y="194" T="118789268" />
  <Point X="130" Y="190" T="118789285" />
  <Point X="125" Y="187" T="118789303" />
  <Point X="121" Y="183" T="118789320" />
  <Point X="119" Y="181" T="118789337" />
</Gesture>