﻿<?xml version="1.0" encoding="utf-8" standalone="yes"?>
<Gesture Name="circle10" Subject="5" Speed="fast" Number="10" NumPts="59" Millseconds="617" AppName="Gestures" AppVer="3.7.0.0" Date="Friday, March 09, 2007" TimeOfDay="9:38:03 PM">
  <Point X="83" Y="167" T="118795794" />
  <Point X="81" Y="169" T="118795801" />
  <Point X="79" Y="172" T="118795809" />
  <Point X="78" Y="175" T="118795817" />
  <Point X="76" Y="178" T="118795825" />
  <Point X="74" Y="181" T="118795833" />
  <Point X="73" Y="183" T="118795839" />
  <Point X="72" Y="187" T="118795845" />
  <Point X="71" Y="189" T="118795852" />
  <Point X="70" Y="193" T="118795858" />
  <Point X="69" Y="198" T="118795866" />
  <Point X="68" Y="200" T="118795872" />
  <Point X="68" Y="202" T="118795874" />
  <Point X="67" Y="207" T="118795881" />
  <Point X="67" Y="212" T="118795889" />
  <Point X="68" Y="214" T="118795897" />
  <Point X="68" Y="217" T="118795898" />
  <Point X="69" Y="222" T="118795906" />
  <Point X="70" Y="226" T="118795915" />
  <Point X="71" Y="230" T="118795924" />
  <Point X="72" Y="233" T="118795934" />
  <Point X="74" Y="236" T="118795943" />
  <Point X="76" Y="239" T="118795952" />
  <Point X="80" Y="244" T="118795962" />
  <Point X="82" Y="247" T="118795972" />
  <Point X="84" Y="249" T="118795982" />
  <Point X="86" Y="252" T="118795992" />
  <Point X="91" Y="255" T="118796002" />
  <Point X="94" Y="257" T="118796013" />
  <Point X="96" Y="258" T="118796024" />
  <Point X="102" Y="261" T="118796035" />
  <Point X="105" Y="261" T="118796046" />
  <Point X="111" Y="262" T="118796058" />
  <Point X="114" Y="263" T="118796069" />
  <Point X="121" Y="262" T="118796082" />
  <Point X="124" Y="262" T="118796094" />
  <Point X="130" Y="258" T="118796106" />
  <Point X="133" Y="257" T="118796119" />
  <Point X="139" Y="253" T="118796132" />
  <Point X="144" Y="248" T="118796145" />
  <Point X="146" Y="246" T="118796158" />
  <Point X="148" Y="245" T="118796172" />
  <Point X="152" Y="240" T="118796186" />
  <Point X="154" Y="235" T="118796200" />
  <Point X="155" Y="229" T="118796214" />
  <Point X="155" Y="224" T="118796228" />
  <Point X="154" Y="217" T="118796243" />
  <Point X="153" Y="211" T="118796258" />
  <Point X="151" Y="204" T="118796273" />
  <Point X="150" Y="202" T="118796274" />
  <Point X="147" Y="197" T="118796289" />
  <Point X="145" Y="194" T="118796305" />
  <Point X="143" Y="191" T="118796306" />
  <Point X="138" Y="184" T="118796322" />
  <Point X="132" Y="180" T="118796343" />
  <Point X="124" Y="174" T="118796360" />
  <Point X="118" Y="173" T="118796377" />
  <Point X="112" Y="174" T="118796394" />
  <Point X="107" Y="173" T="118796411" />
</Gesture>