﻿<?xml version="1.0" encoding="utf-8" standalone="yes"?>
<Gesture Name="circle08" Subject="5" Speed="fast" Number="8" NumPts="58" Millseconds="627" AppName="Gestures" AppVer="3.7.0.0" Date="Friday, March 09, 2007" TimeOfDay="9:38:01 PM">
  <Point X="87" Y="171" T="118793548" />
  <Point X="85" Y="173" T="118793556" />
  <Point X="83" Y="175" T="118793564" />
  <Point X="81" Y="177" T="118793573" />
  <Point X="79" Y="179" T="118793580" />
  <Point X="77" Y="182" T="118793588" />
  <Point X="75" Y="185" T="118793596" />
  <Point X="74" Y="187" T="118793602" />
  <Point X="72" Y="191" T="118793609" />
  <Point X="71" Y="193" T="118793615" />
  <Point X="70" Y="198" T="118793623" />
  <Point X="68" Y="203" T="118793630" />
  <Point X="67" Y="208" T="118793637" />
  <Point X="66" Y="214" T="118793645" />
  <Point X="65" Y="220" T="118793653" />
  <Point X="65" Y="225" T="118793661" />
  <Point X="65" Y="231" T="118793669" />
  <Point X="66" Y="236" T="118793678" />
  <Point X="66" Y="240" T="118793687" />
  <Point X="67" Y="245" T="118793695" />
  <Point X="68" Y="247" T="118793697" />
  <Point X="69" Y="250" T="118793706" />
  <Point X="70" Y="254" T="118793715" />
  <Point X="72" Y="257" T="118793725" />
  <Point X="74" Y="259" T="118793735" />
  <Point X="78" Y="263" T="118793745" />
  <Point X="81" Y="265" T="118793755" />
  <Point X="83" Y="267" T="118793766" />
  <Point X="89" Y="270" T="118793776" />
  <Point X="93" Y="270" T="118793787" />
  <Point X="96" Y="270" T="118793799" />
  <Point X="102" Y="271" T="118793810" />
  <Point X="109" Y="271" T="118793821" />
  <Point X="112" Y="271" T="118793833" />
  <Point X="118" Y="272" T="118793845" />
  <Point X="121" Y="270" T="118793857" />
  <Point X="127" Y="267" T="118793870" />
  <Point X="129" Y="266" T="118793883" />
  <Point X="134" Y="262" T="118793897" />
  <Point X="136" Y="259" T="118793910" />
  <Point X="141" Y="254" T="118793924" />
  <Point X="145" Y="247" T="118793938" />
  <Point X="148" Y="240" T="118793953" />
  <Point X="150" Y="234" T="118793967" />
  <Point X="151" Y="225" T="118793982" />
  <Point X="152" Y="217" T="118793996" />
  <Point X="152" Y="214" T="118794011" />
  <Point X="150" Y="207" T="118794026" />
  <Point X="147" Y="201" T="118794041" />
  <Point X="141" Y="196" T="118794057" />
  <Point X="136" Y="190" T="118794072" />
  <Point X="132" Y="184" T="118794088" />
  <Point X="125" Y="179" T="118794107" />
  <Point X="119" Y="176" T="118794123" />
  <Point X="116" Y="175" T="118794124" />
  <Point X="110" Y="174" T="118794141" />
  <Point X="105" Y="173" T="118794158" />
  <Point X="103" Y="174" T="118794175" />
</Gesture>