﻿<?xml version="1.0" encoding="utf-8" standalone="yes"?>
<Gesture Name="circle09" Subject="5" Speed="fast" Number="9" NumPts="65" Millseconds="678" AppName="Gestures" AppVer="3.7.0.0" Date="Friday, March 09, 2007" TimeOfDay="9:38:02 PM">
  <Point X="88" Y="165" T="118794679" />
  <Point X="86" Y="167" T="118794686" />
  <Point X="83" Y="169" T="118794694" />
  <Point X="81" Y="171" T="118794702" />
  <Point X="79" Y="175" T="118794711" />
  <Point X="77" Y="178" T="118794718" />
  <Point X="74" Y="180" T="118794726" />
  <Point X="73" Y="182" T="118794732" />
  <Point X="71" Y="186" T="118794739" />
  <Point X="70" Y="188" T="118794745" />
  <Point X="69" Y="191" T="118794746" />
  <Point X="67" Y="195" T="118794754" />
  <Point X="67" Y="197" T="118794761" />
  <Point X="66" Y="200" T="118794762" />
  <Point X="65" Y="205" T="118794770" />
  <Point X="64" Y="210" T="118794778" />
  <Point X="64" Y="215" T="118794786" />
  <Point X="64" Y="219" T="118794795" />
  <Point X="65" Y="223" T="118794803" />
  <Point X="66" Y="227" T="118794812" />
  <Point X="68" Y="232" T="118794821" />
  <Point X="70" Y="238" T="118794831" />
  <Point X="72" Y="240" T="118794840" />
  <Point X="74" Y="243" T="118794850" />
  <Point X="75" Y="246" T="118794851" />
  <Point X="77" Y="248" T="118794862" />
  <Point X="80" Y="249" T="118794872" />
  <Point X="86" Y="253" T="118794882" />
  <Point X="88" Y="255" T="118794893" />
  <Point X="92" Y="256" T="118794904" />
  <Point X="98" Y="260" T="118794915" />
  <Point X="102" Y="260" T="118794926" />
  <Point X="108" Y="263" T="118794938" />
  <Point X="111" Y="262" T="118794950" />
  <Point X="116" Y="263" T="118794962" />
  <Point X="119" Y="262" T="118794974" />
  <Point X="124" Y="260" T="118794987" />
  <Point X="126" Y="258" T="118795000" />
  <Point X="131" Y="256" T="118795013" />
  <Point X="133" Y="255" T="118795026" />
  <Point X="136" Y="252" T="118795027" />
  <Point X="138" Y="249" T="118795040" />
  <Point X="143" Y="243" T="118795054" />
  <Point X="147" Y="237" T="118795069" />
  <Point X="150" Y="231" T="118795084" />
  <Point X="151" Y="226" T="118795098" />
  <Point X="152" Y="219" T="118795113" />
  <Point X="153" Y="217" T="118795114" />
  <Point X="152" Y="213" T="118795129" />
  <Point X="152" Y="211" T="118795130" />
  <Point X="152" Y="208" T="118795146" />
  <Point X="151" Y="206" T="118795147" />
  <Point X="149" Y="201" T="118795163" />
  <Point X="146" Y="198" T="118795179" />
  <Point X="143" Y="193" T="118795196" />
  <Point X="139" Y="186" T="118795213" />
  <Point X="135" Y="180" T="118795229" />
  <Point X="133" Y="177" T="118795230" />
  <Point X="129" Y="173" T="118795248" />
  <Point X="121" Y="169" T="118795268" />
  <Point X="116" Y="167" T="118795285" />
  <Point X="109" Y="167" T="118795303" />
  <Point X="104" Y="167" T="118795321" />
  <Point X="99" Y="168" T="118795339" />
  <Point X="97" Y="169" T="118795357" />
</Gesture>