﻿<?xml version="1.0" encoding="utf-8" standalone="yes"?>
<Gesture Name="circle06" Subject="5" Speed="fast" Number="6" NumPts="64" Millseconds="649" AppName="Gestures" AppVer="3.7.0.0" Date="Friday, March 09, 2007" TimeOfDay="9:37:58 PM">
  <Point X="98" Y="166" T="118791242" />
  <Point X="96" Y="166" T="118791250" />
  <Point X="94" Y="166" T="118791258" />
  <Point X="92" Y="166" T="118791267" />
  <Point X="90" Y="167" T="118791274" />
  <Point X="87" Y="168" T="118791282" />
  <Point X="85" Y="170" T="118791291" />
  <Point X="82" Y="171" T="118791299" />
  <Point X="80" Y="171" T="118791307" />
  <Point X="78" Y="173" T="118791315" />
  <Point X="76" Y="176" T="118791323" />
  <Point X="73" Y="176" T="118791331" />
  <Point X="71" Y="179" T="118791339" />
  <Point X="70" Y="181" T="118791346" />
  <Point X="68" Y="183" T="118791348" />
  <Point X="66" Y="187" T="118791355" />
  <Point X="63" Y="191" T="118791364" />
  <Point X="61" Y="195" T="118791372" />
  <Point X="59" Y="199" T="118791380" />
  <Point X="58" Y="204" T="118791389" />
  <Point X="56" Y="209" T="118791398" />
  <Point X="56" Y="212" T="118791399" />
  <Point X="55" Y="216" T="118791409" />
  <Point X="55" Y="220" T="118791419" />
  <Point X="56" Y="222" T="118791420" />
  <Point X="56" Y="224" T="118791430" />
  <Point X="58" Y="230" T="118791440" />
  <Point X="60" Y="234" T="118791451" />
  <Point X="61" Y="236" T="118791462" />
  <Point X="65" Y="241" T="118791473" />
  <Point X="67" Y="244" T="118791484" />
  <Point X="71" Y="250" T="118791495" />
  <Point X="73" Y="252" T="118791506" />
  <Point X="75" Y="255" T="118791518" />
  <Point X="77" Y="258" T="118791519" />
  <Point X="79" Y="260" T="118791531" />
  <Point X="83" Y="263" T="118791544" />
  <Point X="85" Y="265" T="118791557" />
  <Point X="90" Y="265" T="118791569" />
  <Point X="92" Y="265" T="118791582" />
  <Point X="95" Y="264" T="118791583" />
  <Point X="98" Y="263" T="118791597" />
  <Point X="104" Y="260" T="118791610" />
  <Point X="110" Y="256" T="118791624" />
  <Point X="113" Y="252" T="118791638" />
  <Point X="116" Y="250" T="118791639" />
  <Point X="121" Y="245" T="118791654" />
  <Point X="127" Y="239" T="118791669" />
  <Point X="132" Y="234" T="118791684" />
  <Point X="135" Y="230" T="118791699" />
  <Point X="138" Y="227" T="118791714" />
  <Point X="139" Y="225" T="118791715" />
  <Point X="140" Y="220" T="118791731" />
  <Point X="139" Y="214" T="118791750" />
  <Point X="139" Y="211" T="118791751" />
  <Point X="136" Y="206" T="118791768" />
  <Point X="133" Y="201" T="118791784" />
  <Point X="129" Y="196" T="118791801" />
  <Point X="124" Y="190" T="118791818" />
  <Point X="122" Y="188" T="118791820" />
  <Point X="117" Y="183" T="118791837" />
  <Point X="113" Y="180" T="118791855" />
  <Point X="109" Y="177" T="118791873" />
  <Point X="106" Y="176" T="118791891" />
</Gesture>