﻿<?xml version="1.0" encoding="utf-8" standalone="yes"?>
<Gesture Name="circle01" Subject="5" Speed="fast" Number="1" NumPts="56" Millseconds="662" AppName="Gestures" AppVer="3.7.0.0" Date="Friday, March 09, 2007" TimeOfDay="9:37:53 PM">
  <Point X="118" Y="167" T="118785467" />
  <Point X="119" Y="164" T="118785490" />
  <Point X="118" Y="162" T="118785518" />
  <Point X="117" Y="160" T="118785539" />
  <Point X="114" Y="160" T="118785550" />
  <Point X="111" Y="162" T="118785562" />
  <Point X="109" Y="162" T="118785571" />
  <Point X="106" Y="164" T="118785579" />
  <Point X="104" Y="165" T="118785587" />
  <Point X="101" Y="167" T="118785595" />
  <Point X="99" Y="169" T="118785602" />
  <Point X="98" Y="171" T="118785603" />
  <Point X="95" Y="173" T="118785612" />
  <Point X="92" Y="177" T="118785620" />
  <Point X="89" Y="182" T="118785628" />
  <Point X="87" Y="187" T="118785636" />
  <Point X="85" Y="191" T="118785645" />
  <Point X="83" Y="196" T="118785653" />
  <Point X="81" Y="202" T="118785662" />
  <Point X="80" Y="209" T="118785671" />
  <Point X="80" Y="214" T="118785680" />
  <Point X="80" Y="219" T="118785690" />
  <Point X="81" Y="224" T="118785700" />
  <Point X="83" Y="230" T="118785709" />
  <Point X="84" Y="233" T="118785719" />
  <Point X="86" Y="236" T="118785729" />
  <Point X="90" Y="243" T="118785740" />
  <Point X="93" Y="246" T="118785750" />
  <Point X="96" Y="248" T="118785761" />
  <Point X="102" Y="252" T="118785772" />
  <Point X="105" Y="254" T="118785782" />
  <Point X="109" Y="255" T="118785794" />
  <Point X="116" Y="257" T="118785805" />
  <Point X="120" Y="258" T="118785817" />
  <Point X="126" Y="260" T="118785829" />
  <Point X="130" Y="260" T="118785841" />
  <Point X="136" Y="261" T="118785854" />
  <Point X="138" Y="261" T="118785866" />
  <Point X="141" Y="260" T="118785867" />
  <Point X="143" Y="260" T="118785883" />
  <Point X="148" Y="260" T="118785896" />
  <Point X="151" Y="257" T="118785910" />
  <Point X="153" Y="255" T="118785924" />
  <Point X="156" Y="250" T="118785939" />
  <Point X="159" Y="242" T="118785954" />
  <Point X="160" Y="237" T="118785969" />
  <Point X="162" Y="228" T="118785984" />
  <Point X="162" Y="220" T="118786002" />
  <Point X="159" Y="209" T="118786018" />
  <Point X="155" Y="200" T="118786033" />
  <Point X="150" Y="193" T="118786049" />
  <Point X="145" Y="188" T="118786065" />
  <Point X="141" Y="185" T="118786080" />
  <Point X="138" Y="184" T="118786097" />
  <Point X="136" Y="183" T="118786113" />
  <Point X="134" Y="182" T="118786129" />
</Gesture>