﻿<?xml version="1.0" encoding="utf-8" standalone="yes"?>
<Gesture Name="circle05" Subject="5" Speed="fast" Number="5" NumPts="65" Millseconds="769" AppName="Gestures" AppVer="3.7.0.0" Date="Friday, March 09, 2007" TimeOfDay="9:37:57 PM">
  <Point X="121" Y="175" T="118789927" />
  <Point X="120" Y="173" T="118789956" />
  <Point X="118" Y="170" T="118789984" />
  <Point X="115" Y="168" T="118790000" />
  <Point X="113" Y="167" T="118790011" />
  <Point X="110" Y="165" T="118790024" />
  <Point X="108" Y="165" T="118790032" />
  <Point X="106" Y="165" T="118790040" />
  <Point X="103" Y="163" T="118790048" />
  <Point X="101" Y="164" T="118790056" />
  <Point X="98" Y="165" T="118790064" />
  <Point X="95" Y="165" T="118790072" />
  <Point X="92" Y="166" T="118790080" />
  <Point X="88" Y="168" T="118790089" />
  <Point X="84" Y="168" T="118790096" />
  <Point X="81" Y="169" T="118790104" />
  <Point X="77" Y="170" T="118790112" />
  <Point X="74" Y="171" T="118790121" />
  <Point X="70" Y="173" T="118790129" />
  <Point X="67" Y="175" T="118790138" />
  <Point X="64" Y="177" T="118790147" />
  <Point X="60" Y="182" T="118790156" />
  <Point X="57" Y="185" T="118790165" />
  <Point X="55" Y="188" T="118790175" />
  <Point X="53" Y="191" T="118790185" />
  <Point X="52" Y="195" T="118790195" />
  <Point X="52" Y="200" T="118790206" />
  <Point X="52" Y="209" T="118790217" />
  <Point X="53" Y="213" T="118790228" />
  <Point X="54" Y="216" T="118790239" />
  <Point X="55" Y="219" T="118790240" />
  <Point X="56" Y="222" T="118790252" />
  <Point X="58" Y="226" T="118790263" />
  <Point X="60" Y="228" T="118790265" />
  <Point X="62" Y="231" T="118790277" />
  <Point X="64" Y="233" T="118790289" />
  <Point X="68" Y="237" T="118790301" />
  <Point X="70" Y="239" T="118790314" />
  <Point X="75" Y="242" T="118790327" />
  <Point X="82" Y="246" T="118790340" />
  <Point X="88" Y="248" T="118790353" />
  <Point X="94" Y="251" T="118790367" />
  <Point X="96" Y="251" T="118790368" />
  <Point X="102" Y="252" T="118790382" />
  <Point X="108" Y="254" T="118790397" />
  <Point X="115" Y="256" T="118790411" />
  <Point X="122" Y="255" T="118790426" />
  <Point X="127" Y="254" T="118790441" />
  <Point X="130" Y="252" T="118790455" />
  <Point X="132" Y="252" T="118790456" />
  <Point X="134" Y="251" T="118790472" />
  <Point X="139" Y="245" T="118790487" />
  <Point X="143" Y="240" T="118790506" />
  <Point X="146" Y="233" T="118790522" />
  <Point X="148" Y="226" T="118790539" />
  <Point X="150" Y="217" T="118790555" />
  <Point X="150" Y="210" T="118790572" />
  <Point X="148" Y="204" T="118790589" />
  <Point X="143" Y="200" T="118790606" />
  <Point X="137" Y="195" T="118790623" />
  <Point X="131" Y="193" T="118790641" />
  <Point X="126" Y="191" T="118790659" />
  <Point X="124" Y="190" T="118790677" />
  <Point X="122" Y="189" T="118790695" />
  <Point X="122" Y="187" T="118790696" />
</Gesture>