﻿<?xml version="1.0" encoding="utf-8" standalone="yes"?>
<Gesture Name="circle02" Subject="5" Speed="fast" Number="2" NumPts="63" Millseconds="753" AppName="Gestures" AppVer="3.7.0.0" Date="Friday, March 09, 2007" TimeOfDay="9:37:54 PM">
  <Point X="112" Y="168" T="118786474" />
  <Point X="112" Y="166" T="118786503" />
  <Point X="110" Y="165" T="118786532" />
  <Point X="108" Y="164" T="118786543" />
  <Point X="106" Y="164" T="118786556" />
  <Point X="103" Y="165" T="118786568" />
  <Point X="101" Y="166" T="118786576" />
  <Point X="98" Y="167" T="118786584" />
  <Point X="96" Y="167" T="118786592" />
  <Point X="94" Y="170" T="118786600" />
  <Point X="92" Y="171" T="118786608" />
  <Point X="89" Y="174" T="118786616" />
  <Point X="87" Y="176" T="118786624" />
  <Point X="85" Y="179" T="118786633" />
  <Point X="83" Y="182" T="118786640" />
  <Point X="81" Y="185" T="118786648" />
  <Point X="80" Y="188" T="118786656" />
  <Point X="79" Y="192" T="118786665" />
  <Point X="77" Y="196" T="118786674" />
  <Point X="76" Y="199" T="118786683" />
  <Point X="75" Y="205" T="118786693" />
  <Point X="75" Y="208" T="118786702" />
  <Point X="75" Y="212" T="118786712" />
  <Point X="75" Y="216" T="118786722" />
  <Point X="77" Y="223" T="118786732" />
  <Point X="78" Y="226" T="118786742" />
  <Point X="79" Y="230" T="118786753" />
  <Point X="80" Y="233" T="118786763" />
  <Point X="81" Y="236" T="118786764" />
  <Point X="82" Y="239" T="118786775" />
  <Point X="84" Y="242" T="118786786" />
  <Point X="88" Y="246" T="118786798" />
  <Point X="91" Y="249" T="118786809" />
  <Point X="96" Y="256" T="118786821" />
  <Point X="100" Y="257" T="118786833" />
  <Point X="106" Y="261" T="118786846" />
  <Point X="109" Y="264" T="118786858" />
  <Point X="116" Y="266" T="118786871" />
  <Point X="120" Y="267" T="118786883" />
  <Point X="124" Y="267" T="118786884" />
  <Point X="129" Y="268" T="118786898" />
  <Point X="133" Y="268" T="118786911" />
  <Point X="136" Y="268" T="118786912" />
  <Point X="139" Y="268" T="118786926" />
  <Point X="144" Y="267" T="118786943" />
  <Point X="149" Y="267" T="118786957" />
  <Point X="154" Y="263" T="118786972" />
  <Point X="159" Y="259" T="118786986" />
  <Point X="163" Y="253" T="118787001" />
  <Point X="165" Y="251" T="118787016" />
  <Point X="168" Y="245" T="118787032" />
  <Point X="170" Y="236" T="118787054" />
  <Point X="169" Y="230" T="118787070" />
  <Point X="168" Y="225" T="118787086" />
  <Point X="165" Y="215" T="118787103" />
  <Point X="161" Y="205" T="118787120" />
  <Point X="156" Y="192" T="118787137" />
  <Point X="152" Y="184" T="118787156" />
  <Point X="147" Y="182" T="118787174" />
  <Point X="142" Y="180" T="118787191" />
  <Point X="136" Y="182" T="118787208" />
  <Point X="131" Y="182" T="118787226" />
  <Point X="129" Y="181" T="118787227" />
</Gesture>