﻿<?xml version="1.0" encoding="utf-8" standalone="yes"?>
<Gesture Name="circle03" Subject="5" Speed="fast" Number="3" NumPts="63" Millseconds="685" AppName="Gestures" AppVer="3.7.0.0" Date="Friday, March 09, 2007" TimeOfDay="9:37:55 PM">
  <Point X="113" Y="167" T="118787587" />
  <Point X="111" Y="166" T="118787600" />
  <Point X="108" Y="167" T="118787612" />
  <Point X="106" Y="167" T="118787620" />
  <Point X="104" Y="168" T="118787629" />
  <Point X="101" Y="170" T="118787637" />
  <Point X="99" Y="171" T="118787645" />
  <Point X="97" Y="172" T="118787653" />
  <Point X="95" Y="175" T="118787661" />
  <Point X="93" Y="178" T="118787669" />
  <Point X="91" Y="181" T="118787677" />
  <Point X="90" Y="185" T="118787685" />
  <Point X="89" Y="187" T="118787692" />
  <Point X="89" Y="190" T="118787693" />
  <Point X="88" Y="194" T="118787701" />
  <Point X="87" Y="200" T="118787710" />
  <Point X="85" Y="205" T="118787718" />
  <Point X="84" Y="210" T="118787726" />
  <Point X="83" Y="216" T="118787735" />
  <Point X="82" Y="221" T="118787744" />
  <Point X="82" Y="229" T="118787754" />
  <Point X="82" Y="231" T="118787763" />
  <Point X="82" Y="234" T="118787772" />
  <Point X="84" Y="240" T="118787782" />
  <Point X="85" Y="243" T="118787792" />
  <Point X="88" Y="246" T="118787802" />
  <Point X="90" Y="248" T="118787812" />
  <Point X="93" Y="250" T="118787813" />
  <Point X="97" Y="252" T="118787824" />
  <Point X="103" Y="254" T="118787835" />
  <Point X="109" Y="257" T="118787846" />
  <Point X="113" Y="259" T="118787858" />
  <Point X="119" Y="262" T="118787869" />
  <Point X="126" Y="264" T="118787881" />
  <Point X="129" Y="265" T="118787896" />
  <Point X="132" Y="266" T="118787898" />
  <Point X="135" Y="266" T="118787911" />
  <Point X="140" Y="265" T="118787923" />
  <Point X="142" Y="265" T="118787936" />
  <Point X="144" Y="264" T="118787937" />
  <Point X="147" Y="263" T="118787951" />
  <Point X="152" Y="260" T="118787964" />
  <Point X="157" Y="254" T="118787978" />
  <Point X="162" Y="248" T="118787994" />
  <Point X="164" Y="245" T="118788009" />
  <Point X="166" Y="243" T="118788010" />
  <Point X="168" Y="238" T="118788024" />
  <Point X="169" Y="236" T="118788025" />
  <Point X="170" Y="231" T="118788041" />
  <Point X="171" Y="225" T="118788056" />
  <Point X="171" Y="222" T="118788057" />
  <Point X="170" Y="217" T="118788073" />
  <Point X="168" Y="210" T="118788093" />
  <Point X="165" Y="202" T="118788110" />
  <Point X="163" Y="199" T="118788126" />
  <Point X="160" Y="194" T="118788143" />
  <Point X="156" Y="189" T="118788160" />
  <Point X="151" Y="185" T="118788177" />
  <Point X="145" Y="180" T="118788196" />
  <Point X="135" Y="175" T="118788213" />
  <Point X="127" Y="173" T="118788231" />
  <Point X="121" Y="172" T="118788252" />
  <Point X="117" Y="172" T="118788272" />
</Gesture>