﻿<?xml version="1.0" encoding="utf-8" standalone="yes"?>
<Gesture Name="circle07" Subject="5" Speed="fast" Number="7" NumPts="64" Millseconds="735" AppName="Gestures" AppVer="3.7.0.0" Date="Friday, March 09, 2007" TimeOfDay="9:38:00 PM">
  <Point X="87" Y="168" T="118792355" />
  <Point X="84" Y="169" T="118792367" />
  <Point X="82" Y="169" T="118792379" />
  <Point X="80" Y="171" T="118792387" />
  <Point X="77" Y="173" T="118792400" />
  <Point X="75" Y="174" T="118792408" />
  <Point X="73" Y="176" T="118792416" />
  <Point X="71" Y="178" T="118792424" />
  <Point X="70" Y="180" T="118792432" />
  <Point X="69" Y="182" T="118792439" />
  <Point X="67" Y="185" T="118792445" />
  <Point X="65" Y="188" T="118792453" />
  <Point X="64" Y="190" T="118792460" />
  <Point X="63" Y="194" T="118792467" />
  <Point X="61" Y="198" T="118792475" />
  <Point X="60" Y="200" T="118792476" />
  <Point X="60" Y="203" T="118792485" />
  <Point X="58" Y="210" T="118792493" />
  <Point X="57" Y="212" T="118792502" />
  <Point X="56" Y="218" T="118792511" />
  <Point X="56" Y="223" T="118792520" />
  <Point X="56" Y="226" T="118792521" />
  <Point X="56" Y="230" T="118792530" />
  <Point X="58" Y="237" T="118792540" />
  <Point X="59" Y="240" T="118792550" />
  <Point X="61" Y="244" T="118792560" />
  <Point X="64" Y="247" T="118792570" />
  <Point X="68" Y="252" T="118792581" />
  <Point X="70" Y="254" T="118792592" />
  <Point X="72" Y="256" T="118792603" />
  <Point X="79" Y="260" T="118792614" />
  <Point X="81" Y="262" T="118792625" />
  <Point X="87" Y="266" T="118792637" />
  <Point X="91" Y="267" T="118792649" />
  <Point X="97" Y="270" T="118792661" />
  <Point X="100" Y="270" T="118792674" />
  <Point X="106" Y="272" T="118792686" />
  <Point X="109" Y="272" T="118792699" />
  <Point X="114" Y="272" T="118792712" />
  <Point X="119" Y="271" T="118792725" />
  <Point X="121" Y="271" T="118792738" />
  <Point X="126" Y="270" T="118792752" />
  <Point X="131" Y="268" T="118792766" />
  <Point X="134" Y="267" T="118792780" />
  <Point X="137" Y="265" T="118792781" />
  <Point X="139" Y="264" T="118792795" />
  <Point X="143" Y="261" T="118792810" />
  <Point X="147" Y="258" T="118792825" />
  <Point X="151" Y="250" T="118792851" />
  <Point X="152" Y="244" T="118792867" />
  <Point X="152" Y="239" T="118792883" />
  <Point X="151" Y="235" T="118792899" />
  <Point X="149" Y="229" T="118792915" />
  <Point X="148" Y="226" T="118792916" />
  <Point X="145" Y="220" T="118792933" />
  <Point X="142" Y="213" T="118792949" />
  <Point X="139" Y="207" T="118792966" />
  <Point X="135" Y="200" T="118792983" />
  <Point X="126" Y="191" T="118793001" />
  <Point X="119" Y="188" T="118793018" />
  <Point X="108" Y="185" T="118793036" />
  <Point X="100" Y="182" T="118793054" />
  <Point X="94" Y="180" T="118793072" />
  <Point X="92" Y="179" T="118793090" />
</Gesture>