﻿<?xml version="1.0" encoding="utf-8" standalone="yes"?>
<Gesture Name="delete_mark08" Subject="5" Speed="fast" Number="8" NumPts="52" Millseconds="610" AppName="Gestures" AppVer="3.7.0.0" Date="Friday, March 09, 2007" TimeOfDay="9:33:25 PM">
  <Point X="82" Y="147" T="118517702" />
  <Point X="84" Y="149" T="118517718" />
  <Point X="85" Y="152" T="118517726" />
  <Point X="86" Y="155" T="118517734" />
  <Point X="88" Y="157" T="118517742" />
  <Point X="89" Y="159" T="118517748" />
  <Point X="91" Y="163" T="118517754" />
  <Point X="93" Y="165" T="118517762" />
  <Point X="95" Y="169" T="118517770" />
  <Point X="97" Y="172" T="118517778" />
  <Point X="98" Y="175" T="118517785" />
  <Point X="101" Y="180" T="118517792" />
  <Point X="103" Y="182" T="118517799" />
  <Point X="106" Y="185" T="118517807" />
  <Point X="107" Y="188" T="118517815" />
  <Point X="109" Y="191" T="118517823" />
  <Point X="112" Y="193" T="118517831" />
  <Point X="114" Y="196" T="118517839" />
  <Point X="115" Y="198" T="118517848" />
  <Point X="118" Y="200" T="118517856" />
  <Point X="120" Y="203" T="118517867" />
  <Point X="122" Y="205" T="118517879" />
  <Point X="124" Y="205" T="118517891" />
  <Point X="126" Y="207" T="118517912" />
  <Point X="126" Y="209" T="118517956" />
  <Point X="125" Y="212" T="118517976" />
  <Point X="123" Y="214" T="118517988" />
  <Point X="120" Y="213" T="118518004" />
  <Point X="117" Y="214" T="118518015" />
  <Point X="115" Y="214" T="118518025" />
  <Point X="109" Y="214" T="118518037" />
  <Point X="105" Y="214" T="118518048" />
  <Point X="103" Y="214" T="118518049" />
  <Point X="97" Y="214" T="118518061" />
  <Point X="90" Y="215" T="118518073" />
  <Point X="82" Y="214" T="118518086" />
  <Point X="75" Y="215" T="118518099" />
  <Point X="68" Y="215" T="118518111" />
  <Point X="63" Y="214" T="118518125" />
  <Point X="61" Y="215" T="118518140" />
  <Point X="61" Y="212" T="118518160" />
  <Point X="63" Y="209" T="118518173" />
  <Point X="67" Y="203" T="118518187" />
  <Point X="71" Y="198" T="118518201" />
  <Point X="74" Y="195" T="118518215" />
  <Point X="77" Y="192" T="118518216" />
  <Point X="82" Y="188" T="118518231" />
  <Point X="89" Y="181" T="118518247" />
  <Point X="96" Y="174" T="118518265" />
  <Point X="102" Y="167" T="118518281" />
  <Point X="108" Y="161" T="118518297" />
  <Point X="112" Y="157" T="118518312" />
</Gesture>