﻿<?xml version="1.0" encoding="utf-8" standalone="yes"?>
<Gesture Name="delete_mark01" Subject="5" Speed="fast" Number="1" NumPts="54" Millseconds="667" AppName="Gestures" AppVer="3.7.0.0" Date="Friday, March 09, 2007" TimeOfDay="9:33:17 PM">
  <Point X="78" Y="152" T="118508831" />
  <Point X="80" Y="153" T="118508883" />
  <Point X="82" Y="155" T="118508895" />
  <Point X="84" Y="157" T="118508908" />
  <Point X="85" Y="160" T="118508916" />
  <Point X="86" Y="162" T="118508923" />
  <Point X="87" Y="164" T="118508930" />
  <Point X="89" Y="166" T="118508937" />
  <Point X="91" Y="171" T="118508944" />
  <Point X="94" Y="174" T="118508952" />
  <Point X="95" Y="177" T="118508960" />
  <Point X="96" Y="179" T="118508961" />
  <Point X="99" Y="182" T="118508971" />
  <Point X="101" Y="185" T="118508979" />
  <Point X="104" Y="188" T="118508988" />
  <Point X="107" Y="190" T="118508997" />
  <Point X="110" Y="192" T="118509005" />
  <Point X="113" Y="195" T="118509015" />
  <Point X="119" Y="199" T="118509025" />
  <Point X="122" Y="201" T="118509035" />
  <Point X="125" Y="204" T="118509045" />
  <Point X="128" Y="205" T="118509055" />
  <Point X="133" Y="209" T="118509065" />
  <Point X="135" Y="212" T="118509076" />
  <Point X="137" Y="214" T="118509092" />
  <Point X="137" Y="216" T="118509120" />
  <Point X="134" Y="217" T="118509136" />
  <Point X="132" Y="219" T="118509148" />
  <Point X="130" Y="219" T="118509159" />
  <Point X="127" Y="220" T="118509171" />
  <Point X="124" Y="220" T="118509173" />
  <Point X="121" Y="219" T="118509185" />
  <Point X="113" Y="219" T="118509198" />
  <Point X="107" Y="220" T="118509212" />
  <Point X="105" Y="219" T="118509213" />
  <Point X="98" Y="221" T="118509227" />
  <Point X="96" Y="220" T="118509229" />
  <Point X="87" Y="221" T="118509244" />
  <Point X="81" Y="223" T="118509259" />
  <Point X="74" Y="224" T="118509273" />
  <Point X="72" Y="224" T="118509288" />
  <Point X="69" Y="225" T="118509302" />
  <Point X="70" Y="222" T="118509341" />
  <Point X="72" Y="220" T="118509355" />
  <Point X="76" Y="217" T="118509369" />
  <Point X="79" Y="214" T="118509384" />
  <Point X="82" Y="211" T="118509385" />
  <Point X="89" Y="203" T="118509400" />
  <Point X="99" Y="193" T="118509417" />
  <Point X="109" Y="181" T="118509433" />
  <Point X="118" Y="167" T="118509449" />
  <Point X="126" Y="155" T="118509465" />
  <Point X="132" Y="146" T="118509482" />
  <Point X="134" Y="140" T="118509498" />
</Gesture>