﻿<?xml version="1.0" encoding="utf-8" standalone="yes"?>
<Gesture Name="delete_mark05" Subject="5" Speed="fast" Number="5" NumPts="58" Millseconds="709" AppName="Gestures" AppVer="3.7.0.0" Date="Friday, March 09, 2007" TimeOfDay="9:33:22 PM">
  <Point X="82" Y="149" T="118514016" />
  <Point X="83" Y="151" T="118514036" />
  <Point X="84" Y="154" T="118514048" />
  <Point X="86" Y="156" T="118514059" />
  <Point X="87" Y="159" T="118514067" />
  <Point X="88" Y="162" T="118514075" />
  <Point X="89" Y="164" T="118514081" />
  <Point X="90" Y="167" T="118514087" />
  <Point X="90" Y="169" T="118514094" />
  <Point X="92" Y="173" T="118514100" />
  <Point X="93" Y="177" T="118514108" />
  <Point X="94" Y="179" T="118514115" />
  <Point X="96" Y="184" T="118514122" />
  <Point X="97" Y="188" T="118514130" />
  <Point X="99" Y="193" T="118514137" />
  <Point X="101" Y="196" T="118514145" />
  <Point X="103" Y="200" T="118514153" />
  <Point X="105" Y="202" T="118514161" />
  <Point X="107" Y="204" T="118514170" />
  <Point X="109" Y="205" T="118514179" />
  <Point X="111" Y="208" T="118514188" />
  <Point X="114" Y="210" T="118514197" />
  <Point X="116" Y="211" T="118514207" />
  <Point X="120" Y="213" T="118514217" />
  <Point X="122" Y="214" T="118514227" />
  <Point X="124" Y="215" T="118514237" />
  <Point X="126" Y="217" T="118514247" />
  <Point X="128" Y="218" T="118514258" />
  <Point X="130" Y="220" T="118514269" />
  <Point X="133" Y="220" T="118514281" />
  <Point X="135" Y="222" T="118514301" />
  <Point X="136" Y="224" T="118514323" />
  <Point X="134" Y="225" T="118514354" />
  <Point X="131" Y="226" T="118514367" />
  <Point X="129" Y="226" T="118514379" />
  <Point X="124" Y="227" T="118514391" />
  <Point X="121" Y="226" T="118514403" />
  <Point X="113" Y="228" T="118514416" />
  <Point X="107" Y="227" T="118514429" />
  <Point X="98" Y="226" T="118514443" />
  <Point X="91" Y="226" T="118514456" />
  <Point X="83" Y="226" T="118514471" />
  <Point X="78" Y="225" T="118514485" />
  <Point X="72" Y="225" T="118514500" />
  <Point X="70" Y="225" T="118514514" />
  <Point X="68" Y="224" T="118514528" />
  <Point X="66" Y="222" T="118514551" />
  <Point X="68" Y="220" T="118514567" />
  <Point X="69" Y="217" T="118514582" />
  <Point X="72" Y="212" T="118514597" />
  <Point X="78" Y="203" T="118514612" />
  <Point X="85" Y="193" T="118514628" />
  <Point X="92" Y="182" T="118514644" />
  <Point X="100" Y="173" T="118514660" />
  <Point X="105" Y="167" T="118514676" />
  <Point X="111" Y="159" T="118514692" />
  <Point X="112" Y="156" T="118514708" />
  <Point X="114" Y="152" T="118514725" />
</Gesture>