﻿<?xml version="1.0" encoding="utf-8" standalone="yes"?>
<Gesture Name="delete_mark03" Subject="5" Speed="fast" Number="3" NumPts="60" Millseconds="694" AppName="Gestures" AppVer="3.7.0.0" Date="Friday, March 09, 2007" TimeOfDay="9:33:19 PM">
  <Point X="86" Y="149" T="118511358" />
  <Point X="87" Y="151" T="118511370" />
  <Point X="88" Y="154" T="118511382" />
  <Point X="90" Y="157" T="118511394" />
  <Point X="91" Y="160" T="118511401" />
  <Point X="93" Y="164" T="118511409" />
  <Point X="94" Y="166" T="118511415" />
  <Point X="96" Y="168" T="118511421" />
  <Point X="98" Y="170" T="118511429" />
  <Point X="99" Y="172" T="118511436" />
  <Point X="100" Y="176" T="118511442" />
  <Point X="102" Y="178" T="118511450" />
  <Point X="105" Y="181" T="118511458" />
  <Point X="106" Y="184" T="118511465" />
  <Point X="108" Y="187" T="118511473" />
  <Point X="110" Y="190" T="118511481" />
  <Point X="111" Y="193" T="118511489" />
  <Point X="113" Y="195" T="118511497" />
  <Point X="115" Y="198" T="118511498" />
  <Point X="117" Y="200" T="118511507" />
  <Point X="119" Y="202" T="118511516" />
  <Point X="122" Y="204" T="118511525" />
  <Point X="124" Y="206" T="118511535" />
  <Point X="125" Y="208" T="118511544" />
  <Point X="130" Y="209" T="118511554" />
  <Point X="132" Y="209" T="118511566" />
  <Point X="135" Y="211" T="118511578" />
  <Point X="137" Y="211" T="118511590" />
  <Point X="139" Y="212" T="118511602" />
  <Point X="139" Y="214" T="118511655" />
  <Point X="137" Y="214" T="118511667" />
  <Point X="135" Y="216" T="118511679" />
  <Point X="133" Y="216" T="118511691" />
  <Point X="131" Y="216" T="118511702" />
  <Point X="128" Y="216" T="118511704" />
  <Point X="124" Y="216" T="118511716" />
  <Point X="119" Y="216" T="118511728" />
  <Point X="112" Y="214" T="118511741" />
  <Point X="106" Y="215" T="118511754" />
  <Point X="98" Y="216" T="118511767" />
  <Point X="95" Y="217" T="118511780" />
  <Point X="88" Y="218" T="118511794" />
  <Point X="84" Y="218" T="118511808" />
  <Point X="82" Y="218" T="118511822" />
  <Point X="81" Y="216" T="118511836" />
  <Point X="80" Y="214" T="118511853" />
  <Point X="83" Y="212" T="118511871" />
  <Point X="84" Y="210" T="118511888" />
  <Point X="88" Y="206" T="118511903" />
  <Point X="91" Y="203" T="118511918" />
  <Point X="94" Y="201" T="118511919" />
  <Point X="97" Y="198" T="118511935" />
  <Point X="100" Y="195" T="118511936" />
  <Point X="107" Y="188" T="118511952" />
  <Point X="115" Y="182" T="118511968" />
  <Point X="120" Y="176" T="118511985" />
  <Point X="125" Y="170" T="118512001" />
  <Point X="129" Y="166" T="118512018" />
  <Point X="130" Y="164" T="118512035" />
  <Point X="131" Y="161" T="118512052" />
</Gesture>