﻿<?xml version="1.0" encoding="utf-8" standalone="yes"?>
<Gesture Name="delete_mark07" Subject="5" Speed="fast" Number="7" NumPts="58" Millseconds="678" AppName="Gestures" AppVer="3.7.0.0" Date="Friday, March 09, 2007" TimeOfDay="9:33:24 PM">
  <Point X="79" Y="145" T="118516477" />
  <Point X="81" Y="147" T="118516497" />
  <Point X="82" Y="149" T="118516505" />
  <Point X="85" Y="152" T="118516518" />
  <Point X="87" Y="155" T="118516526" />
  <Point X="88" Y="157" T="118516532" />
  <Point X="89" Y="160" T="118516539" />
  <Point X="91" Y="163" T="118516546" />
  <Point X="93" Y="166" T="118516554" />
  <Point X="94" Y="168" T="118516561" />
  <Point X="96" Y="172" T="118516568" />
  <Point X="98" Y="176" T="118516575" />
  <Point X="99" Y="178" T="118516582" />
  <Point X="101" Y="181" T="118516589" />
  <Point X="102" Y="184" T="118516590" />
  <Point X="104" Y="188" T="118516599" />
  <Point X="105" Y="190" T="118516607" />
  <Point X="107" Y="194" T="118516615" />
  <Point X="108" Y="197" T="118516624" />
  <Point X="111" Y="199" T="118516632" />
  <Point X="113" Y="201" T="118516641" />
  <Point X="115" Y="203" T="118516642" />
  <Point X="117" Y="204" T="118516651" />
  <Point X="119" Y="207" T="118516661" />
  <Point X="122" Y="208" T="118516671" />
  <Point X="124" Y="209" T="118516681" />
  <Point X="126" Y="210" T="118516692" />
  <Point X="129" Y="211" T="118516702" />
  <Point X="131" Y="210" T="118516713" />
  <Point X="133" Y="212" T="118516726" />
  <Point X="133" Y="214" T="118516766" />
  <Point X="131" Y="215" T="118516786" />
  <Point X="128" Y="217" T="118516798" />
  <Point X="126" Y="216" T="118516811" />
  <Point X="122" Y="217" T="118516823" />
  <Point X="119" Y="217" T="118516835" />
  <Point X="113" Y="218" T="118516848" />
  <Point X="107" Y="218" T="118516863" />
  <Point X="102" Y="218" T="118516877" />
  <Point X="98" Y="217" T="118516878" />
  <Point X="95" Y="217" T="118516892" />
  <Point X="88" Y="217" T="118516907" />
  <Point X="83" Y="217" T="118516922" />
  <Point X="77" Y="217" T="118516937" />
  <Point X="75" Y="217" T="118516951" />
  <Point X="72" Y="216" T="118516965" />
  <Point X="70" Y="214" T="118516979" />
  <Point X="71" Y="212" T="118516994" />
  <Point X="72" Y="210" T="118517009" />
  <Point X="76" Y="206" T="118517024" />
  <Point X="79" Y="201" T="118517040" />
  <Point X="86" Y="191" T="118517055" />
  <Point X="94" Y="181" T="118517072" />
  <Point X="103" Y="171" T="118517088" />
  <Point X="110" Y="162" T="118517105" />
  <Point X="117" Y="153" T="118517122" />
  <Point X="121" Y="147" T="118517138" />
  <Point X="124" Y="142" T="118517155" />
</Gesture>