﻿<?xml version="1.0" encoding="utf-8" standalone="yes"?>
<Gesture Name="delete_mark04" Subject="5" Speed="fast" Number="4" NumPts="59" Millseconds="696" AppName="Gestures" AppVer="3.7.0.0" Date="Friday, March 09, 2007" TimeOfDay="9:33:20 PM">
  <Point X="83" Y="149" T="118512765" />
  <Point X="84" Y="151" T="118512789" />
  <Point X="85" Y="153" T="118512802" />
  <Point X="87" Y="155" T="118512814" />
  <Point X="88" Y="158" T="118512822" />
  <Point X="89" Y="161" T="118512830" />
  <Point X="90" Y="163" T="118512836" />
  <Point X="91" Y="166" T="118512842" />
  <Point X="92" Y="168" T="118512850" />
  <Point X="93" Y="171" T="118512857" />
  <Point X="94" Y="173" T="118512863" />
  <Point X="96" Y="178" T="118512871" />
  <Point X="97" Y="180" T="118512878" />
  <Point X="98" Y="183" T="118512885" />
  <Point X="100" Y="186" T="118512893" />
  <Point X="102" Y="189" T="118512901" />
  <Point X="104" Y="191" T="118512909" />
  <Point X="106" Y="194" T="118512918" />
  <Point X="108" Y="196" T="118512926" />
  <Point X="110" Y="198" T="118512935" />
  <Point X="113" Y="200" T="118512944" />
  <Point X="118" Y="202" T="118512954" />
  <Point X="120" Y="204" T="118512964" />
  <Point X="123" Y="206" T="118512973" />
  <Point X="125" Y="206" T="118512983" />
  <Point X="127" Y="209" T="118512993" />
  <Point X="129" Y="210" T="118512994" />
  <Point X="132" Y="212" T="118513006" />
  <Point X="134" Y="214" T="118513018" />
  <Point X="136" Y="215" T="118513034" />
  <Point X="137" Y="217" T="118513058" />
  <Point X="135" Y="219" T="118513086" />
  <Point X="132" Y="219" T="118513098" />
  <Point X="130" Y="220" T="118513109" />
  <Point X="127" Y="220" T="118513121" />
  <Point X="124" Y="221" T="118513123" />
  <Point X="120" Y="222" T="118513135" />
  <Point X="112" Y="222" T="118513148" />
  <Point X="105" Y="223" T="118513161" />
  <Point X="96" Y="224" T="118513174" />
  <Point X="88" Y="226" T="118513188" />
  <Point X="82" Y="226" T="118513202" />
  <Point X="80" Y="226" T="118513203" />
  <Point X="76" Y="227" T="118513217" />
  <Point X="69" Y="227" T="118513231" />
  <Point X="67" Y="227" T="118513246" />
  <Point X="65" Y="226" T="118513247" />
  <Point X="66" Y="224" T="118513283" />
  <Point X="67" Y="222" T="118513298" />
  <Point X="69" Y="218" T="118513313" />
  <Point X="73" Y="213" T="118513328" />
  <Point X="81" Y="203" T="118513344" />
  <Point X="89" Y="194" T="118513360" />
  <Point X="99" Y="181" T="118513377" />
  <Point X="107" Y="171" T="118513394" />
  <Point X="115" Y="160" T="118513411" />
  <Point X="120" Y="154" T="118513428" />
  <Point X="121" Y="152" T="118513444" />
  <Point X="122" Y="150" T="118513461" />
</Gesture>