﻿<?xml version="1.0" encoding="utf-8" standalone="yes"?>
<Gesture Name="delete_mark09" Subject="5" Speed="fast" Number="9" NumPts="54" Millseconds="611" AppName="Gestures" AppVer="3.7.0.0" Date="Friday, March 09, 2007" TimeOfDay="9:33:27 PM">
  <Point X="80" Y="149" T="118518915" />
  <Point X="82" Y="151" T="118518931" />
  <Point X="84" Y="154" T="118518943" />
  <Point X="86" Y="157" T="118518951" />
  <Point X="87" Y="159" T="118518957" />
  <Point X="89" Y="162" T="118518963" />
  <Point X="91" Y="165" T="118518971" />
  <Point X="92" Y="168" T="118518979" />
  <Point X="93" Y="170" T="118518986" />
  <Point X="95" Y="174" T="118518992" />
  <Point X="98" Y="176" T="118518999" />
  <Point X="100" Y="179" T="118519008" />
  <Point X="101" Y="181" T="118519015" />
  <Point X="104" Y="185" T="118519023" />
  <Point X="106" Y="187" T="118519030" />
  <Point X="108" Y="189" T="118519038" />
  <Point X="111" Y="192" T="118519046" />
  <Point X="113" Y="194" T="118519055" />
  <Point X="115" Y="196" T="118519064" />
  <Point X="117" Y="197" T="118519072" />
  <Point X="120" Y="198" T="118519082" />
  <Point X="122" Y="198" T="118519091" />
  <Point X="124" Y="200" T="118519104" />
  <Point X="125" Y="202" T="118519115" />
  <Point X="126" Y="204" T="118519140" />
  <Point X="125" Y="206" T="118519192" />
  <Point X="123" Y="205" T="118519204" />
  <Point X="121" Y="206" T="118519214" />
  <Point X="118" Y="206" T="118519225" />
  <Point X="115" Y="206" T="118519236" />
  <Point X="112" Y="206" T="118519237" />
  <Point X="108" Y="206" T="118519248" />
  <Point X="100" Y="207" T="118519260" />
  <Point X="94" Y="208" T="118519272" />
  <Point X="87" Y="208" T="118519285" />
  <Point X="80" Y="211" T="118519297" />
  <Point X="76" Y="211" T="118519309" />
  <Point X="69" Y="212" T="118519322" />
  <Point X="66" Y="212" T="118519335" />
  <Point X="64" Y="212" T="118519348" />
  <Point X="63" Y="210" T="118519374" />
  <Point X="64" Y="208" T="118519388" />
  <Point X="66" Y="205" T="118519402" />
  <Point X="71" Y="201" T="118519416" />
  <Point X="76" Y="195" T="118519430" />
  <Point X="78" Y="193" T="118519444" />
  <Point X="81" Y="189" T="118519446" />
  <Point X="86" Y="183" T="118519460" />
  <Point X="88" Y="181" T="118519461" />
  <Point X="96" Y="170" T="118519477" />
  <Point X="103" Y="161" T="118519493" />
  <Point X="109" Y="153" T="118519509" />
  <Point X="111" Y="150" T="118519525" />
  <Point X="113" Y="147" T="118519526" />
</Gesture>