﻿<?xml version="1.0" encoding="utf-8" standalone="yes"?>
<Gesture Name="delete_mark06" Subject="5" Speed="fast" Number="6" NumPts="57" Millseconds="695" AppName="Gestures" AppVer="3.7.0.0" Date="Friday, March 09, 2007" TimeOfDay="9:33:23 PM">
  <Point X="77" Y="146" T="118515279" />
  <Point X="78" Y="148" T="118515303" />
  <Point X="78" Y="150" T="118515312" />
  <Point X="80" Y="153" T="118515324" />
  <Point X="82" Y="155" T="118515336" />
  <Point X="83" Y="159" T="118515344" />
  <Point X="85" Y="162" T="118515352" />
  <Point X="87" Y="166" T="118515360" />
  <Point X="89" Y="168" T="118515368" />
  <Point X="91" Y="172" T="118515376" />
  <Point X="94" Y="176" T="118515384" />
  <Point X="97" Y="180" T="118515392" />
  <Point X="98" Y="182" T="118515399" />
  <Point X="99" Y="184" T="118515400" />
  <Point X="102" Y="187" T="118515408" />
  <Point X="105" Y="191" T="118515417" />
  <Point X="108" Y="193" T="118515426" />
  <Point X="111" Y="196" T="118515434" />
  <Point X="112" Y="198" T="118515443" />
  <Point X="115" Y="201" T="118515451" />
  <Point X="118" Y="203" T="118515460" />
  <Point X="121" Y="206" T="118515469" />
  <Point X="123" Y="208" T="118515470" />
  <Point X="125" Y="210" T="118515480" />
  <Point X="127" Y="212" T="118515490" />
  <Point X="129" Y="214" T="118515500" />
  <Point X="131" Y="216" T="118515510" />
  <Point X="133" Y="218" T="118515522" />
  <Point X="131" Y="219" T="118515591" />
  <Point X="128" Y="217" T="118515603" />
  <Point X="126" Y="218" T="118515614" />
  <Point X="123" Y="217" T="118515626" />
  <Point X="117" Y="217" T="118515637" />
  <Point X="111" Y="217" T="118515649" />
  <Point X="107" Y="216" T="118515661" />
  <Point X="99" Y="217" T="118515674" />
  <Point X="95" Y="218" T="118515686" />
  <Point X="88" Y="217" T="118515699" />
  <Point X="81" Y="217" T="118515712" />
  <Point X="78" Y="217" T="118515724" />
  <Point X="73" Y="216" T="118515738" />
  <Point X="71" Y="215" T="118515751" />
  <Point X="69" Y="215" T="118515765" />
  <Point X="68" Y="212" T="118515787" />
  <Point X="69" Y="210" T="118515801" />
  <Point X="70" Y="208" T="118515815" />
  <Point X="73" Y="205" T="118515829" />
  <Point X="76" Y="199" T="118515844" />
  <Point X="84" Y="189" T="118515860" />
  <Point X="90" Y="181" T="118515875" />
  <Point X="92" Y="178" T="118515876" />
  <Point X="100" Y="168" T="118515892" />
  <Point X="108" Y="159" T="118515908" />
  <Point X="113" Y="153" T="118515924" />
  <Point X="117" Y="148" T="118515940" />
  <Point X="118" Y="146" T="118515957" />
  <Point X="119" Y="144" T="118515974" />
</Gesture>