﻿<?xml version="1.0" encoding="utf-8" standalone="yes"?>
<Gesture Name="delete_mark02" Subject="5" Speed="fast" Number="2" NumPts="62" Millseconds="728" AppName="Gestures" AppVer="3.7.0.0" Date="Friday, March 09, 2007" TimeOfDay="9:33:18 PM">
  <Point X="84" Y="146" T="118510089" />
  <Point X="85" Y="148" T="118510113" />
  <Point X="86" Y="150" T="118510121" />
  <Point X="87" Y="152" T="118510130" />
  <Point X="88" Y="155" T="118510137" />
  <Point X="89" Y="157" T="118510150" />
  <Point X="91" Y="159" T="118510162" />
  <Point X="93" Y="163" T="118510170" />
  <Point X="93" Y="166" T="118510177" />
  <Point X="95" Y="168" T="118510183" />
  <Point X="97" Y="172" T="118510190" />
  <Point X="97" Y="174" T="118510198" />
  <Point X="99" Y="177" T="118510205" />
  <Point X="100" Y="179" T="118510213" />
  <Point X="102" Y="184" T="118510221" />
  <Point X="103" Y="186" T="118510229" />
  <Point X="105" Y="189" T="118510237" />
  <Point X="107" Y="192" T="118510246" />
  <Point X="108" Y="195" T="118510247" />
  <Point X="111" Y="196" T="118510255" />
  <Point X="113" Y="198" T="118510265" />
  <Point X="115" Y="199" T="118510276" />
  <Point X="117" Y="200" T="118510285" />
  <Point X="122" Y="201" T="118510295" />
  <Point X="124" Y="201" T="118510305" />
  <Point X="126" Y="202" T="118510315" />
  <Point X="129" Y="203" T="118510326" />
  <Point X="133" Y="206" T="118510336" />
  <Point X="136" Y="208" T="118510347" />
  <Point X="138" Y="210" T="118510358" />
  <Point X="141" Y="215" T="118510369" />
  <Point X="142" Y="217" T="118510387" />
  <Point X="142" Y="220" T="118510400" />
  <Point X="140" Y="221" T="118510423" />
  <Point X="138" Y="221" T="118510435" />
  <Point X="136" Y="222" T="118510447" />
  <Point X="133" Y="222" T="118510448" />
  <Point X="130" Y="221" T="118510460" />
  <Point X="123" Y="220" T="118510474" />
  <Point X="118" Y="220" T="118510487" />
  <Point X="116" Y="219" T="118510488" />
  <Point X="109" Y="217" T="118510501" />
  <Point X="101" Y="216" T="118510515" />
  <Point X="94" Y="215" T="118510532" />
  <Point X="92" Y="214" T="118510533" />
  <Point X="87" Y="214" T="118510547" />
  <Point X="81" Y="214" T="118510561" />
  <Point X="76" Y="214" T="118510577" />
  <Point X="73" Y="213" T="118510591" />
  <Point X="71" Y="213" T="118510606" />
  <Point X="72" Y="210" T="118510648" />
  <Point X="74" Y="208" T="118510663" />
  <Point X="79" Y="205" T="118510679" />
  <Point X="85" Y="199" T="118510695" />
  <Point X="95" Y="188" T="118510712" />
  <Point X="103" Y="178" T="118510729" />
  <Point X="109" Y="172" T="118510747" />
  <Point X="115" Y="164" T="118510763" />
  <Point X="118" Y="161" T="118510765" />
  <Point X="121" Y="156" T="118510782" />
  <Point X="123" Y="152" T="118510799" />
  <Point X="122" Y="150" T="118510817" />
</Gesture>