﻿<?xml version="1.0" encoding="utf-8" standalone="yes"?>
<Gesture Name="delete_mark10" Subject="5" Speed="fast" Number="10" NumPts="54" Millseconds="624" AppName="Gestures" AppVer="3.7.0.0" Date="Friday, March 09, 2007" TimeOfDay="9:33:28 PM">
  <Point X="79" Y="150" T="118520061" />
  <Point X="81" Y="150" T="118520097" />
  <Point X="83" Y="152" T="118520113" />
  <Point X="84" Y="155" T="118520122" />
  <Point X="86" Y="159" T="118520130" />
  <Point X="87" Y="161" T="118520136" />
  <Point X="89" Y="162" T="118520143" />
  <Point X="90" Y="166" T="118520150" />
  <Point X="92" Y="170" T="118520158" />
  <Point X="95" Y="174" T="118520166" />
  <Point X="96" Y="176" T="118520173" />
  <Point X="98" Y="181" T="118520180" />
  <Point X="100" Y="185" T="118520187" />
  <Point X="103" Y="190" T="118520195" />
  <Point X="104" Y="192" T="118520203" />
  <Point X="106" Y="196" T="118520211" />
  <Point X="108" Y="199" T="118520219" />
  <Point X="110" Y="201" T="118520227" />
  <Point X="113" Y="203" T="118520236" />
  <Point X="115" Y="205" T="118520244" />
  <Point X="117" Y="207" T="118520253" />
  <Point X="119" Y="208" T="118520254" />
  <Point X="121" Y="209" T="118520264" />
  <Point X="123" Y="210" T="118520275" />
  <Point X="126" Y="211" T="118520290" />
  <Point X="128" Y="210" T="118520310" />
  <Point X="126" Y="213" T="118520358" />
  <Point X="123" Y="213" T="118520370" />
  <Point X="121" Y="214" T="118520381" />
  <Point X="118" Y="215" T="118520392" />
  <Point X="111" Y="216" T="118520403" />
  <Point X="107" Y="218" T="118520414" />
  <Point X="104" Y="218" T="118520425" />
  <Point X="100" Y="220" T="118520427" />
  <Point X="97" Y="220" T="118520438" />
  <Point X="91" Y="221" T="118520451" />
  <Point X="84" Y="221" T="118520463" />
  <Point X="81" Y="222" T="118520476" />
  <Point X="79" Y="220" T="118520488" />
  <Point X="77" Y="218" T="118520501" />
  <Point X="75" Y="217" T="118520502" />
  <Point X="74" Y="215" T="118520516" />
  <Point X="75" Y="210" T="118520530" />
  <Point X="77" Y="205" T="118520545" />
  <Point X="81" Y="200" T="118520559" />
  <Point X="86" Y="193" T="118520577" />
  <Point X="88" Y="191" T="118520578" />
  <Point X="95" Y="181" T="118520596" />
  <Point X="102" Y="171" T="118520614" />
  <Point X="103" Y="169" T="118520615" />
  <Point X="108" Y="161" T="118520633" />
  <Point X="112" Y="154" T="118520651" />
  <Point X="113" Y="151" T="118520669" />
  <Point X="113" Y="149" T="118520685" />
</Gesture>