﻿<?xml version="1.0" encoding="utf-8" standalone="yes"?>
<Gesture Name="left_curly_brace03" Subject="5" Speed="fast" Number="3" NumPts="58" Millseconds="790" AppName="Gestures" AppVer="3.7.0.0" Date="Friday, March 09, 2007" TimeOfDay="9:49:38 PM">
  <Point X="164" Y="157" T="119492410" />
  <Point X="162" Y="157" T="119492422" />
  <Point X="159" Y="157" T="119492433" />
  <Point X="156" Y="158" T="119492445" />
  <Point X="153" Y="159" T="119492454" />
  <Point X="151" Y="160" T="119492462" />
  <Point X="147" Y="163" T="119492470" />
  <Point X="144" Y="165" T="119492478" />
  <Point X="142" Y="167" T="119492485" />
  <Point X="139" Y="170" T="119492491" />
  <Point X="136" Y="173" T="119492498" />
  <Point X="133" Y="176" T="119492507" />
  <Point X="132" Y="178" T="119492514" />
  <Point X="131" Y="181" T="119492523" />
  <Point X="130" Y="184" T="119492530" />
  <Point X="130" Y="186" T="119492538" />
  <Point X="130" Y="189" T="119492551" />
  <Point X="132" Y="191" T="119492562" />
  <Point X="135" Y="192" T="119492575" />
  <Point X="137" Y="193" T="119492584" />
  <Point X="139" Y="194" T="119492593" />
  <Point X="141" Y="194" T="119492602" />
  <Point X="143" Y="195" T="119492611" />
  <Point X="145" Y="198" T="119492623" />
  <Point X="146" Y="200" T="119492633" />
  <Point X="147" Y="202" T="119492647" />
  <Point X="147" Y="204" T="119492658" />
  <Point X="147" Y="207" T="119492670" />
  <Point X="147" Y="210" T="119492682" />
  <Point X="146" Y="213" T="119492700" />
  <Point X="145" Y="216" T="119492716" />
  <Point X="143" Y="218" T="119492728" />
  <Point X="141" Y="221" T="119492744" />
  <Point X="139" Y="222" T="119492757" />
  <Point X="136" Y="224" T="119492769" />
  <Point X="134" Y="225" T="119492781" />
  <Point X="132" Y="226" T="119492793" />
  <Point X="130" Y="229" T="119492805" />
  <Point X="128" Y="230" T="119492818" />
  <Point X="125" Y="233" T="119492831" />
  <Point X="123" Y="234" T="119492847" />
  <Point X="121" Y="236" T="119492871" />
  <Point X="121" Y="238" T="119492887" />
  <Point X="122" Y="240" T="119492940" />
  <Point X="124" Y="241" T="119492976" />
  <Point X="126" Y="241" T="119492992" />
  <Point X="128" Y="241" T="119493007" />
  <Point X="131" Y="242" T="119493021" />
  <Point X="135" Y="243" T="119493037" />
  <Point X="138" Y="244" T="119493052" />
  <Point X="141" Y="245" T="119493067" />
  <Point X="143" Y="245" T="119493082" />
  <Point X="145" Y="246" T="119493098" />
  <Point X="147" Y="248" T="119493114" />
  <Point X="149" Y="248" T="119493131" />
  <Point X="151" Y="249" T="119493147" />
  <Point X="153" Y="249" T="119493173" />
  <Point X="155" Y="247" T="119493200" />
</Gesture>