﻿<?xml version="1.0" encoding="utf-8" standalone="yes"?>
<Gesture Name="left_sq_bracket04" Subject="5" Speed="fast" Number="4" NumPts="61" Millseconds="822" AppName="Gestures" AppVer="3.7.0.0" Date="Friday, March 09, 2007" TimeOfDay="9:48:21 PM">
  <Point X="144" Y="171" T="119415006" />
  <Point X="143" Y="169" T="119415022" />
  <Point X="141" Y="171" T="119415042" />
  <Point X="139" Y="171" T="119415057" />
  <Point X="137" Y="172" T="119415069" />
  <Point X="134" Y="172" T="119415082" />
  <Point X="131" Y="172" T="119415095" />
  <Point X="129" Y="172" T="119415103" />
  <Point X="127" Y="172" T="119415111" />
  <Point X="125" Y="171" T="119415119" />
  <Point X="123" Y="172" T="119415127" />
  <Point X="121" Y="172" T="119415135" />
  <Point X="119" Y="172" T="119415143" />
  <Point X="117" Y="174" T="119415152" />
  <Point X="114" Y="174" T="119415164" />
  <Point X="112" Y="174" T="119415177" />
  <Point X="110" Y="176" T="119415194" />
  <Point X="108" Y="177" T="119415221" />
  <Point X="108" Y="180" T="119415234" />
  <Point X="108" Y="183" T="119415246" />
  <Point X="108" Y="185" T="119415258" />
  <Point X="108" Y="188" T="119415267" />
  <Point X="108" Y="190" T="119415276" />
  <Point X="108" Y="193" T="119415287" />
  <Point X="108" Y="195" T="119415298" />
  <Point X="108" Y="197" T="119415308" />
  <Point X="108" Y="200" T="119415323" />
  <Point X="108" Y="203" T="119415335" />
  <Point X="109" Y="205" T="119415347" />
  <Point X="111" Y="208" T="119415363" />
  <Point X="113" Y="209" T="119415379" />
  <Point X="115" Y="211" T="119415395" />
  <Point X="116" Y="213" T="119415407" />
  <Point X="117" Y="216" T="119415419" />
  <Point X="118" Y="218" T="119415431" />
  <Point X="119" Y="220" T="119415443" />
  <Point X="120" Y="223" T="119415455" />
  <Point X="120" Y="225" T="119415468" />
  <Point X="120" Y="230" T="119415481" />
  <Point X="120" Y="232" T="119415495" />
  <Point X="120" Y="234" T="119415508" />
  <Point X="120" Y="236" T="119415522" />
  <Point X="120" Y="239" T="119415535" />
  <Point X="120" Y="242" T="119415549" />
  <Point X="120" Y="244" T="119415564" />
  <Point X="120" Y="246" T="119415578" />
  <Point X="120" Y="248" T="119415592" />
  <Point X="121" Y="250" T="119415606" />
  <Point X="123" Y="251" T="119415627" />
  <Point X="126" Y="252" T="119415647" />
  <Point X="128" Y="251" T="119415662" />
  <Point X="131" Y="250" T="119415678" />
  <Point X="136" Y="248" T="119415693" />
  <Point X="142" Y="247" T="119415709" />
  <Point X="149" Y="246" T="119415726" />
  <Point X="156" Y="245" T="119415742" />
  <Point X="165" Y="245" T="119415760" />
  <Point X="172" Y="246" T="119415776" />
  <Point X="176" Y="246" T="119415794" />
  <Point X="181" Y="246" T="119415811" />
  <Point X="183" Y="246" T="119415828" />
</Gesture>