﻿<?xml version="1.0" encoding="utf-8" standalone="yes"?>
<Gesture Name="left_curly_brace02" Subject="5" Speed="fast" Number="2" NumPts="69" Millseconds="1130" AppName="Gestures" AppVer="3.7.0.0" Date="Friday, March 09, 2007" TimeOfDay="9:49:37 PM">
  <Point X="164" Y="155" T="119490897" />
  <Point X="162" Y="154" T="119490917" />
  <Point X="160" Y="154" T="119490929" />
  <Point X="157" Y="154" T="119490940" />
  <Point X="155" Y="155" T="119490949" />
  <Point X="152" Y="156" T="119490957" />
  <Point X="150" Y="156" T="119490965" />
  <Point X="147" Y="159" T="119490973" />
  <Point X="144" Y="161" T="119490981" />
  <Point X="142" Y="162" T="119490989" />
  <Point X="139" Y="164" T="119490997" />
  <Point X="137" Y="168" T="119491005" />
  <Point X="135" Y="171" T="119491013" />
  <Point X="134" Y="173" T="119491021" />
  <Point X="134" Y="176" T="119491030" />
  <Point X="133" Y="178" T="119491039" />
  <Point X="134" Y="180" T="119491059" />
  <Point X="137" Y="182" T="119491071" />
  <Point X="140" Y="183" T="119491083" />
  <Point X="142" Y="185" T="119491095" />
  <Point X="145" Y="186" T="119491107" />
  <Point X="146" Y="189" T="119491119" />
  <Point X="147" Y="191" T="119491131" />
  <Point X="147" Y="193" T="119491140" />
  <Point X="147" Y="196" T="119491150" />
  <Point X="147" Y="198" T="119491163" />
  <Point X="147" Y="200" T="119491173" />
  <Point X="145" Y="203" T="119491184" />
  <Point X="144" Y="205" T="119491195" />
  <Point X="141" Y="207" T="119491207" />
  <Point X="139" Y="208" T="119491219" />
  <Point X="137" Y="210" T="119491230" />
  <Point X="135" Y="211" T="119491242" />
  <Point X="133" Y="213" T="119491254" />
  <Point X="130" Y="213" T="119491266" />
  <Point X="127" Y="213" T="119491278" />
  <Point X="125" Y="214" T="119491290" />
  <Point X="123" Y="215" T="119491303" />
  <Point X="121" Y="216" T="119491316" />
  <Point X="119" Y="217" T="119491339" />
  <Point X="121" Y="218" T="119491460" />
  <Point X="123" Y="219" T="119491480" />
  <Point X="126" Y="218" T="119491497" />
  <Point X="128" Y="219" T="119491511" />
  <Point X="130" Y="219" T="119491525" />
  <Point X="134" Y="219" T="119491540" />
  <Point X="137" Y="220" T="119491554" />
  <Point X="139" Y="221" T="119491569" />
  <Point X="142" Y="222" T="119491584" />
  <Point X="144" Y="223" T="119491599" />
  <Point X="146" Y="225" T="119491625" />
  <Point X="147" Y="227" T="119491682" />
  <Point X="147" Y="230" T="119491706" />
  <Point X="147" Y="232" T="119491731" />
  <Point X="146" Y="234" T="119491748" />
  <Point X="145" Y="237" T="119491765" />
  <Point X="145" Y="239" T="119491782" />
  <Point X="145" Y="241" T="119491798" />
  <Point X="145" Y="244" T="119491825" />
  <Point X="147" Y="246" T="119491861" />
  <Point X="149" Y="246" T="119491880" />
  <Point X="152" Y="246" T="119491897" />
  <Point X="154" Y="247" T="119491915" />
  <Point X="156" Y="246" T="119491933" />
  <Point X="162" Y="245" T="119491952" />
  <Point X="166" Y="243" T="119491970" />
  <Point X="172" Y="241" T="119491989" />
  <Point X="174" Y="239" T="119492008" />
  <Point X="179" Y="238" T="119492027" />
</Gesture>