﻿<?xml version="1.0" encoding="utf-8" standalone="yes"?>
<Gesture Name="left_sq_bracket02" Subject="5" Speed="fast" Number="2" NumPts="57" Millseconds="741" AppName="Gestures" AppVer="3.7.0.0" Date="Friday, March 09, 2007" TimeOfDay="9:48:18 PM">
  <Point X="153" Y="170" T="119412664" />
  <Point X="151" Y="170" T="119412705" />
  <Point X="149" Y="169" T="119412716" />
  <Point X="146" Y="170" T="119412724" />
  <Point X="144" Y="170" T="119412733" />
  <Point X="142" Y="171" T="119412741" />
  <Point X="140" Y="171" T="119412749" />
  <Point X="137" Y="172" T="119412757" />
  <Point X="135" Y="173" T="119412765" />
  <Point X="133" Y="172" T="119412773" />
  <Point X="130" Y="171" T="119412781" />
  <Point X="128" Y="171" T="119412789" />
  <Point X="126" Y="172" T="119412797" />
  <Point X="124" Y="172" T="119412806" />
  <Point X="122" Y="171" T="119412813" />
  <Point X="120" Y="170" T="119412825" />
  <Point X="117" Y="170" T="119412837" />
  <Point X="115" Y="171" T="119412849" />
  <Point X="113" Y="171" T="119412866" />
  <Point X="111" Y="171" T="119412894" />
  <Point X="110" Y="173" T="119412934" />
  <Point X="110" Y="175" T="119412950" />
  <Point X="109" Y="178" T="119412967" />
  <Point X="109" Y="180" T="119412976" />
  <Point X="109" Y="182" T="119412987" />
  <Point X="108" Y="184" T="119412997" />
  <Point X="108" Y="187" T="119413007" />
  <Point X="108" Y="190" T="119413018" />
  <Point X="107" Y="197" T="119413029" />
  <Point X="106" Y="203" T="119413040" />
  <Point X="106" Y="206" T="119413050" />
  <Point X="106" Y="208" T="119413051" />
  <Point X="105" Y="211" T="119413063" />
  <Point X="105" Y="213" T="119413064" />
  <Point X="105" Y="217" T="119413076" />
  <Point X="105" Y="222" T="119413089" />
  <Point X="105" Y="224" T="119413101" />
  <Point X="105" Y="227" T="119413114" />
  <Point X="105" Y="230" T="119413128" />
  <Point X="107" Y="232" T="119413144" />
  <Point X="109" Y="233" T="119413168" />
  <Point X="110" Y="235" T="119413183" />
  <Point X="113" Y="236" T="119413203" />
  <Point X="115" Y="238" T="119413219" />
  <Point X="117" Y="240" T="119413233" />
  <Point X="120" Y="240" T="119413247" />
  <Point X="124" Y="240" T="119413262" />
  <Point X="129" Y="241" T="119413277" />
  <Point X="134" Y="241" T="119413292" />
  <Point X="137" Y="243" T="119413307" />
  <Point X="140" Y="243" T="119413308" />
  <Point X="146" Y="243" T="119413323" />
  <Point X="152" Y="246" T="119413339" />
  <Point X="158" Y="248" T="119413355" />
  <Point X="163" Y="247" T="119413372" />
  <Point X="168" Y="247" T="119413388" />
  <Point X="172" Y="246" T="119413405" />
</Gesture>