﻿<?xml version="1.0" encoding="utf-8" standalone="yes"?>
<Gesture Name="left_sq_bracket01" Subject="5" Speed="fast" Number="1" NumPts="62" Millseconds="922" AppName="Gestures" AppVer="3.7.0.0" Date="Friday, March 09, 2007" TimeOfDay="9:48:17 PM">
  <Point X="145" Y="161" T="119411150" />
  <Point X="143" Y="163" T="119411174" />
  <Point X="141" Y="164" T="119411186" />
  <Point X="138" Y="165" T="119411199" />
  <Point X="136" Y="164" T="119411211" />
  <Point X="133" Y="164" T="119411223" />
  <Point X="131" Y="165" T="119411235" />
  <Point X="128" Y="165" T="119411247" />
  <Point X="125" Y="165" T="119411259" />
  <Point X="123" Y="165" T="119411271" />
  <Point X="120" Y="166" T="119411283" />
  <Point X="118" Y="167" T="119411295" />
  <Point X="116" Y="168" T="119411307" />
  <Point X="113" Y="168" T="119411324" />
  <Point X="111" Y="170" T="119411345" />
  <Point X="109" Y="171" T="119411370" />
  <Point X="108" Y="173" T="119411398" />
  <Point X="108" Y="175" T="119411410" />
  <Point X="108" Y="178" T="119411427" />
  <Point X="108" Y="180" T="119411438" />
  <Point X="108" Y="182" T="119411447" />
  <Point X="108" Y="185" T="119411462" />
  <Point X="108" Y="187" T="119411474" />
  <Point X="108" Y="190" T="119411483" />
  <Point X="107" Y="192" T="119411493" />
  <Point X="107" Y="195" T="119411504" />
  <Point X="107" Y="198" T="119411514" />
  <Point X="106" Y="200" T="119411524" />
  <Point X="106" Y="203" T="119411535" />
  <Point X="106" Y="206" T="119411546" />
  <Point X="106" Y="209" T="119411557" />
  <Point X="106" Y="211" T="119411568" />
  <Point X="107" Y="213" T="119411587" />
  <Point X="107" Y="215" T="119411610" />
  <Point X="108" Y="217" T="119411631" />
  <Point X="109" Y="219" T="119411647" />
  <Point X="111" Y="221" T="119411680" />
  <Point X="114" Y="221" T="119411700" />
  <Point X="116" Y="223" T="119411716" />
  <Point X="118" Y="225" T="119411732" />
  <Point X="120" Y="226" T="119411748" />
  <Point X="122" Y="228" T="119411765" />
  <Point X="123" Y="231" T="119411778" />
  <Point X="125" Y="232" T="119411793" />
  <Point X="126" Y="234" T="119411809" />
  <Point X="128" Y="237" T="119411829" />
  <Point X="129" Y="239" T="119411845" />
  <Point X="131" Y="240" T="119411865" />
  <Point X="133" Y="243" T="119411881" />
  <Point X="135" Y="243" T="119411897" />
  <Point X="137" Y="244" T="119411912" />
  <Point X="140" Y="243" T="119411930" />
  <Point X="144" Y="243" T="119411948" />
  <Point X="147" Y="243" T="119411965" />
  <Point X="149" Y="244" T="119411981" />
  <Point X="151" Y="244" T="119411982" />
  <Point X="154" Y="244" T="119412000" />
  <Point X="156" Y="245" T="119412017" />
  <Point X="158" Y="244" T="119412018" />
  <Point X="160" Y="245" T="119412036" />
  <Point X="163" Y="246" T="119412054" />
  <Point X="165" Y="246" T="119412072" />
</Gesture>