﻿<?xml version="1.0" encoding="utf-8" standalone="yes"?>
<Gesture Name="left_sq_bracket09" Subject="5" Speed="fast" Number="9" NumPts="64" Millseconds="995" AppName="Gestures" AppVer="3.7.0.0" Date="Friday, March 09, 2007" TimeOfDay="9:48:28 PM">
  <Point X="146" Y="185" T="119421525" />
  <Point X="144" Y="186" T="119421545" />
  <Point X="141" Y="185" T="119421562" />
  <Point X="139" Y="184" T="119421574" />
  <Point X="137" Y="185" T="119421582" />
  <Point X="135" Y="186" T="119421590" />
  <Point X="133" Y="186" T="119421598" />
  <Point X="131" Y="186" T="119421606" />
  <Point X="128" Y="186" T="119421618" />
  <Point X="125" Y="187" T="119421630" />
  <Point X="123" Y="187" T="119421642" />
  <Point X="121" Y="187" T="119421658" />
  <Point X="119" Y="188" T="119421670" />
  <Point X="117" Y="189" T="119421691" />
  <Point X="115" Y="190" T="119421712" />
  <Point X="113" Y="192" T="119421745" />
  <Point X="112" Y="194" T="119421777" />
  <Point X="112" Y="197" T="119421788" />
  <Point X="112" Y="199" T="119421801" />
  <Point X="112" Y="202" T="119421817" />
  <Point X="112" Y="205" T="119421826" />
  <Point X="112" Y="207" T="119421835" />
  <Point X="112" Y="210" T="119421845" />
  <Point X="112" Y="212" T="119421857" />
  <Point X="112" Y="215" T="119421868" />
  <Point X="112" Y="217" T="119421879" />
  <Point X="112" Y="219" T="119421891" />
  <Point X="112" Y="221" T="119421903" />
  <Point X="113" Y="223" T="119421915" />
  <Point X="115" Y="225" T="119421936" />
  <Point X="117" Y="226" T="119421952" />
  <Point X="119" Y="227" T="119421968" />
  <Point X="120" Y="229" T="119421980" />
  <Point X="122" Y="230" T="119421997" />
  <Point X="123" Y="232" T="119422011" />
  <Point X="126" Y="234" T="119422033" />
  <Point X="126" Y="236" T="119422045" />
  <Point X="127" Y="238" T="119422069" />
  <Point X="127" Y="240" T="119422082" />
  <Point X="126" Y="243" T="119422105" />
  <Point X="125" Y="245" T="119422125" />
  <Point X="124" Y="248" T="119422142" />
  <Point X="123" Y="250" T="119422166" />
  <Point X="122" Y="252" T="119422186" />
  <Point X="121" Y="254" T="119422202" />
  <Point X="120" Y="256" T="119422227" />
  <Point X="120" Y="259" T="119422251" />
  <Point X="121" Y="261" T="119422271" />
  <Point X="123" Y="262" T="119422299" />
  <Point X="125" Y="261" T="119422315" />
  <Point X="127" Y="261" T="119422330" />
  <Point X="130" Y="260" T="119422346" />
  <Point X="135" Y="258" T="119422363" />
  <Point X="140" Y="258" T="119422379" />
  <Point X="145" Y="257" T="119422396" />
  <Point X="151" Y="257" T="119422412" />
  <Point X="157" Y="256" T="119422429" />
  <Point X="163" Y="257" T="119422445" />
  <Point X="169" Y="256" T="119422462" />
  <Point X="171" Y="255" T="119422463" />
  <Point X="176" Y="255" T="119422481" />
  <Point X="181" Y="256" T="119422498" />
  <Point X="183" Y="256" T="119422519" />
  <Point X="185" Y="255" T="119422520" />
</Gesture>