﻿<?xml version="1.0" encoding="utf-8" standalone="yes"?>
<Gesture Name="left_curly_brace06" Subject="5" Speed="fast" Number="6" NumPts="72" Millseconds="1151" AppName="Gestures" AppVer="3.7.0.0" Date="Friday, March 09, 2007" TimeOfDay="9:49:43 PM">
  <Point X="171" Y="152" T="119497126" />
  <Point X="169" Y="153" T="119497146" />
  <Point X="166" Y="153" T="119497159" />
  <Point X="164" Y="154" T="119497167" />
  <Point X="162" Y="155" T="119497175" />
  <Point X="159" Y="156" T="119497183" />
  <Point X="156" Y="158" T="119497191" />
  <Point X="152" Y="162" T="119497199" />
  <Point X="149" Y="164" T="119497207" />
  <Point X="146" Y="166" T="119497215" />
  <Point X="143" Y="169" T="119497223" />
  <Point X="141" Y="172" T="119497231" />
  <Point X="140" Y="174" T="119497239" />
  <Point X="139" Y="176" T="119497248" />
  <Point X="139" Y="178" T="119497263" />
  <Point X="142" Y="181" T="119497280" />
  <Point X="144" Y="183" T="119497293" />
  <Point X="146" Y="184" T="119497301" />
  <Point X="149" Y="185" T="119497310" />
  <Point X="151" Y="187" T="119497322" />
  <Point X="153" Y="189" T="119497334" />
  <Point X="155" Y="191" T="119497350" />
  <Point X="155" Y="194" T="119497366" />
  <Point X="156" Y="196" T="119497375" />
  <Point X="156" Y="198" T="119497387" />
  <Point X="155" Y="200" T="119497398" />
  <Point X="155" Y="202" T="119497410" />
  <Point X="154" Y="205" T="119497426" />
  <Point X="153" Y="208" T="119497442" />
  <Point X="150" Y="209" T="119497458" />
  <Point X="149" Y="211" T="119497469" />
  <Point X="147" Y="213" T="119497481" />
  <Point X="142" Y="215" T="119497492" />
  <Point X="140" Y="215" T="119497504" />
  <Point X="136" Y="216" T="119497516" />
  <Point X="134" Y="217" T="119497528" />
  <Point X="131" Y="217" T="119497541" />
  <Point X="128" Y="217" T="119497554" />
  <Point X="126" Y="218" T="119497566" />
  <Point X="124" Y="217" T="119497582" />
  <Point X="122" Y="217" T="119497614" />
  <Point X="121" Y="220" T="119497650" />
  <Point X="123" Y="219" T="119497766" />
  <Point X="125" Y="219" T="119497791" />
  <Point X="127" Y="219" T="119497807" />
  <Point X="129" Y="218" T="119497821" />
  <Point X="132" Y="218" T="119497836" />
  <Point X="136" Y="217" T="119497851" />
  <Point X="141" Y="217" T="119497866" />
  <Point X="145" Y="217" T="119497882" />
  <Point X="149" Y="218" T="119497898" />
  <Point X="151" Y="217" T="119497913" />
  <Point X="153" Y="217" T="119497929" />
  <Point X="155" Y="219" T="119497945" />
  <Point X="155" Y="222" T="119497967" />
  <Point X="154" Y="224" T="119497983" />
  <Point X="152" Y="226" T="119498000" />
  <Point X="149" Y="230" T="119498017" />
  <Point X="147" Y="234" T="119498034" />
  <Point X="147" Y="237" T="119498050" />
  <Point X="146" Y="239" T="119498068" />
  <Point X="146" Y="241" T="119498085" />
  <Point X="147" Y="243" T="119498103" />
  <Point X="149" Y="245" T="119498121" />
  <Point X="151" Y="245" T="119498139" />
  <Point X="154" Y="246" T="119498158" />
  <Point X="160" Y="248" T="119498179" />
  <Point X="163" Y="248" T="119498198" />
  <Point X="168" Y="248" T="119498217" />
  <Point X="170" Y="248" T="119498236" />
  <Point X="174" Y="248" T="119498256" />
  <Point X="176" Y="247" T="119498277" />
</Gesture>