﻿<?xml version="1.0" encoding="utf-8" standalone="yes"?>
<Gesture Name="left_sq_bracket08" Subject="5" Speed="fast" Number="8" NumPts="65" Millseconds="955" AppName="Gestures" AppVer="3.7.0.0" Date="Friday, March 09, 2007" TimeOfDay="9:48:26 PM">
  <Point X="145" Y="182" T="119420073" />
  <Point X="143" Y="182" T="119420105" />
  <Point X="141" Y="183" T="119420120" />
  <Point X="138" Y="182" T="119420136" />
  <Point X="136" Y="182" T="119420149" />
  <Point X="134" Y="183" T="119420157" />
  <Point X="131" Y="182" T="119420169" />
  <Point X="129" Y="183" T="119420177" />
  <Point X="127" Y="183" T="119420185" />
  <Point X="124" Y="183" T="119420197" />
  <Point X="122" Y="184" T="119420205" />
  <Point X="120" Y="184" T="119420213" />
  <Point X="118" Y="184" T="119420221" />
  <Point X="115" Y="185" T="119420230" />
  <Point X="113" Y="184" T="119420237" />
  <Point X="111" Y="185" T="119420249" />
  <Point X="109" Y="186" T="119420262" />
  <Point X="107" Y="187" T="119420282" />
  <Point X="106" Y="189" T="119420306" />
  <Point X="106" Y="191" T="119420326" />
  <Point X="106" Y="193" T="119420339" />
  <Point X="106" Y="196" T="119420351" />
  <Point X="106" Y="198" T="119420360" />
  <Point X="106" Y="200" T="119420370" />
  <Point X="106" Y="203" T="119420380" />
  <Point X="106" Y="205" T="119420390" />
  <Point X="106" Y="209" T="119420400" />
  <Point X="106" Y="211" T="119420410" />
  <Point X="105" Y="215" T="119420411" />
  <Point X="105" Y="218" T="119420422" />
  <Point X="104" Y="220" T="119420434" />
  <Point X="103" Y="224" T="119420445" />
  <Point X="103" Y="229" T="119420456" />
  <Point X="103" Y="231" T="119420468" />
  <Point X="103" Y="233" T="119420480" />
  <Point X="104" Y="236" T="119420492" />
  <Point X="106" Y="236" T="119420507" />
  <Point X="108" Y="238" T="119420536" />
  <Point X="110" Y="238" T="119420571" />
  <Point X="112" Y="239" T="119420594" />
  <Point X="114" Y="240" T="119420610" />
  <Point X="117" Y="240" T="119420623" />
  <Point X="119" Y="242" T="119420638" />
  <Point X="121" Y="242" T="119420652" />
  <Point X="123" Y="243" T="119420666" />
  <Point X="125" Y="245" T="119420680" />
  <Point X="127" Y="245" T="119420695" />
  <Point X="130" Y="246" T="119420709" />
  <Point X="132" Y="246" T="119420725" />
  <Point X="134" Y="246" T="119420743" />
  <Point X="136" Y="249" T="119420761" />
  <Point X="137" Y="251" T="119420777" />
  <Point X="139" Y="252" T="119420806" />
  <Point X="141" Y="253" T="119420838" />
  <Point X="143" Y="252" T="119420854" />
  <Point X="145" Y="251" T="119420870" />
  <Point X="147" Y="250" T="119420887" />
  <Point X="152" Y="248" T="119420904" />
  <Point X="157" Y="245" T="119420921" />
  <Point X="165" Y="242" T="119420938" />
  <Point X="171" Y="240" T="119420956" />
  <Point X="175" Y="239" T="119420973" />
  <Point X="180" Y="239" T="119420991" />
  <Point X="184" Y="239" T="119421009" />
  <Point X="186" Y="239" T="119421028" />
</Gesture>