﻿<?xml version="1.0" encoding="utf-8" standalone="yes"?>
<Gesture Name="left_curly_brace10" Subject="5" Speed="fast" Number="10" NumPts="74" Millseconds="1102" AppName="Gestures" AppVer="3.7.0.0" Date="Friday, March 09, 2007" TimeOfDay="9:49:53 PM">
  <Point X="166" Y="160" T="119506845" />
  <Point X="168" Y="158" T="119506882" />
  <Point X="166" Y="157" T="119506906" />
  <Point X="164" Y="157" T="119506915" />
  <Point X="161" Y="159" T="119506922" />
  <Point X="158" Y="160" T="119506930" />
  <Point X="155" Y="162" T="119506938" />
  <Point X="153" Y="163" T="119506944" />
  <Point X="149" Y="166" T="119506951" />
  <Point X="145" Y="168" T="119506959" />
  <Point X="142" Y="171" T="119506967" />
  <Point X="141" Y="173" T="119506974" />
  <Point X="139" Y="176" T="119506982" />
  <Point X="137" Y="180" T="119506990" />
  <Point X="136" Y="182" T="119506999" />
  <Point X="135" Y="185" T="119507007" />
  <Point X="136" Y="187" T="119507016" />
  <Point X="137" Y="190" T="119507024" />
  <Point X="139" Y="193" T="119507034" />
  <Point X="141" Y="195" T="119507043" />
  <Point X="143" Y="197" T="119507054" />
  <Point X="145" Y="200" T="119507067" />
  <Point X="148" Y="202" T="119507078" />
  <Point X="150" Y="205" T="119507091" />
  <Point X="151" Y="207" T="119507103" />
  <Point X="152" Y="210" T="119507113" />
  <Point X="152" Y="212" T="119507123" />
  <Point X="153" Y="215" T="119507135" />
  <Point X="153" Y="217" T="119507146" />
  <Point X="153" Y="219" T="119507157" />
  <Point X="152" Y="222" T="119507168" />
  <Point X="149" Y="224" T="119507180" />
  <Point X="146" Y="226" T="119507191" />
  <Point X="144" Y="228" T="119507203" />
  <Point X="139" Y="230" T="119507215" />
  <Point X="136" Y="230" T="119507227" />
  <Point X="129" Y="232" T="119507240" />
  <Point X="126" Y="232" T="119507252" />
  <Point X="121" Y="232" T="119507265" />
  <Point X="119" Y="232" T="119507278" />
  <Point X="117" Y="232" T="119507292" />
  <Point X="115" Y="231" T="119507305" />
  <Point X="112" Y="231" T="119507318" />
  <Point X="110" Y="232" T="119507340" />
  <Point X="109" Y="234" T="119507409" />
  <Point X="112" Y="235" T="119507446" />
  <Point X="114" Y="234" T="119507470" />
  <Point X="116" Y="233" T="119507490" />
  <Point X="118" Y="233" T="119507505" />
  <Point X="120" Y="233" T="119507522" />
  <Point X="122" Y="233" T="119507537" />
  <Point X="126" Y="232" T="119507553" />
  <Point X="131" Y="231" T="119507570" />
  <Point X="137" Y="232" T="119507586" />
  <Point X="143" Y="233" T="119507602" />
  <Point X="147" Y="233" T="119507619" />
  <Point X="149" Y="235" T="119507646" />
  <Point X="149" Y="238" T="119507663" />
  <Point X="148" Y="240" T="119507679" />
  <Point X="146" Y="242" T="119507696" />
  <Point X="145" Y="244" T="119507714" />
  <Point X="143" Y="246" T="119507731" />
  <Point X="142" Y="249" T="119507749" />
  <Point X="142" Y="251" T="119507767" />
  <Point X="142" Y="253" T="119507785" />
  <Point X="143" Y="255" T="119507803" />
  <Point X="147" Y="257" T="119507822" />
  <Point X="152" Y="257" T="119507841" />
  <Point X="160" Y="258" T="119507864" />
  <Point X="166" Y="257" T="119507884" />
  <Point X="174" Y="255" T="119507904" />
  <Point X="179" Y="254" T="119507925" />
  <Point X="181" Y="253" T="119507926" />
  <Point X="185" Y="252" T="119507947" />
</Gesture>