﻿<?xml version="1.0" encoding="utf-8" standalone="yes"?>
<Gesture Name="left_curly_brace08" Subject="5" Speed="fast" Number="8" NumPts="58" Millseconds="765" AppName="Gestures" AppVer="3.7.0.0" Date="Friday, March 09, 2007" TimeOfDay="9:49:46 PM">
  <Point X="172" Y="165" T="119500325" />
  <Point X="169" Y="165" T="119500345" />
  <Point X="167" Y="165" T="119500357" />
  <Point X="165" Y="166" T="119500365" />
  <Point X="163" Y="166" T="119500374" />
  <Point X="160" Y="166" T="119500382" />
  <Point X="157" Y="167" T="119500390" />
  <Point X="154" Y="169" T="119500398" />
  <Point X="151" Y="170" T="119500406" />
  <Point X="149" Y="173" T="119500414" />
  <Point X="146" Y="175" T="119500422" />
  <Point X="145" Y="178" T="119500430" />
  <Point X="143" Y="181" T="119500438" />
  <Point X="143" Y="183" T="119500445" />
  <Point X="142" Y="185" T="119500447" />
  <Point X="141" Y="187" T="119500454" />
  <Point X="141" Y="190" T="119500463" />
  <Point X="141" Y="193" T="119500474" />
  <Point X="142" Y="195" T="119500483" />
  <Point X="144" Y="197" T="119500499" />
  <Point X="146" Y="199" T="119500511" />
  <Point X="148" Y="200" T="119500520" />
  <Point X="150" Y="201" T="119500530" />
  <Point X="153" Y="203" T="119500539" />
  <Point X="155" Y="204" T="119500551" />
  <Point X="158" Y="207" T="119500568" />
  <Point X="159" Y="209" T="119500584" />
  <Point X="159" Y="212" T="119500594" />
  <Point X="159" Y="214" T="119500605" />
  <Point X="158" Y="216" T="119500617" />
  <Point X="157" Y="218" T="119500633" />
  <Point X="156" Y="221" T="119500645" />
  <Point X="153" Y="223" T="119500661" />
  <Point X="151" Y="225" T="119500672" />
  <Point X="149" Y="226" T="119500684" />
  <Point X="147" Y="227" T="119500696" />
  <Point X="145" Y="229" T="119500698" />
  <Point X="143" Y="230" T="119500710" />
  <Point X="140" Y="230" T="119500723" />
  <Point X="138" Y="231" T="119500736" />
  <Point X="133" Y="232" T="119500749" />
  <Point X="131" Y="233" T="119500765" />
  <Point X="129" Y="235" T="119500789" />
  <Point X="128" Y="237" T="119500821" />
  <Point X="130" Y="239" T="119500854" />
  <Point X="133" Y="239" T="119500870" />
  <Point X="135" Y="239" T="119500884" />
  <Point X="138" Y="239" T="119500899" />
  <Point X="142" Y="239" T="119500914" />
  <Point X="147" Y="241" T="119500929" />
  <Point X="149" Y="241" T="119500944" />
  <Point X="155" Y="242" T="119500960" />
  <Point X="157" Y="243" T="119500976" />
  <Point X="159" Y="245" T="119500992" />
  <Point X="161" Y="247" T="119501008" />
  <Point X="163" Y="248" T="119501034" />
  <Point X="165" Y="249" T="119501062" />
  <Point X="167" Y="249" T="119501090" />
</Gesture>