﻿<?xml version="1.0" encoding="utf-8" standalone="yes"?>
<Gesture Name="left_sq_bracket10" Subject="5" Speed="fast" Number="10" NumPts="57" Millseconds="783" AppName="Gestures" AppVer="3.7.0.0" Date="Friday, March 09, 2007" TimeOfDay="9:48:29 PM">
  <Point X="141" Y="187" T="119422971" />
  <Point X="139" Y="187" T="119422983" />
  <Point X="136" Y="186" T="119422995" />
  <Point X="134" Y="187" T="119423007" />
  <Point X="132" Y="187" T="119423019" />
  <Point X="129" Y="187" T="119423031" />
  <Point X="126" Y="189" T="119423043" />
  <Point X="124" Y="190" T="119423055" />
  <Point X="122" Y="192" T="119423067" />
  <Point X="120" Y="194" T="119423079" />
  <Point X="119" Y="196" T="119423087" />
  <Point X="118" Y="198" T="119423099" />
  <Point X="118" Y="201" T="119423111" />
  <Point X="119" Y="204" T="119423123" />
  <Point X="119" Y="206" T="119423132" />
  <Point X="119" Y="210" T="119423144" />
  <Point X="120" Y="212" T="119423152" />
  <Point X="120" Y="214" T="119423161" />
  <Point X="120" Y="216" T="119423170" />
  <Point X="121" Y="218" T="119423178" />
  <Point X="122" Y="221" T="119423187" />
  <Point X="123" Y="223" T="119423197" />
  <Point X="124" Y="225" T="119423208" />
  <Point X="127" Y="227" T="119423227" />
  <Point X="128" Y="229" T="119423239" />
  <Point X="129" Y="231" T="119423251" />
  <Point X="130" Y="233" T="119423267" />
  <Point X="131" Y="236" T="119423279" />
  <Point X="132" Y="239" T="119423294" />
  <Point X="132" Y="241" T="119423306" />
  <Point X="132" Y="243" T="119423318" />
  <Point X="132" Y="245" T="119423331" />
  <Point X="133" Y="248" T="119423355" />
  <Point X="133" Y="250" T="119423367" />
  <Point X="133" Y="252" T="119423379" />
  <Point X="133" Y="254" T="119423392" />
  <Point X="133" Y="256" T="119423404" />
  <Point X="133" Y="259" T="119423428" />
  <Point X="132" Y="262" T="119423443" />
  <Point X="132" Y="264" T="119423468" />
  <Point X="134" Y="265" T="119423531" />
  <Point X="137" Y="265" T="119423552" />
  <Point X="139" Y="266" T="119423568" />
  <Point X="141" Y="265" T="119423582" />
  <Point X="144" Y="264" T="119423596" />
  <Point X="148" Y="262" T="119423610" />
  <Point X="154" Y="261" T="119423625" />
  <Point X="156" Y="260" T="119423639" />
  <Point X="159" Y="259" T="119423640" />
  <Point X="162" Y="259" T="119423656" />
  <Point X="165" Y="259" T="119423657" />
  <Point X="170" Y="258" T="119423673" />
  <Point X="175" Y="258" T="119423689" />
  <Point X="177" Y="258" T="119423705" />
  <Point X="182" Y="257" T="119423721" />
  <Point X="184" Y="257" T="119423737" />
  <Point X="186" Y="258" T="119423754" />
</Gesture>