﻿<?xml version="1.0" encoding="utf-8" standalone="yes"?>
<Gesture Name="left_curly_brace04" Subject="5" Speed="fast" Number="4" NumPts="68" Millseconds="1135" AppName="Gestures" AppVer="3.7.0.0" Date="Friday, March 09, 2007" TimeOfDay="9:49:40 PM">
  <Point X="161" Y="150" T="119494003" />
  <Point X="159" Y="151" T="119494023" />
  <Point X="156" Y="152" T="119494035" />
  <Point X="154" Y="152" T="119494044" />
  <Point X="152" Y="152" T="119494051" />
  <Point X="150" Y="153" T="119494060" />
  <Point X="147" Y="156" T="119494068" />
  <Point X="145" Y="157" T="119494076" />
  <Point X="142" Y="161" T="119494088" />
  <Point X="140" Y="163" T="119494096" />
  <Point X="139" Y="165" T="119494104" />
  <Point X="137" Y="168" T="119494116" />
  <Point X="136" Y="170" T="119494124" />
  <Point X="135" Y="173" T="119494137" />
  <Point X="135" Y="175" T="119494145" />
  <Point X="136" Y="177" T="119494158" />
  <Point X="136" Y="179" T="119494166" />
  <Point X="138" Y="182" T="119494181" />
  <Point X="140" Y="184" T="119494196" />
  <Point X="143" Y="186" T="119494210" />
  <Point X="145" Y="187" T="119494224" />
  <Point X="147" Y="189" T="119494238" />
  <Point X="149" Y="191" T="119494258" />
  <Point X="149" Y="194" T="119494274" />
  <Point X="148" Y="197" T="119494290" />
  <Point X="146" Y="199" T="119494302" />
  <Point X="144" Y="201" T="119494318" />
  <Point X="142" Y="202" T="119494330" />
  <Point X="139" Y="204" T="119494346" />
  <Point X="137" Y="204" T="119494358" />
  <Point X="134" Y="206" T="119494370" />
  <Point X="132" Y="208" T="119494383" />
  <Point X="130" Y="207" T="119494395" />
  <Point X="128" Y="209" T="119494407" />
  <Point X="126" Y="209" T="119494423" />
  <Point X="123" Y="209" T="119494448" />
  <Point X="122" Y="211" T="119494582" />
  <Point X="122" Y="209" T="119494647" />
  <Point X="124" Y="209" T="119494674" />
  <Point X="126" Y="207" T="119494690" />
  <Point X="128" Y="206" T="119494704" />
  <Point X="133" Y="204" T="119494718" />
  <Point X="136" Y="203" T="119494733" />
  <Point X="141" Y="203" T="119494747" />
  <Point X="145" Y="203" T="119494761" />
  <Point X="148" Y="204" T="119494776" />
  <Point X="149" Y="206" T="119494795" />
  <Point X="149" Y="208" T="119494810" />
  <Point X="148" Y="211" T="119494824" />
  <Point X="145" Y="214" T="119494839" />
  <Point X="144" Y="217" T="119494855" />
  <Point X="142" Y="219" T="119494870" />
  <Point X="140" Y="221" T="119494871" />
  <Point X="139" Y="224" T="119494887" />
  <Point X="138" Y="227" T="119494904" />
  <Point X="138" Y="229" T="119494920" />
  <Point X="139" Y="232" T="119494937" />
  <Point X="141" Y="234" T="119494953" />
  <Point X="143" Y="236" T="119494970" />
  <Point X="145" Y="237" T="119494987" />
  <Point X="150" Y="239" T="119495007" />
  <Point X="153" Y="239" T="119495025" />
  <Point X="158" Y="241" T="119495043" />
  <Point X="163" Y="242" T="119495061" />
  <Point X="166" Y="242" T="119495079" />
  <Point X="168" Y="243" T="119495098" />
  <Point X="172" Y="244" T="119495118" />
  <Point X="173" Y="242" T="119495138" />
</Gesture>