﻿<?xml version="1.0" encoding="utf-8" standalone="yes"?>
<Gesture Name="left_sq_bracket07" Subject="5" Speed="fast" Number="7" NumPts="61" Millseconds="902" AppName="Gestures" AppVer="3.7.0.0" Date="Friday, March 09, 2007" TimeOfDay="9:48:25 PM">
  <Point X="143" Y="179" T="119418707" />
  <Point X="141" Y="180" T="119418743" />
  <Point X="138" Y="181" T="119418760" />
  <Point X="136" Y="182" T="119418772" />
  <Point X="134" Y="181" T="119418780" />
  <Point X="132" Y="181" T="119418788" />
  <Point X="129" Y="182" T="119418796" />
  <Point X="127" Y="182" T="119418804" />
  <Point X="125" Y="183" T="119418812" />
  <Point X="123" Y="183" T="119418820" />
  <Point X="121" Y="183" T="119418828" />
  <Point X="119" Y="183" T="119418836" />
  <Point X="116" Y="182" T="119418848" />
  <Point X="114" Y="183" T="119418857" />
  <Point X="112" Y="184" T="119418869" />
  <Point X="109" Y="183" T="119418882" />
  <Point X="107" Y="184" T="119418897" />
  <Point X="105" Y="184" T="119418918" />
  <Point X="103" Y="185" T="119418974" />
  <Point X="103" Y="187" T="119419018" />
  <Point X="103" Y="189" T="119419035" />
  <Point X="103" Y="191" T="119419060" />
  <Point X="104" Y="194" T="119419075" />
  <Point X="104" Y="197" T="119419084" />
  <Point X="104" Y="199" T="119419094" />
  <Point X="104" Y="202" T="119419104" />
  <Point X="104" Y="204" T="119419114" />
  <Point X="105" Y="207" T="119419125" />
  <Point X="105" Y="209" T="119419136" />
  <Point X="105" Y="212" T="119419146" />
  <Point X="106" Y="215" T="119419158" />
  <Point X="107" Y="218" T="119419169" />
  <Point X="107" Y="220" T="119419181" />
  <Point X="108" Y="223" T="119419195" />
  <Point X="110" Y="224" T="119419213" />
  <Point X="112" Y="226" T="119419229" />
  <Point X="114" Y="228" T="119419248" />
  <Point X="116" Y="230" T="119419260" />
  <Point X="118" Y="231" T="119419273" />
  <Point X="120" Y="231" T="119419286" />
  <Point X="122" Y="233" T="119419299" />
  <Point X="124" Y="233" T="119419312" />
  <Point X="129" Y="234" T="119419326" />
  <Point X="131" Y="235" T="119419340" />
  <Point X="134" Y="237" T="119419354" />
  <Point X="136" Y="236" T="119419368" />
  <Point X="139" Y="239" T="119419383" />
  <Point X="143" Y="242" T="119419397" />
  <Point X="145" Y="243" T="119419412" />
  <Point X="148" Y="242" T="119419427" />
  <Point X="150" Y="243" T="119419442" />
  <Point X="152" Y="244" T="119419458" />
  <Point X="155" Y="243" T="119419473" />
  <Point X="157" Y="243" T="119419489" />
  <Point X="161" Y="245" T="119419506" />
  <Point X="164" Y="246" T="119419522" />
  <Point X="166" Y="246" T="119419539" />
  <Point X="171" Y="244" T="119419556" />
  <Point X="175" Y="242" T="119419573" />
  <Point X="178" Y="240" T="119419591" />
  <Point X="182" Y="239" T="119419609" />
</Gesture>