﻿<?xml version="1.0" encoding="utf-8" standalone="yes"?>
<Gesture Name="left_sq_bracket06" Subject="5" Speed="fast" Number="6" NumPts="56" Millseconds="773" AppName="Gestures" AppVer="3.7.0.0" Date="Friday, March 09, 2007" TimeOfDay="9:48:23 PM">
  <Point X="140" Y="177" T="119417478" />
  <Point X="138" Y="177" T="119417494" />
  <Point X="136" Y="178" T="119417506" />
  <Point X="133" Y="177" T="119417518" />
  <Point X="131" Y="178" T="119417530" />
  <Point X="128" Y="177" T="119417542" />
  <Point X="126" Y="178" T="119417554" />
  <Point X="123" Y="178" T="119417566" />
  <Point X="121" Y="179" T="119417578" />
  <Point X="119" Y="179" T="119417590" />
  <Point X="117" Y="181" T="119417610" />
  <Point X="115" Y="183" T="119417639" />
  <Point X="114" Y="185" T="119417663" />
  <Point X="113" Y="188" T="119417680" />
  <Point X="113" Y="191" T="119417689" />
  <Point X="112" Y="193" T="119417699" />
  <Point X="112" Y="195" T="119417708" />
  <Point X="112" Y="198" T="119417721" />
  <Point X="112" Y="200" T="119417730" />
  <Point X="112" Y="202" T="119417741" />
  <Point X="113" Y="204" T="119417753" />
  <Point X="114" Y="207" T="119417765" />
  <Point X="115" Y="209" T="119417777" />
  <Point X="116" Y="212" T="119417790" />
  <Point X="117" Y="215" T="119417801" />
  <Point X="118" Y="217" T="119417811" />
  <Point X="119" Y="220" T="119417821" />
  <Point X="120" Y="222" T="119417833" />
  <Point X="121" Y="224" T="119417845" />
  <Point X="122" Y="226" T="119417857" />
  <Point X="123" Y="228" T="119417877" />
  <Point X="123" Y="230" T="119417888" />
  <Point X="125" Y="232" T="119417905" />
  <Point X="125" Y="234" T="119417921" />
  <Point X="126" Y="236" T="119417934" />
  <Point X="126" Y="239" T="119417949" />
  <Point X="127" Y="242" T="119417969" />
  <Point X="127" Y="244" T="119417982" />
  <Point X="129" Y="247" T="119418006" />
  <Point X="131" Y="248" T="119418030" />
  <Point X="133" Y="249" T="119418050" />
  <Point X="135" Y="249" T="119418066" />
  <Point X="138" Y="250" T="119418082" />
  <Point X="140" Y="249" T="119418096" />
  <Point X="142" Y="249" T="119418110" />
  <Point X="147" Y="248" T="119418124" />
  <Point X="152" Y="248" T="119418139" />
  <Point X="155" Y="248" T="119418153" />
  <Point X="158" Y="247" T="119418154" />
  <Point X="160" Y="248" T="119418169" />
  <Point X="162" Y="248" T="119418171" />
  <Point X="167" Y="247" T="119418187" />
  <Point X="169" Y="247" T="119418202" />
  <Point X="174" Y="248" T="119418219" />
  <Point X="177" Y="249" T="119418235" />
  <Point X="179" Y="248" T="119418251" />
</Gesture>