﻿<?xml version="1.0" encoding="utf-8" standalone="yes"?>
<Gesture Name="left_curly_brace05" Subject="5" Speed="fast" Number="5" NumPts="72" Millseconds="1163" AppName="Gestures" AppVer="3.7.0.0" Date="Friday, March 09, 2007" TimeOfDay="9:49:42 PM">
  <Point X="167" Y="152" T="119495548" />
  <Point X="165" Y="152" T="119495568" />
  <Point X="163" Y="153" T="119495581" />
  <Point X="161" Y="153" T="119495589" />
  <Point X="159" Y="154" T="119495597" />
  <Point X="156" Y="156" T="119495605" />
  <Point X="153" Y="158" T="119495613" />
  <Point X="151" Y="160" T="119495621" />
  <Point X="148" Y="163" T="119495629" />
  <Point X="145" Y="166" T="119495637" />
  <Point X="143" Y="168" T="119495645" />
  <Point X="141" Y="171" T="119495653" />
  <Point X="139" Y="174" T="119495665" />
  <Point X="139" Y="176" T="119495673" />
  <Point X="139" Y="179" T="119495685" />
  <Point X="139" Y="181" T="119495697" />
  <Point X="141" Y="183" T="119495710" />
  <Point X="144" Y="184" T="119495722" />
  <Point X="146" Y="186" T="119495731" />
  <Point X="148" Y="187" T="119495739" />
  <Point X="150" Y="187" T="119495748" />
  <Point X="152" Y="187" T="119495757" />
  <Point X="154" Y="189" T="119495767" />
  <Point X="156" Y="191" T="119495782" />
  <Point X="157" Y="193" T="119495798" />
  <Point X="157" Y="196" T="119495811" />
  <Point X="157" Y="198" T="119495821" />
  <Point X="156" Y="200" T="119495832" />
  <Point X="154" Y="202" T="119495843" />
  <Point X="153" Y="205" T="119495854" />
  <Point X="151" Y="205" T="119495865" />
  <Point X="149" Y="208" T="119495876" />
  <Point X="146" Y="210" T="119495888" />
  <Point X="142" Y="212" T="119495900" />
  <Point X="140" Y="214" T="119495912" />
  <Point X="135" Y="217" T="119495924" />
  <Point X="132" Y="216" T="119495936" />
  <Point X="128" Y="220" T="119495949" />
  <Point X="126" Y="220" T="119495962" />
  <Point X="123" Y="219" T="119495974" />
  <Point X="121" Y="221" T="119495988" />
  <Point X="124" Y="221" T="119496201" />
  <Point X="125" Y="218" T="119496214" />
  <Point X="128" Y="216" T="119496229" />
  <Point X="130" Y="215" T="119496243" />
  <Point X="135" Y="212" T="119496258" />
  <Point X="137" Y="212" T="119496272" />
  <Point X="139" Y="212" T="119496273" />
  <Point X="142" Y="211" T="119496288" />
  <Point X="144" Y="211" T="119496289" />
  <Point X="148" Y="211" T="119496305" />
  <Point X="151" Y="212" T="119496321" />
  <Point X="152" Y="214" T="119496338" />
  <Point X="152" Y="217" T="119496371" />
  <Point X="149" Y="219" T="119496392" />
  <Point X="148" Y="222" T="119496408" />
  <Point X="147" Y="224" T="119496425" />
  <Point X="145" Y="226" T="119496441" />
  <Point X="145" Y="231" T="119496459" />
  <Point X="145" Y="233" T="119496476" />
  <Point X="144" Y="236" T="119496493" />
  <Point X="145" Y="238" T="119496511" />
  <Point X="145" Y="240" T="119496529" />
  <Point X="147" Y="243" T="119496549" />
  <Point X="149" Y="244" T="119496568" />
  <Point X="151" Y="245" T="119496587" />
  <Point X="156" Y="245" T="119496606" />
  <Point X="161" Y="247" T="119496627" />
  <Point X="166" Y="247" T="119496650" />
  <Point X="171" Y="247" T="119496672" />
  <Point X="173" Y="246" T="119496692" />
  <Point X="177" Y="244" T="119496711" />
</Gesture>