﻿<?xml version="1.0" encoding="utf-8" standalone="yes"?>
<Gesture Name="left_curly_brace09" Subject="5" Speed="fast" Number="9" NumPts="74" Millseconds="1176" AppName="Gestures" AppVer="3.7.0.0" Date="Friday, March 09, 2007" TimeOfDay="9:49:51 PM">
  <Point X="167" Y="151" T="119505037" />
  <Point X="164" Y="152" T="119505093" />
  <Point X="162" Y="153" T="119505101" />
  <Point X="158" Y="153" T="119505109" />
  <Point X="155" Y="155" T="119505117" />
  <Point X="153" Y="156" T="119505123" />
  <Point X="149" Y="158" T="119505130" />
  <Point X="145" Y="160" T="119505138" />
  <Point X="142" Y="162" T="119505146" />
  <Point X="140" Y="164" T="119505153" />
  <Point X="137" Y="167" T="119505160" />
  <Point X="135" Y="170" T="119505167" />
  <Point X="133" Y="173" T="119505174" />
  <Point X="133" Y="175" T="119505183" />
  <Point X="133" Y="177" T="119505191" />
  <Point X="134" Y="180" T="119505198" />
  <Point X="136" Y="181" T="119505210" />
  <Point X="138" Y="184" T="119505218" />
  <Point X="140" Y="185" T="119505227" />
  <Point X="142" Y="186" T="119505235" />
  <Point X="144" Y="187" T="119505245" />
  <Point X="146" Y="188" T="119505254" />
  <Point X="149" Y="190" T="119505263" />
  <Point X="150" Y="193" T="119505274" />
  <Point X="151" Y="195" T="119505288" />
  <Point X="151" Y="198" T="119505298" />
  <Point X="151" Y="200" T="119505311" />
  <Point X="151" Y="203" T="119505332" />
  <Point X="150" Y="205" T="119505343" />
  <Point X="148" Y="207" T="119505360" />
  <Point X="146" Y="210" T="119505372" />
  <Point X="143" Y="211" T="119505384" />
  <Point X="141" Y="211" T="119505396" />
  <Point X="139" Y="213" T="119505407" />
  <Point X="137" Y="214" T="119505408" />
  <Point X="134" Y="214" T="119505421" />
  <Point X="130" Y="215" T="119505433" />
  <Point X="127" Y="216" T="119505446" />
  <Point X="125" Y="216" T="119505458" />
  <Point X="121" Y="218" T="119505471" />
  <Point X="118" Y="219" T="119505485" />
  <Point X="116" Y="221" T="119505498" />
  <Point X="114" Y="222" T="119505522" />
  <Point X="116" Y="220" T="119505748" />
  <Point X="118" Y="220" T="119505762" />
  <Point X="121" Y="218" T="119505776" />
  <Point X="125" Y="217" T="119505791" />
  <Point X="130" Y="217" T="119505806" />
  <Point X="135" Y="214" T="119505821" />
  <Point X="140" Y="215" T="119505837" />
  <Point X="143" Y="215" T="119505852" />
  <Point X="145" Y="216" T="119505868" />
  <Point X="147" Y="217" T="119505884" />
  <Point X="147" Y="219" T="119505900" />
  <Point X="147" Y="221" T="119505917" />
  <Point X="146" Y="223" T="119505933" />
  <Point X="145" Y="226" T="119505950" />
  <Point X="142" Y="230" T="119505967" />
  <Point X="142" Y="232" T="119505984" />
  <Point X="142" Y="234" T="119506002" />
  <Point X="142" Y="236" T="119506019" />
  <Point X="143" Y="241" T="119506037" />
  <Point X="143" Y="244" T="119506057" />
  <Point X="145" Y="245" T="119506075" />
  <Point X="150" Y="249" T="119506093" />
  <Point X="153" Y="249" T="119506112" />
  <Point X="155" Y="249" T="119506113" />
  <Point X="159" Y="251" T="119506132" />
  <Point X="165" Y="251" T="119506151" />
  <Point X="168" Y="251" T="119506152" />
  <Point X="174" Y="250" T="119506172" />
  <Point X="179" Y="251" T="119506192" />
  <Point X="182" Y="250" T="119506193" />
  <Point X="184" Y="248" T="119506213" />
</Gesture>