﻿<?xml version="1.0" encoding="utf-8" standalone="yes"?>
<Gesture Name="left_curly_brace07" Subject="5" Speed="fast" Number="7" NumPts="76" Millseconds="1216" AppName="Gestures" AppVer="3.7.0.0" Date="Friday, March 09, 2007" TimeOfDay="9:49:45 PM">
  <Point X="173" Y="156" T="119498709" />
  <Point X="170" Y="156" T="119498721" />
  <Point X="168" Y="157" T="119498733" />
  <Point X="166" Y="156" T="119498741" />
  <Point X="163" Y="157" T="119498748" />
  <Point X="161" Y="159" T="119498757" />
  <Point X="158" Y="160" T="119498765" />
  <Point X="155" Y="161" T="119498773" />
  <Point X="151" Y="163" T="119498781" />
  <Point X="149" Y="166" T="119498788" />
  <Point X="146" Y="169" T="119498794" />
  <Point X="143" Y="172" T="119498801" />
  <Point X="140" Y="174" T="119498809" />
  <Point X="138" Y="176" T="119498818" />
  <Point X="137" Y="179" T="119498826" />
  <Point X="137" Y="181" T="119498834" />
  <Point X="137" Y="183" T="119498842" />
  <Point X="139" Y="185" T="119498857" />
  <Point X="141" Y="187" T="119498866" />
  <Point X="144" Y="187" T="119498874" />
  <Point X="148" Y="188" T="119498883" />
  <Point X="151" Y="190" T="119498893" />
  <Point X="153" Y="191" T="119498902" />
  <Point X="156" Y="193" T="119498912" />
  <Point X="158" Y="194" T="119498921" />
  <Point X="159" Y="197" T="119498932" />
  <Point X="159" Y="203" T="119498942" />
  <Point X="158" Y="205" T="119498952" />
  <Point X="158" Y="207" T="119498964" />
  <Point X="157" Y="209" T="119498975" />
  <Point X="155" Y="211" T="119498986" />
  <Point X="154" Y="213" T="119498997" />
  <Point X="152" Y="215" T="119499014" />
  <Point X="149" Y="216" T="119499031" />
  <Point X="148" Y="218" T="119499043" />
  <Point X="146" Y="219" T="119499056" />
  <Point X="141" Y="220" T="119499068" />
  <Point X="138" Y="222" T="119499081" />
  <Point X="136" Y="222" T="119499094" />
  <Point X="134" Y="221" T="119499107" />
  <Point X="132" Y="223" T="119499120" />
  <Point X="130" Y="221" T="119499156" />
  <Point X="128" Y="223" T="119499183" />
  <Point X="126" Y="225" T="119499236" />
  <Point X="129" Y="224" T="119499397" />
  <Point X="131" Y="223" T="119499411" />
  <Point X="135" Y="222" T="119499426" />
  <Point X="140" Y="221" T="119499441" />
  <Point X="142" Y="222" T="119499456" />
  <Point X="145" Y="221" T="119499457" />
  <Point X="147" Y="221" T="119499472" />
  <Point X="149" Y="221" T="119499473" />
  <Point X="151" Y="221" T="119499489" />
  <Point X="156" Y="222" T="119499505" />
  <Point X="158" Y="223" T="119499525" />
  <Point X="158" Y="225" T="119499542" />
  <Point X="158" Y="228" T="119499571" />
  <Point X="157" Y="231" T="119499588" />
  <Point X="156" Y="233" T="119499605" />
  <Point X="155" Y="235" T="119499622" />
  <Point X="154" Y="237" T="119499640" />
  <Point X="153" Y="239" T="119499657" />
  <Point X="152" Y="244" T="119499684" />
  <Point X="153" Y="246" T="119499703" />
  <Point X="155" Y="249" T="119499726" />
  <Point X="157" Y="250" T="119499746" />
  <Point X="160" Y="253" T="119499765" />
  <Point X="162" Y="252" T="119499784" />
  <Point X="167" Y="254" T="119499803" />
  <Point X="172" Y="254" T="119499822" />
  <Point X="176" Y="254" T="119499842" />
  <Point X="178" Y="253" T="119499843" />
  <Point X="183" Y="251" T="119499863" />
  <Point X="188" Y="250" T="119499883" />
  <Point X="190" Y="249" T="119499904" />
  <Point X="195" Y="249" T="119499925" />
</Gesture>