﻿<?xml version="1.0" encoding="utf-8" standalone="yes"?>
<Gesture Name="left_curly_brace01" Subject="5" Speed="fast" Number="1" NumPts="65" Millseconds="957" AppName="Gestures" AppVer="3.7.0.0" Date="Friday, March 09, 2007" TimeOfDay="9:49:35 PM">
  <Point X="158" Y="151" T="119489577" />
  <Point X="157" Y="149" T="119489641" />
  <Point X="155" Y="149" T="119489651" />
  <Point X="153" Y="149" T="119489658" />
  <Point X="150" Y="150" T="119489667" />
  <Point X="148" Y="152" T="119489675" />
  <Point X="145" Y="154" T="119489683" />
  <Point X="143" Y="156" T="119489691" />
  <Point X="140" Y="157" T="119489699" />
  <Point X="138" Y="160" T="119489707" />
  <Point X="136" Y="163" T="119489715" />
  <Point X="135" Y="166" T="119489723" />
  <Point X="134" Y="169" T="119489731" />
  <Point X="133" Y="172" T="119489740" />
  <Point X="133" Y="174" T="119489747" />
  <Point X="133" Y="177" T="119489760" />
  <Point X="135" Y="179" T="119489777" />
  <Point X="137" Y="182" T="119489789" />
  <Point X="138" Y="184" T="119489798" />
  <Point X="140" Y="187" T="119489813" />
  <Point X="140" Y="189" T="119489825" />
  <Point X="141" Y="191" T="119489841" />
  <Point X="140" Y="193" T="119489853" />
  <Point X="140" Y="195" T="119489863" />
  <Point X="138" Y="198" T="119489878" />
  <Point X="136" Y="199" T="119489890" />
  <Point X="133" Y="201" T="119489902" />
  <Point X="131" Y="202" T="119489912" />
  <Point X="128" Y="204" T="119489923" />
  <Point X="126" Y="204" T="119489934" />
  <Point X="124" Y="204" T="119489945" />
  <Point X="122" Y="205" T="119489956" />
  <Point X="119" Y="205" T="119489967" />
  <Point X="117" Y="206" T="119489979" />
  <Point X="115" Y="208" T="119489991" />
  <Point X="117" Y="208" T="119490087" />
  <Point X="119" Y="208" T="119490107" />
  <Point X="121" Y="206" T="119490120" />
  <Point X="124" Y="206" T="119490132" />
  <Point X="126" Y="206" T="119490146" />
  <Point X="129" Y="206" T="119490159" />
  <Point X="131" Y="205" T="119490173" />
  <Point X="135" Y="206" T="119490187" />
  <Point X="137" Y="208" T="119490203" />
  <Point X="138" Y="210" T="119490223" />
  <Point X="138" Y="212" T="119490238" />
  <Point X="138" Y="214" T="119490252" />
  <Point X="137" Y="216" T="119490267" />
  <Point X="136" Y="218" T="119490282" />
  <Point X="136" Y="221" T="119490297" />
  <Point X="135" Y="224" T="119490312" />
  <Point X="135" Y="226" T="119490328" />
  <Point X="135" Y="228" T="119490344" />
  <Point X="135" Y="230" T="119490360" />
  <Point X="136" Y="233" T="119490376" />
  <Point X="138" Y="235" T="119490392" />
  <Point X="140" Y="236" T="119490409" />
  <Point X="144" Y="237" T="119490426" />
  <Point X="148" Y="238" T="119490443" />
  <Point X="153" Y="238" T="119490461" />
  <Point X="157" Y="239" T="119490478" />
  <Point X="159" Y="239" T="119490479" />
  <Point X="164" Y="239" T="119490497" />
  <Point X="168" Y="236" T="119490516" />
  <Point X="172" Y="236" T="119490534" />
</Gesture>