﻿<?xml version="1.0" encoding="utf-8" standalone="yes"?>
<Gesture Name="left_sq_bracket05" Subject="5" Speed="fast" Number="5" NumPts="56" Millseconds="775" AppName="Gestures" AppVer="3.7.0.0" Date="Friday, March 09, 2007" TimeOfDay="9:48:22 PM">
  <Point X="143" Y="177" T="119416238" />
  <Point X="141" Y="177" T="119416266" />
  <Point X="139" Y="177" T="119416278" />
  <Point X="136" Y="175" T="119416290" />
  <Point X="134" Y="176" T="119416299" />
  <Point X="131" Y="176" T="119416306" />
  <Point X="129" Y="177" T="119416313" />
  <Point X="127" Y="176" T="119416325" />
  <Point X="125" Y="176" T="119416333" />
  <Point X="122" Y="177" T="119416345" />
  <Point X="120" Y="177" T="119416357" />
  <Point X="118" Y="177" T="119416373" />
  <Point X="116" Y="178" T="119416389" />
  <Point X="115" Y="180" T="119416402" />
  <Point X="113" Y="182" T="119416426" />
  <Point X="113" Y="184" T="119416435" />
  <Point X="112" Y="186" T="119416452" />
  <Point X="112" Y="188" T="119416460" />
  <Point X="112" Y="191" T="119416472" />
  <Point X="112" Y="193" T="119416484" />
  <Point X="112" Y="196" T="119416500" />
  <Point X="112" Y="198" T="119416509" />
  <Point X="113" Y="200" T="119416519" />
  <Point X="113" Y="202" T="119416529" />
  <Point X="114" Y="205" T="119416540" />
  <Point X="115" Y="207" T="119416553" />
  <Point X="116" Y="209" T="119416563" />
  <Point X="118" Y="212" T="119416574" />
  <Point X="119" Y="214" T="119416585" />
  <Point X="120" Y="216" T="119416597" />
  <Point X="122" Y="219" T="119416614" />
  <Point X="123" Y="221" T="119416626" />
  <Point X="124" Y="224" T="119416639" />
  <Point X="125" Y="226" T="119416650" />
  <Point X="126" Y="228" T="119416666" />
  <Point X="127" Y="230" T="119416682" />
  <Point X="127" Y="232" T="119416694" />
  <Point X="127" Y="236" T="119416710" />
  <Point X="127" Y="238" T="119416723" />
  <Point X="127" Y="240" T="119416746" />
  <Point X="127" Y="242" T="119416759" />
  <Point X="127" Y="245" T="119416774" />
  <Point X="127" Y="247" T="119416787" />
  <Point X="127" Y="249" T="119416801" />
  <Point X="130" Y="250" T="119416846" />
  <Point X="132" Y="249" T="119416862" />
  <Point X="134" Y="248" T="119416877" />
  <Point X="136" Y="248" T="119416891" />
  <Point X="139" Y="248" T="119416907" />
  <Point X="144" Y="247" T="119416924" />
  <Point X="149" Y="245" T="119416942" />
  <Point X="151" Y="245" T="119416943" />
  <Point X="157" Y="246" T="119416961" />
  <Point X="161" Y="245" T="119416980" />
  <Point X="166" Y="245" T="119416996" />
  <Point X="169" Y="246" T="119417013" />
</Gesture>