﻿<?xml version="1.0" encoding="utf-8" standalone="yes"?>
<Gesture Name="left_sq_bracket03" Subject="5" Speed="fast" Number="3" NumPts="56" Millseconds="755" AppName="Gestures" AppVer="3.7.0.0" Date="Friday, March 09, 2007" TimeOfDay="9:48:20 PM">
  <Point X="147" Y="169" T="119413848" />
  <Point X="145" Y="168" T="119413881" />
  <Point X="142" Y="170" T="119413896" />
  <Point X="140" Y="170" T="119413905" />
  <Point X="138" Y="170" T="119413913" />
  <Point X="136" Y="171" T="119413921" />
  <Point X="134" Y="171" T="119413929" />
  <Point X="131" Y="171" T="119413937" />
  <Point X="129" Y="171" T="119413945" />
  <Point X="126" Y="171" T="119413953" />
  <Point X="123" Y="171" T="119413961" />
  <Point X="121" Y="171" T="119413969" />
  <Point X="119" Y="172" T="119413977" />
  <Point X="117" Y="172" T="119413986" />
  <Point X="114" Y="172" T="119413998" />
  <Point X="112" Y="171" T="119414007" />
  <Point X="109" Y="171" T="119414020" />
  <Point X="107" Y="172" T="119414033" />
  <Point X="105" Y="172" T="119414053" />
  <Point X="104" Y="174" T="119414085" />
  <Point X="103" Y="176" T="119414109" />
  <Point X="103" Y="178" T="119414121" />
  <Point X="103" Y="181" T="119414134" />
  <Point X="103" Y="184" T="119414144" />
  <Point X="102" Y="186" T="119414153" />
  <Point X="102" Y="189" T="119414163" />
  <Point X="102" Y="192" T="119414174" />
  <Point X="102" Y="195" T="119414175" />
  <Point X="102" Y="197" T="119414185" />
  <Point X="101" Y="203" T="119414196" />
  <Point X="101" Y="209" T="119414207" />
  <Point X="100" Y="212" T="119414219" />
  <Point X="99" Y="217" T="119414230" />
  <Point X="99" Y="222" T="119414242" />
  <Point X="98" Y="226" T="119414254" />
  <Point X="98" Y="228" T="119414266" />
  <Point X="98" Y="231" T="119414279" />
  <Point X="99" Y="234" T="119414291" />
  <Point X="101" Y="237" T="119414314" />
  <Point X="102" Y="239" T="119414330" />
  <Point X="103" Y="241" T="119414358" />
  <Point X="104" Y="243" T="119414390" />
  <Point X="106" Y="244" T="119414418" />
  <Point X="108" Y="244" T="119414431" />
  <Point X="110" Y="244" T="119414446" />
  <Point X="112" Y="244" T="119414447" />
  <Point X="116" Y="243" T="119414461" />
  <Point X="125" Y="242" T="119414476" />
  <Point X="134" Y="243" T="119414491" />
  <Point X="144" Y="243" T="119414507" />
  <Point X="154" Y="243" T="119414523" />
  <Point X="163" Y="245" T="119414539" />
  <Point X="168" Y="245" T="119414555" />
  <Point X="175" Y="245" T="119414571" />
  <Point X="179" Y="243" T="119414587" />
  <Point X="181" Y="243" T="119414603" />
</Gesture>