﻿<?xml version="1.0" encoding="utf-8" standalone="yes"?>
<Gesture Name="pigtail02" Subject="5" Speed="fast" Number="2" NumPts="68" Millseconds="775" AppName="Gestures" AppVer="3.7.0.0" Date="Friday, March 09, 2007" TimeOfDay="9:41:00 PM">
  <Point X="50" Y="248" T="118972908" />
  <Point X="53" Y="246" T="118972940" />
  <Point X="55" Y="245" T="118972952" />
  <Point X="58" Y="244" T="118972960" />
  <Point X="61" Y="241" T="118972968" />
  <Point X="63" Y="240" T="118972974" />
  <Point X="65" Y="239" T="118972980" />
  <Point X="67" Y="238" T="118972981" />
  <Point X="70" Y="237" T="118972987" />
  <Point X="75" Y="234" T="118972994" />
  <Point X="81" Y="231" T="118973001" />
  <Point X="84" Y="230" T="118973008" />
  <Point X="88" Y="228" T="118973009" />
  <Point X="94" Y="226" T="118973016" />
  <Point X="96" Y="225" T="118973024" />
  <Point X="99" Y="224" T="118973025" />
  <Point X="105" Y="222" T="118973033" />
  <Point X="110" Y="219" T="118973041" />
  <Point X="114" Y="215" T="118973050" />
  <Point X="119" Y="213" T="118973059" />
  <Point X="121" Y="211" T="118973060" />
  <Point X="125" Y="209" T="118973069" />
  <Point X="128" Y="205" T="118973079" />
  <Point X="131" Y="202" T="118973089" />
  <Point X="136" Y="196" T="118973099" />
  <Point X="138" Y="194" T="118973109" />
  <Point X="141" Y="190" T="118973119" />
  <Point X="142" Y="187" T="118973129" />
  <Point X="143" Y="185" T="118973140" />
  <Point X="144" Y="182" T="118973141" />
  <Point X="145" Y="179" T="118973151" />
  <Point X="146" Y="176" T="118973163" />
  <Point X="148" Y="172" T="118973174" />
  <Point X="150" Y="168" T="118973186" />
  <Point X="152" Y="165" T="118973198" />
  <Point X="153" Y="161" T="118973210" />
  <Point X="151" Y="158" T="118973240" />
  <Point X="148" Y="159" T="118973252" />
  <Point X="145" Y="159" T="118973265" />
  <Point X="140" Y="162" T="118973279" />
  <Point X="133" Y="166" T="118973292" />
  <Point X="129" Y="168" T="118973306" />
  <Point X="122" Y="173" T="118973320" />
  <Point X="120" Y="175" T="118973321" />
  <Point X="113" Y="182" T="118973336" />
  <Point X="111" Y="183" T="118973337" />
  <Point X="105" Y="190" T="118973352" />
  <Point X="98" Y="196" T="118973366" />
  <Point X="92" Y="206" T="118973382" />
  <Point X="87" Y="215" T="118973398" />
  <Point X="83" Y="224" T="118973414" />
  <Point X="79" Y="234" T="118973430" />
  <Point X="76" Y="242" T="118973447" />
  <Point X="74" Y="250" T="118973463" />
  <Point X="73" Y="256" T="118973480" />
  <Point X="74" Y="261" T="118973496" />
  <Point X="77" Y="265" T="118973513" />
  <Point X="82" Y="265" T="118973530" />
  <Point X="93" Y="263" T="118973550" />
  <Point X="107" Y="258" T="118973568" />
  <Point X="122" Y="252" T="118973586" />
  <Point X="141" Y="245" T="118973605" />
  <Point X="157" Y="240" T="118973623" />
  <Point X="160" Y="239" T="118973624" />
  <Point X="173" Y="233" T="118973643" />
  <Point X="176" Y="232" T="118973644" />
  <Point X="186" Y="227" T="118973664" />
  <Point X="192" Y="223" T="118973683" />
</Gesture>