﻿<?xml version="1.0" encoding="utf-8" standalone="yes"?>
<Gesture Name="pigtail10" Subject="5" Speed="fast" Number="10" NumPts="58" Millseconds="687" AppName="Gestures" AppVer="3.7.0.0" Date="Friday, March 09, 2007" TimeOfDay="9:41:10 PM">
  <Point X="69" Y="253" T="118983529" />
  <Point X="71" Y="252" T="118983537" />
  <Point X="75" Y="252" T="118983545" />
  <Point X="77" Y="251" T="118983551" />
  <Point X="79" Y="249" T="118983558" />
  <Point X="83" Y="247" T="118983564" />
  <Point X="85" Y="246" T="118983566" />
  <Point X="89" Y="243" T="118983574" />
  <Point X="94" Y="241" T="118983582" />
  <Point X="99" Y="239" T="118983590" />
  <Point X="104" Y="235" T="118983598" />
  <Point X="109" Y="231" T="118983606" />
  <Point X="113" Y="228" T="118983614" />
  <Point X="118" Y="223" T="118983622" />
  <Point X="122" Y="219" T="118983631" />
  <Point X="124" Y="216" T="118983640" />
  <Point X="130" Y="209" T="118983649" />
  <Point X="133" Y="206" T="118983658" />
  <Point X="134" Y="203" T="118983667" />
  <Point X="136" Y="200" T="118983676" />
  <Point X="137" Y="198" T="118983686" />
  <Point X="139" Y="196" T="118983696" />
  <Point X="141" Y="192" T="118983706" />
  <Point X="142" Y="189" T="118983716" />
  <Point X="143" Y="187" T="118983727" />
  <Point X="145" Y="184" T="118983738" />
  <Point X="146" Y="182" T="118983753" />
  <Point X="144" Y="183" T="118983797" />
  <Point X="141" Y="184" T="118983809" />
  <Point X="138" Y="185" T="118983821" />
  <Point X="135" Y="188" T="118983833" />
  <Point X="132" Y="190" T="118983834" />
  <Point X="128" Y="193" T="118983848" />
  <Point X="124" Y="195" T="118983850" />
  <Point X="119" Y="201" T="118983863" />
  <Point X="113" Y="206" T="118983876" />
  <Point X="112" Y="208" T="118983878" />
  <Point X="108" Y="211" T="118983892" />
  <Point X="103" Y="219" T="118983906" />
  <Point X="102" Y="223" T="118983920" />
  <Point X="100" Y="228" T="118983934" />
  <Point X="99" Y="234" T="118983948" />
  <Point X="100" Y="239" T="118983963" />
  <Point X="101" Y="245" T="118983978" />
  <Point X="102" Y="247" T="118983993" />
  <Point X="104" Y="251" T="118984009" />
  <Point X="105" Y="254" T="118984027" />
  <Point X="107" Y="255" T="118984042" />
  <Point X="111" Y="257" T="118984059" />
  <Point X="116" Y="255" T="118984076" />
  <Point X="123" Y="252" T="118984093" />
  <Point X="132" Y="248" T="118984110" />
  <Point X="138" Y="246" T="118984128" />
  <Point X="148" Y="242" T="118984145" />
  <Point X="157" Y="237" T="118984162" />
  <Point X="164" Y="233" T="118984180" />
  <Point X="170" Y="229" T="118984198" />
  <Point X="176" Y="227" T="118984216" />
</Gesture>