﻿<?xml version="1.0" encoding="utf-8" standalone="yes"?>
<Gesture Name="pigtail03" Subject="5" Speed="fast" Number="3" NumPts="63" Millseconds="675" AppName="Gestures" AppVer="3.7.0.0" Date="Friday, March 09, 2007" TimeOfDay="9:41:01 PM">
  <Point X="47" Y="256" T="118974186" />
  <Point X="49" Y="255" T="118974198" />
  <Point X="52" Y="253" T="118974210" />
  <Point X="56" Y="251" T="118974217" />
  <Point X="59" Y="248" T="118974226" />
  <Point X="62" Y="246" T="118974232" />
  <Point X="64" Y="246" T="118974238" />
  <Point X="67" Y="245" T="118974239" />
  <Point X="70" Y="244" T="118974245" />
  <Point X="72" Y="242" T="118974246" />
  <Point X="75" Y="241" T="118974253" />
  <Point X="78" Y="240" T="118974254" />
  <Point X="81" Y="238" T="118974262" />
  <Point X="84" Y="236" T="118974263" />
  <Point X="89" Y="233" T="118974271" />
  <Point X="94" Y="229" T="118974279" />
  <Point X="100" Y="226" T="118974287" />
  <Point X="104" Y="223" T="118974295" />
  <Point X="109" Y="219" T="118974304" />
  <Point X="113" Y="215" T="118974313" />
  <Point X="115" Y="214" T="118974314" />
  <Point X="119" Y="209" T="118974323" />
  <Point X="123" Y="204" T="118974333" />
  <Point X="127" Y="197" T="118974343" />
  <Point X="130" Y="193" T="118974353" />
  <Point X="131" Y="190" T="118974354" />
  <Point X="133" Y="185" T="118974365" />
  <Point X="135" Y="180" T="118974375" />
  <Point X="136" Y="177" T="118974386" />
  <Point X="137" Y="175" T="118974397" />
  <Point X="138" Y="172" T="118974408" />
  <Point X="139" Y="170" T="118974419" />
  <Point X="140" Y="168" T="118974431" />
  <Point X="140" Y="166" T="118974443" />
  <Point X="138" Y="165" T="118974473" />
  <Point X="136" Y="165" T="118974486" />
  <Point X="133" Y="167" T="118974498" />
  <Point X="129" Y="170" T="118974511" />
  <Point X="122" Y="176" T="118974523" />
  <Point X="115" Y="180" T="118974537" />
  <Point X="107" Y="190" T="118974551" />
  <Point X="100" Y="198" T="118974565" />
  <Point X="92" Y="210" T="118974579" />
  <Point X="84" Y="222" T="118974595" />
  <Point X="79" Y="234" T="118974611" />
  <Point X="77" Y="239" T="118974625" />
  <Point X="76" Y="243" T="118974626" />
  <Point X="75" Y="246" T="118974642" />
  <Point X="76" Y="249" T="118974643" />
  <Point X="79" Y="254" T="118974658" />
  <Point X="81" Y="254" T="118974674" />
  <Point X="83" Y="256" T="118974675" />
  <Point X="91" Y="257" T="118974701" />
  <Point X="97" Y="256" T="118974717" />
  <Point X="106" Y="253" T="118974734" />
  <Point X="116" Y="249" T="118974751" />
  <Point X="127" Y="244" T="118974768" />
  <Point X="140" Y="239" T="118974786" />
  <Point X="143" Y="238" T="118974787" />
  <Point X="160" Y="229" T="118974806" />
  <Point X="171" Y="224" T="118974825" />
  <Point X="181" Y="218" T="118974843" />
  <Point X="186" Y="215" T="118974861" />
</Gesture>