﻿<?xml version="1.0" encoding="utf-8" standalone="yes"?>
<Gesture Name="pigtail06" Subject="5" Speed="fast" Number="6" NumPts="64" Millseconds="713" AppName="Gestures" AppVer="3.7.0.0" Date="Friday, March 09, 2007" TimeOfDay="9:41:05 PM">
  <Point X="61" Y="252" T="118978167" />
  <Point X="64" Y="251" T="118978176" />
  <Point X="66" Y="250" T="118978184" />
  <Point X="69" Y="249" T="118978191" />
  <Point X="71" Y="249" T="118978200" />
  <Point X="74" Y="246" T="118978208" />
  <Point X="77" Y="245" T="118978217" />
  <Point X="80" Y="243" T="118978225" />
  <Point X="83" Y="240" T="118978233" />
  <Point X="87" Y="237" T="118978241" />
  <Point X="90" Y="236" T="118978249" />
  <Point X="93" Y="233" T="118978257" />
  <Point X="94" Y="231" T="118978265" />
  <Point X="97" Y="228" T="118978274" />
  <Point X="100" Y="227" T="118978282" />
  <Point X="103" Y="223" T="118978291" />
  <Point X="106" Y="220" T="118978300" />
  <Point X="111" Y="215" T="118978309" />
  <Point X="113" Y="212" T="118978319" />
  <Point X="115" Y="210" T="118978328" />
  <Point X="117" Y="207" T="118978338" />
  <Point X="119" Y="205" T="118978348" />
  <Point X="121" Y="202" T="118978360" />
  <Point X="124" Y="197" T="118978370" />
  <Point X="125" Y="195" T="118978381" />
  <Point X="126" Y="193" T="118978391" />
  <Point X="126" Y="190" T="118978402" />
  <Point X="128" Y="187" T="118978414" />
  <Point X="128" Y="184" T="118978425" />
  <Point X="128" Y="182" T="118978437" />
  <Point X="126" Y="179" T="118978456" />
  <Point X="124" Y="179" T="118978472" />
  <Point X="122" Y="180" T="118978484" />
  <Point X="119" Y="180" T="118978497" />
  <Point X="117" Y="181" T="118978510" />
  <Point X="113" Y="184" T="118978523" />
  <Point X="110" Y="187" T="118978536" />
  <Point X="108" Y="189" T="118978538" />
  <Point X="105" Y="192" T="118978552" />
  <Point X="100" Y="198" T="118978566" />
  <Point X="95" Y="205" T="118978581" />
  <Point X="91" Y="212" T="118978596" />
  <Point X="87" Y="221" T="118978611" />
  <Point X="83" Y="231" T="118978626" />
  <Point X="81" Y="238" T="118978641" />
  <Point X="80" Y="240" T="118978657" />
  <Point X="80" Y="243" T="118978658" />
  <Point X="81" Y="247" T="118978674" />
  <Point X="83" Y="250" T="118978690" />
  <Point X="88" Y="251" T="118978706" />
  <Point X="93" Y="251" T="118978722" />
  <Point X="100" Y="248" T="118978739" />
  <Point X="109" Y="245" T="118978757" />
  <Point X="111" Y="245" T="118978758" />
  <Point X="122" Y="238" T="118978776" />
  <Point X="124" Y="237" T="118978778" />
  <Point X="136" Y="231" T="118978796" />
  <Point X="139" Y="229" T="118978800" />
  <Point X="142" Y="227" T="118978801" />
  <Point X="153" Y="222" T="118978820" />
  <Point X="155" Y="220" T="118978822" />
  <Point X="167" Y="214" T="118978842" />
  <Point X="174" Y="209" T="118978862" />
  <Point X="179" Y="207" T="118978880" />
</Gesture>