﻿<?xml version="1.0" encoding="utf-8" standalone="yes"?>
<Gesture Name="pigtail01" Subject="5" Speed="fast" Number="1" NumPts="64" Millseconds="735" AppName="Gestures" AppVer="3.7.0.0" Date="Friday, March 09, 2007" TimeOfDay="9:40:59 PM">
  <Point X="59" Y="245" T="118971771" />
  <Point X="61" Y="244" T="118971787" />
  <Point X="64" Y="244" T="118971799" />
  <Point X="66" Y="244" T="118971807" />
  <Point X="68" Y="242" T="118971815" />
  <Point X="71" Y="241" T="118971822" />
  <Point X="74" Y="239" T="118971831" />
  <Point X="78" Y="238" T="118971839" />
  <Point X="80" Y="237" T="118971845" />
  <Point X="84" Y="235" T="118971852" />
  <Point X="87" Y="233" T="118971860" />
  <Point X="91" Y="231" T="118971868" />
  <Point X="95" Y="228" T="118971876" />
  <Point X="97" Y="227" T="118971883" />
  <Point X="99" Y="226" T="118971885" />
  <Point X="103" Y="223" T="118971895" />
  <Point X="107" Y="221" T="118971903" />
  <Point X="111" Y="218" T="118971911" />
  <Point X="113" Y="215" T="118971912" />
  <Point X="117" Y="212" T="118971923" />
  <Point X="120" Y="210" T="118971924" />
  <Point X="124" Y="206" T="118971935" />
  <Point X="126" Y="204" T="118971936" />
  <Point X="131" Y="198" T="118971948" />
  <Point X="134" Y="195" T="118971958" />
  <Point X="139" Y="189" T="118971968" />
  <Point X="141" Y="186" T="118971978" />
  <Point X="144" Y="183" T="118971989" />
  <Point X="146" Y="181" T="118971999" />
  <Point X="148" Y="177" T="118972001" />
  <Point X="151" Y="173" T="118972013" />
  <Point X="152" Y="171" T="118972025" />
  <Point X="153" Y="169" T="118972036" />
  <Point X="154" Y="167" T="118972048" />
  <Point X="152" Y="165" T="118972064" />
  <Point X="150" Y="165" T="118972081" />
  <Point X="148" Y="165" T="118972093" />
  <Point X="145" Y="166" T="118972106" />
  <Point X="141" Y="167" T="118972118" />
  <Point X="138" Y="168" T="118972131" />
  <Point X="132" Y="172" T="118972145" />
  <Point X="126" Y="176" T="118972159" />
  <Point X="121" Y="181" T="118972173" />
  <Point X="118" Y="185" T="118972188" />
  <Point X="113" Y="190" T="118972202" />
  <Point X="108" Y="197" T="118972216" />
  <Point X="101" Y="205" T="118972231" />
  <Point X="96" Y="214" T="118972246" />
  <Point X="91" Y="223" T="118972261" />
  <Point X="88" Y="230" T="118972277" />
  <Point X="86" Y="236" T="118972296" />
  <Point X="86" Y="242" T="118972311" />
  <Point X="88" Y="246" T="118972327" />
  <Point X="93" Y="248" T="118972344" />
  <Point X="99" Y="247" T="118972360" />
  <Point X="108" Y="244" T="118972377" />
  <Point X="110" Y="244" T="118972378" />
  <Point X="123" Y="240" T="118972397" />
  <Point X="135" Y="235" T="118972415" />
  <Point X="151" Y="228" T="118972433" />
  <Point X="162" Y="224" T="118972451" />
  <Point X="174" Y="219" T="118972470" />
  <Point X="181" Y="215" T="118972488" />
  <Point X="183" Y="213" T="118972506" />
</Gesture>