﻿<?xml version="1.0" encoding="utf-8" standalone="yes"?>
<Gesture Name="pigtail07" Subject="5" Speed="fast" Number="7" NumPts="65" Millseconds="818" AppName="Gestures" AppVer="3.7.0.0" Date="Friday, March 09, 2007" TimeOfDay="9:41:06 PM">
  <Point X="48" Y="259" T="118979417" />
  <Point X="51" Y="257" T="118979432" />
  <Point X="54" Y="257" T="118979444" />
  <Point X="56" Y="255" T="118979453" />
  <Point X="59" Y="255" T="118979461" />
  <Point X="62" Y="254" T="118979469" />
  <Point X="65" Y="253" T="118979477" />
  <Point X="69" Y="250" T="118979485" />
  <Point X="72" Y="248" T="118979493" />
  <Point X="75" Y="247" T="118979501" />
  <Point X="77" Y="246" T="118979509" />
  <Point X="79" Y="245" T="118979510" />
  <Point X="83" Y="242" T="118979520" />
  <Point X="87" Y="240" T="118979528" />
  <Point X="89" Y="239" T="118979530" />
  <Point X="93" Y="236" T="118979539" />
  <Point X="97" Y="233" T="118979548" />
  <Point X="99" Y="231" T="118979550" />
  <Point X="102" Y="228" T="118979560" />
  <Point X="106" Y="225" T="118979569" />
  <Point X="108" Y="222" T="118979579" />
  <Point X="114" Y="217" T="118979589" />
  <Point X="116" Y="214" T="118979599" />
  <Point X="120" Y="205" T="118979619" />
  <Point X="122" Y="200" T="118979630" />
  <Point X="123" Y="197" T="118979641" />
  <Point X="124" Y="195" T="118979652" />
  <Point X="126" Y="190" T="118979665" />
  <Point X="126" Y="188" T="118979678" />
  <Point X="127" Y="186" T="118979694" />
  <Point X="128" Y="183" T="118979706" />
  <Point X="128" Y="181" T="118979738" />
  <Point X="125" Y="181" T="118979766" />
  <Point X="123" Y="182" T="118979779" />
  <Point X="121" Y="183" T="118979790" />
  <Point X="119" Y="185" T="118979802" />
  <Point X="116" Y="187" T="118979815" />
  <Point X="114" Y="190" T="118979828" />
  <Point X="109" Y="194" T="118979841" />
  <Point X="104" Y="200" T="118979855" />
  <Point X="101" Y="203" T="118979869" />
  <Point X="99" Y="206" T="118979871" />
  <Point X="95" Y="211" T="118979887" />
  <Point X="90" Y="219" T="118979902" />
  <Point X="88" Y="222" T="118979917" />
  <Point X="86" Y="224" T="118979919" />
  <Point X="84" Y="231" T="118979935" />
  <Point X="81" Y="237" T="118979951" />
  <Point X="79" Y="243" T="118979967" />
  <Point X="78" Y="249" T="118979989" />
  <Point X="77" Y="254" T="118980006" />
  <Point X="77" Y="256" T="118980022" />
  <Point X="78" Y="259" T="118980039" />
  <Point X="83" Y="261" T="118980055" />
  <Point X="88" Y="261" T="118980073" />
  <Point X="98" Y="259" T="118980095" />
  <Point X="112" Y="254" T="118980113" />
  <Point X="123" Y="247" T="118980131" />
  <Point X="125" Y="246" T="118980133" />
  <Point X="138" Y="241" T="118980153" />
  <Point X="149" Y="234" T="118980172" />
  <Point X="158" Y="230" T="118980194" />
  <Point X="160" Y="228" T="118980196" />
  <Point X="168" Y="223" T="118980216" />
  <Point X="173" Y="221" T="118980235" />
</Gesture>