﻿<?xml version="1.0" encoding="utf-8" standalone="yes"?>
<Gesture Name="pigtail09" Subject="5" Speed="fast" Number="9" NumPts="66" Millseconds="751" AppName="Gestures" AppVer="3.7.0.0" Date="Friday, March 09, 2007" TimeOfDay="9:41:09 PM">
  <Point X="58" Y="256" T="118982157" />
  <Point X="61" Y="254" T="118982164" />
  <Point X="64" Y="252" T="118982172" />
  <Point X="67" Y="250" T="118982181" />
  <Point X="71" Y="247" T="118982188" />
  <Point X="73" Y="246" T="118982194" />
  <Point X="75" Y="244" T="118982199" />
  <Point X="78" Y="243" T="118982201" />
  <Point X="82" Y="240" T="118982209" />
  <Point X="84" Y="238" T="118982216" />
  <Point X="86" Y="238" T="118982217" />
  <Point X="90" Y="235" T="118982225" />
  <Point X="95" Y="232" T="118982233" />
  <Point X="99" Y="229" T="118982241" />
  <Point X="103" Y="225" T="118982248" />
  <Point X="107" Y="223" T="118982256" />
  <Point X="110" Y="220" T="118982265" />
  <Point X="114" Y="216" T="118982273" />
  <Point X="117" Y="213" T="118982281" />
  <Point X="119" Y="212" T="118982290" />
  <Point X="121" Y="209" T="118982299" />
  <Point X="122" Y="207" T="118982300" />
  <Point X="124" Y="205" T="118982313" />
  <Point X="125" Y="202" T="118982326" />
  <Point X="125" Y="199" T="118982336" />
  <Point X="126" Y="197" T="118982346" />
  <Point X="126" Y="194" T="118982358" />
  <Point X="127" Y="192" T="118982368" />
  <Point X="128" Y="190" T="118982379" />
  <Point X="129" Y="187" T="118982390" />
  <Point X="130" Y="185" T="118982401" />
  <Point X="131" Y="183" T="118982413" />
  <Point X="131" Y="181" T="118982425" />
  <Point X="129" Y="181" T="118982462" />
  <Point X="127" Y="182" T="118982475" />
  <Point X="124" Y="183" T="118982488" />
  <Point X="122" Y="185" T="118982500" />
  <Point X="117" Y="188" T="118982513" />
  <Point X="113" Y="193" T="118982526" />
  <Point X="110" Y="194" T="118982539" />
  <Point X="105" Y="200" T="118982553" />
  <Point X="99" Y="206" T="118982566" />
  <Point X="96" Y="211" T="118982580" />
  <Point X="91" Y="217" T="118982595" />
  <Point X="88" Y="222" T="118982609" />
  <Point X="87" Y="226" T="118982623" />
  <Point X="85" Y="229" T="118982624" />
  <Point X="84" Y="236" T="118982641" />
  <Point X="83" Y="242" T="118982657" />
  <Point X="83" Y="247" T="118982672" />
  <Point X="83" Y="249" T="118982689" />
  <Point X="85" Y="255" T="118982705" />
  <Point X="86" Y="257" T="118982721" />
  <Point X="90" Y="260" T="118982738" />
  <Point X="95" Y="261" T="118982754" />
  <Point X="101" Y="261" T="118982771" />
  <Point X="108" Y="259" T="118982788" />
  <Point X="110" Y="258" T="118982789" />
  <Point X="121" Y="255" T="118982809" />
  <Point X="132" Y="249" T="118982827" />
  <Point X="134" Y="248" T="118982828" />
  <Point X="147" Y="243" T="118982849" />
  <Point X="156" Y="239" T="118982867" />
  <Point X="158" Y="238" T="118982868" />
  <Point X="166" Y="234" T="118982889" />
  <Point X="175" Y="230" T="118982908" />
</Gesture>