﻿<?xml version="1.0" encoding="utf-8" standalone="yes"?>
<Gesture Name="pigtail04" Subject="5" Speed="fast" Number="4" NumPts="63" Millseconds="710" AppName="Gestures" AppVer="3.7.0.0" Date="Friday, March 09, 2007" TimeOfDay="9:41:02 PM">
  <Point X="46" Y="260" T="118975482" />
  <Point X="49" Y="259" T="118975494" />
  <Point X="52" Y="257" T="118975502" />
  <Point X="55" Y="256" T="118975511" />
  <Point X="59" Y="254" T="118975518" />
  <Point X="61" Y="252" T="118975525" />
  <Point X="66" Y="249" T="118975532" />
  <Point X="71" Y="246" T="118975539" />
  <Point X="77" Y="242" T="118975546" />
  <Point X="80" Y="241" T="118975554" />
  <Point X="83" Y="239" T="118975555" />
  <Point X="89" Y="235" T="118975564" />
  <Point X="95" Y="230" T="118975573" />
  <Point X="100" Y="225" T="118975581" />
  <Point X="103" Y="224" T="118975583" />
  <Point X="108" Y="220" T="118975593" />
  <Point X="111" Y="218" T="118975595" />
  <Point X="115" Y="214" T="118975605" />
  <Point X="122" Y="207" T="118975614" />
  <Point X="125" Y="202" T="118975624" />
  <Point X="128" Y="199" T="118975634" />
  <Point X="131" Y="193" T="118975645" />
  <Point X="132" Y="191" T="118975655" />
  <Point X="135" Y="188" T="118975665" />
  <Point X="135" Y="185" T="118975676" />
  <Point X="136" Y="183" T="118975687" />
  <Point X="136" Y="181" T="118975698" />
  <Point X="136" Y="179" T="118975710" />
  <Point X="136" Y="177" T="118975730" />
  <Point X="136" Y="175" T="118975746" />
  <Point X="136" Y="177" T="118975758" />
  <Point X="133" Y="178" T="118975778" />
  <Point X="131" Y="180" T="118975790" />
  <Point X="128" Y="182" T="118975803" />
  <Point X="121" Y="187" T="118975816" />
  <Point X="115" Y="192" T="118975829" />
  <Point X="113" Y="194" T="118975831" />
  <Point X="102" Y="202" T="118975847" />
  <Point X="94" Y="208" T="118975861" />
  <Point X="84" Y="219" T="118975875" />
  <Point X="78" Y="225" T="118975890" />
  <Point X="72" Y="232" T="118975907" />
  <Point X="69" Y="239" T="118975923" />
  <Point X="68" Y="245" T="118975938" />
  <Point X="69" Y="248" T="118975953" />
  <Point X="69" Y="250" T="118975955" />
  <Point X="71" Y="255" T="118975971" />
  <Point X="73" Y="257" T="118975986" />
  <Point X="75" Y="259" T="118976005" />
  <Point X="79" Y="261" T="118976020" />
  <Point X="82" Y="262" T="118976036" />
  <Point X="87" Y="261" T="118976053" />
  <Point X="90" Y="260" T="118976055" />
  <Point X="97" Y="257" T="118976072" />
  <Point X="105" Y="254" T="118976090" />
  <Point X="108" Y="253" T="118976091" />
  <Point X="122" Y="247" T="118976111" />
  <Point X="135" Y="239" T="118976129" />
  <Point X="139" Y="238" T="118976131" />
  <Point X="154" Y="230" T="118976151" />
  <Point X="164" Y="223" T="118976170" />
  <Point X="166" Y="221" T="118976171" />
  <Point X="174" Y="218" T="118976192" />
</Gesture>