﻿<?xml version="1.0" encoding="utf-8" standalone="yes"?>
<Gesture Name="pigtail05" Subject="5" Speed="fast" Number="5" NumPts="62" Millseconds="709" AppName="Gestures" AppVer="3.7.0.0" Date="Friday, March 09, 2007" TimeOfDay="9:41:04 PM">
  <Point X="50" Y="258" T="118976787" />
  <Point X="52" Y="256" T="118976796" />
  <Point X="54" Y="256" T="118976804" />
  <Point X="56" Y="254" T="118976810" />
  <Point X="60" Y="252" T="118976817" />
  <Point X="62" Y="250" T="118976823" />
  <Point X="64" Y="248" T="118976825" />
  <Point X="69" Y="246" T="118976834" />
  <Point X="75" Y="244" T="118976841" />
  <Point X="81" Y="240" T="118976849" />
  <Point X="88" Y="236" T="118976857" />
  <Point X="95" Y="231" T="118976865" />
  <Point X="102" Y="227" T="118976873" />
  <Point X="108" Y="223" T="118976882" />
  <Point X="115" Y="218" T="118976891" />
  <Point X="121" Y="212" T="118976899" />
  <Point X="123" Y="209" T="118976901" />
  <Point X="129" Y="204" T="118976911" />
  <Point X="131" Y="203" T="118976913" />
  <Point X="135" Y="198" T="118976923" />
  <Point X="137" Y="195" T="118976925" />
  <Point X="139" Y="193" T="118976935" />
  <Point X="142" Y="189" T="118976937" />
  <Point X="143" Y="186" T="118976947" />
  <Point X="144" Y="184" T="118976958" />
  <Point X="145" Y="181" T="118976969" />
  <Point X="145" Y="178" T="118976980" />
  <Point X="145" Y="176" T="118976992" />
  <Point X="145" Y="173" T="118977004" />
  <Point X="145" Y="171" T="118977020" />
  <Point X="145" Y="169" T="118977032" />
  <Point X="146" Y="167" T="118977065" />
  <Point X="144" Y="168" T="118977089" />
  <Point X="142" Y="168" T="118977102" />
  <Point X="137" Y="172" T="118977114" />
  <Point X="133" Y="175" T="118977128" />
  <Point X="123" Y="182" T="118977141" />
  <Point X="116" Y="189" T="118977155" />
  <Point X="106" Y="197" T="118977169" />
  <Point X="100" Y="203" T="118977183" />
  <Point X="92" Y="212" T="118977198" />
  <Point X="87" Y="220" T="118977213" />
  <Point X="86" Y="222" T="118977214" />
  <Point X="82" Y="228" T="118977230" />
  <Point X="80" Y="235" T="118977246" />
  <Point X="79" Y="241" T="118977261" />
  <Point X="79" Y="244" T="118977276" />
  <Point X="79" Y="246" T="118977278" />
  <Point X="80" Y="251" T="118977297" />
  <Point X="80" Y="254" T="118977314" />
  <Point X="83" Y="255" T="118977330" />
  <Point X="85" Y="255" T="118977346" />
  <Point X="90" Y="253" T="118977364" />
  <Point X="102" Y="248" T="118977381" />
  <Point X="113" Y="244" T="118977399" />
  <Point X="127" Y="238" T="118977417" />
  <Point X="130" Y="237" T="118977418" />
  <Point X="149" Y="229" T="118977438" />
  <Point X="163" Y="224" T="118977456" />
  <Point X="166" Y="222" T="118977458" />
  <Point X="179" Y="216" T="118977478" />
  <Point X="184" Y="214" T="118977496" />
</Gesture>