﻿<?xml version="1.0" encoding="utf-8" standalone="yes"?>
<Gesture Name="pigtail08" Subject="5" Speed="fast" Number="8" NumPts="69" Millseconds="897" AppName="Gestures" AppVer="3.7.0.0" Date="Friday, March 09, 2007" TimeOfDay="9:41:08 PM">
  <Point X="56" Y="255" T="118980752" />
  <Point X="58" Y="255" T="118980768" />
  <Point X="61" Y="254" T="118980780" />
  <Point X="63" Y="254" T="118980789" />
  <Point X="66" Y="254" T="118980797" />
  <Point X="69" Y="252" T="118980805" />
  <Point X="72" Y="250" T="118980813" />
  <Point X="76" Y="248" T="118980821" />
  <Point X="79" Y="247" T="118980829" />
  <Point X="81" Y="245" T="118980837" />
  <Point X="85" Y="241" T="118980844" />
  <Point X="87" Y="240" T="118980846" />
  <Point X="89" Y="238" T="118980854" />
  <Point X="94" Y="234" T="118980863" />
  <Point X="98" Y="232" T="118980872" />
  <Point X="102" Y="228" T="118980881" />
  <Point X="105" Y="225" T="118980890" />
  <Point X="109" Y="221" T="118980899" />
  <Point X="112" Y="218" T="118980908" />
  <Point X="116" Y="215" T="118980910" />
  <Point X="119" Y="212" T="118980920" />
  <Point X="123" Y="206" T="118980930" />
  <Point X="125" Y="203" T="118980941" />
  <Point X="128" Y="200" T="118980951" />
  <Point X="133" Y="194" T="118980962" />
  <Point X="135" Y="191" T="118980973" />
  <Point X="137" Y="189" T="118980984" />
  <Point X="140" Y="185" T="118980995" />
  <Point X="142" Y="182" T="118981007" />
  <Point X="143" Y="180" T="118981018" />
  <Point X="144" Y="177" T="118981030" />
  <Point X="145" Y="175" T="118981044" />
  <Point X="145" Y="172" T="118981061" />
  <Point X="143" Y="170" T="118981090" />
  <Point X="141" Y="170" T="118981106" />
  <Point X="138" Y="170" T="118981122" />
  <Point X="136" Y="171" T="118981137" />
  <Point X="134" Y="172" T="118981151" />
  <Point X="131" Y="174" T="118981165" />
  <Point X="126" Y="176" T="118981180" />
  <Point X="124" Y="179" T="118981194" />
  <Point X="122" Y="180" T="118981195" />
  <Point X="117" Y="185" T="118981211" />
  <Point X="113" Y="191" T="118981226" />
  <Point X="110" Y="194" T="118981241" />
  <Point X="108" Y="197" T="118981243" />
  <Point X="105" Y="205" T="118981259" />
  <Point X="102" Y="210" T="118981275" />
  <Point X="100" Y="215" T="118981291" />
  <Point X="98" Y="222" T="118981307" />
  <Point X="96" Y="227" T="118981326" />
  <Point X="95" Y="229" T="118981327" />
  <Point X="94" Y="235" T="118981345" />
  <Point X="93" Y="243" T="118981363" />
  <Point X="92" Y="247" T="118981380" />
  <Point X="93" Y="250" T="118981397" />
  <Point X="94" Y="255" T="118981415" />
  <Point X="96" Y="257" T="118981434" />
  <Point X="99" Y="257" T="118981452" />
  <Point X="104" Y="258" T="118981470" />
  <Point X="109" Y="257" T="118981489" />
  <Point X="117" Y="255" T="118981508" />
  <Point X="129" Y="249" T="118981527" />
  <Point X="140" Y="245" T="118981547" />
  <Point X="151" Y="239" T="118981567" />
  <Point X="161" Y="233" T="118981588" />
  <Point X="170" Y="227" T="118981608" />
  <Point X="175" Y="225" T="118981629" />
  <Point X="177" Y="224" T="118981649" />
</Gesture>