﻿<?xml version="1.0" encoding="utf-8" standalone="yes"?>
<Gesture Name="question_mark09" Subject="5" Speed="fast" Number="9" NumPts="54" Millseconds="599" AppName="Gestures" AppVer="3.7.0.0" Date="Friday, March 09, 2007" TimeOfDay="9:31:51 PM">
  <Point X="53" Y="197" T="118423028" />
  <Point X="54" Y="194" T="118423036" />
  <Point X="55" Y="190" T="118423044" />
  <Point X="56" Y="188" T="118423051" />
  <Point X="58" Y="184" T="118423060" />
  <Point X="60" Y="182" T="118423066" />
  <Point X="61" Y="180" T="118423071" />
  <Point X="64" Y="176" T="118423078" />
  <Point X="67" Y="173" T="118423084" />
  <Point X="70" Y="169" T="118423092" />
  <Point X="72" Y="167" T="118423100" />
  <Point X="75" Y="164" T="118423108" />
  <Point X="78" Y="162" T="118423116" />
  <Point X="81" Y="159" T="118423125" />
  <Point X="84" Y="157" T="118423132" />
  <Point X="86" Y="154" T="118423140" />
  <Point X="89" Y="153" T="118423148" />
  <Point X="92" Y="152" T="118423157" />
  <Point X="95" Y="151" T="118423165" />
  <Point X="98" Y="150" T="118423174" />
  <Point X="101" Y="150" T="118423183" />
  <Point X="103" Y="150" T="118423192" />
  <Point X="105" Y="150" T="118423202" />
  <Point X="107" Y="152" T="118423211" />
  <Point X="109" Y="152" T="118423212" />
  <Point X="111" Y="152" T="118423223" />
  <Point X="113" Y="155" T="118423233" />
  <Point X="116" Y="157" T="118423244" />
  <Point X="117" Y="159" T="118423255" />
  <Point X="118" Y="161" T="118423266" />
  <Point X="119" Y="165" T="118423277" />
  <Point X="119" Y="167" T="118423289" />
  <Point X="119" Y="170" T="118423300" />
  <Point X="118" Y="176" T="118423312" />
  <Point X="117" Y="180" T="118423324" />
  <Point X="116" Y="182" T="118423336" />
  <Point X="114" Y="188" T="118423349" />
  <Point X="113" Y="190" T="118423362" />
  <Point X="110" Y="196" T="118423375" />
  <Point X="107" Y="199" T="118423388" />
  <Point X="105" Y="201" T="118423389" />
  <Point X="101" Y="206" T="118423402" />
  <Point X="95" Y="209" T="118423416" />
  <Point X="91" Y="211" T="118423430" />
  <Point X="86" Y="213" T="118423445" />
  <Point X="84" Y="212" T="118423459" />
  <Point X="81" Y="214" T="118423461" />
  <Point X="82" Y="217" T="118423533" />
  <Point X="82" Y="219" T="118423548" />
  <Point X="83" Y="224" T="118423563" />
  <Point X="82" Y="231" T="118423579" />
  <Point X="82" Y="237" T="118423594" />
  <Point X="81" Y="242" T="118423610" />
  <Point X="81" Y="245" T="118423627" />
</Gesture>