﻿<?xml version="1.0" encoding="utf-8" standalone="yes"?>
<Gesture Name="question_mark10" Subject="5" Speed="fast" Number="10" NumPts="57" Millseconds="565" AppName="Gestures" AppVer="3.7.0.0" Date="Friday, March 09, 2007" TimeOfDay="9:31:52 PM">
  <Point X="65" Y="195" T="118424131" />
  <Point X="66" Y="193" T="118424139" />
  <Point X="66" Y="191" T="118424147" />
  <Point X="68" Y="189" T="118424156" />
  <Point X="69" Y="186" T="118424164" />
  <Point X="70" Y="183" T="118424172" />
  <Point X="71" Y="181" T="118424178" />
  <Point X="73" Y="177" T="118424184" />
  <Point X="76" Y="174" T="118424192" />
  <Point X="77" Y="172" T="118424199" />
  <Point X="79" Y="170" T="118424205" />
  <Point X="81" Y="167" T="118424212" />
  <Point X="83" Y="165" T="118424220" />
  <Point X="86" Y="163" T="118424228" />
  <Point X="87" Y="161" T="118424229" />
  <Point X="89" Y="160" T="118424236" />
  <Point X="92" Y="158" T="118424245" />
  <Point X="94" Y="156" T="118424253" />
  <Point X="96" Y="155" T="118424261" />
  <Point X="98" Y="154" T="118424270" />
  <Point X="100" Y="153" T="118424279" />
  <Point X="102" Y="152" T="118424289" />
  <Point X="105" Y="153" T="118424298" />
  <Point X="109" Y="154" T="118424308" />
  <Point X="111" Y="157" T="118424319" />
  <Point X="113" Y="159" T="118424329" />
  <Point X="115" Y="161" T="118424340" />
  <Point X="117" Y="163" T="118424351" />
  <Point X="118" Y="166" T="118424364" />
  <Point X="118" Y="168" T="118424365" />
  <Point X="119" Y="173" T="118424376" />
  <Point X="119" Y="175" T="118424389" />
  <Point X="119" Y="178" T="118424400" />
  <Point X="118" Y="181" T="118424412" />
  <Point X="118" Y="183" T="118424413" />
  <Point X="117" Y="186" T="118424426" />
  <Point X="115" Y="191" T="118424438" />
  <Point X="114" Y="194" T="118424451" />
  <Point X="112" Y="199" T="118424464" />
  <Point X="110" Y="201" T="118424477" />
  <Point X="108" Y="204" T="118424478" />
  <Point X="106" Y="206" T="118424491" />
  <Point X="102" Y="211" T="118424505" />
  <Point X="97" Y="213" T="118424519" />
  <Point X="94" Y="215" T="118424533" />
  <Point X="92" Y="215" T="118424534" />
  <Point X="90" Y="216" T="118424548" />
  <Point X="88" Y="217" T="118424563" />
  <Point X="86" Y="219" T="118424578" />
  <Point X="85" Y="221" T="118424593" />
  <Point X="86" Y="223" T="118424613" />
  <Point X="87" Y="225" T="118424629" />
  <Point X="87" Y="228" T="118424630" />
  <Point X="88" Y="232" T="118424646" />
  <Point X="88" Y="239" T="118424663" />
  <Point X="87" Y="246" T="118424679" />
  <Point X="87" Y="252" T="118424696" />
</Gesture>