﻿<?xml version="1.0" encoding="utf-8" standalone="yes"?>
<Gesture Name="question_mark01" Subject="5" Speed="fast" Number="1" NumPts="43" Millseconds="456" AppName="Gestures" AppVer="3.7.0.0" Date="Friday, March 09, 2007" TimeOfDay="9:31:41 PM">
  <Point X="71" Y="185" T="118413499" />
  <Point X="71" Y="183" T="118413532" />
  <Point X="73" Y="179" T="118413539" />
  <Point X="75" Y="176" T="118413548" />
  <Point X="76" Y="173" T="118413554" />
  <Point X="77" Y="170" T="118413560" />
  <Point X="79" Y="168" T="118413561" />
  <Point X="80" Y="165" T="118413568" />
  <Point X="83" Y="162" T="118413575" />
  <Point X="87" Y="158" T="118413583" />
  <Point X="90" Y="154" T="118413590" />
  <Point X="94" Y="151" T="118413597" />
  <Point X="96" Y="150" T="118413604" />
  <Point X="100" Y="147" T="118413611" />
  <Point X="103" Y="145" T="118413619" />
  <Point X="106" Y="145" T="118413627" />
  <Point X="109" Y="145" T="118413635" />
  <Point X="111" Y="145" T="118413643" />
  <Point X="114" Y="147" T="118413654" />
  <Point X="116" Y="150" T="118413669" />
  <Point X="118" Y="152" T="118413681" />
  <Point X="118" Y="155" T="118413690" />
  <Point X="117" Y="159" T="118413699" />
  <Point X="116" Y="161" T="118413709" />
  <Point X="115" Y="166" T="118413719" />
  <Point X="114" Y="170" T="118413729" />
  <Point X="112" Y="172" T="118413740" />
  <Point X="109" Y="178" T="118413750" />
  <Point X="107" Y="181" T="118413761" />
  <Point X="104" Y="183" T="118413762" />
  <Point X="102" Y="186" T="118413773" />
  <Point X="100" Y="188" T="118413784" />
  <Point X="98" Y="189" T="118413785" />
  <Point X="95" Y="190" T="118413797" />
  <Point X="93" Y="190" T="118413817" />
  <Point X="96" Y="190" T="118413875" />
  <Point X="96" Y="192" T="118413887" />
  <Point X="97" Y="201" T="118413900" />
  <Point X="98" Y="209" T="118413914" />
  <Point X="98" Y="216" T="118413927" />
  <Point X="98" Y="218" T="118413928" />
  <Point X="98" Y="223" T="118413941" />
  <Point X="98" Y="225" T="118413955" />
</Gesture>