﻿<?xml version="1.0" encoding="utf-8" standalone="yes"?>
<Gesture Name="question_mark08" Subject="5" Speed="fast" Number="8" NumPts="53" Millseconds="536" AppName="Gestures" AppVer="3.7.0.0" Date="Friday, March 09, 2007" TimeOfDay="9:31:50 PM">
  <Point X="61" Y="179" T="118422016" />
  <Point X="63" Y="177" T="118422025" />
  <Point X="65" Y="173" T="118422033" />
  <Point X="68" Y="169" T="118422040" />
  <Point X="71" Y="166" T="118422049" />
  <Point X="75" Y="162" T="118422057" />
  <Point X="77" Y="160" T="118422063" />
  <Point X="79" Y="159" T="118422070" />
  <Point X="83" Y="156" T="118422076" />
  <Point X="86" Y="153" T="118422083" />
  <Point X="88" Y="151" T="118422090" />
  <Point X="91" Y="149" T="118422097" />
  <Point X="94" Y="146" T="118422104" />
  <Point X="97" Y="145" T="118422112" />
  <Point X="100" Y="144" T="118422119" />
  <Point X="103" Y="142" T="118422128" />
  <Point X="106" Y="141" T="118422136" />
  <Point X="108" Y="140" T="118422144" />
  <Point X="111" Y="141" T="118422152" />
  <Point X="113" Y="142" T="118422161" />
  <Point X="115" Y="144" T="118422170" />
  <Point X="117" Y="147" T="118422179" />
  <Point X="118" Y="149" T="118422189" />
  <Point X="119" Y="151" T="118422190" />
  <Point X="119" Y="154" T="118422200" />
  <Point X="120" Y="158" T="118422210" />
  <Point X="120" Y="160" T="118422220" />
  <Point X="120" Y="163" T="118422221" />
  <Point X="120" Y="166" T="118422232" />
  <Point X="119" Y="168" T="118422244" />
  <Point X="117" Y="176" T="118422255" />
  <Point X="115" Y="179" T="118422267" />
  <Point X="111" Y="184" T="118422279" />
  <Point X="108" Y="186" T="118422292" />
  <Point X="103" Y="191" T="118422304" />
  <Point X="101" Y="193" T="118422317" />
  <Point X="98" Y="195" T="118422318" />
  <Point X="96" Y="197" T="118422331" />
  <Point X="94" Y="198" T="118422344" />
  <Point X="92" Y="200" T="118422357" />
  <Point X="90" Y="200" T="118422358" />
  <Point X="88" Y="201" T="118422377" />
  <Point X="86" Y="203" T="118422442" />
  <Point X="87" Y="206" T="118422459" />
  <Point X="87" Y="210" T="118422473" />
  <Point X="88" Y="214" T="118422488" />
  <Point X="89" Y="220" T="118422503" />
  <Point X="89" Y="222" T="118422504" />
  <Point X="89" Y="225" T="118422519" />
  <Point X="89" Y="228" T="118422520" />
  <Point X="89" Y="231" T="118422535" />
  <Point X="89" Y="234" T="118422536" />
  <Point X="89" Y="237" T="118422552" />
</Gesture>