﻿<?xml version="1.0" encoding="utf-8" standalone="yes"?>
<Gesture Name="question_mark03" Subject="5" Speed="fast" Number="3" NumPts="46" Millseconds="443" AppName="Gestures" AppVer="3.7.0.0" Date="Friday, March 09, 2007" TimeOfDay="9:31:44 PM">
  <Point X="63" Y="189" T="118416316" />
  <Point X="63" Y="186" T="118416337" />
  <Point X="64" Y="184" T="118416345" />
  <Point X="66" Y="181" T="118416352" />
  <Point X="68" Y="179" T="118416361" />
  <Point X="70" Y="177" T="118416369" />
  <Point X="71" Y="174" T="118416375" />
  <Point X="74" Y="170" T="118416381" />
  <Point X="78" Y="166" T="118416389" />
  <Point X="81" Y="163" T="118416397" />
  <Point X="85" Y="159" T="118416405" />
  <Point X="87" Y="157" T="118416412" />
  <Point X="89" Y="156" T="118416413" />
  <Point X="91" Y="155" T="118416421" />
  <Point X="93" Y="155" T="118416422" />
  <Point X="97" Y="152" T="118416430" />
  <Point X="101" Y="151" T="118416438" />
  <Point X="104" Y="149" T="118416446" />
  <Point X="107" Y="149" T="118416455" />
  <Point X="110" Y="151" T="118416464" />
  <Point X="113" Y="151" T="118416473" />
  <Point X="115" Y="152" T="118416482" />
  <Point X="117" Y="154" T="118416492" />
  <Point X="118" Y="157" T="118416501" />
  <Point X="118" Y="159" T="118416511" />
  <Point X="118" Y="164" T="118416521" />
  <Point X="117" Y="167" T="118416532" />
  <Point X="116" Y="170" T="118416542" />
  <Point X="113" Y="175" T="118416553" />
  <Point X="111" Y="179" T="118416564" />
  <Point X="109" Y="181" T="118416576" />
  <Point X="104" Y="186" T="118416587" />
  <Point X="102" Y="189" T="118416598" />
  <Point X="97" Y="192" T="118416611" />
  <Point X="95" Y="194" T="118416623" />
  <Point X="91" Y="199" T="118416635" />
  <Point X="89" Y="201" T="118416647" />
  <Point X="87" Y="203" T="118416661" />
  <Point X="87" Y="205" T="118416674" />
  <Point X="87" Y="207" T="118416687" />
  <Point X="88" Y="211" T="118416701" />
  <Point X="89" Y="213" T="118416714" />
  <Point X="90" Y="218" T="118416728" />
  <Point X="90" Y="221" T="118416730" />
  <Point X="91" Y="228" T="118416744" />
  <Point X="92" Y="236" T="118416759" />
</Gesture>