﻿<?xml version="1.0" encoding="utf-8" standalone="yes"?>
<Gesture Name="question_mark02" Subject="5" Speed="fast" Number="2" NumPts="53" Millseconds="551" AppName="Gestures" AppVer="3.7.0.0" Date="Friday, March 09, 2007" TimeOfDay="9:31:43 PM">
  <Point X="62" Y="189" T="118415003" />
  <Point X="62" Y="187" T="118415047" />
  <Point X="63" Y="185" T="118415055" />
  <Point X="65" Y="183" T="118415064" />
  <Point X="66" Y="179" T="118415071" />
  <Point X="69" Y="176" T="118415080" />
  <Point X="70" Y="174" T="118415086" />
  <Point X="73" Y="169" T="118415092" />
  <Point X="75" Y="166" T="118415099" />
  <Point X="78" Y="162" T="118415106" />
  <Point X="80" Y="160" T="118415112" />
  <Point X="83" Y="157" T="118415119" />
  <Point X="85" Y="154" T="118415121" />
  <Point X="89" Y="150" T="118415129" />
  <Point X="91" Y="149" T="118415137" />
  <Point X="94" Y="147" T="118415144" />
  <Point X="97" Y="146" T="118415153" />
  <Point X="100" Y="144" T="118415161" />
  <Point X="104" Y="142" T="118415170" />
  <Point X="106" Y="141" T="118415179" />
  <Point X="109" Y="141" T="118415188" />
  <Point X="112" Y="141" T="118415197" />
  <Point X="114" Y="141" T="118415198" />
  <Point X="117" Y="142" T="118415207" />
  <Point X="119" Y="145" T="118415217" />
  <Point X="121" Y="148" T="118415228" />
  <Point X="121" Y="153" T="118415238" />
  <Point X="121" Y="158" T="118415249" />
  <Point X="120" Y="161" T="118415260" />
  <Point X="118" Y="164" T="118415271" />
  <Point X="115" Y="171" T="118415282" />
  <Point X="113" Y="175" T="118415293" />
  <Point X="108" Y="182" T="118415305" />
  <Point X="106" Y="186" T="118415318" />
  <Point X="102" Y="190" T="118415330" />
  <Point X="100" Y="193" T="118415342" />
  <Point X="98" Y="194" T="118415354" />
  <Point X="95" Y="195" T="118415367" />
  <Point X="93" Y="196" T="118415380" />
  <Point X="91" Y="194" T="118415392" />
  <Point X="88" Y="194" T="118415393" />
  <Point X="86" Y="194" T="118415407" />
  <Point X="84" Y="193" T="118415430" />
  <Point X="84" Y="196" T="118415446" />
  <Point X="84" Y="198" T="118415462" />
  <Point X="85" Y="200" T="118415476" />
  <Point X="87" Y="208" T="118415491" />
  <Point X="88" Y="219" T="118415507" />
  <Point X="89" Y="223" T="118415521" />
  <Point X="89" Y="226" T="118415522" />
  <Point X="90" Y="230" T="118415538" />
  <Point X="90" Y="234" T="118415539" />
  <Point X="90" Y="237" T="118415554" />
</Gesture>