﻿<?xml version="1.0" encoding="utf-8" standalone="yes"?>
<Gesture Name="question_mark07" Subject="5" Speed="fast" Number="7" NumPts="51" Millseconds="529" AppName="Gestures" AppVer="3.7.0.0" Date="Friday, March 09, 2007" TimeOfDay="9:31:49 PM">
  <Point X="64" Y="184" T="118420986" />
  <Point X="64" Y="182" T="118420994" />
  <Point X="65" Y="180" T="118421002" />
  <Point X="66" Y="177" T="118421011" />
  <Point X="68" Y="175" T="118421018" />
  <Point X="70" Y="171" T="118421027" />
  <Point X="71" Y="169" T="118421033" />
  <Point X="73" Y="167" T="118421039" />
  <Point X="76" Y="163" T="118421046" />
  <Point X="79" Y="160" T="118421053" />
  <Point X="82" Y="158" T="118421059" />
  <Point X="85" Y="154" T="118421068" />
  <Point X="88" Y="151" T="118421076" />
  <Point X="90" Y="149" T="118421084" />
  <Point X="93" Y="148" T="118421093" />
  <Point X="96" Y="146" T="118421101" />
  <Point X="98" Y="145" T="118421109" />
  <Point X="101" Y="144" T="118421117" />
  <Point X="104" Y="142" T="118421125" />
  <Point X="106" Y="143" T="118421134" />
  <Point X="108" Y="144" T="118421143" />
  <Point X="110" Y="144" T="118421153" />
  <Point X="111" Y="146" T="118421162" />
  <Point X="114" Y="148" T="118421172" />
  <Point X="115" Y="150" T="118421182" />
  <Point X="117" Y="152" T="118421192" />
  <Point X="118" Y="154" T="118421203" />
  <Point X="118" Y="158" T="118421213" />
  <Point X="118" Y="161" T="118421224" />
  <Point X="118" Y="165" T="118421235" />
  <Point X="118" Y="167" T="118421246" />
  <Point X="115" Y="172" T="118421257" />
  <Point X="113" Y="174" T="118421269" />
  <Point X="111" Y="176" T="118421280" />
  <Point X="106" Y="181" T="118421292" />
  <Point X="103" Y="183" T="118421305" />
  <Point X="99" Y="186" T="118421317" />
  <Point X="96" Y="188" T="118421330" />
  <Point X="94" Y="189" T="118421343" />
  <Point X="92" Y="190" T="118421356" />
  <Point X="91" Y="192" T="118421388" />
  <Point X="91" Y="195" T="118421408" />
  <Point X="91" Y="197" T="118421421" />
  <Point X="91" Y="204" T="118421435" />
  <Point X="91" Y="206" T="118421437" />
  <Point X="91" Y="212" T="118421451" />
  <Point X="91" Y="215" T="118421452" />
  <Point X="91" Y="221" T="118421467" />
  <Point X="89" Y="228" T="118421482" />
  <Point X="89" Y="235" T="118421497" />
  <Point X="89" Y="242" T="118421515" />
</Gesture>