﻿<?xml version="1.0" encoding="utf-8" standalone="yes"?>
<Gesture Name="question_mark04" Subject="5" Speed="fast" Number="4" NumPts="56" Millseconds="572" AppName="Gestures" AppVer="3.7.0.0" Date="Friday, March 09, 2007" TimeOfDay="9:31:45 PM">
  <Point X="69" Y="185" T="118417427" />
  <Point X="70" Y="183" T="118417435" />
  <Point X="71" Y="179" T="118417443" />
  <Point X="74" Y="176" T="118417452" />
  <Point X="77" Y="172" T="118417459" />
  <Point X="78" Y="170" T="118417465" />
  <Point X="81" Y="168" T="118417472" />
  <Point X="84" Y="164" T="118417479" />
  <Point X="86" Y="161" T="118417487" />
  <Point X="89" Y="157" T="118417495" />
  <Point X="92" Y="155" T="118417503" />
  <Point X="95" Y="153" T="118417511" />
  <Point X="98" Y="150" T="118417519" />
  <Point X="102" Y="148" T="118417528" />
  <Point X="105" Y="147" T="118417535" />
  <Point X="108" Y="147" T="118417544" />
  <Point X="110" Y="145" T="118417552" />
  <Point X="113" Y="145" T="118417560" />
  <Point X="116" Y="146" T="118417569" />
  <Point X="119" Y="146" T="118417577" />
  <Point X="121" Y="148" T="118417586" />
  <Point X="124" Y="149" T="118417596" />
  <Point X="126" Y="150" T="118417605" />
  <Point X="128" Y="152" T="118417615" />
  <Point X="129" Y="154" T="118417616" />
  <Point X="131" Y="157" T="118417626" />
  <Point X="131" Y="160" T="118417637" />
  <Point X="132" Y="166" T="118417649" />
  <Point X="132" Y="169" T="118417659" />
  <Point X="131" Y="171" T="118417660" />
  <Point X="131" Y="173" T="118417672" />
  <Point X="130" Y="175" T="118417673" />
  <Point X="129" Y="180" T="118417684" />
  <Point X="126" Y="185" T="118417696" />
  <Point X="124" Y="190" T="118417708" />
  <Point X="122" Y="195" T="118417721" />
  <Point X="120" Y="198" T="118417733" />
  <Point X="117" Y="203" T="118417746" />
  <Point X="115" Y="205" T="118417759" />
  <Point X="113" Y="206" T="118417772" />
  <Point X="112" Y="208" T="118417773" />
  <Point X="109" Y="210" T="118417786" />
  <Point X="104" Y="211" T="118417800" />
  <Point X="102" Y="211" T="118417814" />
  <Point X="98" Y="212" T="118417828" />
  <Point X="95" Y="213" T="118417843" />
  <Point X="93" Y="214" T="118417857" />
  <Point X="90" Y="214" T="118417872" />
  <Point X="88" Y="215" T="118417887" />
  <Point X="87" Y="217" T="118417902" />
  <Point X="85" Y="222" T="118417918" />
  <Point X="85" Y="227" T="118417934" />
  <Point X="86" Y="232" T="118417950" />
  <Point X="87" Y="241" T="118417966" />
  <Point X="87" Y="245" T="118417982" />
  <Point X="87" Y="253" T="118417999" />
</Gesture>