﻿<?xml version="1.0" encoding="utf-8" standalone="yes"?>
<Gesture Name="question_mark06" Subject="5" Speed="fast" Number="6" NumPts="51" Millseconds="525" AppName="Gestures" AppVer="3.7.0.0" Date="Friday, March 09, 2007" TimeOfDay="9:31:48 PM">
  <Point X="64" Y="186" T="118419815" />
  <Point X="65" Y="184" T="118419827" />
  <Point X="67" Y="182" T="118419835" />
  <Point X="68" Y="178" T="118419844" />
  <Point X="70" Y="175" T="118419851" />
  <Point X="72" Y="172" T="118419859" />
  <Point X="74" Y="169" T="118419867" />
  <Point X="75" Y="167" T="118419873" />
  <Point X="78" Y="162" T="118419880" />
  <Point X="80" Y="159" T="118419888" />
  <Point X="82" Y="156" T="118419895" />
  <Point X="83" Y="154" T="118419903" />
  <Point X="86" Y="151" T="118419911" />
  <Point X="87" Y="149" T="118419920" />
  <Point X="90" Y="147" T="118419932" />
  <Point X="92" Y="145" T="118419941" />
  <Point X="95" Y="143" T="118419949" />
  <Point X="97" Y="142" T="118419957" />
  <Point X="99" Y="141" T="118419966" />
  <Point X="101" Y="141" T="118419975" />
  <Point X="104" Y="142" T="118419984" />
  <Point X="106" Y="142" T="118419993" />
  <Point X="108" Y="143" T="118420002" />
  <Point X="113" Y="148" T="118420012" />
  <Point X="116" Y="150" T="118420024" />
  <Point X="117" Y="152" T="118420034" />
  <Point X="118" Y="156" T="118420045" />
  <Point X="119" Y="158" T="118420056" />
  <Point X="119" Y="160" T="118420057" />
  <Point X="119" Y="163" T="118420068" />
  <Point X="119" Y="165" T="118420080" />
  <Point X="118" Y="168" T="118420081" />
  <Point X="117" Y="170" T="118420093" />
  <Point X="114" Y="176" T="118420105" />
  <Point X="111" Y="178" T="118420116" />
  <Point X="109" Y="180" T="118420129" />
  <Point X="107" Y="182" T="118420141" />
  <Point X="102" Y="185" T="118420154" />
  <Point X="100" Y="186" T="118420167" />
  <Point X="95" Y="188" T="118420180" />
  <Point X="90" Y="191" T="118420193" />
  <Point X="87" Y="193" T="118420207" />
  <Point X="85" Y="194" T="118420221" />
  <Point X="84" Y="196" T="118420235" />
  <Point X="83" Y="198" T="118420249" />
  <Point X="83" Y="200" T="118420264" />
  <Point X="84" Y="203" T="118420280" />
  <Point X="84" Y="205" T="118420295" />
  <Point X="83" Y="210" T="118420310" />
  <Point X="82" Y="213" T="118420325" />
  <Point X="82" Y="217" T="118420340" />
</Gesture>