﻿<?xml version="1.0" encoding="utf-8" standalone="yes"?>
<Gesture Name="question_mark05" Subject="5" Speed="fast" Number="5" NumPts="54" Millseconds="578" AppName="Gestures" AppVer="3.7.0.0" Date="Friday, March 09, 2007" TimeOfDay="9:31:46 PM">
  <Point X="68" Y="191" T="118418651" />
  <Point X="68" Y="189" T="118418665" />
  <Point X="68" Y="187" T="118418681" />
  <Point X="69" Y="183" T="118418690" />
  <Point X="70" Y="180" T="118418697" />
  <Point X="72" Y="178" T="118418706" />
  <Point X="74" Y="175" T="118418712" />
  <Point X="76" Y="171" T="118418718" />
  <Point X="78" Y="169" T="118418725" />
  <Point X="79" Y="167" T="118418731" />
  <Point X="83" Y="162" T="118418738" />
  <Point X="85" Y="159" T="118418745" />
  <Point X="88" Y="157" T="118418753" />
  <Point X="91" Y="154" T="118418760" />
  <Point X="94" Y="151" T="118418768" />
  <Point X="98" Y="149" T="118418776" />
  <Point X="101" Y="147" T="118418784" />
  <Point X="104" Y="146" T="118418792" />
  <Point X="107" Y="144" T="118418801" />
  <Point X="110" Y="144" T="118418809" />
  <Point X="113" Y="144" T="118418818" />
  <Point X="116" Y="144" T="118418828" />
  <Point X="118" Y="146" T="118418837" />
  <Point X="122" Y="149" T="118418847" />
  <Point X="124" Y="152" T="118418857" />
  <Point X="125" Y="155" T="118418867" />
  <Point X="126" Y="158" T="118418877" />
  <Point X="126" Y="161" T="118418879" />
  <Point X="127" Y="165" T="118418889" />
  <Point X="127" Y="167" T="118418900" />
  <Point X="127" Y="173" T="118418911" />
  <Point X="126" Y="180" T="118418923" />
  <Point X="125" Y="183" T="118418934" />
  <Point X="123" Y="190" T="118418946" />
  <Point X="121" Y="197" T="118418958" />
  <Point X="120" Y="201" T="118418971" />
  <Point X="116" Y="208" T="118418983" />
  <Point X="114" Y="213" T="118418996" />
  <Point X="112" Y="216" T="118419009" />
  <Point X="108" Y="222" T="118419022" />
  <Point X="106" Y="223" T="118419035" />
  <Point X="104" Y="224" T="118419049" />
  <Point X="99" Y="225" T="118419063" />
  <Point X="97" Y="226" T="118419076" />
  <Point X="95" Y="227" T="118419090" />
  <Point X="93" Y="227" T="118419104" />
  <Point X="92" Y="230" T="118419119" />
  <Point X="90" Y="232" T="118419133" />
  <Point X="89" Y="234" T="118419149" />
  <Point X="89" Y="239" T="118419164" />
  <Point X="89" Y="242" T="118419179" />
  <Point X="89" Y="247" T="118419194" />
  <Point X="90" Y="251" T="118419213" />
  <Point X="91" Y="253" T="118419229" />
</Gesture>