﻿<?xml version="1.0" encoding="utf-8" standalone="yes"?>
<Gesture Name="rectangle07" Subject="5" Speed="fast" Number="7" NumPts="67" Millseconds="743" AppName="Gestures" AppVer="3.7.0.0" Date="Friday, March 09, 2007" TimeOfDay="9:56:25 PM">
  <Point X="96" Y="137" T="119900474" />
  <Point X="95" Y="139" T="119900486" />
  <Point X="95" Y="142" T="119900502" />
  <Point X="95" Y="145" T="119900507" />
  <Point X="95" Y="148" T="119900514" />
  <Point X="95" Y="153" T="119900522" />
  <Point X="96" Y="157" T="119900528" />
  <Point X="96" Y="164" T="119900534" />
  <Point X="96" Y="168" T="119900541" />
  <Point X="96" Y="176" T="119900547" />
  <Point X="97" Y="183" T="119900554" />
  <Point X="97" Y="187" T="119900561" />
  <Point X="97" Y="191" T="119900563" />
  <Point X="97" Y="195" T="119900570" />
  <Point X="97" Y="199" T="119900571" />
  <Point X="97" Y="205" T="119900579" />
  <Point X="97" Y="211" T="119900587" />
  <Point X="97" Y="215" T="119900595" />
  <Point X="97" Y="217" T="119900603" />
  <Point X="97" Y="220" T="119900612" />
  <Point X="98" Y="222" T="119900622" />
  <Point X="100" Y="222" T="119900643" />
  <Point X="102" Y="222" T="119900655" />
  <Point X="105" Y="219" T="119900667" />
  <Point X="107" Y="218" T="119900677" />
  <Point X="110" Y="216" T="119900686" />
  <Point X="113" Y="215" T="119900697" />
  <Point X="121" Y="212" T="119900707" />
  <Point X="125" Y="211" T="119900718" />
  <Point X="127" Y="211" T="119900719" />
  <Point X="131" Y="211" T="119900730" />
  <Point X="133" Y="211" T="119900731" />
  <Point X="140" Y="209" T="119900744" />
  <Point X="146" Y="207" T="119900756" />
  <Point X="152" Y="208" T="119900768" />
  <Point X="155" Y="207" T="119900780" />
  <Point X="161" Y="204" T="119900792" />
  <Point X="164" Y="203" T="119900805" />
  <Point X="166" Y="203" T="119900817" />
  <Point X="168" Y="201" T="119900830" />
  <Point X="170" Y="199" T="119900843" />
  <Point X="170" Y="196" T="119900856" />
  <Point X="170" Y="194" T="119900870" />
  <Point X="169" Y="190" T="119900871" />
  <Point X="169" Y="187" T="119900885" />
  <Point X="167" Y="180" T="119900900" />
  <Point X="166" Y="172" T="119900914" />
  <Point X="166" Y="170" T="119900915" />
  <Point X="166" Y="164" T="119900931" />
  <Point X="166" Y="161" T="119900932" />
  <Point X="166" Y="153" T="119900947" />
  <Point X="167" Y="144" T="119900963" />
  <Point X="167" Y="140" T="119900979" />
  <Point X="167" Y="137" T="119900995" />
  <Point X="166" Y="135" T="119901011" />
  <Point X="166" Y="133" T="119901027" />
  <Point X="164" Y="132" T="119901056" />
  <Point X="161" Y="132" T="119901072" />
  <Point X="159" Y="133" T="119901089" />
  <Point X="157" Y="133" T="119901106" />
  <Point X="152" Y="134" T="119901123" />
  <Point X="150" Y="134" T="119901124" />
  <Point X="143" Y="135" T="119901142" />
  <Point X="133" Y="136" T="119901161" />
  <Point X="125" Y="139" T="119901180" />
  <Point X="118" Y="141" T="119901198" />
  <Point X="110" Y="143" T="119901217" />
</Gesture>