﻿<?xml version="1.0" encoding="utf-8" standalone="yes"?>
<Gesture Name="rectangle06" Subject="5" Speed="fast" Number="6" NumPts="63" Millseconds="763" AppName="Gestures" AppVer="3.7.0.0" Date="Friday, March 09, 2007" TimeOfDay="9:56:24 PM">
  <Point X="99" Y="140" T="119899400" />
  <Point X="99" Y="142" T="119899416" />
  <Point X="98" Y="146" T="119899428" />
  <Point X="98" Y="149" T="119899435" />
  <Point X="98" Y="153" T="119899443" />
  <Point X="98" Y="155" T="119899449" />
  <Point X="98" Y="160" T="119899455" />
  <Point X="98" Y="163" T="119899462" />
  <Point X="98" Y="168" T="119899468" />
  <Point X="98" Y="175" T="119899475" />
  <Point X="98" Y="178" T="119899482" />
  <Point X="98" Y="180" T="119899483" />
  <Point X="98" Y="183" T="119899491" />
  <Point X="98" Y="186" T="119899492" />
  <Point X="98" Y="192" T="119899500" />
  <Point X="98" Y="198" T="119899508" />
  <Point X="98" Y="203" T="119899516" />
  <Point X="98" Y="208" T="119899524" />
  <Point X="97" Y="210" T="119899533" />
  <Point X="98" Y="212" T="119899542" />
  <Point X="98" Y="214" T="119899550" />
  <Point X="99" Y="217" T="119899560" />
  <Point X="101" Y="218" T="119899575" />
  <Point X="104" Y="217" T="119899588" />
  <Point X="106" Y="217" T="119899598" />
  <Point X="108" Y="215" T="119899609" />
  <Point X="111" Y="214" T="119899619" />
  <Point X="114" Y="213" T="119899629" />
  <Point X="121" Y="211" T="119899640" />
  <Point X="125" Y="210" T="119899651" />
  <Point X="127" Y="209" T="119899652" />
  <Point X="133" Y="208" T="119899665" />
  <Point X="139" Y="208" T="119899677" />
  <Point X="154" Y="205" T="119899710" />
  <Point X="161" Y="203" T="119899722" />
  <Point X="164" Y="202" T="119899735" />
  <Point X="169" Y="200" T="119899748" />
  <Point X="171" Y="199" T="119899761" />
  <Point X="174" Y="198" T="119899774" />
  <Point X="176" Y="195" T="119899787" />
  <Point X="177" Y="192" T="119899801" />
  <Point X="177" Y="189" T="119899814" />
  <Point X="176" Y="184" T="119899828" />
  <Point X="174" Y="177" T="119899842" />
  <Point X="173" Y="172" T="119899857" />
  <Point X="171" Y="165" T="119899871" />
  <Point X="171" Y="159" T="119899886" />
  <Point X="171" Y="154" T="119899900" />
  <Point X="171" Y="151" T="119899915" />
  <Point X="171" Y="149" T="119899930" />
  <Point X="171" Y="146" T="119899945" />
  <Point X="172" Y="144" T="119899960" />
  <Point X="172" Y="141" T="119899976" />
  <Point X="173" Y="139" T="119899992" />
  <Point X="170" Y="139" T="119900040" />
  <Point X="168" Y="139" T="119900056" />
  <Point X="163" Y="140" T="119900073" />
  <Point X="155" Y="142" T="119900090" />
  <Point X="146" Y="144" T="119900107" />
  <Point X="144" Y="143" T="119900108" />
  <Point X="135" Y="144" T="119900127" />
  <Point X="125" Y="145" T="119900145" />
  <Point X="120" Y="147" T="119900163" />
</Gesture>