﻿<?xml version="1.0" encoding="utf-8" standalone="yes"?>
<Gesture Name="rectangle02" Subject="5" Speed="fast" Number="2" NumPts="70" Millseconds="800" AppName="Gestures" AppVer="3.7.0.0" Date="Friday, March 09, 2007" TimeOfDay="9:56:20 PM">
  <Point X="92" Y="140" T="119894748" />
  <Point X="93" Y="143" T="119894788" />
  <Point X="94" Y="145" T="119894796" />
  <Point X="94" Y="148" T="119894805" />
  <Point X="94" Y="150" T="119894813" />
  <Point X="94" Y="152" T="119894819" />
  <Point X="94" Y="155" T="119894825" />
  <Point X="94" Y="157" T="119894826" />
  <Point X="95" Y="160" T="119894832" />
  <Point X="95" Y="167" T="119894839" />
  <Point X="95" Y="173" T="119894846" />
  <Point X="95" Y="176" T="119894853" />
  <Point X="95" Y="180" T="119894854" />
  <Point X="95" Y="188" T="119894861" />
  <Point X="94" Y="191" T="119894869" />
  <Point X="94" Y="195" T="119894870" />
  <Point X="94" Y="202" T="119894878" />
  <Point X="94" Y="208" T="119894887" />
  <Point X="94" Y="214" T="119894895" />
  <Point X="94" Y="218" T="119894904" />
  <Point X="94" Y="220" T="119894905" />
  <Point X="95" Y="223" T="119894914" />
  <Point X="96" Y="225" T="119894924" />
  <Point X="98" Y="226" T="119894942" />
  <Point X="100" Y="226" T="119894953" />
  <Point X="103" Y="226" T="119894965" />
  <Point X="105" Y="225" T="119894975" />
  <Point X="108" Y="223" T="119894986" />
  <Point X="113" Y="223" T="119894997" />
  <Point X="115" Y="222" T="119894998" />
  <Point X="122" Y="219" T="119895009" />
  <Point X="129" Y="219" T="119895021" />
  <Point X="134" Y="217" T="119895033" />
  <Point X="137" Y="218" T="119895034" />
  <Point X="145" Y="216" T="119895046" />
  <Point X="153" Y="216" T="119895058" />
  <Point X="161" Y="217" T="119895071" />
  <Point X="169" Y="216" T="119895084" />
  <Point X="171" Y="216" T="119895085" />
  <Point X="178" Y="216" T="119895099" />
  <Point X="181" Y="215" T="119895112" />
  <Point X="186" Y="215" T="119895126" />
  <Point X="188" Y="214" T="119895139" />
  <Point X="189" Y="211" T="119895153" />
  <Point X="189" Y="209" T="119895167" />
  <Point X="189" Y="201" T="119895182" />
  <Point X="188" Y="199" T="119895196" />
  <Point X="187" Y="191" T="119895211" />
  <Point X="186" Y="178" T="119895226" />
  <Point X="185" Y="169" T="119895242" />
  <Point X="185" Y="165" T="119895257" />
  <Point X="185" Y="161" T="119895258" />
  <Point X="184" Y="156" T="119895276" />
  <Point X="184" Y="151" T="119895292" />
  <Point X="184" Y="149" T="119895308" />
  <Point X="184" Y="146" T="119895309" />
  <Point X="183" Y="142" T="119895326" />
  <Point X="183" Y="139" T="119895343" />
  <Point X="182" Y="137" T="119895373" />
  <Point X="179" Y="135" T="119895397" />
  <Point X="177" Y="134" T="119895414" />
  <Point X="173" Y="132" T="119895432" />
  <Point X="162" Y="130" T="119895450" />
  <Point X="153" Y="130" T="119895468" />
  <Point X="150" Y="131" T="119895469" />
  <Point X="139" Y="134" T="119895488" />
  <Point X="136" Y="135" T="119895489" />
  <Point X="125" Y="138" T="119895510" />
  <Point X="120" Y="141" T="119895529" />
  <Point X="117" Y="141" T="119895548" />
</Gesture>