﻿<?xml version="1.0" encoding="utf-8" standalone="yes"?>
<Gesture Name="rectangle09" Subject="5" Speed="fast" Number="9" NumPts="57" Millseconds="678" AppName="Gestures" AppVer="3.7.0.0" Date="Friday, March 09, 2007" TimeOfDay="9:56:27 PM">
  <Point X="101" Y="139" T="119902634" />
  <Point X="100" Y="142" T="119902642" />
  <Point X="100" Y="145" T="119902647" />
  <Point X="100" Y="148" T="119902652" />
  <Point X="100" Y="155" T="119902658" />
  <Point X="100" Y="159" T="119902664" />
  <Point X="101" Y="164" T="119902670" />
  <Point X="101" Y="168" T="119902671" />
  <Point X="101" Y="173" T="119902677" />
  <Point X="101" Y="177" T="119902678" />
  <Point X="102" Y="181" T="119902685" />
  <Point X="102" Y="189" T="119902692" />
  <Point X="102" Y="197" T="119902700" />
  <Point X="103" Y="203" T="119902707" />
  <Point X="103" Y="205" T="119902715" />
  <Point X="103" Y="209" T="119902723" />
  <Point X="103" Y="211" T="119902731" />
  <Point X="104" Y="214" T="119902739" />
  <Point X="106" Y="215" T="119902754" />
  <Point X="108" Y="214" T="119902767" />
  <Point X="110" Y="212" T="119902776" />
  <Point X="113" Y="210" T="119902786" />
  <Point X="116" Y="208" T="119902795" />
  <Point X="119" Y="205" T="119902806" />
  <Point X="123" Y="203" T="119902807" />
  <Point X="127" Y="201" T="119902818" />
  <Point X="133" Y="199" T="119902829" />
  <Point X="138" Y="199" T="119902840" />
  <Point X="144" Y="196" T="119902852" />
  <Point X="148" Y="196" T="119902863" />
  <Point X="151" Y="195" T="119902874" />
  <Point X="157" Y="192" T="119902885" />
  <Point X="159" Y="192" T="119902897" />
  <Point X="161" Y="192" T="119902909" />
  <Point X="166" Y="190" T="119902921" />
  <Point X="168" Y="190" T="119902935" />
  <Point X="169" Y="188" T="119902971" />
  <Point X="169" Y="186" T="119902988" />
  <Point X="169" Y="183" T="119903001" />
  <Point X="167" Y="178" T="119903014" />
  <Point X="166" Y="172" T="119903027" />
  <Point X="165" Y="169" T="119903028" />
  <Point X="164" Y="164" T="119903042" />
  <Point X="162" Y="155" T="119903057" />
  <Point X="161" Y="147" T="119903071" />
  <Point X="161" Y="141" T="119903086" />
  <Point X="161" Y="138" T="119903100" />
  <Point X="161" Y="134" T="119903115" />
  <Point X="162" Y="132" T="119903130" />
  <Point X="162" Y="129" T="119903145" />
  <Point X="160" Y="129" T="119903209" />
  <Point X="158" Y="129" T="119903225" />
  <Point X="152" Y="130" T="119903243" />
  <Point X="143" Y="131" T="119903262" />
  <Point X="138" Y="132" T="119903279" />
  <Point X="128" Y="136" T="119903295" />
  <Point X="122" Y="139" T="119903312" />
</Gesture>