﻿<?xml version="1.0" encoding="utf-8" standalone="yes"?>
<Gesture Name="rectangle08" Subject="5" Speed="fast" Number="8" NumPts="67" Millseconds="760" AppName="Gestures" AppVer="3.7.0.0" Date="Friday, March 09, 2007" TimeOfDay="9:56:26 PM">
  <Point X="93" Y="131" T="119901550" />
  <Point X="92" Y="133" T="119901562" />
  <Point X="92" Y="136" T="119901570" />
  <Point X="92" Y="138" T="119901575" />
  <Point X="92" Y="142" T="119901582" />
  <Point X="93" Y="144" T="119901588" />
  <Point X="93" Y="151" T="119901595" />
  <Point X="93" Y="154" T="119901601" />
  <Point X="93" Y="163" T="119901607" />
  <Point X="93" Y="172" T="119901614" />
  <Point X="93" Y="177" T="119901621" />
  <Point X="93" Y="189" T="119901628" />
  <Point X="94" Y="197" T="119901635" />
  <Point X="94" Y="205" T="119901643" />
  <Point X="94" Y="211" T="119901651" />
  <Point X="95" Y="217" T="119901659" />
  <Point X="95" Y="219" T="119901667" />
  <Point X="96" Y="222" T="119901675" />
  <Point X="96" Y="225" T="119901684" />
  <Point X="98" Y="226" T="119901702" />
  <Point X="99" Y="224" T="119901711" />
  <Point X="101" Y="221" T="119901720" />
  <Point X="102" Y="219" T="119901729" />
  <Point X="105" Y="216" T="119901739" />
  <Point X="107" Y="213" T="119901748" />
  <Point X="113" Y="209" T="119901759" />
  <Point X="115" Y="208" T="119901769" />
  <Point X="123" Y="205" T="119901779" />
  <Point X="129" Y="204" T="119901791" />
  <Point X="133" Y="204" T="119901801" />
  <Point X="136" Y="203" T="119901813" />
  <Point X="140" Y="203" T="119901814" />
  <Point X="143" Y="203" T="119901826" />
  <Point X="147" Y="202" T="119901837" />
  <Point X="150" Y="200" T="119901838" />
  <Point X="153" Y="200" T="119901851" />
  <Point X="158" Y="198" T="119901863" />
  <Point X="160" Y="196" T="119901875" />
  <Point X="162" Y="196" T="119901888" />
  <Point X="164" Y="194" T="119901901" />
  <Point X="165" Y="192" T="119901918" />
  <Point X="165" Y="190" T="119901938" />
  <Point X="165" Y="188" T="119901952" />
  <Point X="164" Y="185" T="119901965" />
  <Point X="163" Y="182" T="119901966" />
  <Point X="161" Y="179" T="119901981" />
  <Point X="159" Y="171" T="119901996" />
  <Point X="157" Y="161" T="119902011" />
  <Point X="157" Y="152" T="119902027" />
  <Point X="157" Y="145" T="119902043" />
  <Point X="158" Y="139" T="119902058" />
  <Point X="158" Y="136" T="119902074" />
  <Point X="158" Y="133" T="119902075" />
  <Point X="158" Y="131" T="119902090" />
  <Point X="159" Y="129" T="119902107" />
  <Point X="156" Y="128" T="119902166" />
  <Point X="154" Y="128" T="119902182" />
  <Point X="152" Y="128" T="119902199" />
  <Point X="148" Y="128" T="119902216" />
  <Point X="141" Y="129" T="119902233" />
  <Point X="138" Y="129" T="119902235" />
  <Point X="130" Y="130" T="119902253" />
  <Point X="122" Y="132" T="119902271" />
  <Point X="114" Y="133" T="119902289" />
  <Point X="111" Y="133" T="119902290" />
  <Point X="108" Y="134" T="119902309" />
  <Point X="106" Y="134" T="119902310" />
</Gesture>