﻿<?xml version="1.0" encoding="utf-8" standalone="yes"?>
<Gesture Name="rectangle05" Subject="5" Speed="fast" Number="5" NumPts="67" Millseconds="794" AppName="Gestures" AppVer="3.7.0.0" Date="Friday, March 09, 2007" TimeOfDay="9:56:23 PM">
  <Point X="98" Y="150" T="119898282" />
  <Point X="97" Y="152" T="119898307" />
  <Point X="98" Y="154" T="119898312" />
  <Point X="98" Y="157" T="119898319" />
  <Point X="98" Y="162" T="119898328" />
  <Point X="99" Y="164" T="119898336" />
  <Point X="99" Y="170" T="119898342" />
  <Point X="99" Y="173" T="119898348" />
  <Point X="99" Y="178" T="119898354" />
  <Point X="100" Y="185" T="119898361" />
  <Point X="99" Y="189" T="119898368" />
  <Point X="99" Y="191" T="119898369" />
  <Point X="99" Y="195" T="119898376" />
  <Point X="99" Y="199" T="119898378" />
  <Point X="99" Y="207" T="119898385" />
  <Point X="99" Y="213" T="119898394" />
  <Point X="99" Y="218" T="119898402" />
  <Point X="98" Y="222" T="119898410" />
  <Point X="98" Y="225" T="119898419" />
  <Point X="99" Y="228" T="119898428" />
  <Point X="99" Y="230" T="119898439" />
  <Point X="101" Y="230" T="119898451" />
  <Point X="103" Y="227" T="119898460" />
  <Point X="105" Y="225" T="119898470" />
  <Point X="108" Y="224" T="119898480" />
  <Point X="110" Y="222" T="119898490" />
  <Point X="117" Y="219" T="119898500" />
  <Point X="121" Y="218" T="119898511" />
  <Point X="123" Y="217" T="119898512" />
  <Point X="126" Y="215" T="119898523" />
  <Point X="128" Y="214" T="119898524" />
  <Point X="134" Y="213" T="119898535" />
  <Point X="140" Y="214" T="119898547" />
  <Point X="147" Y="211" T="119898560" />
  <Point X="153" Y="211" T="119898572" />
  <Point X="159" Y="210" T="119898584" />
  <Point X="165" Y="210" T="119898597" />
  <Point X="169" Y="210" T="119898610" />
  <Point X="175" Y="210" T="119898623" />
  <Point X="179" Y="209" T="119898636" />
  <Point X="181" Y="209" T="119898650" />
  <Point X="184" Y="208" T="119898663" />
  <Point X="186" Y="206" T="119898677" />
  <Point X="187" Y="204" T="119898694" />
  <Point X="186" Y="201" T="119898708" />
  <Point X="184" Y="196" T="119898723" />
  <Point X="181" Y="190" T="119898737" />
  <Point X="178" Y="180" T="119898752" />
  <Point X="175" Y="169" T="119898768" />
  <Point X="173" Y="158" T="119898784" />
  <Point X="173" Y="147" T="119898805" />
  <Point X="174" Y="143" T="119898821" />
  <Point X="174" Y="141" T="119898836" />
  <Point X="174" Y="139" T="119898852" />
  <Point X="172" Y="140" T="119898895" />
  <Point X="170" Y="140" T="119898913" />
  <Point X="168" Y="141" T="119898929" />
  <Point X="163" Y="143" T="119898946" />
  <Point X="157" Y="143" T="119898964" />
  <Point X="149" Y="145" T="119898981" />
  <Point X="141" Y="146" T="119898999" />
  <Point X="139" Y="146" T="119899000" />
  <Point X="130" Y="149" T="119899018" />
  <Point X="128" Y="149" T="119899020" />
  <Point X="120" Y="150" T="119899038" />
  <Point X="115" Y="150" T="119899057" />
  <Point X="113" Y="151" T="119899076" />
</Gesture>