﻿<?xml version="1.0" encoding="utf-8" standalone="yes"?>
<Gesture Name="rectangle04" Subject="5" Speed="fast" Number="4" NumPts="72" Millseconds="888" AppName="Gestures" AppVer="3.7.0.0" Date="Friday, March 09, 2007" TimeOfDay="9:56:22 PM">
  <Point X="94" Y="136" T="119896994" />
  <Point X="95" Y="138" T="119897031" />
  <Point X="95" Y="140" T="119897039" />
  <Point X="95" Y="143" T="119897048" />
  <Point X="95" Y="145" T="119897053" />
  <Point X="95" Y="148" T="119897059" />
  <Point X="95" Y="151" T="119897060" />
  <Point X="96" Y="153" T="119897066" />
  <Point X="96" Y="159" T="119897073" />
  <Point X="96" Y="163" T="119897079" />
  <Point X="96" Y="166" T="119897080" />
  <Point X="96" Y="170" T="119897087" />
  <Point X="96" Y="174" T="119897088" />
  <Point X="95" Y="179" T="119897096" />
  <Point X="95" Y="183" T="119897097" />
  <Point X="95" Y="190" T="119897105" />
  <Point X="94" Y="196" T="119897113" />
  <Point X="94" Y="202" T="119897121" />
  <Point X="94" Y="208" T="119897130" />
  <Point X="94" Y="213" T="119897139" />
  <Point X="94" Y="217" T="119897148" />
  <Point X="94" Y="220" T="119897158" />
  <Point X="94" Y="222" T="119897167" />
  <Point X="96" Y="223" T="119897192" />
  <Point X="98" Y="221" T="119897204" />
  <Point X="101" Y="219" T="119897216" />
  <Point X="104" Y="218" T="119897226" />
  <Point X="106" Y="217" T="119897237" />
  <Point X="112" Y="215" T="119897247" />
  <Point X="114" Y="215" T="119897249" />
  <Point X="121" Y="214" T="119897260" />
  <Point X="128" Y="213" T="119897272" />
  <Point X="135" Y="212" T="119897284" />
  <Point X="142" Y="211" T="119897297" />
  <Point X="149" Y="211" T="119897309" />
  <Point X="155" Y="211" T="119897321" />
  <Point X="159" Y="211" T="119897334" />
  <Point X="166" Y="210" T="119897347" />
  <Point X="169" Y="210" T="119897359" />
  <Point X="171" Y="210" T="119897361" />
  <Point X="174" Y="210" T="119897374" />
  <Point X="176" Y="210" T="119897388" />
  <Point X="176" Y="207" T="119897433" />
  <Point X="176" Y="205" T="119897447" />
  <Point X="174" Y="200" T="119897461" />
  <Point X="173" Y="197" T="119897476" />
  <Point X="172" Y="188" T="119897490" />
  <Point X="170" Y="180" T="119897505" />
  <Point X="170" Y="176" T="119897520" />
  <Point X="170" Y="172" T="119897521" />
  <Point X="169" Y="167" T="119897537" />
  <Point X="169" Y="165" T="119897538" />
  <Point X="169" Y="159" T="119897554" />
  <Point X="169" Y="152" T="119897570" />
  <Point X="170" Y="146" T="119897586" />
  <Point X="171" Y="143" T="119897602" />
  <Point X="171" Y="141" T="119897618" />
  <Point X="172" Y="138" T="119897635" />
  <Point X="172" Y="136" T="119897652" />
  <Point X="170" Y="135" T="119897689" />
  <Point X="168" Y="135" T="119897709" />
  <Point X="165" Y="134" T="119897726" />
  <Point X="160" Y="135" T="119897744" />
  <Point X="155" Y="136" T="119897763" />
  <Point X="145" Y="138" T="119897781" />
  <Point X="139" Y="138" T="119897800" />
  <Point X="135" Y="137" T="119897801" />
  <Point X="127" Y="138" T="119897821" />
  <Point X="119" Y="137" T="119897840" />
  <Point X="116" Y="137" T="119897842" />
  <Point X="110" Y="137" T="119897862" />
  <Point X="106" Y="137" T="119897882" />
</Gesture>