﻿<?xml version="1.0" encoding="utf-8" standalone="yes"?>
<Gesture Name="rectangle01" Subject="5" Speed="fast" Number="1" NumPts="75" Millseconds="948" AppName="Gestures" AppVer="3.7.0.0" Date="Friday, March 09, 2007" TimeOfDay="9:56:18 PM">
  <Point X="84" Y="145" T="119893400" />
  <Point X="84" Y="147" T="119893448" />
  <Point X="85" Y="150" T="119893456" />
  <Point X="85" Y="152" T="119893464" />
  <Point X="86" Y="155" T="119893473" />
  <Point X="86" Y="159" T="119893480" />
  <Point X="86" Y="163" T="119893487" />
  <Point X="87" Y="166" T="119893493" />
  <Point X="87" Y="171" T="119893500" />
  <Point X="87" Y="174" T="119893507" />
  <Point X="87" Y="177" T="119893508" />
  <Point X="87" Y="183" T="119893516" />
  <Point X="87" Y="189" T="119893523" />
  <Point X="87" Y="193" T="119893531" />
  <Point X="87" Y="196" T="119893532" />
  <Point X="86" Y="202" T="119893540" />
  <Point X="86" Y="208" T="119893549" />
  <Point X="85" Y="214" T="119893558" />
  <Point X="85" Y="219" T="119893566" />
  <Point X="85" Y="221" T="119893567" />
  <Point X="85" Y="225" T="119893577" />
  <Point X="85" Y="228" T="119893586" />
  <Point X="86" Y="231" T="119893597" />
  <Point X="86" Y="233" T="119893607" />
  <Point X="88" Y="236" T="119893619" />
  <Point X="91" Y="234" T="119893636" />
  <Point X="93" Y="233" T="119893648" />
  <Point X="95" Y="232" T="119893658" />
  <Point X="98" Y="230" T="119893669" />
  <Point X="103" Y="229" T="119893680" />
  <Point X="106" Y="228" T="119893691" />
  <Point X="109" Y="226" T="119893702" />
  <Point X="116" Y="226" T="119893714" />
  <Point X="122" Y="226" T="119893726" />
  <Point X="129" Y="226" T="119893738" />
  <Point X="131" Y="226" T="119893739" />
  <Point X="138" Y="226" T="119893752" />
  <Point X="144" Y="226" T="119893765" />
  <Point X="151" Y="227" T="119893778" />
  <Point X="160" Y="226" T="119893792" />
  <Point X="166" Y="226" T="119893805" />
  <Point X="170" Y="225" T="119893819" />
  <Point X="174" Y="225" T="119893820" />
  <Point X="177" Y="223" T="119893834" />
  <Point X="183" Y="222" T="119893849" />
  <Point X="185" Y="222" T="119893863" />
  <Point X="187" Y="222" T="119893864" />
  <Point X="189" Y="221" T="119893879" />
  <Point X="191" Y="218" T="119893911" />
  <Point X="192" Y="216" T="119893927" />
  <Point X="192" Y="214" T="119893942" />
  <Point X="192" Y="210" T="119893959" />
  <Point X="193" Y="208" T="119893974" />
  <Point X="193" Y="205" T="119893975" />
  <Point X="193" Y="200" T="119893992" />
  <Point X="193" Y="193" T="119894008" />
  <Point X="193" Y="184" T="119894025" />
  <Point X="192" Y="173" T="119894043" />
  <Point X="191" Y="165" T="119894060" />
  <Point X="190" Y="157" T="119894078" />
  <Point X="190" Y="152" T="119894095" />
  <Point X="190" Y="146" T="119894113" />
  <Point X="190" Y="144" T="119894131" />
  <Point X="190" Y="142" T="119894149" />
  <Point X="190" Y="139" T="119894167" />
  <Point X="188" Y="137" T="119894186" />
  <Point X="184" Y="137" T="119894204" />
  <Point X="178" Y="138" T="119894223" />
  <Point X="169" Y="138" T="119894243" />
  <Point X="159" Y="137" T="119894262" />
  <Point X="156" Y="138" T="119894263" />
  <Point X="145" Y="139" T="119894284" />
  <Point X="132" Y="141" T="119894305" />
  <Point X="121" Y="144" T="119894327" />
  <Point X="115" Y="144" T="119894348" />
</Gesture>