﻿<?xml version="1.0" encoding="utf-8" standalone="yes"?>
<Gesture Name="rectangle03" Subject="5" Speed="fast" Number="3" NumPts="67" Millseconds="811" AppName="Gestures" AppVer="3.7.0.0" Date="Friday, March 09, 2007" TimeOfDay="9:56:21 PM">
  <Point X="93" Y="145" T="119895861" />
  <Point X="93" Y="147" T="119895898" />
  <Point X="93" Y="150" T="119895911" />
  <Point X="93" Y="154" T="119895919" />
  <Point X="93" Y="156" T="119895925" />
  <Point X="93" Y="159" T="119895930" />
  <Point X="94" Y="161" T="119895931" />
  <Point X="94" Y="164" T="119895938" />
  <Point X="94" Y="170" T="119895944" />
  <Point X="94" Y="173" T="119895950" />
  <Point X="94" Y="176" T="119895952" />
  <Point X="94" Y="180" T="119895958" />
  <Point X="94" Y="183" T="119895960" />
  <Point X="94" Y="190" T="119895967" />
  <Point X="94" Y="195" T="119895975" />
  <Point X="94" Y="198" T="119895976" />
  <Point X="94" Y="205" T="119895984" />
  <Point X="94" Y="211" T="119895992" />
  <Point X="94" Y="216" T="119896001" />
  <Point X="94" Y="221" T="119896010" />
  <Point X="94" Y="224" T="119896019" />
  <Point X="94" Y="227" T="119896031" />
  <Point X="96" Y="228" T="119896055" />
  <Point X="97" Y="225" T="119896064" />
  <Point X="99" Y="223" T="119896074" />
  <Point X="101" Y="221" T="119896084" />
  <Point X="104" Y="220" T="119896094" />
  <Point X="107" Y="219" T="119896095" />
  <Point X="110" Y="219" T="119896106" />
  <Point X="112" Y="218" T="119896107" />
  <Point X="116" Y="218" T="119896118" />
  <Point X="122" Y="217" T="119896130" />
  <Point X="129" Y="219" T="119896142" />
  <Point X="136" Y="218" T="119896154" />
  <Point X="143" Y="218" T="119896166" />
  <Point X="145" Y="218" T="119896167" />
  <Point X="151" Y="218" T="119896180" />
  <Point X="158" Y="217" T="119896193" />
  <Point X="165" Y="215" T="119896206" />
  <Point X="173" Y="215" T="119896219" />
  <Point X="176" Y="215" T="119896232" />
  <Point X="182" Y="213" T="119896246" />
  <Point X="185" Y="210" T="119896261" />
  <Point X="187" Y="207" T="119896276" />
  <Point X="186" Y="204" T="119896291" />
  <Point X="185" Y="201" T="119896305" />
  <Point X="182" Y="196" T="119896320" />
  <Point X="179" Y="190" T="119896334" />
  <Point X="177" Y="187" T="119896335" />
  <Point X="175" Y="180" T="119896351" />
  <Point X="173" Y="168" T="119896367" />
  <Point X="173" Y="161" T="119896383" />
  <Point X="175" Y="151" T="119896402" />
  <Point X="176" Y="144" T="119896418" />
  <Point X="176" Y="142" T="119896433" />
  <Point X="177" Y="138" T="119896450" />
  <Point X="176" Y="135" T="119896467" />
  <Point X="175" Y="133" T="119896502" />
  <Point X="173" Y="133" T="119896526" />
  <Point X="171" Y="133" T="119896543" />
  <Point X="166" Y="135" T="119896560" />
  <Point X="160" Y="136" T="119896578" />
  <Point X="151" Y="137" T="119896596" />
  <Point X="141" Y="138" T="119896615" />
  <Point X="133" Y="139" T="119896634" />
  <Point X="127" Y="140" T="119896653" />
  <Point X="120" Y="141" T="119896672" />
</Gesture>