﻿<?xml version="1.0" encoding="utf-8" standalone="yes"?>
<Gesture Name="rectangle10" Subject="5" Speed="fast" Number="10" NumPts="60" Millseconds="662" AppName="Gestures" AppVer="3.7.0.0" Date="Friday, March 09, 2007" TimeOfDay="9:56:28 PM">
  <Point X="99" Y="135" T="119903641" />
  <Point X="98" Y="137" T="119903653" />
  <Point X="98" Y="140" T="119903661" />
  <Point X="99" Y="144" T="119903670" />
  <Point X="99" Y="147" T="119903677" />
  <Point X="99" Y="150" T="119903678" />
  <Point X="99" Y="154" T="119903685" />
  <Point X="100" Y="157" T="119903691" />
  <Point X="100" Y="164" T="119903698" />
  <Point X="100" Y="169" T="119903704" />
  <Point X="101" Y="173" T="119903705" />
  <Point X="101" Y="177" T="119903713" />
  <Point X="101" Y="182" T="119903714" />
  <Point X="101" Y="190" T="119903721" />
  <Point X="102" Y="194" T="119903729" />
  <Point X="102" Y="197" T="119903730" />
  <Point X="102" Y="203" T="119903738" />
  <Point X="102" Y="208" T="119903746" />
  <Point X="103" Y="212" T="119903755" />
  <Point X="103" Y="214" T="119903764" />
  <Point X="104" Y="217" T="119903774" />
  <Point X="106" Y="215" T="119903793" />
  <Point X="108" Y="213" T="119903805" />
  <Point X="110" Y="210" T="119903816" />
  <Point X="113" Y="208" T="119903827" />
  <Point X="119" Y="203" T="119903837" />
  <Point X="123" Y="201" T="119903848" />
  <Point X="126" Y="200" T="119903858" />
  <Point X="133" Y="198" T="119903869" />
  <Point X="136" Y="198" T="119903880" />
  <Point X="139" Y="198" T="119903891" />
  <Point X="146" Y="195" T="119903902" />
  <Point X="149" Y="194" T="119903915" />
  <Point X="155" Y="192" T="119903926" />
  <Point X="157" Y="189" T="119903939" />
  <Point X="159" Y="188" T="119903950" />
  <Point X="161" Y="186" T="119903963" />
  <Point X="161" Y="183" T="119903975" />
  <Point X="161" Y="181" T="119903988" />
  <Point X="161" Y="179" T="119904000" />
  <Point X="160" Y="176" T="119904002" />
  <Point X="158" Y="171" T="119904015" />
  <Point X="155" Y="164" T="119904029" />
  <Point X="153" Y="156" T="119904044" />
  <Point X="152" Y="147" T="119904058" />
  <Point X="151" Y="143" T="119904072" />
  <Point X="151" Y="139" T="119904073" />
  <Point X="151" Y="136" T="119904088" />
  <Point X="151" Y="130" T="119904102" />
  <Point X="151" Y="128" T="119904118" />
  <Point X="151" Y="125" T="119904137" />
  <Point X="149" Y="126" T="119904166" />
  <Point X="147" Y="127" T="119904186" />
  <Point X="144" Y="128" T="119904202" />
  <Point X="140" Y="131" T="119904218" />
  <Point X="134" Y="133" T="119904234" />
  <Point X="128" Y="136" T="119904251" />
  <Point X="120" Y="139" T="119904268" />
  <Point X="113" Y="140" T="119904285" />
  <Point X="107" Y="143" T="119904303" />
</Gesture>