﻿<?xml version="1.0" encoding="utf-8" standalone="yes"?>
<Gesture Name="right_curly_brace03" Subject="5" Speed="fast" Number="3" NumPts="79" Millseconds="1561" AppName="Gestures" AppVer="3.7.0.0" Date="Friday, March 09, 2007" TimeOfDay="9:46:54 PM">
  <Point X="103" Y="165" T="119327031" />
  <Point X="105" Y="164" T="119327071" />
  <Point X="107" Y="163" T="119327087" />
  <Point X="109" Y="163" T="119327099" />
  <Point X="112" Y="162" T="119327107" />
  <Point X="114" Y="163" T="119327116" />
  <Point X="116" Y="164" T="119327124" />
  <Point X="119" Y="165" T="119327132" />
  <Point X="121" Y="165" T="119327140" />
  <Point X="123" Y="165" T="119327148" />
  <Point X="125" Y="165" T="119327156" />
  <Point X="127" Y="166" T="119327168" />
  <Point X="129" Y="168" T="119327180" />
  <Point X="131" Y="169" T="119327197" />
  <Point X="132" Y="171" T="119327210" />
  <Point X="133" Y="175" T="119327226" />
  <Point X="132" Y="177" T="119327238" />
  <Point X="132" Y="179" T="119327246" />
  <Point X="130" Y="182" T="119327263" />
  <Point X="129" Y="184" T="119327272" />
  <Point X="127" Y="186" T="119327282" />
  <Point X="125" Y="188" T="119327292" />
  <Point X="124" Y="190" T="119327302" />
  <Point X="121" Y="192" T="119327314" />
  <Point X="119" Y="195" T="119327327" />
  <Point X="118" Y="197" T="119327343" />
  <Point X="116" Y="200" T="119327355" />
  <Point X="115" Y="202" T="119327367" />
  <Point X="114" Y="204" T="119327379" />
  <Point X="114" Y="207" T="119327391" />
  <Point X="114" Y="209" T="119327403" />
  <Point X="115" Y="211" T="119327415" />
  <Point X="116" Y="213" T="119327427" />
  <Point X="117" Y="215" T="119327440" />
  <Point X="118" Y="217" T="119327452" />
  <Point X="120" Y="219" T="119327467" />
  <Point X="122" Y="221" T="119327479" />
  <Point X="124" Y="221" T="119327492" />
  <Point X="127" Y="224" T="119327507" />
  <Point X="129" Y="225" T="119327521" />
  <Point X="131" Y="224" T="119327535" />
  <Point X="133" Y="225" T="119327549" />
  <Point X="135" Y="226" T="119327564" />
  <Point X="137" Y="226" T="119327578" />
  <Point X="138" Y="228" T="119327659" />
  <Point X="136" Y="229" T="119327707" />
  <Point X="134" Y="230" T="119327751" />
  <Point X="132" Y="229" T="119327871" />
  <Point X="130" Y="230" T="119327899" />
  <Point X="128" Y="230" T="119327920" />
  <Point X="126" Y="230" T="119327936" />
  <Point X="124" Y="231" T="119327952" />
  <Point X="121" Y="232" T="119327973" />
  <Point X="120" Y="234" T="119327993" />
  <Point X="119" Y="236" T="119328011" />
  <Point X="117" Y="238" T="119328045" />
  <Point X="116" Y="240" T="119328070" />
  <Point X="115" Y="242" T="119328098" />
  <Point X="114" Y="244" T="119328116" />
  <Point X="113" Y="246" T="119328138" />
  <Point X="113" Y="248" T="119328162" />
  <Point X="114" Y="250" T="119328183" />
  <Point X="115" Y="253" T="119328215" />
  <Point X="117" Y="255" T="119328242" />
  <Point X="118" Y="257" T="119328271" />
  <Point X="120" Y="259" T="119328303" />
  <Point X="120" Y="262" T="119328330" />
  <Point X="119" Y="264" T="119328358" />
  <Point X="118" Y="266" T="119328378" />
  <Point X="116" Y="269" T="119328398" />
  <Point X="114" Y="269" T="119328419" />
  <Point X="109" Y="274" T="119328439" />
  <Point X="104" Y="277" T="119328460" />
  <Point X="100" Y="279" T="119328481" />
  <Point X="93" Y="280" T="119328502" />
  <Point X="88" Y="278" T="119328524" />
  <Point X="81" Y="275" T="119328546" />
  <Point X="78" Y="273" T="119328568" />
  <Point X="76" Y="272" T="119328592" />
</Gesture>