﻿<?xml version="1.0" encoding="utf-8" standalone="yes"?>
<Gesture Name="right_sq_bracket09" Subject="5" Speed="fast" Number="9" NumPts="62" Millseconds="838" AppName="Gestures" AppVer="3.7.0.0" Date="Friday, March 09, 2007" TimeOfDay="9:35:10 PM">
  <Point X="104" Y="159" T="118622871" />
  <Point X="107" Y="159" T="118622891" />
  <Point X="109" Y="158" T="118622900" />
  <Point X="112" Y="158" T="118622908" />
  <Point X="115" Y="157" T="118622916" />
  <Point X="119" Y="157" T="118622925" />
  <Point X="121" Y="157" T="118622931" />
  <Point X="125" Y="157" T="118622937" />
  <Point X="127" Y="157" T="118622944" />
  <Point X="131" Y="157" T="118622951" />
  <Point X="135" Y="157" T="118622958" />
  <Point X="138" Y="157" T="118622965" />
  <Point X="142" Y="158" T="118622973" />
  <Point X="145" Y="158" T="118622982" />
  <Point X="148" Y="158" T="118622989" />
  <Point X="150" Y="159" T="118622997" />
  <Point X="152" Y="159" T="118623008" />
  <Point X="155" Y="160" T="118623025" />
  <Point X="154" Y="162" T="118623102" />
  <Point X="153" Y="164" T="118623142" />
  <Point X="152" Y="167" T="118623179" />
  <Point X="150" Y="169" T="118623203" />
  <Point X="149" Y="171" T="118623212" />
  <Point X="147" Y="173" T="118623222" />
  <Point X="146" Y="175" T="118623232" />
  <Point X="144" Y="178" T="118623242" />
  <Point X="142" Y="180" T="118623252" />
  <Point X="140" Y="183" T="118623262" />
  <Point X="138" Y="186" T="118623264" />
  <Point X="137" Y="188" T="118623274" />
  <Point X="134" Y="192" T="118623275" />
  <Point X="132" Y="196" T="118623287" />
  <Point X="132" Y="198" T="118623288" />
  <Point X="130" Y="201" T="118623299" />
  <Point X="127" Y="207" T="118623312" />
  <Point X="126" Y="209" T="118623324" />
  <Point X="126" Y="213" T="118623336" />
  <Point X="126" Y="215" T="118623349" />
  <Point X="126" Y="217" T="118623362" />
  <Point X="126" Y="219" T="118623374" />
  <Point X="128" Y="221" T="118623388" />
  <Point X="128" Y="224" T="118623403" />
  <Point X="128" Y="226" T="118623419" />
  <Point X="126" Y="229" T="118623435" />
  <Point X="124" Y="231" T="118623450" />
  <Point X="122" Y="233" T="118623466" />
  <Point X="120" Y="235" T="118623480" />
  <Point X="118" Y="236" T="118623495" />
  <Point X="116" Y="237" T="118623510" />
  <Point X="113" Y="238" T="118623525" />
  <Point X="109" Y="238" T="118623541" />
  <Point X="104" Y="237" T="118623557" />
  <Point X="98" Y="237" T="118623572" />
  <Point X="89" Y="239" T="118623589" />
  <Point X="81" Y="240" T="118623605" />
  <Point X="76" Y="240" T="118623621" />
  <Point X="72" Y="241" T="118623623" />
  <Point X="66" Y="241" T="118623639" />
  <Point X="59" Y="242" T="118623656" />
  <Point X="53" Y="242" T="118623674" />
  <Point X="49" Y="241" T="118623692" />
  <Point X="44" Y="242" T="118623709" />
</Gesture>