﻿<?xml version="1.0" encoding="utf-8" standalone="yes"?>
<Gesture Name="right_sq_bracket07" Subject="5" Speed="fast" Number="7" NumPts="66" Millseconds="990" AppName="Gestures" AppVer="3.7.0.0" Date="Friday, March 09, 2007" TimeOfDay="9:35:08 PM">
  <Point X="105" Y="156" T="118619733" />
  <Point X="107" Y="155" T="118619766" />
  <Point X="109" Y="155" T="118619777" />
  <Point X="111" Y="155" T="118619786" />
  <Point X="114" Y="154" T="118619794" />
  <Point X="116" Y="154" T="118619802" />
  <Point X="119" Y="156" T="118619810" />
  <Point X="123" Y="155" T="118619818" />
  <Point X="126" Y="154" T="118619826" />
  <Point X="130" Y="155" T="118619834" />
  <Point X="133" Y="155" T="118619842" />
  <Point X="137" Y="156" T="118619850" />
  <Point X="140" Y="156" T="118619858" />
  <Point X="144" Y="156" T="118619867" />
  <Point X="147" Y="156" T="118619874" />
  <Point X="149" Y="157" T="118619882" />
  <Point X="151" Y="158" T="118619890" />
  <Point X="153" Y="158" T="118619899" />
  <Point X="155" Y="158" T="118619914" />
  <Point X="157" Y="158" T="118619947" />
  <Point X="156" Y="160" T="118620129" />
  <Point X="156" Y="162" T="118620145" />
  <Point X="156" Y="164" T="118620155" />
  <Point X="155" Y="166" T="118620166" />
  <Point X="155" Y="169" T="118620176" />
  <Point X="155" Y="172" T="118620186" />
  <Point X="154" Y="175" T="118620196" />
  <Point X="153" Y="178" T="118620197" />
  <Point X="152" Y="182" T="118620208" />
  <Point X="151" Y="188" T="118620219" />
  <Point X="150" Y="194" T="118620231" />
  <Point X="150" Y="199" T="118620242" />
  <Point X="149" Y="203" T="118620254" />
  <Point X="149" Y="205" T="118620269" />
  <Point X="148" Y="208" T="118620280" />
  <Point X="148" Y="211" T="118620293" />
  <Point X="146" Y="213" T="118620314" />
  <Point X="144" Y="212" T="118620341" />
  <Point X="142" Y="213" T="118620354" />
  <Point X="139" Y="213" T="118620366" />
  <Point X="137" Y="212" T="118620380" />
  <Point X="131" Y="214" T="118620393" />
  <Point X="125" Y="214" T="118620407" />
  <Point X="119" Y="216" T="118620421" />
  <Point X="115" Y="218" T="118620435" />
  <Point X="107" Y="222" T="118620450" />
  <Point X="103" Y="224" T="118620464" />
  <Point X="100" Y="227" T="118620465" />
  <Point X="97" Y="230" T="118620480" />
  <Point X="94" Y="232" T="118620481" />
  <Point X="90" Y="236" T="118620497" />
  <Point X="87" Y="238" T="118620513" />
  <Point X="85" Y="241" T="118620528" />
  <Point X="84" Y="244" T="118620529" />
  <Point X="82" Y="246" T="118620546" />
  <Point X="78" Y="252" T="118620563" />
  <Point X="76" Y="254" T="118620579" />
  <Point X="74" Y="256" T="118620596" />
  <Point X="66" Y="258" T="118620613" />
  <Point X="61" Y="258" T="118620631" />
  <Point X="55" Y="256" T="118620649" />
  <Point X="49" Y="253" T="118620667" />
  <Point X="44" Y="250" T="118620685" />
  <Point X="41" Y="247" T="118620686" />
  <Point X="36" Y="242" T="118620704" />
  <Point X="32" Y="238" T="118620723" />
</Gesture>