﻿<?xml version="1.0" encoding="utf-8" standalone="yes"?>
<Gesture Name="right_curly_brace10" Subject="5" Speed="fast" Number="10" NumPts="81" Millseconds="1318" AppName="Gestures" AppVer="3.7.0.0" Date="Friday, March 09, 2007" TimeOfDay="9:47:07 PM">
  <Point X="91" Y="179" T="119340880" />
  <Point X="93" Y="178" T="119340928" />
  <Point X="96" Y="177" T="119340940" />
  <Point X="98" Y="177" T="119340948" />
  <Point X="102" Y="175" T="119340956" />
  <Point X="105" Y="176" T="119340963" />
  <Point X="109" Y="176" T="119340971" />
  <Point X="111" Y="176" T="119340978" />
  <Point X="113" Y="176" T="119340980" />
  <Point X="117" Y="176" T="119340988" />
  <Point X="119" Y="176" T="119340996" />
  <Point X="123" Y="176" T="119341003" />
  <Point X="126" Y="177" T="119341012" />
  <Point X="129" Y="177" T="119341020" />
  <Point X="131" Y="178" T="119341029" />
  <Point X="133" Y="179" T="119341037" />
  <Point X="134" Y="181" T="119341067" />
  <Point X="133" Y="183" T="119341079" />
  <Point X="132" Y="186" T="119341088" />
  <Point X="131" Y="188" T="119341097" />
  <Point X="129" Y="190" T="119341107" />
  <Point X="127" Y="193" T="119341117" />
  <Point X="125" Y="195" T="119341128" />
  <Point X="123" Y="197" T="119341138" />
  <Point X="120" Y="200" T="119341140" />
  <Point X="118" Y="203" T="119341151" />
  <Point X="115" Y="205" T="119341162" />
  <Point X="113" Y="207" T="119341164" />
  <Point X="110" Y="210" T="119341176" />
  <Point X="105" Y="212" T="119341188" />
  <Point X="102" Y="214" T="119341200" />
  <Point X="100" Y="215" T="119341212" />
  <Point X="96" Y="218" T="119341224" />
  <Point X="95" Y="220" T="119341237" />
  <Point X="94" Y="223" T="119341251" />
  <Point X="94" Y="225" T="119341272" />
  <Point X="96" Y="227" T="119341284" />
  <Point X="98" Y="227" T="119341297" />
  <Point X="99" Y="229" T="119341311" />
  <Point X="105" Y="230" T="119341325" />
  <Point X="107" Y="231" T="119341339" />
  <Point X="111" Y="233" T="119341353" />
  <Point X="117" Y="232" T="119341368" />
  <Point X="122" Y="231" T="119341383" />
  <Point X="126" Y="230" T="119341397" />
  <Point X="128" Y="231" T="119341413" />
  <Point X="131" Y="230" T="119341428" />
  <Point X="133" Y="230" T="119341443" />
  <Point X="133" Y="232" T="119341480" />
  <Point X="131" Y="233" T="119341585" />
  <Point X="129" Y="232" T="119341633" />
  <Point X="127" Y="231" T="119341649" />
  <Point X="125" Y="232" T="119341666" />
  <Point X="121" Y="232" T="119341685" />
  <Point X="118" Y="231" T="119341705" />
  <Point X="116" Y="230" T="119341706" />
  <Point X="111" Y="232" T="119341725" />
  <Point X="107" Y="233" T="119341744" />
  <Point X="102" Y="237" T="119341762" />
  <Point X="99" Y="239" T="119341780" />
  <Point X="97" Y="240" T="119341782" />
  <Point X="95" Y="243" T="119341802" />
  <Point X="94" Y="245" T="119341821" />
  <Point X="93" Y="247" T="119341839" />
  <Point X="91" Y="251" T="119341858" />
  <Point X="91" Y="253" T="119341878" />
  <Point X="91" Y="256" T="119341897" />
  <Point X="92" Y="258" T="119341919" />
  <Point X="94" Y="258" T="119341939" />
  <Point X="99" Y="258" T="119341959" />
  <Point X="104" Y="259" T="119341980" />
  <Point X="107" Y="258" T="119342001" />
  <Point X="107" Y="263" T="119342022" />
  <Point X="104" Y="267" T="119342043" />
  <Point X="100" Y="272" T="119342064" />
  <Point X="90" Y="279" T="119342086" />
  <Point X="81" Y="282" T="119342108" />
  <Point X="71" Y="285" T="119342131" />
  <Point X="65" Y="283" T="119342153" />
  <Point X="62" Y="279" T="119342175" />
  <Point X="61" Y="274" T="119342198" />
</Gesture>