﻿<?xml version="1.0" encoding="utf-8" standalone="yes"?>
<Gesture Name="right_sq_bracket03" Subject="5" Speed="fast" Number="3" NumPts="66" Millseconds="921" AppName="Gestures" AppVer="3.7.0.0" Date="Friday, March 09, 2007" TimeOfDay="9:34:53 PM">
  <Point X="98" Y="156" T="118605148" />
  <Point X="100" Y="156" T="118605172" />
  <Point X="102" Y="157" T="118605184" />
  <Point X="105" Y="156" T="118605196" />
  <Point X="107" Y="156" T="118605204" />
  <Point X="110" Y="155" T="118605213" />
  <Point X="113" Y="156" T="118605221" />
  <Point X="116" Y="155" T="118605229" />
  <Point X="119" Y="154" T="118605237" />
  <Point X="121" Y="154" T="118605245" />
  <Point X="124" Y="155" T="118605253" />
  <Point X="128" Y="154" T="118605261" />
  <Point X="131" Y="153" T="118605271" />
  <Point X="133" Y="153" T="118605278" />
  <Point X="136" Y="153" T="118605286" />
  <Point X="139" Y="154" T="118605294" />
  <Point X="142" Y="153" T="118605302" />
  <Point X="144" Y="153" T="118605311" />
  <Point X="146" Y="153" T="118605319" />
  <Point X="148" Y="153" T="118605328" />
  <Point X="150" Y="153" T="118605337" />
  <Point X="152" Y="154" T="118605353" />
  <Point X="153" Y="156" T="118605422" />
  <Point X="151" Y="159" T="118605462" />
  <Point X="149" Y="161" T="118605491" />
  <Point X="148" Y="163" T="118605503" />
  <Point X="147" Y="166" T="118605515" />
  <Point X="145" Y="168" T="118605525" />
  <Point X="144" Y="170" T="118605536" />
  <Point X="142" Y="175" T="118605547" />
  <Point X="141" Y="177" T="118605558" />
  <Point X="139" Y="180" T="118605569" />
  <Point X="138" Y="182" T="118605581" />
  <Point X="135" Y="186" T="118605592" />
  <Point X="134" Y="188" T="118605604" />
  <Point X="131" Y="191" T="118605620" />
  <Point X="130" Y="193" T="118605633" />
  <Point X="127" Y="195" T="118605645" />
  <Point X="126" Y="197" T="118605658" />
  <Point X="125" Y="200" T="118605671" />
  <Point X="123" Y="204" T="118605685" />
  <Point X="122" Y="209" T="118605698" />
  <Point X="122" Y="211" T="118605712" />
  <Point X="123" Y="216" T="118605729" />
  <Point X="124" Y="219" T="118605743" />
  <Point X="124" Y="225" T="118605757" />
  <Point X="125" Y="227" T="118605771" />
  <Point X="125" Y="229" T="118605772" />
  <Point X="125" Y="232" T="118605787" />
  <Point X="125" Y="234" T="118605803" />
  <Point X="125" Y="237" T="118605818" />
  <Point X="125" Y="239" T="118605833" />
  <Point X="125" Y="241" T="118605849" />
  <Point X="124" Y="243" T="118605865" />
  <Point X="122" Y="244" T="118605892" />
  <Point X="119" Y="245" T="118605908" />
  <Point X="115" Y="243" T="118605925" />
  <Point X="109" Y="242" T="118605941" />
  <Point X="102" Y="242" T="118605959" />
  <Point X="91" Y="241" T="118605977" />
  <Point X="83" Y="240" T="118605995" />
  <Point X="73" Y="239" T="118606013" />
  <Point X="66" Y="237" T="118606031" />
  <Point X="60" Y="237" T="118606049" />
  <Point X="55" Y="236" T="118606068" />
  <Point X="53" Y="236" T="118606069" />
</Gesture>