﻿<?xml version="1.0" encoding="utf-8" standalone="yes"?>
<Gesture Name="right_sq_bracket10" Subject="5" Speed="fast" Number="10" NumPts="59" Millseconds="817" AppName="Gestures" AppVer="3.7.0.0" Date="Friday, March 09, 2007" TimeOfDay="9:35:12 PM">
  <Point X="110" Y="162" T="118624328" />
  <Point X="108" Y="162" T="118624336" />
  <Point X="110" Y="161" T="118624373" />
  <Point X="113" Y="161" T="118624388" />
  <Point X="115" Y="161" T="118624396" />
  <Point X="117" Y="161" T="118624403" />
  <Point X="120" Y="161" T="118624411" />
  <Point X="122" Y="162" T="118624419" />
  <Point X="125" Y="162" T="118624427" />
  <Point X="128" Y="162" T="118624435" />
  <Point X="131" Y="163" T="118624443" />
  <Point X="134" Y="164" T="118624451" />
  <Point X="137" Y="164" T="118624459" />
  <Point X="139" Y="163" T="118624468" />
  <Point X="142" Y="163" T="118624475" />
  <Point X="145" Y="164" T="118624486" />
  <Point X="147" Y="164" T="118624499" />
  <Point X="149" Y="163" T="118624515" />
  <Point X="151" Y="163" T="118624535" />
  <Point X="153" Y="165" T="118624560" />
  <Point X="155" Y="164" T="118624584" />
  <Point X="157" Y="164" T="118624620" />
  <Point X="156" Y="167" T="118624678" />
  <Point X="155" Y="169" T="118624698" />
  <Point X="154" Y="172" T="118624709" />
  <Point X="152" Y="173" T="118624725" />
  <Point X="150" Y="174" T="118624737" />
  <Point X="148" Y="176" T="118624749" />
  <Point X="146" Y="178" T="118624760" />
  <Point X="144" Y="179" T="118624771" />
  <Point X="141" Y="181" T="118624782" />
  <Point X="137" Y="188" T="118624793" />
  <Point X="134" Y="191" T="118624805" />
  <Point X="132" Y="194" T="118624817" />
  <Point X="131" Y="196" T="118624829" />
  <Point X="130" Y="199" T="118624830" />
  <Point X="128" Y="202" T="118624842" />
  <Point X="125" Y="206" T="118624855" />
  <Point X="124" Y="210" T="118624868" />
  <Point X="123" Y="212" T="118624880" />
  <Point X="122" Y="214" T="118624881" />
  <Point X="121" Y="217" T="118624895" />
  <Point X="121" Y="222" T="118624911" />
  <Point X="121" Y="224" T="118624925" />
  <Point X="122" Y="226" T="118624939" />
  <Point X="122" Y="229" T="118624953" />
  <Point X="121" Y="231" T="118624954" />
  <Point X="120" Y="233" T="118624982" />
  <Point X="118" Y="235" T="118624997" />
  <Point X="115" Y="237" T="118625012" />
  <Point X="110" Y="239" T="118625028" />
  <Point X="103" Y="239" T="118625043" />
  <Point X="93" Y="241" T="118625060" />
  <Point X="84" Y="242" T="118625076" />
  <Point X="74" Y="242" T="118625093" />
  <Point X="72" Y="242" T="118625094" />
  <Point X="63" Y="240" T="118625111" />
  <Point X="57" Y="241" T="118625128" />
  <Point X="54" Y="241" T="118625145" />
</Gesture>