﻿<?xml version="1.0" encoding="utf-8" standalone="yes"?>
<Gesture Name="right_sq_bracket02" Subject="5" Speed="fast" Number="2" NumPts="63" Millseconds="909" AppName="Gestures" AppVer="3.7.0.0" Date="Friday, March 09, 2007" TimeOfDay="9:34:51 PM">
  <Point X="99" Y="157" T="118603771" />
  <Point X="101" Y="157" T="118603806" />
  <Point X="103" Y="157" T="118603822" />
  <Point X="105" Y="156" T="118603835" />
  <Point X="107" Y="156" T="118603847" />
  <Point X="110" Y="156" T="118603855" />
  <Point X="112" Y="156" T="118603863" />
  <Point X="115" Y="156" T="118603871" />
  <Point X="117" Y="157" T="118603879" />
  <Point X="120" Y="156" T="118603887" />
  <Point X="123" Y="156" T="118603895" />
  <Point X="126" Y="157" T="118603903" />
  <Point X="129" Y="158" T="118603911" />
  <Point X="132" Y="158" T="118603920" />
  <Point X="134" Y="157" T="118603927" />
  <Point X="137" Y="156" T="118603935" />
  <Point X="139" Y="156" T="118603943" />
  <Point X="141" Y="156" T="118603952" />
  <Point X="144" Y="155" T="118603963" />
  <Point X="146" Y="155" T="118603975" />
  <Point X="148" Y="156" T="118603987" />
  <Point X="151" Y="156" T="118604007" />
  <Point X="151" Y="159" T="118604047" />
  <Point X="150" Y="161" T="118604100" />
  <Point X="149" Y="163" T="118604117" />
  <Point X="147" Y="165" T="118604133" />
  <Point X="146" Y="167" T="118604145" />
  <Point X="143" Y="170" T="118604161" />
  <Point X="141" Y="173" T="118604173" />
  <Point X="140" Y="175" T="118604184" />
  <Point X="137" Y="177" T="118604195" />
  <Point X="135" Y="180" T="118604206" />
  <Point X="133" Y="182" T="118604218" />
  <Point X="131" Y="184" T="118604229" />
  <Point X="129" Y="189" T="118604242" />
  <Point X="127" Y="191" T="118604254" />
  <Point X="126" Y="193" T="118604266" />
  <Point X="125" Y="196" T="118604282" />
  <Point X="124" Y="199" T="118604295" />
  <Point X="124" Y="201" T="118604308" />
  <Point X="123" Y="208" T="118604321" />
  <Point X="122" Y="210" T="118604334" />
  <Point X="122" Y="213" T="118604348" />
  <Point X="122" Y="218" T="118604362" />
  <Point X="122" Y="220" T="118604376" />
  <Point X="122" Y="223" T="118604390" />
  <Point X="123" Y="226" T="118604405" />
  <Point X="123" Y="228" T="118604406" />
  <Point X="123" Y="230" T="118604421" />
  <Point X="123" Y="232" T="118604436" />
  <Point X="122" Y="234" T="118604453" />
  <Point X="121" Y="237" T="118604477" />
  <Point X="119" Y="236" T="118604502" />
  <Point X="116" Y="235" T="118604519" />
  <Point X="112" Y="234" T="118604536" />
  <Point X="107" Y="233" T="118604555" />
  <Point X="98" Y="231" T="118604574" />
  <Point X="87" Y="229" T="118604592" />
  <Point X="78" Y="230" T="118604610" />
  <Point X="71" Y="230" T="118604628" />
  <Point X="65" Y="230" T="118604645" />
  <Point X="60" Y="232" T="118604663" />
  <Point X="58" Y="231" T="118604680" />
</Gesture>