﻿<?xml version="1.0" encoding="utf-8" standalone="yes"?>
<Gesture Name="right_curly_brace07" Subject="5" Speed="fast" Number="7" NumPts="77" Millseconds="1433" AppName="Gestures" AppVer="3.7.0.0" Date="Friday, March 09, 2007" TimeOfDay="9:47:02 PM">
  <Point X="97" Y="179" T="119335085" />
  <Point X="100" Y="177" T="119335105" />
  <Point X="102" Y="177" T="119335117" />
  <Point X="104" Y="176" T="119335125" />
  <Point X="107" Y="175" T="119335132" />
  <Point X="109" Y="175" T="119335141" />
  <Point X="112" Y="175" T="119335149" />
  <Point X="115" Y="175" T="119335157" />
  <Point X="118" Y="177" T="119335165" />
  <Point X="120" Y="177" T="119335173" />
  <Point X="123" Y="178" T="119335181" />
  <Point X="125" Y="180" T="119335189" />
  <Point X="126" Y="182" T="119335197" />
  <Point X="129" Y="183" T="119335210" />
  <Point X="130" Y="186" T="119335222" />
  <Point X="132" Y="188" T="119335239" />
  <Point X="133" Y="191" T="119335259" />
  <Point X="133" Y="193" T="119335270" />
  <Point X="132" Y="195" T="119335283" />
  <Point X="130" Y="198" T="119335295" />
  <Point X="129" Y="200" T="119335305" />
  <Point X="127" Y="202" T="119335315" />
  <Point X="124" Y="204" T="119335325" />
  <Point X="122" Y="206" T="119335336" />
  <Point X="119" Y="209" T="119335347" />
  <Point X="117" Y="210" T="119335348" />
  <Point X="114" Y="211" T="119335361" />
  <Point X="109" Y="215" T="119335372" />
  <Point X="106" Y="217" T="119335384" />
  <Point X="104" Y="218" T="119335400" />
  <Point X="103" Y="220" T="119335412" />
  <Point X="105" Y="222" T="119335457" />
  <Point X="107" Y="224" T="119335477" />
  <Point X="109" Y="226" T="119335497" />
  <Point X="112" Y="227" T="119335517" />
  <Point X="114" Y="228" T="119335533" />
  <Point X="116" Y="228" T="119335545" />
  <Point X="118" Y="230" T="119335558" />
  <Point X="120" Y="230" T="119335571" />
  <Point X="122" Y="231" T="119335585" />
  <Point X="124" Y="232" T="119335599" />
  <Point X="127" Y="232" T="119335614" />
  <Point X="129" Y="233" T="119335628" />
  <Point X="131" Y="234" T="119335658" />
  <Point X="130" Y="236" T="119335738" />
  <Point X="128" Y="237" T="119335778" />
  <Point X="127" Y="239" T="119335802" />
  <Point X="125" Y="239" T="119335842" />
  <Point X="123" Y="239" T="119335862" />
  <Point X="121" Y="239" T="119335878" />
  <Point X="119" Y="240" T="119335894" />
  <Point X="117" Y="241" T="119335911" />
  <Point X="112" Y="244" T="119335927" />
  <Point X="108" Y="246" T="119335944" />
  <Point X="106" Y="247" T="119335961" />
  <Point X="101" Y="251" T="119335978" />
  <Point X="99" Y="253" T="119335995" />
  <Point X="97" Y="255" T="119336013" />
  <Point X="96" Y="257" T="119336031" />
  <Point X="97" Y="259" T="119336091" />
  <Point X="98" Y="261" T="119336111" />
  <Point X="99" Y="263" T="119336152" />
  <Point X="101" Y="266" T="119336188" />
  <Point X="103" Y="268" T="119336220" />
  <Point X="105" Y="270" T="119336244" />
  <Point X="107" Y="269" T="119336272" />
  <Point X="108" Y="271" T="119336292" />
  <Point X="108" Y="273" T="119336324" />
  <Point X="106" Y="276" T="119336349" />
  <Point X="103" Y="276" T="119336369" />
  <Point X="95" Y="278" T="119336390" />
  <Point X="88" Y="280" T="119336411" />
  <Point X="78" Y="279" T="119336432" />
  <Point X="69" Y="276" T="119336453" />
  <Point X="63" Y="274" T="119336475" />
  <Point X="59" Y="271" T="119336496" />
  <Point X="56" Y="266" T="119336518" />
</Gesture>