﻿<?xml version="1.0" encoding="utf-8" standalone="yes"?>
<Gesture Name="right_curly_brace09" Subject="5" Speed="fast" Number="9" NumPts="80" Millseconds="1296" AppName="Gestures" AppVer="3.7.0.0" Date="Friday, March 09, 2007" TimeOfDay="9:47:05 PM">
  <Point X="95" Y="190" T="119338777" />
  <Point X="97" Y="189" T="119338805" />
  <Point X="100" Y="188" T="119338817" />
  <Point X="102" Y="186" T="119338826" />
  <Point X="105" Y="186" T="119338833" />
  <Point X="108" Y="187" T="119338841" />
  <Point X="111" Y="186" T="119338850" />
  <Point X="115" Y="186" T="119338858" />
  <Point X="118" Y="186" T="119338866" />
  <Point X="121" Y="187" T="119338874" />
  <Point X="123" Y="189" T="119338882" />
  <Point X="126" Y="190" T="119338890" />
  <Point X="128" Y="190" T="119338898" />
  <Point X="130" Y="192" T="119338907" />
  <Point X="131" Y="194" T="119338917" />
  <Point X="133" Y="196" T="119338930" />
  <Point X="133" Y="198" T="119338938" />
  <Point X="133" Y="201" T="119338947" />
  <Point X="133" Y="203" T="119338959" />
  <Point X="133" Y="205" T="119338968" />
  <Point X="133" Y="207" T="119338977" />
  <Point X="133" Y="209" T="119338988" />
  <Point X="132" Y="211" T="119339003" />
  <Point X="131" Y="214" T="119339019" />
  <Point X="130" Y="216" T="119339029" />
  <Point X="128" Y="217" T="119339040" />
  <Point X="125" Y="218" T="119339052" />
  <Point X="120" Y="221" T="119339063" />
  <Point X="118" Y="223" T="119339075" />
  <Point X="115" Y="224" T="119339086" />
  <Point X="113" Y="225" T="119339088" />
  <Point X="110" Y="227" T="119339101" />
  <Point X="108" Y="229" T="119339113" />
  <Point X="106" Y="229" T="119339131" />
  <Point X="105" Y="232" T="119339143" />
  <Point X="104" Y="234" T="119339164" />
  <Point X="103" Y="236" T="119339180" />
  <Point X="103" Y="238" T="119339196" />
  <Point X="104" Y="240" T="119339232" />
  <Point X="106" Y="243" T="119339252" />
  <Point X="108" Y="245" T="119339269" />
  <Point X="110" Y="246" T="119339283" />
  <Point X="112" Y="247" T="119339297" />
  <Point X="114" Y="247" T="119339312" />
  <Point X="116" Y="248" T="119339327" />
  <Point X="119" Y="249" T="119339342" />
  <Point X="121" Y="249" T="119339357" />
  <Point X="123" Y="249" T="119339376" />
  <Point X="125" Y="250" T="119339391" />
  <Point X="127" Y="252" T="119339406" />
  <Point X="128" Y="254" T="119339456" />
  <Point X="126" Y="257" T="119339483" />
  <Point X="124" Y="258" T="119339500" />
  <Point X="121" Y="260" T="119339517" />
  <Point X="119" Y="261" T="119339534" />
  <Point X="117" Y="263" T="119339536" />
  <Point X="115" Y="263" T="119339555" />
  <Point X="113" Y="264" T="119339572" />
  <Point X="111" Y="265" T="119339595" />
  <Point X="109" Y="266" T="119339668" />
  <Point X="107" Y="268" T="119339693" />
  <Point X="105" Y="270" T="119339711" />
  <Point X="103" Y="271" T="119339730" />
  <Point X="101" Y="273" T="119339748" />
  <Point X="99" Y="275" T="119339750" />
  <Point X="97" Y="277" T="119339771" />
  <Point X="92" Y="280" T="119339790" />
  <Point X="88" Y="283" T="119339812" />
  <Point X="86" Y="284" T="119339832" />
  <Point X="84" Y="285" T="119339834" />
  <Point X="82" Y="286" T="119339854" />
  <Point X="80" Y="287" T="119339881" />
  <Point X="78" Y="287" T="119339921" />
  <Point X="76" Y="288" T="119339941" />
  <Point X="74" Y="288" T="119339962" />
  <Point X="72" Y="288" T="119339983" />
  <Point X="71" Y="286" T="119340005" />
  <Point X="71" Y="283" T="119340029" />
  <Point X="72" Y="280" T="119340051" />
  <Point X="72" Y="275" T="119340073" />
</Gesture>