﻿<?xml version="1.0" encoding="utf-8" standalone="yes"?>
<Gesture Name="right_sq_bracket01" Subject="5" Speed="fast" Number="1" NumPts="60" Millseconds="819" AppName="Gestures" AppVer="3.7.0.0" Date="Friday, March 09, 2007" TimeOfDay="9:34:50 PM">
  <Point X="91" Y="161" T="118602324" />
  <Point X="93" Y="162" T="118602398" />
  <Point X="96" Y="163" T="118602409" />
  <Point X="98" Y="163" T="118602418" />
  <Point X="101" Y="164" T="118602427" />
  <Point X="105" Y="163" T="118602434" />
  <Point X="108" Y="162" T="118602442" />
  <Point X="111" Y="163" T="118602450" />
  <Point X="115" Y="163" T="118602458" />
  <Point X="118" Y="162" T="118602466" />
  <Point X="121" Y="162" T="118602474" />
  <Point X="124" Y="162" T="118602482" />
  <Point X="127" Y="161" T="118602490" />
  <Point X="129" Y="162" T="118602499" />
  <Point X="131" Y="162" T="118602506" />
  <Point X="134" Y="162" T="118602518" />
  <Point X="136" Y="162" T="118602530" />
  <Point X="136" Y="164" T="118602591" />
  <Point X="134" Y="166" T="118602603" />
  <Point X="133" Y="168" T="118602612" />
  <Point X="132" Y="170" T="118602621" />
  <Point X="130" Y="172" T="118602631" />
  <Point X="127" Y="175" T="118602643" />
  <Point X="126" Y="177" T="118602653" />
  <Point X="123" Y="180" T="118602663" />
  <Point X="122" Y="182" T="118602673" />
  <Point X="120" Y="185" T="118602683" />
  <Point X="118" Y="187" T="118602694" />
  <Point X="114" Y="191" T="118602705" />
  <Point X="112" Y="193" T="118602715" />
  <Point X="110" Y="196" T="118602726" />
  <Point X="108" Y="199" T="118602738" />
  <Point X="107" Y="201" T="118602749" />
  <Point X="106" Y="203" T="118602761" />
  <Point X="105" Y="206" T="118602773" />
  <Point X="104" Y="208" T="118602795" />
  <Point X="104" Y="210" T="118602808" />
  <Point X="103" Y="213" T="118602824" />
  <Point X="103" Y="215" T="118602839" />
  <Point X="104" Y="218" T="118602852" />
  <Point X="104" Y="220" T="118602865" />
  <Point X="105" Y="223" T="118602879" />
  <Point X="105" Y="226" T="118602892" />
  <Point X="105" Y="230" T="118602906" />
  <Point X="105" Y="233" T="118602920" />
  <Point X="105" Y="235" T="118602934" />
  <Point X="105" Y="237" T="118602949" />
  <Point X="105" Y="239" T="118602964" />
  <Point X="104" Y="242" T="118602978" />
  <Point X="102" Y="244" T="118602995" />
  <Point X="99" Y="242" T="118603011" />
  <Point X="96" Y="243" T="118603026" />
  <Point X="91" Y="241" T="118603042" />
  <Point X="85" Y="240" T="118603058" />
  <Point X="78" Y="240" T="118603075" />
  <Point X="72" Y="239" T="118603091" />
  <Point X="66" Y="240" T="118603108" />
  <Point X="61" Y="240" T="118603125" />
  <Point X="59" Y="240" T="118603142" />
  <Point X="57" Y="240" T="118603143" />
</Gesture>