﻿<?xml version="1.0" encoding="utf-8" standalone="yes"?>
<Gesture Name="right_sq_bracket04" Subject="5" Speed="fast" Number="4" NumPts="62" Millseconds="873" AppName="Gestures" AppVer="3.7.0.0" Date="Friday, March 09, 2007" TimeOfDay="9:35:03 PM">
  <Point X="90" Y="149" T="118615511" />
  <Point X="92" Y="150" T="118615572" />
  <Point X="94" Y="150" T="118615584" />
  <Point X="97" Y="149" T="118615593" />
  <Point X="100" Y="149" T="118615600" />
  <Point X="104" Y="149" T="118615609" />
  <Point X="107" Y="149" T="118615617" />
  <Point X="109" Y="149" T="118615623" />
  <Point X="113" Y="149" T="118615630" />
  <Point X="115" Y="149" T="118615636" />
  <Point X="117" Y="149" T="118615637" />
  <Point X="119" Y="148" T="118615644" />
  <Point X="123" Y="148" T="118615652" />
  <Point X="126" Y="148" T="118615659" />
  <Point X="130" Y="148" T="118615667" />
  <Point X="133" Y="148" T="118615675" />
  <Point X="136" Y="148" T="118615683" />
  <Point X="138" Y="148" T="118615692" />
  <Point X="140" Y="147" T="118615700" />
  <Point X="142" Y="147" T="118615710" />
  <Point X="145" Y="148" T="118615719" />
  <Point X="147" Y="148" T="118615733" />
  <Point X="145" Y="149" T="118615830" />
  <Point X="143" Y="152" T="118615859" />
  <Point X="141" Y="154" T="118615883" />
  <Point X="139" Y="156" T="118615895" />
  <Point X="138" Y="158" T="118615905" />
  <Point X="136" Y="160" T="118615915" />
  <Point X="135" Y="162" T="118615926" />
  <Point X="134" Y="164" T="118615937" />
  <Point X="131" Y="169" T="118615948" />
  <Point X="129" Y="172" T="118615959" />
  <Point X="127" Y="175" T="118615972" />
  <Point X="126" Y="177" T="118615984" />
  <Point X="124" Y="183" T="118615996" />
  <Point X="123" Y="186" T="118616009" />
  <Point X="122" Y="188" T="118616022" />
  <Point X="121" Y="194" T="118616034" />
  <Point X="121" Y="196" T="118616047" />
  <Point X="121" Y="201" T="118616061" />
  <Point X="122" Y="203" T="118616076" />
  <Point X="122" Y="206" T="118616090" />
  <Point X="122" Y="208" T="118616104" />
  <Point X="122" Y="210" T="118616128" />
  <Point X="121" Y="212" T="118616142" />
  <Point X="120" Y="215" T="118616156" />
  <Point X="119" Y="217" T="118616170" />
  <Point X="117" Y="220" T="118616185" />
  <Point X="116" Y="222" T="118616200" />
  <Point X="114" Y="224" T="118616215" />
  <Point X="111" Y="226" T="118616230" />
  <Point X="108" Y="226" T="118616245" />
  <Point X="103" Y="226" T="118616261" />
  <Point X="95" Y="226" T="118616278" />
  <Point X="87" Y="229" T="118616295" />
  <Point X="79" Y="228" T="118616312" />
  <Point X="76" Y="229" T="118616313" />
  <Point X="68" Y="227" T="118616330" />
  <Point X="62" Y="228" T="118616347" />
  <Point X="59" Y="229" T="118616348" />
  <Point X="53" Y="229" T="118616366" />
  <Point X="50" Y="229" T="118616384" />
</Gesture>