﻿<?xml version="1.0" encoding="utf-8" standalone="yes"?>
<Gesture Name="right_curly_brace08" Subject="5" Speed="fast" Number="8" NumPts="79" Millseconds="1302" AppName="Gestures" AppVer="3.7.0.0" Date="Friday, March 09, 2007" TimeOfDay="9:47:04 PM">
  <Point X="91" Y="184" T="119336999" />
  <Point X="93" Y="182" T="119337015" />
  <Point X="96" Y="179" T="119337027" />
  <Point X="98" Y="179" T="119337035" />
  <Point X="101" Y="179" T="119337043" />
  <Point X="104" Y="179" T="119337050" />
  <Point X="107" Y="179" T="119337058" />
  <Point X="110" Y="178" T="119337064" />
  <Point X="113" Y="178" T="119337071" />
  <Point X="116" Y="180" T="119337078" />
  <Point X="120" Y="181" T="119337086" />
  <Point X="123" Y="181" T="119337094" />
  <Point X="125" Y="183" T="119337102" />
  <Point X="127" Y="185" T="119337115" />
  <Point X="128" Y="188" T="119337127" />
  <Point X="128" Y="190" T="119337136" />
  <Point X="128" Y="192" T="119337149" />
  <Point X="128" Y="195" T="119337164" />
  <Point X="127" Y="197" T="119337172" />
  <Point X="127" Y="200" T="119337184" />
  <Point X="126" Y="203" T="119337200" />
  <Point X="124" Y="206" T="119337220" />
  <Point X="122" Y="208" T="119337232" />
  <Point X="121" Y="210" T="119337242" />
  <Point X="119" Y="213" T="119337253" />
  <Point X="116" Y="215" T="119337264" />
  <Point X="114" Y="218" T="119337275" />
  <Point X="111" Y="220" T="119337287" />
  <Point X="109" Y="222" T="119337298" />
  <Point X="107" Y="224" T="119337310" />
  <Point X="106" Y="226" T="119337322" />
  <Point X="105" Y="228" T="119337334" />
  <Point X="105" Y="230" T="119337353" />
  <Point X="107" Y="233" T="119337370" />
  <Point X="108" Y="235" T="119337386" />
  <Point X="110" Y="237" T="119337399" />
  <Point X="112" Y="239" T="119337411" />
  <Point X="114" Y="240" T="119337424" />
  <Point X="116" Y="241" T="119337437" />
  <Point X="118" Y="242" T="119337451" />
  <Point X="120" Y="243" T="119337465" />
  <Point X="122" Y="244" T="119337480" />
  <Point X="124" Y="243" T="119337494" />
  <Point X="127" Y="244" T="119337511" />
  <Point X="129" Y="243" T="119337526" />
  <Point X="131" Y="244" T="119337559" />
  <Point X="129" Y="246" T="119337680" />
  <Point X="127" Y="245" T="119337704" />
  <Point X="125" Y="245" T="119337724" />
  <Point X="123" Y="245" T="119337740" />
  <Point X="121" Y="244" T="119337756" />
  <Point X="119" Y="244" T="119337773" />
  <Point X="116" Y="243" T="119337790" />
  <Point X="114" Y="243" T="119337807" />
  <Point X="112" Y="244" T="119337809" />
  <Point X="110" Y="245" T="119337827" />
  <Point X="105" Y="247" T="119337845" />
  <Point X="103" Y="249" T="119337863" />
  <Point X="100" Y="252" T="119337881" />
  <Point X="98" Y="256" T="119337902" />
  <Point X="97" Y="261" T="119337923" />
  <Point X="98" Y="263" T="119337944" />
  <Point X="101" Y="265" T="119337964" />
  <Point X="103" Y="265" T="119337983" />
  <Point X="105" Y="266" T="119338002" />
  <Point X="106" Y="268" T="119338029" />
  <Point X="106" Y="271" T="119338048" />
  <Point X="104" Y="273" T="119338068" />
  <Point X="100" Y="277" T="119338088" />
  <Point X="96" Y="282" T="119338109" />
  <Point X="90" Y="287" T="119338130" />
  <Point X="85" Y="288" T="119338150" />
  <Point X="81" Y="288" T="119338171" />
  <Point X="75" Y="288" T="119338192" />
  <Point X="71" Y="284" T="119338214" />
  <Point X="67" Y="279" T="119338236" />
  <Point X="66" Y="276" T="119338257" />
  <Point X="64" Y="274" T="119338279" />
  <Point X="62" Y="272" T="119338301" />
</Gesture>