﻿<?xml version="1.0" encoding="utf-8" standalone="yes"?>
<Gesture Name="right_curly_brace01" Subject="5" Speed="fast" Number="1" NumPts="79" Millseconds="1768" AppName="Gestures" AppVer="3.7.0.0" Date="Friday, March 09, 2007" TimeOfDay="9:46:50 PM">
  <Point X="103" Y="170" T="119322494" />
  <Point X="105" Y="169" T="119322537" />
  <Point X="107" Y="170" T="119322549" />
  <Point X="109" Y="169" T="119322558" />
  <Point X="111" Y="169" T="119322567" />
  <Point X="114" Y="169" T="119322575" />
  <Point X="117" Y="169" T="119322583" />
  <Point X="120" Y="169" T="119322591" />
  <Point X="122" Y="169" T="119322599" />
  <Point X="124" Y="170" T="119322607" />
  <Point X="127" Y="171" T="119322619" />
  <Point X="129" Y="172" T="119322631" />
  <Point X="130" Y="174" T="119322647" />
  <Point X="131" Y="176" T="119322656" />
  <Point X="131" Y="178" T="119322675" />
  <Point X="131" Y="180" T="119322684" />
  <Point X="131" Y="183" T="119322697" />
  <Point X="130" Y="185" T="119322706" />
  <Point X="128" Y="188" T="119322720" />
  <Point X="127" Y="190" T="119322729" />
  <Point X="126" Y="193" T="119322740" />
  <Point X="125" Y="195" T="119322749" />
  <Point X="124" Y="198" T="119322760" />
  <Point X="123" Y="200" T="119322770" />
  <Point X="122" Y="202" T="119322781" />
  <Point X="121" Y="205" T="119322791" />
  <Point X="121" Y="207" T="119322804" />
  <Point X="121" Y="209" T="119322816" />
  <Point X="122" Y="212" T="119322832" />
  <Point X="122" Y="214" T="119322844" />
  <Point X="124" Y="215" T="119322860" />
  <Point X="126" Y="216" T="119322876" />
  <Point X="128" Y="217" T="119322888" />
  <Point X="131" Y="217" T="119322905" />
  <Point X="133" Y="218" T="119322921" />
  <Point X="135" Y="218" T="119322938" />
  <Point X="137" Y="220" T="119322955" />
  <Point X="139" Y="221" T="119322975" />
  <Point X="141" Y="221" T="119323007" />
  <Point X="139" Y="221" T="119323072" />
  <Point X="137" Y="221" T="119323085" />
  <Point X="135" Y="222" T="119323098" />
  <Point X="132" Y="221" T="119323112" />
  <Point X="130" Y="221" T="119323126" />
  <Point X="128" Y="223" T="119323140" />
  <Point X="125" Y="222" T="119323155" />
  <Point X="123" Y="222" T="119323169" />
  <Point X="122" Y="224" T="119323197" />
  <Point X="121" Y="226" T="119323222" />
  <Point X="120" Y="228" T="119323241" />
  <Point X="122" Y="229" T="119323294" />
  <Point X="124" Y="230" T="119323314" />
  <Point X="126" Y="231" T="119323339" />
  <Point X="128" Y="232" T="119323364" />
  <Point X="130" Y="234" T="119323428" />
  <Point X="130" Y="237" T="119323453" />
  <Point X="130" Y="239" T="119323598" />
  <Point X="137" Y="241" T="119323725" />
  <Point X="137" Y="239" T="119323743" />
  <Point X="131" Y="236" T="119323761" />
  <Point X="130" Y="238" T="119323896" />
  <Point X="130" Y="240" T="119323941" />
  <Point X="131" Y="242" T="119323968" />
  <Point X="131" Y="245" T="119323987" />
  <Point X="131" Y="247" T="119324006" />
  <Point X="131" Y="249" T="119324025" />
  <Point X="130" Y="254" T="119324045" />
  <Point X="128" Y="258" T="119324065" />
  <Point X="125" Y="263" T="119324087" />
  <Point X="121" Y="267" T="119324108" />
  <Point X="119" Y="269" T="119324109" />
  <Point X="115" Y="272" T="119324131" />
  <Point X="113" Y="274" T="119324133" />
  <Point X="108" Y="275" T="119324155" />
  <Point X="101" Y="276" T="119324176" />
  <Point X="96" Y="274" T="119324197" />
  <Point X="92" Y="272" T="119324219" />
  <Point X="90" Y="270" T="119324240" />
  <Point X="89" Y="268" T="119324262" />
</Gesture>