﻿<?xml version="1.0" encoding="utf-8" standalone="yes"?>
<Gesture Name="right_curly_brace05" Subject="5" Speed="fast" Number="5" NumPts="88" Millseconds="1666" AppName="Gestures" AppVer="3.7.0.0" Date="Friday, March 09, 2007" TimeOfDay="9:46:58 PM">
  <Point X="99" Y="167" T="119331203" />
  <Point X="101" Y="167" T="119331254" />
  <Point X="104" Y="166" T="119331265" />
  <Point X="106" Y="165" T="119331274" />
  <Point X="109" Y="164" T="119331282" />
  <Point X="111" Y="165" T="119331289" />
  <Point X="114" Y="164" T="119331297" />
  <Point X="117" Y="165" T="119331305" />
  <Point X="120" Y="165" T="119331313" />
  <Point X="122" Y="165" T="119331321" />
  <Point X="125" Y="166" T="119331329" />
  <Point X="127" Y="166" T="119331341" />
  <Point X="129" Y="167" T="119331349" />
  <Point X="131" Y="169" T="119331365" />
  <Point X="132" Y="171" T="119331373" />
  <Point X="133" Y="173" T="119331386" />
  <Point X="133" Y="175" T="119331403" />
  <Point X="134" Y="178" T="119331415" />
  <Point X="134" Y="181" T="119331431" />
  <Point X="135" Y="183" T="119331443" />
  <Point X="136" Y="185" T="119331456" />
  <Point X="136" Y="187" T="119331466" />
  <Point X="135" Y="190" T="119331476" />
  <Point X="135" Y="192" T="119331488" />
  <Point X="134" Y="194" T="119331499" />
  <Point X="132" Y="197" T="119331508" />
  <Point X="130" Y="199" T="119331519" />
  <Point X="129" Y="201" T="119331531" />
  <Point X="125" Y="205" T="119331542" />
  <Point X="122" Y="206" T="119331554" />
  <Point X="119" Y="208" T="119331566" />
  <Point X="117" Y="209" T="119331578" />
  <Point X="115" Y="210" T="119331590" />
  <Point X="112" Y="213" T="119331604" />
  <Point X="110" Y="215" T="119331629" />
  <Point X="109" Y="218" T="119331650" />
  <Point X="108" Y="220" T="119331670" />
  <Point X="109" Y="222" T="119331687" />
  <Point X="111" Y="225" T="119331707" />
  <Point X="113" Y="226" T="119331723" />
  <Point X="115" Y="229" T="119331737" />
  <Point X="117" Y="229" T="119331751" />
  <Point X="119" Y="230" T="119331765" />
  <Point X="121" Y="231" T="119331780" />
  <Point X="123" Y="232" T="119331795" />
  <Point X="125" Y="233" T="119331796" />
  <Point X="127" Y="233" T="119331812" />
  <Point X="129" Y="235" T="119331828" />
  <Point X="131" Y="236" T="119331843" />
  <Point X="133" Y="238" T="119331896" />
  <Point X="131" Y="239" T="119332030" />
  <Point X="129" Y="238" T="119332077" />
  <Point X="127" Y="237" T="119332110" />
  <Point X="126" Y="235" T="119332135" />
  <Point X="124" Y="235" T="119332156" />
  <Point X="121" Y="236" T="119332172" />
  <Point X="119" Y="236" T="119332190" />
  <Point X="117" Y="237" T="119332207" />
  <Point X="115" Y="237" T="119332225" />
  <Point X="113" Y="238" T="119332243" />
  <Point X="111" Y="240" T="119332264" />
  <Point X="110" Y="242" T="119332285" />
  <Point X="109" Y="244" T="119332308" />
  <Point X="109" Y="246" T="119332337" />
  <Point X="110" Y="248" T="119332369" />
  <Point X="111" Y="250" T="119332397" />
  <Point X="111" Y="252" T="119332416" />
  <Point X="111" Y="254" T="119332445" />
  <Point X="111" Y="256" T="119332465" />
  <Point X="111" Y="258" T="119332485" />
  <Point X="110" Y="260" T="119332505" />
  <Point X="109" Y="262" T="119332525" />
  <Point X="109" Y="265" T="119332546" />
  <Point X="109" Y="269" T="119332566" />
  <Point X="111" Y="271" T="119332593" />
  <Point X="111" Y="274" T="119332623" />
  <Point X="110" Y="276" T="119332654" />
  <Point X="107" Y="277" T="119332675" />
  <Point X="103" Y="279" T="119332698" />
  <Point X="101" Y="279" T="119332699" />
  <Point X="96" Y="280" T="119332722" />
  <Point X="93" Y="280" T="119332723" />
  <Point X="86" Y="280" T="119332747" />
  <Point X="81" Y="278" T="119332773" />
  <Point X="76" Y="275" T="119332797" />
  <Point X="71" Y="271" T="119332820" />
  <Point X="68" Y="265" T="119332844" />
  <Point X="66" Y="264" T="119332869" />
</Gesture>