﻿<?xml version="1.0" encoding="utf-8" standalone="yes"?>
<Gesture Name="right_curly_brace04" Subject="5" Speed="fast" Number="4" NumPts="91" Millseconds="1594" AppName="Gestures" AppVer="3.7.0.0" Date="Friday, March 09, 2007" TimeOfDay="9:46:56 PM">
  <Point X="101" Y="168" T="119329078" />
  <Point X="99" Y="166" T="119329113" />
  <Point X="101" Y="165" T="119329157" />
  <Point X="104" Y="165" T="119329169" />
  <Point X="106" Y="165" T="119329181" />
  <Point X="108" Y="165" T="119329189" />
  <Point X="111" Y="165" T="119329197" />
  <Point X="113" Y="165" T="119329205" />
  <Point X="116" Y="165" T="119329213" />
  <Point X="118" Y="166" T="119329221" />
  <Point X="120" Y="165" T="119329229" />
  <Point X="122" Y="166" T="119329237" />
  <Point X="124" Y="167" T="119329245" />
  <Point X="127" Y="168" T="119329258" />
  <Point X="129" Y="169" T="119329270" />
  <Point X="131" Y="171" T="119329283" />
  <Point X="133" Y="173" T="119329300" />
  <Point X="133" Y="175" T="119329308" />
  <Point X="133" Y="177" T="119329320" />
  <Point X="134" Y="180" T="119329332" />
  <Point X="134" Y="182" T="119329349" />
  <Point X="133" Y="185" T="119329358" />
  <Point X="133" Y="187" T="119329369" />
  <Point X="132" Y="189" T="119329381" />
  <Point X="131" Y="191" T="119329391" />
  <Point X="129" Y="193" T="119329406" />
  <Point X="127" Y="195" T="119329418" />
  <Point X="124" Y="197" T="119329430" />
  <Point X="123" Y="200" T="119329442" />
  <Point X="121" Y="201" T="119329453" />
  <Point X="118" Y="202" T="119329464" />
  <Point X="117" Y="205" T="119329475" />
  <Point X="115" Y="207" T="119329486" />
  <Point X="114" Y="209" T="119329503" />
  <Point X="113" Y="211" T="119329515" />
  <Point X="114" Y="214" T="119329540" />
  <Point X="114" Y="216" T="119329552" />
  <Point X="116" Y="218" T="119329565" />
  <Point X="117" Y="220" T="119329580" />
  <Point X="120" Y="222" T="119329600" />
  <Point X="121" Y="224" T="119329613" />
  <Point X="122" Y="226" T="119329626" />
  <Point X="126" Y="226" T="119329640" />
  <Point X="129" Y="227" T="119329654" />
  <Point X="131" Y="226" T="119329668" />
  <Point X="133" Y="227" T="119329682" />
  <Point X="134" Y="229" T="119329696" />
  <Point X="136" Y="229" T="119329711" />
  <Point X="138" Y="229" T="119329726" />
  <Point X="139" Y="231" T="119329769" />
  <Point X="136" Y="232" T="119329825" />
  <Point X="134" Y="231" T="119329853" />
  <Point X="132" Y="230" T="119329874" />
  <Point X="131" Y="228" T="119329894" />
  <Point X="129" Y="229" T="119329915" />
  <Point X="128" Y="226" T="119329931" />
  <Point X="125" Y="226" T="119329951" />
  <Point X="123" Y="226" T="119329971" />
  <Point X="121" Y="225" T="119329988" />
  <Point X="119" Y="225" T="119330005" />
  <Point X="117" Y="225" T="119330023" />
  <Point X="114" Y="226" T="119330041" />
  <Point X="112" Y="227" T="119330059" />
  <Point X="110" Y="230" T="119330079" />
  <Point X="108" Y="231" T="119330098" />
  <Point X="106" Y="232" T="119330127" />
  <Point X="106" Y="234" T="119330148" />
  <Point X="105" Y="236" T="119330167" />
  <Point X="104" Y="238" T="119330185" />
  <Point X="104" Y="240" T="119330221" />
  <Point X="105" Y="243" T="119330241" />
  <Point X="105" Y="245" T="119330263" />
  <Point X="107" Y="247" T="119330282" />
  <Point X="109" Y="248" T="119330307" />
  <Point X="111" Y="250" T="119330328" />
  <Point X="112" Y="252" T="119330353" />
  <Point X="113" Y="255" T="119330373" />
  <Point X="113" Y="257" T="119330394" />
  <Point X="113" Y="260" T="119330415" />
  <Point X="112" Y="262" T="119330437" />
  <Point X="110" Y="264" T="119330459" />
  <Point X="106" Y="269" T="119330482" />
  <Point X="103" Y="273" T="119330504" />
  <Point X="98" Y="275" T="119330527" />
  <Point X="93" Y="278" T="119330549" />
  <Point X="89" Y="278" T="119330572" />
  <Point X="86" Y="279" T="119330573" />
  <Point X="80" Y="278" T="119330598" />
  <Point X="75" Y="274" T="119330622" />
  <Point X="72" Y="272" T="119330646" />
  <Point X="69" Y="268" T="119330672" />
</Gesture>