﻿<?xml version="1.0" encoding="utf-8" standalone="yes"?>
<Gesture Name="right_sq_bracket06" Subject="5" Speed="fast" Number="6" NumPts="65" Millseconds="846" AppName="Gestures" AppVer="3.7.0.0" Date="Friday, March 09, 2007" TimeOfDay="9:35:06 PM">
  <Point X="97" Y="150" T="118618347" />
  <Point X="99" Y="150" T="118618371" />
  <Point X="101" Y="150" T="118618383" />
  <Point X="103" Y="151" T="118618391" />
  <Point X="106" Y="151" T="118618400" />
  <Point X="108" Y="151" T="118618408" />
  <Point X="112" Y="151" T="118618416" />
  <Point X="114" Y="151" T="118618422" />
  <Point X="118" Y="152" T="118618429" />
  <Point X="120" Y="152" T="118618435" />
  <Point X="122" Y="152" T="118618436" />
  <Point X="124" Y="152" T="118618444" />
  <Point X="126" Y="152" T="118618445" />
  <Point X="131" Y="152" T="118618452" />
  <Point X="133" Y="152" T="118618460" />
  <Point X="135" Y="152" T="118618461" />
  <Point X="138" Y="153" T="118618469" />
  <Point X="142" Y="153" T="118618477" />
  <Point X="145" Y="154" T="118618486" />
  <Point X="147" Y="154" T="118618495" />
  <Point X="149" Y="153" T="118618504" />
  <Point X="152" Y="153" T="118618513" />
  <Point X="154" Y="155" T="118618528" />
  <Point X="155" Y="158" T="118618624" />
  <Point X="153" Y="159" T="118618649" />
  <Point X="151" Y="161" T="118618666" />
  <Point X="149" Y="163" T="118618676" />
  <Point X="148" Y="165" T="118618687" />
  <Point X="145" Y="166" T="118618697" />
  <Point X="144" Y="169" T="118618708" />
  <Point X="141" Y="172" T="118618719" />
  <Point X="140" Y="174" T="118618731" />
  <Point X="136" Y="181" T="118618742" />
  <Point X="134" Y="184" T="118618754" />
  <Point X="132" Y="187" T="118618767" />
  <Point X="130" Y="192" T="118618779" />
  <Point X="129" Y="195" T="118618791" />
  <Point X="128" Y="198" T="118618804" />
  <Point X="127" Y="202" T="118618817" />
  <Point X="126" Y="204" T="118618830" />
  <Point X="126" Y="208" T="118618843" />
  <Point X="127" Y="211" T="118618857" />
  <Point X="127" Y="213" T="118618870" />
  <Point X="128" Y="215" T="118618884" />
  <Point X="128" Y="217" T="118618898" />
  <Point X="128" Y="219" T="118618912" />
  <Point X="127" Y="221" T="118618927" />
  <Point X="126" Y="223" T="118618941" />
  <Point X="125" Y="225" T="118618956" />
  <Point X="124" Y="227" T="118618971" />
  <Point X="122" Y="229" T="118618986" />
  <Point X="121" Y="231" T="118619002" />
  <Point X="119" Y="233" T="118619017" />
  <Point X="117" Y="235" T="118619018" />
  <Point X="114" Y="237" T="118619035" />
  <Point X="112" Y="238" T="118619051" />
  <Point X="107" Y="238" T="118619067" />
  <Point X="102" Y="237" T="118619084" />
  <Point X="95" Y="236" T="118619102" />
  <Point X="92" Y="234" T="118619103" />
  <Point X="84" Y="233" T="118619121" />
  <Point X="74" Y="232" T="118619138" />
  <Point X="66" Y="230" T="118619156" />
  <Point X="60" Y="230" T="118619174" />
  <Point X="54" Y="231" T="118619193" />
</Gesture>