﻿<?xml version="1.0" encoding="utf-8" standalone="yes"?>
<Gesture Name="right_sq_bracket08" Subject="5" Speed="fast" Number="8" NumPts="57" Millseconds="862" AppName="Gestures" AppVer="3.7.0.0" Date="Friday, March 09, 2007" TimeOfDay="9:35:09 PM">
  <Point X="103" Y="154" T="118621446" />
  <Point X="106" Y="154" T="118621482" />
  <Point X="108" Y="155" T="118621494" />
  <Point X="111" Y="154" T="118621503" />
  <Point X="114" Y="153" T="118621510" />
  <Point X="116" Y="153" T="118621518" />
  <Point X="120" Y="154" T="118621527" />
  <Point X="124" Y="153" T="118621535" />
  <Point X="128" Y="153" T="118621543" />
  <Point X="131" Y="153" T="118621551" />
  <Point X="133" Y="153" T="118621558" />
  <Point X="135" Y="154" T="118621565" />
  <Point X="141" Y="154" T="118621573" />
  <Point X="145" Y="154" T="118621580" />
  <Point X="148" Y="155" T="118621588" />
  <Point X="150" Y="154" T="118621596" />
  <Point X="152" Y="156" T="118621604" />
  <Point X="155" Y="155" T="118621615" />
  <Point X="153" Y="157" T="118621691" />
  <Point X="151" Y="159" T="118621792" />
  <Point X="151" Y="162" T="118621808" />
  <Point X="150" Y="164" T="118621817" />
  <Point X="150" Y="167" T="118621827" />
  <Point X="149" Y="169" T="118621836" />
  <Point X="148" Y="172" T="118621846" />
  <Point X="147" Y="174" T="118621856" />
  <Point X="145" Y="177" T="118621866" />
  <Point X="142" Y="182" T="118621877" />
  <Point X="140" Y="185" T="118621887" />
  <Point X="137" Y="187" T="118621898" />
  <Point X="135" Y="189" T="118621909" />
  <Point X="131" Y="195" T="118621921" />
  <Point X="129" Y="198" T="118621936" />
  <Point X="128" Y="201" T="118621948" />
  <Point X="128" Y="203" T="118621965" />
  <Point X="128" Y="205" T="118621977" />
  <Point X="130" Y="207" T="118622001" />
  <Point X="131" Y="209" T="118622017" />
  <Point X="131" Y="212" T="118622030" />
  <Point X="132" Y="214" T="118622045" />
  <Point X="132" Y="217" T="118622060" />
  <Point X="131" Y="220" T="118622073" />
  <Point X="130" Y="222" T="118622087" />
  <Point X="129" Y="224" T="118622101" />
  <Point X="128" Y="226" T="118622115" />
  <Point X="126" Y="228" T="118622129" />
  <Point X="124" Y="228" T="118622149" />
  <Point X="122" Y="229" T="118622163" />
  <Point X="117" Y="229" T="118622178" />
  <Point X="110" Y="229" T="118622194" />
  <Point X="100" Y="229" T="118622210" />
  <Point X="88" Y="228" T="118622226" />
  <Point X="77" Y="229" T="118622242" />
  <Point X="66" Y="230" T="118622258" />
  <Point X="59" Y="229" T="118622275" />
  <Point X="56" Y="229" T="118622291" />
  <Point X="54" Y="229" T="118622308" />
</Gesture>