﻿<?xml version="1.0" encoding="utf-8" standalone="yes"?>
<Gesture Name="right_curly_brace02" Subject="5" Speed="fast" Number="2" NumPts="79" Millseconds="1545" AppName="Gestures" AppVer="3.7.0.0" Date="Friday, March 09, 2007" TimeOfDay="9:46:52 PM">
  <Point X="105" Y="158" T="119324921" />
  <Point X="107" Y="158" T="119325006" />
  <Point X="109" Y="158" T="119325018" />
  <Point X="111" Y="157" T="119325026" />
  <Point X="113" Y="157" T="119325033" />
  <Point X="115" Y="157" T="119325042" />
  <Point X="118" Y="157" T="119325050" />
  <Point X="120" Y="157" T="119325058" />
  <Point X="123" Y="157" T="119325066" />
  <Point X="125" Y="159" T="119325074" />
  <Point X="127" Y="160" T="119325086" />
  <Point X="130" Y="161" T="119325098" />
  <Point X="132" Y="162" T="119325115" />
  <Point X="133" Y="165" T="119325131" />
  <Point X="134" Y="167" T="119325140" />
  <Point X="134" Y="169" T="119325151" />
  <Point X="133" Y="171" T="119325159" />
  <Point X="133" Y="174" T="119325171" />
  <Point X="132" Y="176" T="119325183" />
  <Point X="131" Y="179" T="119325196" />
  <Point X="130" Y="182" T="119325206" />
  <Point X="128" Y="185" T="119325216" />
  <Point X="126" Y="187" T="119325226" />
  <Point X="124" Y="190" T="119325236" />
  <Point X="122" Y="193" T="119325247" />
  <Point X="119" Y="197" T="119325258" />
  <Point X="117" Y="198" T="119325269" />
  <Point X="115" Y="201" T="119325281" />
  <Point X="114" Y="203" T="119325293" />
  <Point X="113" Y="205" T="119325309" />
  <Point X="114" Y="207" T="119325325" />
  <Point X="114" Y="209" T="119325337" />
  <Point X="116" Y="211" T="119325350" />
  <Point X="119" Y="212" T="119325364" />
  <Point X="121" Y="213" T="119325377" />
  <Point X="123" Y="214" T="119325389" />
  <Point X="125" Y="215" T="119325404" />
  <Point X="127" Y="216" T="119325421" />
  <Point X="130" Y="218" T="119325436" />
  <Point X="132" Y="218" T="119325453" />
  <Point X="134" Y="220" T="119325473" />
  <Point X="136" Y="220" T="119325501" />
  <Point X="134" Y="221" T="119325594" />
  <Point X="132" Y="221" T="119325610" />
  <Point X="129" Y="221" T="119325629" />
  <Point X="127" Y="221" T="119325649" />
  <Point X="125" Y="221" T="119325665" />
  <Point X="123" Y="221" T="119325685" />
  <Point X="121" Y="221" T="119325705" />
  <Point X="120" Y="223" T="119325721" />
  <Point X="118" Y="224" T="119325737" />
  <Point X="116" Y="226" T="119325758" />
  <Point X="114" Y="228" T="119325782" />
  <Point X="113" Y="230" T="119325815" />
  <Point X="113" Y="232" T="119325848" />
  <Point X="114" Y="234" T="119325925" />
  <Point X="114" Y="237" T="119325949" />
  <Point X="113" Y="239" T="119325989" />
  <Point X="113" Y="241" T="119326013" />
  <Point X="112" Y="244" T="119326033" />
  <Point X="112" Y="246" T="119326057" />
  <Point X="113" Y="249" T="119326086" />
  <Point X="114" Y="251" T="119326110" />
  <Point X="115" Y="254" T="119326131" />
  <Point X="116" Y="256" T="119326159" />
  <Point X="117" Y="258" T="119326179" />
  <Point X="117" Y="260" T="119326211" />
  <Point X="117" Y="263" T="119326230" />
  <Point X="115" Y="266" T="119326251" />
  <Point X="114" Y="268" T="119326275" />
  <Point X="112" Y="270" T="119326295" />
  <Point X="108" Y="273" T="119326316" />
  <Point X="105" Y="274" T="119326336" />
  <Point X="99" Y="276" T="119326358" />
  <Point X="94" Y="278" T="119326379" />
  <Point X="90" Y="278" T="119326400" />
  <Point X="85" Y="275" T="119326422" />
  <Point X="80" Y="271" T="119326444" />
  <Point X="79" Y="268" T="119326466" />
</Gesture>