﻿<?xml version="1.0" encoding="utf-8" standalone="yes"?>
<Gesture Name="right_curly_brace06" Subject="5" Speed="fast" Number="6" NumPts="75" Millseconds="1229" AppName="Gestures" AppVer="3.7.0.0" Date="Friday, March 09, 2007" TimeOfDay="9:47:00 PM">
  <Point X="94" Y="176" T="119333392" />
  <Point X="96" Y="176" T="119333425" />
  <Point X="99" Y="175" T="119333441" />
  <Point X="102" Y="174" T="119333453" />
  <Point X="104" Y="174" T="119333461" />
  <Point X="107" Y="174" T="119333468" />
  <Point X="110" Y="173" T="119333476" />
  <Point X="113" Y="174" T="119333484" />
  <Point X="116" Y="175" T="119333492" />
  <Point X="119" Y="176" T="119333500" />
  <Point X="121" Y="176" T="119333508" />
  <Point X="123" Y="177" T="119333516" />
  <Point X="125" Y="178" T="119333528" />
  <Point X="128" Y="179" T="119333544" />
  <Point X="129" Y="181" T="119333556" />
  <Point X="130" Y="183" T="119333573" />
  <Point X="130" Y="185" T="119333586" />
  <Point X="129" Y="188" T="119333599" />
  <Point X="128" Y="191" T="119333611" />
  <Point X="126" Y="193" T="119333627" />
  <Point X="125" Y="195" T="119333639" />
  <Point X="124" Y="197" T="119333649" />
  <Point X="122" Y="199" T="119333659" />
  <Point X="120" Y="201" T="119333671" />
  <Point X="118" Y="203" T="119333683" />
  <Point X="115" Y="206" T="119333696" />
  <Point X="113" Y="208" T="119333707" />
  <Point X="110" Y="210" T="119333718" />
  <Point X="108" Y="211" T="119333729" />
  <Point X="107" Y="215" T="119333740" />
  <Point X="105" Y="217" T="119333760" />
  <Point X="105" Y="219" T="119333775" />
  <Point X="105" Y="221" T="119333787" />
  <Point X="107" Y="223" T="119333804" />
  <Point X="108" Y="226" T="119333821" />
  <Point X="110" Y="226" T="119333837" />
  <Point X="113" Y="228" T="119333854" />
  <Point X="115" Y="229" T="119333866" />
  <Point X="117" Y="231" T="119333880" />
  <Point X="119" Y="232" T="119333894" />
  <Point X="122" Y="231" T="119333908" />
  <Point X="124" Y="233" T="119333922" />
  <Point X="126" Y="234" T="119333936" />
  <Point X="128" Y="234" T="119333950" />
  <Point X="129" Y="237" T="119334019" />
  <Point X="127" Y="238" T="119334063" />
  <Point X="125" Y="239" T="119334083" />
  <Point X="123" Y="239" T="119334098" />
  <Point X="120" Y="239" T="119334114" />
  <Point X="118" Y="239" T="119334130" />
  <Point X="116" Y="239" T="119334147" />
  <Point X="114" Y="240" T="119334148" />
  <Point X="112" Y="240" T="119334166" />
  <Point X="110" Y="242" T="119334184" />
  <Point X="108" Y="244" T="119334202" />
  <Point X="103" Y="248" T="119334219" />
  <Point X="101" Y="251" T="119334236" />
  <Point X="100" Y="253" T="119334253" />
  <Point X="98" Y="257" T="119334271" />
  <Point X="99" Y="259" T="119334299" />
  <Point X="101" Y="259" T="119334318" />
  <Point X="103" Y="261" T="119334336" />
  <Point X="104" Y="263" T="119334355" />
  <Point X="106" Y="265" T="119334391" />
  <Point X="105" Y="267" T="119334416" />
  <Point X="104" Y="269" T="119334435" />
  <Point X="103" Y="272" T="119334455" />
  <Point X="98" Y="275" T="119334474" />
  <Point X="94" Y="278" T="119334495" />
  <Point X="87" Y="279" T="119334515" />
  <Point X="80" Y="280" T="119334536" />
  <Point X="76" Y="277" T="119334557" />
  <Point X="69" Y="275" T="119334578" />
  <Point X="67" Y="274" T="119334599" />
  <Point X="65" Y="273" T="119334621" />
</Gesture>