﻿<?xml version="1.0" encoding="utf-8" standalone="yes"?>
<Gesture Name="right_sq_bracket05" Subject="5" Speed="fast" Number="5" NumPts="61" Millseconds="762" AppName="Gestures" AppVer="3.7.0.0" Date="Friday, March 09, 2007" TimeOfDay="9:35:05 PM">
  <Point X="93" Y="151" T="118617041" />
  <Point X="95" Y="151" T="118617058" />
  <Point X="98" Y="151" T="118617066" />
  <Point X="100" Y="150" T="118617074" />
  <Point X="103" Y="149" T="118617082" />
  <Point X="107" Y="150" T="118617090" />
  <Point X="110" Y="150" T="118617099" />
  <Point X="112" Y="149" T="118617105" />
  <Point X="116" Y="148" T="118617112" />
  <Point X="118" Y="148" T="118617118" />
  <Point X="120" Y="148" T="118617119" />
  <Point X="124" Y="149" T="118617127" />
  <Point X="127" Y="149" T="118617135" />
  <Point X="130" Y="149" T="118617144" />
  <Point X="133" Y="150" T="118617152" />
  <Point X="135" Y="151" T="118617161" />
  <Point X="138" Y="151" T="118617169" />
  <Point X="140" Y="151" T="118617177" />
  <Point X="142" Y="151" T="118617189" />
  <Point X="144" Y="151" T="118617205" />
  <Point X="144" Y="153" T="118617297" />
  <Point X="142" Y="155" T="118617312" />
  <Point X="140" Y="158" T="118617329" />
  <Point X="138" Y="160" T="118617339" />
  <Point X="137" Y="162" T="118617348" />
  <Point X="134" Y="167" T="118617359" />
  <Point X="133" Y="170" T="118617369" />
  <Point X="131" Y="173" T="118617379" />
  <Point X="128" Y="178" T="118617390" />
  <Point X="126" Y="182" T="118617401" />
  <Point X="125" Y="184" T="118617402" />
  <Point X="123" Y="186" T="118617413" />
  <Point X="122" Y="190" T="118617425" />
  <Point X="121" Y="193" T="118617426" />
  <Point X="120" Y="196" T="118617438" />
  <Point X="119" Y="198" T="118617450" />
  <Point X="119" Y="203" T="118617462" />
  <Point X="119" Y="205" T="118617481" />
  <Point X="120" Y="207" T="118617497" />
  <Point X="121" Y="209" T="118617510" />
  <Point X="121" Y="211" T="118617525" />
  <Point X="121" Y="213" T="118617538" />
  <Point X="121" Y="216" T="118617553" />
  <Point X="120" Y="218" T="118617567" />
  <Point X="119" Y="220" T="118617581" />
  <Point X="118" Y="222" T="118617595" />
  <Point X="116" Y="224" T="118617609" />
  <Point X="115" Y="227" T="118617624" />
  <Point X="113" Y="229" T="118617625" />
  <Point X="111" Y="230" T="118617641" />
  <Point X="107" Y="232" T="118617656" />
  <Point X="101" Y="233" T="118617672" />
  <Point X="94" Y="233" T="118617689" />
  <Point X="92" Y="233" T="118617690" />
  <Point X="84" Y="232" T="118617709" />
  <Point X="82" Y="232" T="118617710" />
  <Point X="71" Y="232" T="118617730" />
  <Point X="64" Y="232" T="118617750" />
  <Point X="59" Y="231" T="118617768" />
  <Point X="55" Y="232" T="118617785" />
  <Point X="53" Y="231" T="118617803" />
</Gesture>