﻿<?xml version="1.0" encoding="utf-8" standalone="yes"?>
<Gesture Name="star02" Subject="5" Speed="fast" Number="2" NumPts="77" Millseconds="1002" AppName="Gestures" AppVer="3.7.0.0" Date="Friday, March 09, 2007" TimeOfDay="9:43:11 PM">
  <Point X="52" Y="250" T="119104248" />
  <Point X="53" Y="248" T="119104256" />
  <Point X="55" Y="245" T="119104264" />
  <Point X="58" Y="242" T="119104273" />
  <Point X="59" Y="240" T="119104279" />
  <Point X="61" Y="238" T="119104284" />
  <Point X="62" Y="236" T="119104285" />
  <Point X="64" Y="233" T="119104292" />
  <Point X="68" Y="229" T="119104298" />
  <Point X="71" Y="223" T="119104305" />
  <Point X="73" Y="221" T="119104312" />
  <Point X="78" Y="214" T="119104319" />
  <Point X="82" Y="208" T="119104326" />
  <Point X="86" Y="201" T="119104334" />
  <Point X="89" Y="195" T="119104342" />
  <Point X="93" Y="190" T="119104350" />
  <Point X="97" Y="185" T="119104358" />
  <Point X="100" Y="179" T="119104366" />
  <Point X="103" Y="174" T="119104375" />
  <Point X="104" Y="172" T="119104384" />
  <Point X="107" Y="168" T="119104393" />
  <Point X="108" Y="166" T="119104394" />
  <Point X="110" Y="164" T="119104403" />
  <Point X="112" Y="161" T="119104412" />
  <Point X="113" Y="158" T="119104422" />
  <Point X="115" Y="156" T="119104433" />
  <Point X="117" Y="155" T="119104443" />
  <Point X="118" Y="153" T="119104465" />
  <Point X="117" Y="155" T="119104489" />
  <Point X="116" Y="158" T="119104501" />
  <Point X="113" Y="165" T="119104514" />
  <Point X="111" Y="172" T="119104526" />
  <Point X="108" Y="181" T="119104539" />
  <Point X="106" Y="190" T="119104552" />
  <Point X="105" Y="194" T="119104554" />
  <Point X="103" Y="206" T="119104568" />
  <Point X="102" Y="209" T="119104570" />
  <Point X="101" Y="218" T="119104584" />
  <Point X="101" Y="221" T="119104586" />
  <Point X="101" Y="230" T="119104601" />
  <Point X="101" Y="233" T="119104602" />
  <Point X="101" Y="237" T="119104617" />
  <Point X="101" Y="241" T="119104618" />
  <Point X="101" Y="246" T="119104633" />
  <Point X="101" Y="251" T="119104648" />
  <Point X="101" Y="253" T="119104663" />
  <Point X="101" Y="256" T="119104678" />
  <Point X="98" Y="255" T="119104694" />
  <Point X="93" Y="252" T="119104709" />
  <Point X="84" Y="244" T="119104726" />
  <Point X="75" Y="236" T="119104743" />
  <Point X="65" Y="227" T="119104760" />
  <Point X="55" Y="219" T="119104778" />
  <Point X="50" Y="214" T="119104797" />
  <Point X="45" Y="211" T="119104814" />
  <Point X="43" Y="209" T="119104831" />
  <Point X="43" Y="206" T="119104857" />
  <Point X="45" Y="208" T="119104882" />
  <Point X="52" Y="208" T="119104900" />
  <Point X="67" Y="205" T="119104919" />
  <Point X="84" Y="202" T="119104938" />
  <Point X="88" Y="201" T="119104939" />
  <Point X="108" Y="196" T="119104960" />
  <Point X="125" Y="194" T="119104980" />
  <Point X="138" Y="191" T="119105000" />
  <Point X="143" Y="189" T="119105020" />
  <Point X="145" Y="191" T="119105039" />
  <Point X="139" Y="195" T="119105058" />
  <Point X="128" Y="202" T="119105079" />
  <Point X="115" Y="211" T="119105100" />
  <Point X="99" Y="223" T="119105122" />
  <Point X="87" Y="233" T="119105144" />
  <Point X="76" Y="242" T="119105165" />
  <Point X="66" Y="250" T="119105187" />
  <Point X="62" Y="252" T="119105208" />
  <Point X="60" Y="254" T="119105229" />
  <Point X="58" Y="254" T="119105250" />
</Gesture>