﻿<?xml version="1.0" encoding="utf-8" standalone="yes"?>
<Gesture Name="star07" Subject="5" Speed="fast" Number="7" NumPts="67" Millseconds="843" AppName="Gestures" AppVer="3.7.0.0" Date="Friday, March 09, 2007" TimeOfDay="9:43:18 PM">
  <Point X="82" Y="257" T="119111385" />
  <Point X="82" Y="254" T="119111420" />
  <Point X="82" Y="252" T="119111428" />
  <Point X="83" Y="250" T="119111437" />
  <Point X="84" Y="246" T="119111445" />
  <Point X="84" Y="243" T="119111452" />
  <Point X="86" Y="238" T="119111458" />
  <Point X="87" Y="231" T="119111466" />
  <Point X="89" Y="225" T="119111473" />
  <Point X="90" Y="221" T="119111481" />
  <Point X="92" Y="218" T="119111482" />
  <Point X="94" Y="211" T="119111492" />
  <Point X="97" Y="203" T="119111500" />
  <Point X="100" Y="197" T="119111508" />
  <Point X="101" Y="193" T="119111510" />
  <Point X="103" Y="187" T="119111519" />
  <Point X="105" Y="183" T="119111528" />
  <Point X="106" Y="180" T="119111530" />
  <Point X="106" Y="178" T="119111540" />
  <Point X="108" Y="171" T="119111549" />
  <Point X="109" Y="169" T="119111559" />
  <Point X="111" Y="163" T="119111569" />
  <Point X="112" Y="160" T="119111580" />
  <Point X="114" Y="157" T="119111589" />
  <Point X="115" Y="155" T="119111600" />
  <Point X="116" Y="153" T="119111610" />
  <Point X="116" Y="151" T="119111626" />
  <Point X="117" Y="153" T="119111655" />
  <Point X="117" Y="157" T="119111666" />
  <Point X="116" Y="163" T="119111679" />
  <Point X="116" Y="166" T="119111680" />
  <Point X="115" Y="175" T="119111693" />
  <Point X="115" Y="186" T="119111706" />
  <Point X="114" Y="198" T="119111719" />
  <Point X="114" Y="202" T="119111720" />
  <Point X="114" Y="211" T="119111734" />
  <Point X="114" Y="224" T="119111747" />
  <Point X="113" Y="232" T="119111761" />
  <Point X="113" Y="239" T="119111775" />
  <Point X="112" Y="245" T="119111789" />
  <Point X="112" Y="247" T="119111803" />
  <Point X="111" Y="249" T="119111817" />
  <Point X="109" Y="250" T="119111832" />
  <Point X="104" Y="248" T="119111846" />
  <Point X="98" Y="240" T="119111862" />
  <Point X="90" Y="230" T="119111878" />
  <Point X="80" Y="221" T="119111894" />
  <Point X="77" Y="218" T="119111896" />
  <Point X="68" Y="210" T="119111913" />
  <Point X="65" Y="207" T="119111929" />
  <Point X="62" Y="205" T="119111945" />
  <Point X="61" Y="203" T="119111964" />
  <Point X="67" Y="201" T="119111981" />
  <Point X="77" Y="200" T="119111998" />
  <Point X="95" Y="198" T="119112016" />
  <Point X="114" Y="193" T="119112034" />
  <Point X="137" Y="188" T="119112052" />
  <Point X="155" Y="183" T="119112072" />
  <Point X="162" Y="180" T="119112090" />
  <Point X="165" Y="180" T="119112108" />
  <Point X="165" Y="182" T="119112126" />
  <Point X="161" Y="184" T="119112128" />
  <Point X="145" Y="195" T="119112148" />
  <Point X="125" Y="211" T="119112168" />
  <Point X="104" Y="229" T="119112188" />
  <Point X="91" Y="242" T="119112208" />
  <Point X="87" Y="247" T="119112228" />
</Gesture>