﻿<?xml version="1.0" encoding="utf-8" standalone="yes"?>
<Gesture Name="star01" Subject="5" Speed="fast" Number="1" NumPts="90" Millseconds="1383" AppName="Gestures" AppVer="3.7.0.0" Date="Friday, March 09, 2007" TimeOfDay="9:43:10 PM">
  <Point X="61" Y="238" T="119102404" />
  <Point X="61" Y="240" T="119102428" />
  <Point X="62" Y="238" T="119102505" />
  <Point X="64" Y="236" T="119102517" />
  <Point X="65" Y="234" T="119102524" />
  <Point X="67" Y="232" T="119102532" />
  <Point X="69" Y="230" T="119102540" />
  <Point X="71" Y="227" T="119102548" />
  <Point X="73" Y="225" T="119102556" />
  <Point X="76" Y="223" T="119102564" />
  <Point X="78" Y="219" T="119102572" />
  <Point X="81" Y="216" T="119102580" />
  <Point X="83" Y="213" T="119102588" />
  <Point X="86" Y="209" T="119102596" />
  <Point X="88" Y="206" T="119102605" />
  <Point X="91" Y="202" T="119102613" />
  <Point X="94" Y="199" T="119102621" />
  <Point X="97" Y="194" T="119102630" />
  <Point X="100" Y="191" T="119102638" />
  <Point X="103" Y="187" T="119102647" />
  <Point X="106" Y="183" T="119102656" />
  <Point X="107" Y="181" T="119102657" />
  <Point X="110" Y="177" T="119102669" />
  <Point X="112" Y="173" T="119102679" />
  <Point X="117" Y="166" T="119102690" />
  <Point X="119" Y="162" T="119102700" />
  <Point X="122" Y="159" T="119102711" />
  <Point X="126" Y="152" T="119102723" />
  <Point X="130" Y="147" T="119102734" />
  <Point X="132" Y="144" T="119102746" />
  <Point X="136" Y="140" T="119102758" />
  <Point X="138" Y="138" T="119102771" />
  <Point X="140" Y="137" T="119102784" />
  <Point X="142" Y="135" T="119102797" />
  <Point X="142" Y="137" T="119102822" />
  <Point X="141" Y="139" T="119102835" />
  <Point X="140" Y="145" T="119102848" />
  <Point X="137" Y="150" T="119102862" />
  <Point X="136" Y="152" T="119102864" />
  <Point X="133" Y="160" T="119102880" />
  <Point X="130" Y="168" T="119102894" />
  <Point X="126" Y="180" T="119102908" />
  <Point X="124" Y="187" T="119102923" />
  <Point X="123" Y="191" T="119102924" />
  <Point X="121" Y="203" T="119102942" />
  <Point X="118" Y="212" T="119102956" />
  <Point X="117" Y="220" T="119102971" />
  <Point X="116" Y="228" T="119102986" />
  <Point X="115" Y="230" T="119102987" />
  <Point X="114" Y="237" T="119103004" />
  <Point X="113" Y="241" T="119103021" />
  <Point X="112" Y="244" T="119103037" />
  <Point X="112" Y="246" T="119103054" />
  <Point X="109" Y="244" T="119103075" />
  <Point X="107" Y="239" T="119103092" />
  <Point X="104" Y="235" T="119103110" />
  <Point X="100" Y="229" T="119103128" />
  <Point X="94" Y="224" T="119103145" />
  <Point X="88" Y="216" T="119103164" />
  <Point X="82" Y="211" T="119103182" />
  <Point X="74" Y="204" T="119103201" />
  <Point X="69" Y="201" T="119103220" />
  <Point X="64" Y="198" T="119103238" />
  <Point X="62" Y="196" T="119103240" />
  <Point X="60" Y="196" T="119103260" />
  <Point X="58" Y="195" T="119103279" />
  <Point X="56" Y="194" T="119103298" />
  <Point X="57" Y="191" T="119103327" />
  <Point X="59" Y="191" T="119103346" />
  <Point X="61" Y="190" T="119103347" />
  <Point X="70" Y="190" T="119103369" />
  <Point X="86" Y="190" T="119103391" />
  <Point X="102" Y="188" T="119103413" />
  <Point X="119" Y="187" T="119103434" />
  <Point X="122" Y="187" T="119103436" />
  <Point X="141" Y="183" T="119103459" />
  <Point X="153" Y="179" T="119103482" />
  <Point X="162" Y="177" T="119103504" />
  <Point X="164" Y="176" T="119103526" />
  <Point X="162" Y="178" T="119103567" />
  <Point X="157" Y="182" T="119103590" />
  <Point X="149" Y="186" T="119103613" />
  <Point X="138" Y="192" T="119103636" />
  <Point X="123" Y="201" T="119103661" />
  <Point X="106" Y="212" T="119103685" />
  <Point X="88" Y="225" T="119103710" />
  <Point X="85" Y="227" T="119103712" />
  <Point X="71" Y="238" T="119103740" />
  <Point X="66" Y="241" T="119103763" />
  <Point X="64" Y="243" T="119103787" />
</Gesture>