﻿<?xml version="1.0" encoding="utf-8" standalone="yes"?>
<Gesture Name="star05" Subject="5" Speed="fast" Number="5" NumPts="74" Millseconds="883" AppName="Gestures" AppVer="3.7.0.0" Date="Friday, March 09, 2007" TimeOfDay="9:43:15 PM">
  <Point X="66" Y="254" T="119108740" />
  <Point X="67" Y="252" T="119108752" />
  <Point X="68" Y="250" T="119108761" />
  <Point X="70" Y="247" T="119108769" />
  <Point X="71" Y="245" T="119108775" />
  <Point X="72" Y="243" T="119108780" />
  <Point X="75" Y="239" T="119108786" />
  <Point X="77" Y="236" T="119108793" />
  <Point X="79" Y="233" T="119108794" />
  <Point X="80" Y="229" T="119108800" />
  <Point X="82" Y="226" T="119108801" />
  <Point X="85" Y="222" T="119108808" />
  <Point X="87" Y="219" T="119108809" />
  <Point X="89" Y="215" T="119108817" />
  <Point X="91" Y="212" T="119108818" />
  <Point X="96" Y="205" T="119108826" />
  <Point X="100" Y="198" T="119108834" />
  <Point X="104" Y="190" T="119108843" />
  <Point X="107" Y="183" T="119108852" />
  <Point X="110" Y="177" T="119108860" />
  <Point X="112" Y="174" T="119108861" />
  <Point X="113" Y="171" T="119108871" />
  <Point X="116" Y="164" T="119108880" />
  <Point X="117" Y="161" T="119108881" />
  <Point X="118" Y="159" T="119108891" />
  <Point X="122" Y="153" T="119108901" />
  <Point X="123" Y="151" T="119108911" />
  <Point X="124" Y="149" T="119108922" />
  <Point X="125" Y="147" T="119108932" />
  <Point X="127" Y="144" T="119108943" />
  <Point X="129" Y="143" T="119108970" />
  <Point X="129" Y="145" T="119108986" />
  <Point X="128" Y="148" T="119108998" />
  <Point X="126" Y="157" T="119109011" />
  <Point X="124" Y="168" T="119109025" />
  <Point X="123" Y="171" T="119109027" />
  <Point X="121" Y="185" T="119109041" />
  <Point X="117" Y="201" T="119109055" />
  <Point X="115" Y="214" T="119109070" />
  <Point X="114" Y="217" T="119109071" />
  <Point X="112" Y="231" T="119109090" />
  <Point X="112" Y="233" T="119109091" />
  <Point X="111" Y="238" T="119109108" />
  <Point X="110" Y="244" T="119109125" />
  <Point X="109" Y="246" T="119109141" />
  <Point X="107" Y="246" T="119109158" />
  <Point X="104" Y="245" T="119109173" />
  <Point X="98" Y="239" T="119109189" />
  <Point X="96" Y="238" T="119109191" />
  <Point X="87" Y="233" T="119109207" />
  <Point X="77" Y="225" T="119109224" />
  <Point X="66" Y="218" T="119109241" />
  <Point X="63" Y="217" T="119109243" />
  <Point X="56" Y="212" T="119109264" />
  <Point X="54" Y="210" T="119109281" />
  <Point X="54" Y="208" T="119109318" />
  <Point X="57" Y="208" T="119109335" />
  <Point X="67" Y="206" T="119109353" />
  <Point X="85" Y="204" T="119109372" />
  <Point X="108" Y="199" T="119109390" />
  <Point X="125" Y="195" T="119109410" />
  <Point X="129" Y="194" T="119109411" />
  <Point X="148" Y="188" T="119109432" />
  <Point X="161" Y="185" T="119109451" />
  <Point X="166" Y="185" T="119109471" />
  <Point X="164" Y="187" T="119109490" />
  <Point X="154" Y="195" T="119109510" />
  <Point X="151" Y="196" T="119109511" />
  <Point X="130" Y="208" T="119109535" />
  <Point X="111" Y="220" T="119109556" />
  <Point X="95" Y="232" T="119109577" />
  <Point X="93" Y="235" T="119109579" />
  <Point X="87" Y="241" T="119109602" />
  <Point X="86" Y="243" T="119109623" />
</Gesture>