﻿<?xml version="1.0" encoding="utf-8" standalone="yes"?>
<Gesture Name="star10" Subject="5" Speed="fast" Number="10" NumPts="65" Millseconds="781" AppName="Gestures" AppVer="3.7.0.0" Date="Friday, March 09, 2007" TimeOfDay="9:43:22 PM">
  <Point X="75" Y="254" T="119115562" />
  <Point X="76" Y="252" T="119115570" />
  <Point X="77" Y="248" T="119115578" />
  <Point X="79" Y="244" T="119115586" />
  <Point X="80" Y="242" T="119115591" />
  <Point X="81" Y="240" T="119115597" />
  <Point X="84" Y="236" T="119115603" />
  <Point X="85" Y="233" T="119115609" />
  <Point X="87" Y="230" T="119115610" />
  <Point X="88" Y="226" T="119115617" />
  <Point X="92" Y="220" T="119115624" />
  <Point X="95" Y="213" T="119115631" />
  <Point X="99" Y="206" T="119115638" />
  <Point X="102" Y="198" T="119115646" />
  <Point X="103" Y="194" T="119115654" />
  <Point X="105" Y="190" T="119115655" />
  <Point X="108" Y="184" T="119115663" />
  <Point X="111" Y="178" T="119115671" />
  <Point X="114" Y="173" T="119115680" />
  <Point X="116" Y="167" T="119115689" />
  <Point X="120" Y="162" T="119115698" />
  <Point X="122" Y="159" T="119115707" />
  <Point X="124" Y="155" T="119115717" />
  <Point X="126" Y="153" T="119115726" />
  <Point X="128" Y="152" T="119115742" />
  <Point X="129" Y="155" T="119115771" />
  <Point X="129" Y="157" T="119115782" />
  <Point X="128" Y="159" T="119115794" />
  <Point X="126" Y="168" T="119115806" />
  <Point X="124" Y="178" T="119115818" />
  <Point X="121" Y="190" T="119115830" />
  <Point X="120" Y="194" T="119115832" />
  <Point X="118" Y="208" T="119115845" />
  <Point X="116" Y="221" T="119115858" />
  <Point X="115" Y="231" T="119115871" />
  <Point X="114" Y="234" T="119115872" />
  <Point X="113" Y="243" T="119115887" />
  <Point X="113" Y="247" T="119115901" />
  <Point X="113" Y="249" T="119115915" />
  <Point X="112" Y="252" T="119115928" />
  <Point X="110" Y="251" T="119115945" />
  <Point X="106" Y="245" T="119115960" />
  <Point X="101" Y="240" T="119115975" />
  <Point X="99" Y="238" T="119115976" />
  <Point X="89" Y="229" T="119115993" />
  <Point X="77" Y="220" T="119116009" />
  <Point X="68" Y="212" T="119116025" />
  <Point X="65" Y="209" T="119116041" />
  <Point X="62" Y="207" T="119116063" />
  <Point X="65" Y="206" T="119116079" />
  <Point X="71" Y="206" T="119116095" />
  <Point X="83" Y="206" T="119116112" />
  <Point X="99" Y="205" T="119116130" />
  <Point X="121" Y="200" T="119116148" />
  <Point X="137" Y="196" T="119116165" />
  <Point X="150" Y="193" T="119116183" />
  <Point X="156" Y="193" T="119116201" />
  <Point X="156" Y="195" T="119116224" />
  <Point X="149" Y="201" T="119116242" />
  <Point X="136" Y="210" T="119116261" />
  <Point X="122" Y="219" T="119116280" />
  <Point X="118" Y="221" T="119116281" />
  <Point X="100" Y="234" T="119116302" />
  <Point X="90" Y="243" T="119116322" />
  <Point X="85" Y="248" T="119116343" />
</Gesture>