﻿<?xml version="1.0" encoding="utf-8" standalone="yes"?>
<Gesture Name="star03" Subject="5" Speed="fast" Number="3" NumPts="82" Millseconds="1092" AppName="Gestures" AppVer="3.7.0.0" Date="Friday, March 09, 2007" TimeOfDay="9:43:13 PM">
  <Point X="65" Y="260" T="119105653" />
  <Point X="66" Y="257" T="119105660" />
  <Point X="68" Y="254" T="119105675" />
  <Point X="69" Y="251" T="119105680" />
  <Point X="71" Y="248" T="119105687" />
  <Point X="72" Y="246" T="119105693" />
  <Point X="73" Y="244" T="119105699" />
  <Point X="74" Y="241" T="119105700" />
  <Point X="76" Y="239" T="119105706" />
  <Point X="77" Y="236" T="119105707" />
  <Point X="79" Y="232" T="119105714" />
  <Point X="83" Y="226" T="119105721" />
  <Point X="87" Y="219" T="119105729" />
  <Point X="91" Y="213" T="119105737" />
  <Point X="95" Y="205" T="119105744" />
  <Point X="98" Y="198" T="119105752" />
  <Point X="102" Y="193" T="119105761" />
  <Point X="104" Y="188" T="119105769" />
  <Point X="106" Y="185" T="119105778" />
  <Point X="108" Y="182" T="119105779" />
  <Point X="111" Y="177" T="119105791" />
  <Point X="112" Y="174" T="119105801" />
  <Point X="114" Y="171" T="119105810" />
  <Point X="115" Y="168" T="119105820" />
  <Point X="117" Y="165" T="119105830" />
  <Point X="118" Y="163" T="119105831" />
  <Point X="119" Y="159" T="119105842" />
  <Point X="121" Y="157" T="119105852" />
  <Point X="122" Y="155" T="119105866" />
  <Point X="124" Y="158" T="119105909" />
  <Point X="124" Y="160" T="119105921" />
  <Point X="123" Y="165" T="119105933" />
  <Point X="122" Y="174" T="119105946" />
  <Point X="120" Y="183" T="119105959" />
  <Point X="118" Y="195" T="119105972" />
  <Point X="116" Y="206" T="119105986" />
  <Point X="114" Y="214" T="119105999" />
  <Point X="114" Y="218" T="119106001" />
  <Point X="113" Y="225" T="119106015" />
  <Point X="113" Y="228" T="119106017" />
  <Point X="113" Y="234" T="119106032" />
  <Point X="113" Y="236" T="119106033" />
  <Point X="114" Y="242" T="119106048" />
  <Point X="115" Y="247" T="119106063" />
  <Point X="115" Y="253" T="119106078" />
  <Point X="115" Y="255" T="119106093" />
  <Point X="114" Y="257" T="119106108" />
  <Point X="112" Y="257" T="119106129" />
  <Point X="110" Y="254" T="119106144" />
  <Point X="105" Y="250" T="119106160" />
  <Point X="96" Y="242" T="119106177" />
  <Point X="87" Y="234" T="119106194" />
  <Point X="78" Y="227" T="119106211" />
  <Point X="70" Y="223" T="119106228" />
  <Point X="64" Y="220" T="119106246" />
  <Point X="60" Y="219" T="119106263" />
  <Point X="58" Y="218" T="119106281" />
  <Point X="57" Y="216" T="119106300" />
  <Point X="60" Y="216" T="119106317" />
  <Point X="66" Y="215" T="119106335" />
  <Point X="68" Y="215" T="119106337" />
  <Point X="83" Y="212" T="119106357" />
  <Point X="102" Y="208" T="119106376" />
  <Point X="118" Y="205" T="119106396" />
  <Point X="122" Y="204" T="119106397" />
  <Point X="140" Y="199" T="119106419" />
  <Point X="143" Y="198" T="119106421" />
  <Point X="156" Y="193" T="119106442" />
  <Point X="164" Y="189" T="119106462" />
  <Point X="161" Y="191" T="119106500" />
  <Point X="152" Y="195" T="119106521" />
  <Point X="142" Y="202" T="119106542" />
  <Point X="131" Y="208" T="119106564" />
  <Point X="129" Y="209" T="119106565" />
  <Point X="116" Y="219" T="119106588" />
  <Point X="110" Y="224" T="119106610" />
  <Point X="101" Y="232" T="119106633" />
  <Point X="93" Y="238" T="119106655" />
  <Point X="87" Y="245" T="119106678" />
  <Point X="82" Y="248" T="119106700" />
  <Point X="80" Y="251" T="119106723" />
  <Point X="78" Y="251" T="119106745" />
</Gesture>