﻿<?xml version="1.0" encoding="utf-8" standalone="yes"?>
<Gesture Name="star09" Subject="5" Speed="fast" Number="9" NumPts="64" Millseconds="838" AppName="Gestures" AppVer="3.7.0.0" Date="Friday, March 09, 2007" TimeOfDay="9:43:21 PM">
  <Point X="69" Y="255" T="119114268" />
  <Point X="70" Y="253" T="119114284" />
  <Point X="71" Y="250" T="119114292" />
  <Point X="73" Y="248" T="119114301" />
  <Point X="74" Y="244" T="119114308" />
  <Point X="76" Y="242" T="119114314" />
  <Point X="77" Y="239" T="119114320" />
  <Point X="78" Y="236" T="119114321" />
  <Point X="79" Y="233" T="119114327" />
  <Point X="82" Y="225" T="119114334" />
  <Point X="86" Y="218" T="119114341" />
  <Point X="87" Y="214" T="119114348" />
  <Point X="89" Y="210" T="119114349" />
  <Point X="92" Y="203" T="119114356" />
  <Point X="96" Y="195" T="119114364" />
  <Point X="98" Y="189" T="119114372" />
  <Point X="101" Y="184" T="119114381" />
  <Point X="103" Y="179" T="119114389" />
  <Point X="105" Y="175" T="119114398" />
  <Point X="106" Y="173" T="119114407" />
  <Point X="107" Y="170" T="119114415" />
  <Point X="109" Y="167" T="119114417" />
  <Point X="110" Y="165" T="119114428" />
  <Point X="111" Y="162" T="119114439" />
  <Point X="112" Y="160" T="119114449" />
  <Point X="114" Y="158" T="119114468" />
  <Point X="114" Y="160" T="119114496" />
  <Point X="114" Y="164" T="119114507" />
  <Point X="114" Y="167" T="119114519" />
  <Point X="113" Y="171" T="119114521" />
  <Point X="112" Y="178" T="119114533" />
  <Point X="111" Y="189" T="119114546" />
  <Point X="109" Y="200" T="119114559" />
  <Point X="108" Y="214" T="119114572" />
  <Point X="107" Y="223" T="119114585" />
  <Point X="107" Y="232" T="119114599" />
  <Point X="106" Y="242" T="119114613" />
  <Point X="106" Y="247" T="119114626" />
  <Point X="105" Y="253" T="119114641" />
  <Point X="103" Y="255" T="119114655" />
  <Point X="101" Y="256" T="119114675" />
  <Point X="96" Y="252" T="119114691" />
  <Point X="90" Y="245" T="119114708" />
  <Point X="81" Y="238" T="119114723" />
  <Point X="71" Y="227" T="119114739" />
  <Point X="64" Y="218" T="119114755" />
  <Point X="61" Y="214" T="119114770" />
  <Point X="60" Y="212" T="119114789" />
  <Point X="59" Y="210" T="119114815" />
  <Point X="61" Y="210" T="119114835" />
  <Point X="64" Y="210" T="119114851" />
  <Point X="75" Y="209" T="119114868" />
  <Point X="88" Y="208" T="119114886" />
  <Point X="109" Y="203" T="119114903" />
  <Point X="125" Y="201" T="119114921" />
  <Point X="139" Y="201" T="119114939" />
  <Point X="144" Y="202" T="119114957" />
  <Point X="144" Y="205" T="119114983" />
  <Point X="137" Y="210" T="119115001" />
  <Point X="124" Y="217" T="119115020" />
  <Point X="110" Y="225" T="119115040" />
  <Point X="98" Y="234" T="119115062" />
  <Point X="91" Y="242" T="119115084" />
  <Point X="88" Y="246" T="119115106" />
</Gesture>