﻿<?xml version="1.0" encoding="utf-8" standalone="yes"?>
<Gesture Name="star08" Subject="5" Speed="fast" Number="8" NumPts="67" Millseconds="849" AppName="Gestures" AppVer="3.7.0.0" Date="Friday, March 09, 2007" TimeOfDay="9:43:20 PM">
  <Point X="68" Y="254" T="119112899" />
  <Point X="69" Y="252" T="119112916" />
  <Point X="70" Y="249" T="119112928" />
  <Point X="71" Y="247" T="119112934" />
  <Point X="73" Y="242" T="119112941" />
  <Point X="76" Y="239" T="119112948" />
  <Point X="78" Y="235" T="119112956" />
  <Point X="79" Y="232" T="119112963" />
  <Point X="81" Y="229" T="119112965" />
  <Point X="84" Y="222" T="119112973" />
  <Point X="87" Y="215" T="119112981" />
  <Point X="90" Y="207" T="119112989" />
  <Point X="93" Y="200" T="119112997" />
  <Point X="95" Y="193" T="119113006" />
  <Point X="97" Y="188" T="119113015" />
  <Point X="98" Y="185" T="119113017" />
  <Point X="99" Y="181" T="119113026" />
  <Point X="99" Y="179" T="119113035" />
  <Point X="100" Y="176" T="119113037" />
  <Point X="101" Y="173" T="119113048" />
  <Point X="101" Y="171" T="119113058" />
  <Point X="102" Y="168" T="119113068" />
  <Point X="102" Y="166" T="119113079" />
  <Point X="103" Y="163" T="119113088" />
  <Point X="104" Y="161" T="119113105" />
  <Point X="106" Y="163" T="119113142" />
  <Point X="107" Y="165" T="119113153" />
  <Point X="107" Y="167" T="119113164" />
  <Point X="107" Y="173" T="119113176" />
  <Point X="106" Y="179" T="119113188" />
  <Point X="105" Y="189" T="119113201" />
  <Point X="105" Y="198" T="119113213" />
  <Point X="104" Y="209" T="119113226" />
  <Point X="104" Y="212" T="119113227" />
  <Point X="104" Y="222" T="119113241" />
  <Point X="105" Y="233" T="119113254" />
  <Point X="106" Y="240" T="119113268" />
  <Point X="106" Y="247" T="119113282" />
  <Point X="106" Y="252" T="119113295" />
  <Point X="106" Y="254" T="119113309" />
  <Point X="105" Y="257" T="119113323" />
  <Point X="103" Y="258" T="119113338" />
  <Point X="97" Y="255" T="119113352" />
  <Point X="91" Y="250" T="119113367" />
  <Point X="83" Y="243" T="119113383" />
  <Point X="73" Y="234" T="119113399" />
  <Point X="66" Y="226" T="119113415" />
  <Point X="60" Y="220" T="119113430" />
  <Point X="58" Y="218" T="119113449" />
  <Point X="57" Y="216" T="119113469" />
  <Point X="59" Y="214" T="119113485" />
  <Point X="62" Y="213" T="119113502" />
  <Point X="72" Y="213" T="119113518" />
  <Point X="85" Y="210" T="119113536" />
  <Point X="105" Y="205" T="119113554" />
  <Point X="121" Y="199" T="119113572" />
  <Point X="137" Y="192" T="119113590" />
  <Point X="144" Y="190" T="119113608" />
  <Point X="149" Y="189" T="119113626" />
  <Point X="148" Y="191" T="119113644" />
  <Point X="145" Y="193" T="119113646" />
  <Point X="134" Y="203" T="119113665" />
  <Point X="122" Y="213" T="119113685" />
  <Point X="118" Y="215" T="119113686" />
  <Point X="102" Y="230" T="119113708" />
  <Point X="90" Y="242" T="119113729" />
  <Point X="86" Y="247" T="119113748" />
</Gesture>