﻿<?xml version="1.0" encoding="utf-8" standalone="yes"?>
<Gesture Name="star06" Subject="5" Speed="fast" Number="6" NumPts="68" Millseconds="818" AppName="Gestures" AppVer="3.7.0.0" Date="Friday, March 09, 2007" TimeOfDay="9:43:17 PM">
  <Point X="73" Y="254" T="119110086" />
  <Point X="74" Y="251" T="119110114" />
  <Point X="76" Y="248" T="119110122" />
  <Point X="78" Y="245" T="119110130" />
  <Point X="80" Y="242" T="119110136" />
  <Point X="81" Y="240" T="119110141" />
  <Point X="82" Y="236" T="119110142" />
  <Point X="85" Y="230" T="119110151" />
  <Point X="87" Y="227" T="119110157" />
  <Point X="88" Y="224" T="119110158" />
  <Point X="92" Y="217" T="119110167" />
  <Point X="96" Y="210" T="119110174" />
  <Point X="97" Y="206" T="119110181" />
  <Point X="99" Y="202" T="119110182" />
  <Point X="103" Y="195" T="119110192" />
  <Point X="107" Y="188" T="119110200" />
  <Point X="110" Y="181" T="119110209" />
  <Point X="113" Y="175" T="119110217" />
  <Point X="116" Y="170" T="119110226" />
  <Point X="117" Y="168" T="119110227" />
  <Point X="120" Y="162" T="119110238" />
  <Point X="122" Y="159" T="119110247" />
  <Point X="123" Y="156" T="119110257" />
  <Point X="124" Y="153" T="119110267" />
  <Point X="125" Y="151" T="119110276" />
  <Point X="127" Y="148" T="119110286" />
  <Point X="128" Y="151" T="119110326" />
  <Point X="128" Y="155" T="119110336" />
  <Point X="127" Y="161" T="119110347" />
  <Point X="127" Y="170" T="119110359" />
  <Point X="126" Y="181" T="119110370" />
  <Point X="125" Y="193" T="119110382" />
  <Point X="123" Y="204" T="119110394" />
  <Point X="121" Y="217" T="119110406" />
  <Point X="119" Y="226" T="119110419" />
  <Point X="118" Y="234" T="119110431" />
  <Point X="116" Y="239" T="119110444" />
  <Point X="116" Y="242" T="119110456" />
  <Point X="115" Y="245" T="119110469" />
  <Point X="113" Y="246" T="119110482" />
  <Point X="111" Y="246" T="119110495" />
  <Point X="106" Y="242" T="119110509" />
  <Point X="100" Y="235" T="119110523" />
  <Point X="92" Y="226" T="119110539" />
  <Point X="84" Y="221" T="119110553" />
  <Point X="82" Y="219" T="119110554" />
  <Point X="73" Y="213" T="119110572" />
  <Point X="68" Y="211" T="119110587" />
  <Point X="65" Y="210" T="119110601" />
  <Point X="63" Y="210" T="119110617" />
  <Point X="66" Y="208" T="119110635" />
  <Point X="75" Y="204" T="119110651" />
  <Point X="88" Y="203" T="119110667" />
  <Point X="104" Y="199" T="119110684" />
  <Point X="122" Y="194" T="119110701" />
  <Point X="127" Y="193" T="119110702" />
  <Point X="143" Y="189" T="119110722" />
  <Point X="146" Y="188" T="119110723" />
  <Point X="159" Y="184" T="119110743" />
  <Point X="165" Y="184" T="119110760" />
  <Point X="162" Y="187" T="119110787" />
  <Point X="154" Y="192" T="119110805" />
  <Point X="137" Y="201" T="119110824" />
  <Point X="122" Y="212" T="119110842" />
  <Point X="118" Y="215" T="119110843" />
  <Point X="101" Y="228" T="119110865" />
  <Point X="90" Y="239" T="119110885" />
  <Point X="89" Y="241" T="119110904" />
</Gesture>