﻿<?xml version="1.0" encoding="utf-8" standalone="yes"?>
<Gesture Name="star04" Subject="5" Speed="fast" Number="4" NumPts="78" Millseconds="987" AppName="Gestures" AppVer="3.7.0.0" Date="Friday, March 09, 2007" TimeOfDay="9:43:14 PM">
  <Point X="61" Y="255" T="119107246" />
  <Point X="62" Y="253" T="119107266" />
  <Point X="63" Y="251" T="119107274" />
  <Point X="64" Y="247" T="119107282" />
  <Point X="66" Y="243" T="119107290" />
  <Point X="67" Y="241" T="119107296" />
  <Point X="68" Y="239" T="119107301" />
  <Point X="69" Y="236" T="119107302" />
  <Point X="71" Y="233" T="119107309" />
  <Point X="75" Y="227" T="119107316" />
  <Point X="78" Y="220" T="119107323" />
  <Point X="80" Y="216" T="119107329" />
  <Point X="82" Y="214" T="119107331" />
  <Point X="86" Y="208" T="119107338" />
  <Point X="90" Y="202" T="119107346" />
  <Point X="93" Y="197" T="119107354" />
  <Point X="96" Y="192" T="119107362" />
  <Point X="97" Y="189" T="119107371" />
  <Point X="99" Y="185" T="119107379" />
  <Point X="101" Y="181" T="119107388" />
  <Point X="103" Y="178" T="119107397" />
  <Point X="105" Y="172" T="119107406" />
  <Point X="106" Y="168" T="119107416" />
  <Point X="107" Y="166" T="119107425" />
  <Point X="108" Y="163" T="119107426" />
  <Point X="109" Y="160" T="119107436" />
  <Point X="111" Y="154" T="119107447" />
  <Point X="113" Y="151" T="119107457" />
  <Point X="114" Y="149" T="119107468" />
  <Point X="117" Y="145" T="119107479" />
  <Point X="118" Y="142" T="119107502" />
  <Point X="120" Y="145" T="119107535" />
  <Point X="120" Y="148" T="119107547" />
  <Point X="119" Y="153" T="119107560" />
  <Point X="118" Y="160" T="119107573" />
  <Point X="117" Y="168" T="119107587" />
  <Point X="116" Y="171" T="119107588" />
  <Point X="114" Y="187" T="119107603" />
  <Point X="112" Y="198" T="119107617" />
  <Point X="111" Y="211" T="119107632" />
  <Point X="110" Y="221" T="119107646" />
  <Point X="110" Y="223" T="119107648" />
  <Point X="110" Y="234" T="119107664" />
  <Point X="110" Y="238" T="119107678" />
  <Point X="109" Y="242" T="119107680" />
  <Point X="109" Y="246" T="119107696" />
  <Point X="108" Y="249" T="119107712" />
  <Point X="106" Y="249" T="119107727" />
  <Point X="103" Y="247" T="119107743" />
  <Point X="98" Y="243" T="119107762" />
  <Point X="87" Y="234" T="119107781" />
  <Point X="77" Y="227" T="119107798" />
  <Point X="74" Y="224" T="119107800" />
  <Point X="64" Y="219" T="119107818" />
  <Point X="62" Y="218" T="119107820" />
  <Point X="54" Y="214" T="119107841" />
  <Point X="52" Y="212" T="119107859" />
  <Point X="50" Y="209" T="119107876" />
  <Point X="52" Y="207" T="119107895" />
  <Point X="57" Y="207" T="119107913" />
  <Point X="68" Y="205" T="119107932" />
  <Point X="87" Y="201" T="119107951" />
  <Point X="104" Y="198" T="119107971" />
  <Point X="108" Y="197" T="119107972" />
  <Point X="129" Y="193" T="119107993" />
  <Point X="146" Y="188" T="119108013" />
  <Point X="156" Y="186" T="119108034" />
  <Point X="162" Y="184" T="119108054" />
  <Point X="159" Y="187" T="119108075" />
  <Point X="149" Y="192" T="119108096" />
  <Point X="135" Y="200" T="119108117" />
  <Point X="119" Y="210" T="119108138" />
  <Point X="116" Y="212" T="119108140" />
  <Point X="101" Y="223" T="119108163" />
  <Point X="98" Y="225" T="119108164" />
  <Point X="87" Y="236" T="119108188" />
  <Point X="78" Y="243" T="119108211" />
  <Point X="76" Y="245" T="119108233" />
</Gesture>