﻿<?xml version="1.0" encoding="utf-8" standalone="yes"?>
<Gesture Name="triangle07" Subject="5" Speed="fast" Number="7" NumPts="61" Millseconds="719" AppName="Gestures" AppVer="3.7.0.0" Date="Friday, March 09, 2007" TimeOfDay="9:45:11 PM">
  <Point X="115" Y="168" T="119224901" />
  <Point X="113" Y="169" T="119224917" />
  <Point X="110" Y="172" T="119224930" />
  <Point X="107" Y="174" T="119224937" />
  <Point X="105" Y="176" T="119224943" />
  <Point X="102" Y="180" T="119224949" />
  <Point X="98" Y="184" T="119224957" />
  <Point X="96" Y="187" T="119224963" />
  <Point X="92" Y="191" T="119224970" />
  <Point X="90" Y="194" T="119224976" />
  <Point X="88" Y="197" T="119224977" />
  <Point X="86" Y="199" T="119224984" />
  <Point X="83" Y="202" T="119224985" />
  <Point X="81" Y="205" T="119224993" />
  <Point X="79" Y="208" T="119224994" />
  <Point X="75" Y="213" T="119225002" />
  <Point X="71" Y="218" T="119225010" />
  <Point X="69" Y="221" T="119225018" />
  <Point X="66" Y="225" T="119225027" />
  <Point X="62" Y="231" T="119225036" />
  <Point X="61" Y="234" T="119225044" />
  <Point X="60" Y="237" T="119225046" />
  <Point X="59" Y="239" T="119225055" />
  <Point X="58" Y="242" T="119225065" />
  <Point X="57" Y="244" T="119225075" />
  <Point X="57" Y="246" T="119225090" />
  <Point X="59" Y="248" T="119225131" />
  <Point X="61" Y="248" T="119225152" />
  <Point X="64" Y="248" T="119225164" />
  <Point X="66" Y="248" T="119225176" />
  <Point X="69" Y="247" T="119225187" />
  <Point X="72" Y="247" T="119225189" />
  <Point X="77" Y="246" T="119225201" />
  <Point X="84" Y="246" T="119225215" />
  <Point X="90" Y="244" T="119225228" />
  <Point X="92" Y="245" T="119225229" />
  <Point X="99" Y="244" T="119225243" />
  <Point X="109" Y="244" T="119225257" />
  <Point X="116" Y="244" T="119225270" />
  <Point X="124" Y="245" T="119225285" />
  <Point X="129" Y="245" T="119225299" />
  <Point X="134" Y="244" T="119225314" />
  <Point X="139" Y="244" T="119225329" />
  <Point X="141" Y="244" T="119225345" />
  <Point X="144" Y="244" T="119225362" />
  <Point X="145" Y="242" T="119225388" />
  <Point X="143" Y="240" T="119225412" />
  <Point X="141" Y="239" T="119225427" />
  <Point X="139" Y="236" T="119225443" />
  <Point X="138" Y="234" T="119225445" />
  <Point X="135" Y="227" T="119225461" />
  <Point X="133" Y="220" T="119225478" />
  <Point X="131" Y="213" T="119225495" />
  <Point X="130" Y="207" T="119225511" />
  <Point X="130" Y="205" T="119225513" />
  <Point X="129" Y="200" T="119225530" />
  <Point X="127" Y="194" T="119225548" />
  <Point X="126" Y="189" T="119225565" />
  <Point X="124" Y="183" T="119225583" />
  <Point X="123" Y="181" T="119225601" />
  <Point X="122" Y="177" T="119225620" />
</Gesture>