﻿<?xml version="1.0" encoding="utf-8" standalone="yes"?>
<Gesture Name="triangle01" Subject="5" Speed="fast" Number="1" NumPts="70" Millseconds="1071" AppName="Gestures" AppVer="3.7.0.0" Date="Friday, March 09, 2007" TimeOfDay="9:45:04 PM">
  <Point X="112" Y="177" T="119217709" />
  <Point X="111" Y="179" T="119217751" />
  <Point X="109" Y="182" T="119217762" />
  <Point X="106" Y="184" T="119217778" />
  <Point X="105" Y="186" T="119217786" />
  <Point X="103" Y="188" T="119217794" />
  <Point X="101" Y="190" T="119217802" />
  <Point X="98" Y="191" T="119217810" />
  <Point X="96" Y="194" T="119217818" />
  <Point X="94" Y="195" T="119217826" />
  <Point X="91" Y="198" T="119217834" />
  <Point X="89" Y="200" T="119217842" />
  <Point X="86" Y="202" T="119217850" />
  <Point X="83" Y="205" T="119217858" />
  <Point X="81" Y="207" T="119217867" />
  <Point X="78" Y="210" T="119217875" />
  <Point X="76" Y="212" T="119217883" />
  <Point X="73" Y="215" T="119217892" />
  <Point X="70" Y="217" T="119217901" />
  <Point X="68" Y="219" T="119217911" />
  <Point X="66" Y="221" T="119217921" />
  <Point X="62" Y="227" T="119217931" />
  <Point X="59" Y="229" T="119217942" />
  <Point X="59" Y="231" T="119217953" />
  <Point X="57" Y="234" T="119217963" />
  <Point X="55" Y="236" T="119217974" />
  <Point X="53" Y="238" T="119217975" />
  <Point X="51" Y="240" T="119217990" />
  <Point X="50" Y="242" T="119218002" />
  <Point X="49" Y="244" T="119218018" />
  <Point X="47" Y="246" T="119218067" />
  <Point X="49" Y="248" T="119218123" />
  <Point X="52" Y="248" T="119218139" />
  <Point X="55" Y="248" T="119218152" />
  <Point X="57" Y="248" T="119218164" />
  <Point X="62" Y="248" T="119218178" />
  <Point X="65" Y="248" T="119218191" />
  <Point X="67" Y="246" T="119218192" />
  <Point X="74" Y="246" T="119218207" />
  <Point X="77" Y="245" T="119218221" />
  <Point X="83" Y="245" T="119218235" />
  <Point X="88" Y="245" T="119218250" />
  <Point X="94" Y="244" T="119218268" />
  <Point X="100" Y="245" T="119218282" />
  <Point X="105" Y="244" T="119218297" />
  <Point X="110" Y="244" T="119218313" />
  <Point X="115" Y="244" T="119218328" />
  <Point X="120" Y="244" T="119218344" />
  <Point X="124" Y="243" T="119218360" />
  <Point X="129" Y="242" T="119218376" />
  <Point X="131" Y="241" T="119218393" />
  <Point X="136" Y="241" T="119218409" />
  <Point X="138" Y="242" T="119218425" />
  <Point X="143" Y="242" T="119218442" />
  <Point X="145" Y="242" T="119218459" />
  <Point X="147" Y="242" T="119218476" />
  <Point X="148" Y="239" T="119218544" />
  <Point X="148" Y="237" T="119218561" />
  <Point X="147" Y="232" T="119218579" />
  <Point X="145" Y="227" T="119218597" />
  <Point X="142" Y="224" T="119218615" />
  <Point X="140" Y="219" T="119218634" />
  <Point X="137" Y="211" T="119218652" />
  <Point X="135" Y="206" T="119218671" />
  <Point X="133" Y="198" T="119218692" />
  <Point X="132" Y="196" T="119218693" />
  <Point X="130" Y="191" T="119218715" />
  <Point X="127" Y="187" T="119218735" />
  <Point X="123" Y="184" T="119218760" />
  <Point X="121" Y="184" T="119218780" />
</Gesture>