﻿<?xml version="1.0" encoding="utf-8" standalone="yes"?>
<Gesture Name="triangle09" Subject="5" Speed="fast" Number="9" NumPts="60" Millseconds="774" AppName="Gestures" AppVer="3.7.0.0" Date="Friday, March 09, 2007" TimeOfDay="9:45:13 PM">
  <Point X="112" Y="159" T="119227047" />
  <Point X="110" Y="161" T="119227067" />
  <Point X="107" Y="163" T="119227080" />
  <Point X="105" Y="167" T="119227087" />
  <Point X="103" Y="169" T="119227095" />
  <Point X="100" Y="172" T="119227103" />
  <Point X="96" Y="176" T="119227112" />
  <Point X="94" Y="178" T="119227118" />
  <Point X="90" Y="183" T="119227125" />
  <Point X="87" Y="186" T="119227132" />
  <Point X="85" Y="189" T="119227133" />
  <Point X="80" Y="195" T="119227140" />
  <Point X="78" Y="198" T="119227147" />
  <Point X="75" Y="201" T="119227148" />
  <Point X="70" Y="208" T="119227156" />
  <Point X="65" Y="214" T="119227165" />
  <Point X="62" Y="219" T="119227173" />
  <Point X="59" Y="222" T="119227181" />
  <Point X="57" Y="227" T="119227190" />
  <Point X="56" Y="229" T="119227199" />
  <Point X="54" Y="231" T="119227212" />
  <Point X="55" Y="233" T="119227241" />
  <Point X="55" Y="235" T="119227257" />
  <Point X="55" Y="238" T="119227274" />
  <Point X="54" Y="240" T="119227294" />
  <Point X="56" Y="242" T="119227330" />
  <Point X="58" Y="242" T="119227342" />
  <Point X="60" Y="242" T="119227353" />
  <Point X="62" Y="241" T="119227365" />
  <Point X="69" Y="241" T="119227377" />
  <Point X="76" Y="241" T="119227389" />
  <Point X="79" Y="240" T="119227391" />
  <Point X="87" Y="239" T="119227404" />
  <Point X="96" Y="238" T="119227417" />
  <Point X="98" Y="239" T="119227419" />
  <Point X="107" Y="237" T="119227433" />
  <Point X="117" Y="237" T="119227447" />
  <Point X="124" Y="236" T="119227461" />
  <Point X="132" Y="234" T="119227475" />
  <Point X="136" Y="234" T="119227489" />
  <Point X="141" Y="235" T="119227503" />
  <Point X="144" Y="234" T="119227518" />
  <Point X="146" Y="234" T="119227532" />
  <Point X="146" Y="232" T="119227603" />
  <Point X="144" Y="230" T="119227619" />
  <Point X="143" Y="227" T="119227634" />
  <Point X="142" Y="225" T="119227636" />
  <Point X="140" Y="223" T="119227654" />
  <Point X="138" Y="221" T="119227656" />
  <Point X="136" Y="215" T="119227675" />
  <Point X="136" Y="213" T="119227676" />
  <Point X="134" Y="208" T="119227694" />
  <Point X="132" Y="198" T="119227713" />
  <Point X="130" Y="190" T="119227730" />
  <Point X="130" Y="188" T="119227732" />
  <Point X="128" Y="182" T="119227750" />
  <Point X="125" Y="174" T="119227768" />
  <Point X="124" Y="172" T="119227785" />
  <Point X="123" Y="170" T="119227803" />
  <Point X="120" Y="166" T="119227821" />
</Gesture>