﻿<?xml version="1.0" encoding="utf-8" standalone="yes"?>
<Gesture Name="triangle02" Subject="5" Speed="fast" Number="2" NumPts="67" Millseconds="867" AppName="Gestures" AppVer="3.7.0.0" Date="Friday, March 09, 2007" TimeOfDay="9:45:06 PM">
  <Point X="114" Y="171" T="119219181" />
  <Point X="113" Y="173" T="119219193" />
  <Point X="111" Y="175" T="119219209" />
  <Point X="110" Y="177" T="119219217" />
  <Point X="108" Y="178" T="119219225" />
  <Point X="106" Y="180" T="119219233" />
  <Point X="103" Y="183" T="119219242" />
  <Point X="101" Y="186" T="119219250" />
  <Point X="98" Y="189" T="119219258" />
  <Point X="95" Y="192" T="119219266" />
  <Point X="94" Y="194" T="119219273" />
  <Point X="90" Y="196" T="119219280" />
  <Point X="87" Y="199" T="119219287" />
  <Point X="84" Y="202" T="119219295" />
  <Point X="80" Y="207" T="119219302" />
  <Point X="77" Y="210" T="119219310" />
  <Point X="74" Y="215" T="119219319" />
  <Point X="71" Y="218" T="119219327" />
  <Point X="68" Y="222" T="119219336" />
  <Point X="66" Y="225" T="119219344" />
  <Point X="63" Y="227" T="119219353" />
  <Point X="62" Y="229" T="119219354" />
  <Point X="61" Y="231" T="119219366" />
  <Point X="59" Y="233" T="119219367" />
  <Point X="58" Y="236" T="119219379" />
  <Point X="56" Y="239" T="119219389" />
  <Point X="54" Y="240" T="119219399" />
  <Point X="53" Y="243" T="119219410" />
  <Point X="52" Y="245" T="119219411" />
  <Point X="51" Y="247" T="119219423" />
  <Point X="49" Y="249" T="119219442" />
  <Point X="49" Y="251" T="119219494" />
  <Point X="51" Y="251" T="119219511" />
  <Point X="53" Y="252" T="119219523" />
  <Point X="55" Y="251" T="119219535" />
  <Point X="61" Y="250" T="119219547" />
  <Point X="64" Y="250" T="119219560" />
  <Point X="71" Y="249" T="119219572" />
  <Point X="77" Y="248" T="119219585" />
  <Point X="80" Y="249" T="119219598" />
  <Point X="84" Y="248" T="119219599" />
  <Point X="88" Y="249" T="119219614" />
  <Point X="97" Y="248" T="119219628" />
  <Point X="101" Y="248" T="119219641" />
  <Point X="108" Y="248" T="119219656" />
  <Point X="114" Y="248" T="119219670" />
  <Point X="120" Y="246" T="119219685" />
  <Point X="125" Y="246" T="119219700" />
  <Point X="127" Y="247" T="119219715" />
  <Point X="130" Y="247" T="119219716" />
  <Point X="134" Y="247" T="119219733" />
  <Point X="136" Y="246" T="119219748" />
  <Point X="140" Y="247" T="119219764" />
  <Point X="142" Y="247" T="119219784" />
  <Point X="143" Y="245" T="119219835" />
  <Point X="142" Y="242" T="119219851" />
  <Point X="141" Y="240" T="119219868" />
  <Point X="139" Y="234" T="119219885" />
  <Point X="137" Y="231" T="119219902" />
  <Point X="135" Y="222" T="119219919" />
  <Point X="134" Y="217" T="119219937" />
  <Point X="132" Y="209" T="119219955" />
  <Point X="131" Y="202" T="119219973" />
  <Point X="129" Y="195" T="119219992" />
  <Point X="127" Y="190" T="119220010" />
  <Point X="126" Y="186" T="119220029" />
  <Point X="125" Y="184" T="119220048" />
</Gesture>