﻿<?xml version="1.0" encoding="utf-8" standalone="yes"?>
<Gesture Name="triangle06" Subject="5" Speed="fast" Number="6" NumPts="60" Millseconds="717" AppName="Gestures" AppVer="3.7.0.0" Date="Friday, March 09, 2007" TimeOfDay="9:45:10 PM">
  <Point X="112" Y="175" T="119223792" />
  <Point X="110" Y="177" T="119223805" />
  <Point X="108" Y="179" T="119223813" />
  <Point X="105" Y="182" T="119223821" />
  <Point X="102" Y="185" T="119223829" />
  <Point X="98" Y="189" T="119223837" />
  <Point X="96" Y="191" T="119223843" />
  <Point X="93" Y="195" T="119223849" />
  <Point X="91" Y="197" T="119223856" />
  <Point X="86" Y="201" T="119223862" />
  <Point X="82" Y="207" T="119223869" />
  <Point X="80" Y="210" T="119223876" />
  <Point X="77" Y="212" T="119223877" />
  <Point X="75" Y="215" T="119223885" />
  <Point X="73" Y="218" T="119223886" />
  <Point X="69" Y="223" T="119223894" />
  <Point X="66" Y="228" T="119223902" />
  <Point X="65" Y="230" T="119223910" />
  <Point X="62" Y="234" T="119223919" />
  <Point X="61" Y="237" T="119223928" />
  <Point X="60" Y="240" T="119223938" />
  <Point X="60" Y="243" T="119223947" />
  <Point X="60" Y="245" T="119223957" />
  <Point X="61" Y="248" T="119223981" />
  <Point X="61" Y="250" T="119224001" />
  <Point X="62" Y="252" T="119224033" />
  <Point X="64" Y="253" T="119224049" />
  <Point X="66" Y="252" T="119224061" />
  <Point X="69" Y="252" T="119224072" />
  <Point X="74" Y="252" T="119224084" />
  <Point X="76" Y="252" T="119224086" />
  <Point X="82" Y="250" T="119224098" />
  <Point X="90" Y="250" T="119224111" />
  <Point X="97" Y="249" T="119224124" />
  <Point X="106" Y="249" T="119224138" />
  <Point X="113" Y="249" T="119224151" />
  <Point X="119" Y="250" T="119224165" />
  <Point X="127" Y="251" T="119224178" />
  <Point X="130" Y="251" T="119224192" />
  <Point X="133" Y="251" T="119224194" />
  <Point X="136" Y="251" T="119224208" />
  <Point X="142" Y="250" T="119224222" />
  <Point X="146" Y="250" T="119224237" />
  <Point X="148" Y="248" T="119224252" />
  <Point X="150" Y="248" T="119224267" />
  <Point X="149" Y="246" T="119224302" />
  <Point X="146" Y="245" T="119224318" />
  <Point X="143" Y="243" T="119224333" />
  <Point X="139" Y="240" T="119224350" />
  <Point X="139" Y="238" T="119224351" />
  <Point X="135" Y="232" T="119224367" />
  <Point X="132" Y="226" T="119224384" />
  <Point X="130" Y="220" T="119224401" />
  <Point X="126" Y="211" T="119224418" />
  <Point X="126" Y="208" T="119224419" />
  <Point X="124" Y="202" T="119224437" />
  <Point X="122" Y="195" T="119224455" />
  <Point X="120" Y="190" T="119224473" />
  <Point X="120" Y="185" T="119224491" />
  <Point X="119" Y="181" T="119224509" />
</Gesture>