﻿<?xml version="1.0" encoding="utf-8" standalone="yes"?>
<Gesture Name="triangle10" Subject="5" Speed="fast" Number="10" NumPts="59" Millseconds="732" AppName="Gestures" AppVer="3.7.0.0" Date="Friday, March 09, 2007" TimeOfDay="9:45:14 PM">
  <Point X="118" Y="158" T="119228200" />
  <Point X="116" Y="159" T="119228224" />
  <Point X="113" Y="162" T="119228236" />
  <Point X="110" Y="165" T="119228244" />
  <Point X="109" Y="168" T="119228249" />
  <Point X="107" Y="170" T="119228255" />
  <Point X="105" Y="172" T="119228256" />
  <Point X="104" Y="174" T="119228263" />
  <Point X="100" Y="180" T="119228269" />
  <Point X="97" Y="183" T="119228276" />
  <Point X="95" Y="187" T="119228277" />
  <Point X="90" Y="194" T="119228285" />
  <Point X="85" Y="202" T="119228292" />
  <Point X="83" Y="205" T="119228300" />
  <Point X="81" Y="209" T="119228301" />
  <Point X="76" Y="215" T="119228309" />
  <Point X="72" Y="221" T="119228317" />
  <Point X="68" Y="227" T="119228326" />
  <Point X="67" Y="229" T="119228334" />
  <Point X="64" Y="233" T="119228343" />
  <Point X="62" Y="237" T="119228344" />
  <Point X="60" Y="239" T="119228354" />
  <Point X="59" Y="241" T="119228363" />
  <Point X="59" Y="243" T="119228373" />
  <Point X="59" Y="245" T="119228395" />
  <Point X="61" Y="245" T="119228452" />
  <Point X="63" Y="245" T="119228468" />
  <Point X="65" Y="244" T="119228479" />
  <Point X="67" Y="243" T="119228491" />
  <Point X="73" Y="241" T="119228503" />
  <Point X="75" Y="241" T="119228505" />
  <Point X="82" Y="239" T="119228518" />
  <Point X="89" Y="238" T="119228530" />
  <Point X="97" Y="237" T="119228543" />
  <Point X="100" Y="236" T="119228545" />
  <Point X="108" Y="236" T="119228559" />
  <Point X="110" Y="235" T="119228561" />
  <Point X="119" Y="235" T="119228576" />
  <Point X="123" Y="236" T="119228590" />
  <Point X="130" Y="235" T="119228604" />
  <Point X="135" Y="234" T="119228619" />
  <Point X="140" Y="234" T="119228633" />
  <Point X="143" Y="234" T="119228648" />
  <Point X="145" Y="234" T="119228662" />
  <Point X="147" Y="233" T="119228677" />
  <Point X="148" Y="230" T="119228704" />
  <Point X="147" Y="228" T="119228728" />
  <Point X="146" Y="226" T="119228744" />
  <Point X="144" Y="224" T="119228760" />
  <Point X="140" Y="220" T="119228776" />
  <Point X="137" Y="212" T="119228793" />
  <Point X="134" Y="203" T="119228810" />
  <Point X="133" Y="196" T="119228827" />
  <Point X="131" Y="181" T="119228845" />
  <Point X="131" Y="176" T="119228862" />
  <Point X="130" Y="170" T="119228879" />
  <Point X="130" Y="168" T="119228897" />
  <Point X="129" Y="166" T="119228914" />
  <Point X="127" Y="166" T="119228932" />
</Gesture>