﻿<?xml version="1.0" encoding="utf-8" standalone="yes"?>
<Gesture Name="triangle08" Subject="5" Speed="fast" Number="8" NumPts="60" Millseconds="767" AppName="Gestures" AppVer="3.7.0.0" Date="Friday, March 09, 2007" TimeOfDay="9:45:12 PM">
  <Point X="117" Y="163" T="119225966" />
  <Point X="115" Y="164" T="119225978" />
  <Point X="113" Y="167" T="119225987" />
  <Point X="109" Y="170" T="119225994" />
  <Point X="106" Y="173" T="119226003" />
  <Point X="103" Y="175" T="119226009" />
  <Point X="101" Y="178" T="119226014" />
  <Point X="98" Y="181" T="119226016" />
  <Point X="96" Y="184" T="119226022" />
  <Point X="90" Y="189" T="119226029" />
  <Point X="84" Y="196" T="119226036" />
  <Point X="81" Y="199" T="119226042" />
  <Point X="78" Y="202" T="119226044" />
  <Point X="73" Y="210" T="119226051" />
  <Point X="68" Y="216" T="119226059" />
  <Point X="63" Y="221" T="119226067" />
  <Point X="59" Y="226" T="119226075" />
  <Point X="57" Y="231" T="119226084" />
  <Point X="54" Y="234" T="119226092" />
  <Point X="53" Y="238" T="119226101" />
  <Point X="52" Y="240" T="119226112" />
  <Point X="52" Y="242" T="119226124" />
  <Point X="53" Y="244" T="119226168" />
  <Point X="53" Y="246" T="119226185" />
  <Point X="53" Y="248" T="119226205" />
  <Point X="55" Y="250" T="119226229" />
  <Point X="57" Y="250" T="119226240" />
  <Point X="60" Y="251" T="119226252" />
  <Point X="66" Y="250" T="119226263" />
  <Point X="73" Y="251" T="119226275" />
  <Point X="80" Y="251" T="119226288" />
  <Point X="88" Y="250" T="119226300" />
  <Point X="95" Y="249" T="119226313" />
  <Point X="98" Y="249" T="119226314" />
  <Point X="105" Y="248" T="119226328" />
  <Point X="112" Y="248" T="119226341" />
  <Point X="116" Y="248" T="119226354" />
  <Point X="121" Y="248" T="119226368" />
  <Point X="125" Y="249" T="119226382" />
  <Point X="128" Y="250" T="119226396" />
  <Point X="130" Y="248" T="119226410" />
  <Point X="132" Y="249" T="119226424" />
  <Point X="134" Y="247" T="119226441" />
  <Point X="133" Y="244" T="119226485" />
  <Point X="131" Y="241" T="119226501" />
  <Point X="130" Y="238" T="119226516" />
  <Point X="129" Y="236" T="119226518" />
  <Point X="128" Y="229" T="119226534" />
  <Point X="126" Y="223" T="119226551" />
  <Point X="126" Y="217" T="119226567" />
  <Point X="126" Y="210" T="119226583" />
  <Point X="126" Y="203" T="119226600" />
  <Point X="125" Y="198" T="119226616" />
  <Point X="125" Y="194" T="119226618" />
  <Point X="125" Y="188" T="119226635" />
  <Point X="124" Y="183" T="119226653" />
  <Point X="122" Y="178" T="119226670" />
  <Point X="121" Y="176" T="119226688" />
  <Point X="120" Y="174" T="119226706" />
  <Point X="119" Y="172" T="119226733" />
</Gesture>