﻿<?xml version="1.0" encoding="utf-8" standalone="yes"?>
<Gesture Name="triangle05" Subject="5" Speed="fast" Number="5" NumPts="60" Millseconds="780" AppName="Gestures" AppVer="3.7.0.0" Date="Friday, March 09, 2007" TimeOfDay="9:45:09 PM">
  <Point X="111" Y="181" T="119222646" />
  <Point X="109" Y="181" T="119222694" />
  <Point X="107" Y="182" T="119222710" />
  <Point X="105" Y="184" T="119222718" />
  <Point X="103" Y="188" T="119222727" />
  <Point X="102" Y="190" T="119222733" />
  <Point X="100" Y="192" T="119222739" />
  <Point X="99" Y="194" T="119222740" />
  <Point X="95" Y="197" T="119222747" />
  <Point X="93" Y="199" T="119222754" />
  <Point X="89" Y="205" T="119222761" />
  <Point X="85" Y="210" T="119222768" />
  <Point X="80" Y="215" T="119222776" />
  <Point X="76" Y="220" T="119222783" />
  <Point X="74" Y="222" T="119222791" />
  <Point X="71" Y="226" T="119222798" />
  <Point X="70" Y="229" T="119222800" />
  <Point X="68" Y="231" T="119222808" />
  <Point X="66" Y="234" T="119222816" />
  <Point X="64" Y="236" T="119222825" />
  <Point X="63" Y="238" T="119222834" />
  <Point X="62" Y="241" T="119222851" />
  <Point X="62" Y="243" T="119222871" />
  <Point X="61" Y="246" T="119222892" />
  <Point X="61" Y="248" T="119222908" />
  <Point X="61" Y="250" T="119222928" />
  <Point X="63" Y="250" T="119222972" />
  <Point X="65" Y="249" T="119222984" />
  <Point X="67" Y="249" T="119222995" />
  <Point X="69" Y="249" T="119223007" />
  <Point X="72" Y="249" T="119223009" />
  <Point X="76" Y="247" T="119223021" />
  <Point X="84" Y="245" T="119223034" />
  <Point X="90" Y="245" T="119223047" />
  <Point X="93" Y="245" T="119223049" />
  <Point X="100" Y="244" T="119223062" />
  <Point X="106" Y="244" T="119223076" />
  <Point X="109" Y="243" T="119223077" />
  <Point X="117" Y="245" T="119223093" />
  <Point X="121" Y="245" T="119223107" />
  <Point X="128" Y="248" T="119223121" />
  <Point X="134" Y="249" T="119223136" />
  <Point X="139" Y="249" T="119223151" />
  <Point X="141" Y="249" T="119223165" />
  <Point X="143" Y="249" T="119223180" />
  <Point X="145" Y="248" T="119223198" />
  <Point X="147" Y="246" T="119223213" />
  <Point X="146" Y="243" T="119223237" />
  <Point X="145" Y="241" T="119223253" />
  <Point X="143" Y="241" T="119223269" />
  <Point X="140" Y="236" T="119223285" />
  <Point X="137" Y="230" T="119223302" />
  <Point X="134" Y="224" T="119223318" />
  <Point X="132" Y="218" T="119223336" />
  <Point X="130" Y="208" T="119223353" />
  <Point X="127" Y="202" T="119223370" />
  <Point X="124" Y="196" T="119223388" />
  <Point X="121" Y="188" T="119223407" />
  <Point X="120" Y="186" T="119223424" />
  <Point X="119" Y="184" T="119223426" />
</Gesture>