﻿<?xml version="1.0" encoding="utf-8" standalone="yes"?>
<Gesture Name="triangle03" Subject="5" Speed="fast" Number="3" NumPts="58" Millseconds="781" AppName="Gestures" AppVer="3.7.0.0" Date="Friday, March 09, 2007" TimeOfDay="9:45:07 PM">
  <Point X="115" Y="174" T="119220404" />
  <Point X="112" Y="176" T="119220443" />
  <Point X="111" Y="179" T="119220455" />
  <Point X="109" Y="182" T="119220464" />
  <Point X="106" Y="184" T="119220472" />
  <Point X="104" Y="186" T="119220480" />
  <Point X="101" Y="189" T="119220488" />
  <Point X="99" Y="192" T="119220495" />
  <Point X="98" Y="194" T="119220497" />
  <Point X="94" Y="199" T="119220505" />
  <Point X="89" Y="204" T="119220513" />
  <Point X="85" Y="208" T="119220521" />
  <Point X="81" Y="213" T="119220529" />
  <Point X="77" Y="218" T="119220537" />
  <Point X="73" Y="222" T="119220546" />
  <Point X="69" Y="226" T="119220555" />
  <Point X="66" Y="230" T="119220564" />
  <Point X="64" Y="232" T="119220573" />
  <Point X="62" Y="236" T="119220583" />
  <Point X="59" Y="242" T="119220593" />
  <Point X="58" Y="245" T="119220608" />
  <Point X="58" Y="247" T="119220618" />
  <Point X="57" Y="249" T="119220636" />
  <Point X="57" Y="251" T="119220649" />
  <Point X="55" Y="253" T="119220677" />
  <Point X="57" Y="253" T="119220717" />
  <Point X="60" Y="252" T="119220730" />
  <Point X="62" Y="252" T="119220741" />
  <Point X="66" Y="252" T="119220753" />
  <Point X="73" Y="249" T="119220765" />
  <Point X="80" Y="247" T="119220777" />
  <Point X="82" Y="246" T="119220779" />
  <Point X="89" Y="247" T="119220792" />
  <Point X="96" Y="245" T="119220805" />
  <Point X="105" Y="246" T="119220818" />
  <Point X="112" Y="245" T="119220832" />
  <Point X="118" Y="245" T="119220846" />
  <Point X="125" Y="246" T="119220859" />
  <Point X="128" Y="246" T="119220873" />
  <Point X="135" Y="246" T="119220887" />
  <Point X="139" Y="245" T="119220901" />
  <Point X="141" Y="244" T="119220915" />
  <Point X="144" Y="245" T="119220930" />
  <Point X="146" Y="243" T="119220947" />
  <Point X="147" Y="241" T="119220962" />
  <Point X="146" Y="238" T="119220986" />
  <Point X="145" Y="236" T="119221001" />
  <Point X="143" Y="233" T="119221017" />
  <Point X="140" Y="228" T="119221033" />
  <Point X="138" Y="223" T="119221049" />
  <Point X="136" Y="217" T="119221065" />
  <Point X="135" Y="210" T="119221082" />
  <Point X="133" Y="204" T="119221099" />
  <Point X="131" Y="199" T="119221116" />
  <Point X="130" Y="193" T="119221133" />
  <Point X="128" Y="189" T="119221151" />
  <Point X="126" Y="187" T="119221168" />
  <Point X="125" Y="185" T="119221185" />
</Gesture>