﻿<?xml version="1.0" encoding="utf-8" standalone="yes"?>
<Gesture Name="triangle04" Subject="5" Speed="fast" Number="4" NumPts="63" Millseconds="796" AppName="Gestures" AppVer="3.7.0.0" Date="Friday, March 09, 2007" TimeOfDay="9:45:08 PM">
  <Point X="112" Y="173" T="119221546" />
  <Point X="110" Y="175" T="119221574" />
  <Point X="108" Y="177" T="119221582" />
  <Point X="106" Y="179" T="119221590" />
  <Point X="104" Y="182" T="119221599" />
  <Point X="101" Y="185" T="119221607" />
  <Point X="98" Y="189" T="119221615" />
  <Point X="96" Y="191" T="119221621" />
  <Point X="93" Y="196" T="119221628" />
  <Point X="91" Y="199" T="119221634" />
  <Point X="89" Y="201" T="119221635" />
  <Point X="87" Y="203" T="119221642" />
  <Point X="86" Y="205" T="119221644" />
  <Point X="82" Y="212" T="119221651" />
  <Point X="78" Y="216" T="119221659" />
  <Point X="74" Y="222" T="119221667" />
  <Point X="70" Y="226" T="119221676" />
  <Point X="67" Y="231" T="119221684" />
  <Point X="65" Y="233" T="119221692" />
  <Point X="61" Y="238" T="119221701" />
  <Point X="59" Y="241" T="119221710" />
  <Point X="57" Y="243" T="119221720" />
  <Point X="56" Y="246" T="119221729" />
  <Point X="55" Y="248" T="119221740" />
  <Point X="54" Y="250" T="119221751" />
  <Point X="54" Y="253" T="119221788" />
  <Point X="56" Y="254" T="119221825" />
  <Point X="58" Y="254" T="119221837" />
  <Point X="60" Y="255" T="119221848" />
  <Point X="62" Y="254" T="119221860" />
  <Point X="65" Y="254" T="119221862" />
  <Point X="69" Y="254" T="119221874" />
  <Point X="76" Y="254" T="119221887" />
  <Point X="83" Y="253" T="119221900" />
  <Point X="91" Y="253" T="119221913" />
  <Point X="98" Y="252" T="119221927" />
  <Point X="104" Y="252" T="119221940" />
  <Point X="106" Y="252" T="119221942" />
  <Point X="112" Y="251" T="119221956" />
  <Point X="120" Y="251" T="119221970" />
  <Point X="123" Y="252" T="119221984" />
  <Point X="127" Y="253" T="119221986" />
  <Point X="133" Y="253" T="119222001" />
  <Point X="136" Y="252" T="119222016" />
  <Point X="139" Y="252" T="119222018" />
  <Point X="143" Y="252" T="119222034" />
  <Point X="146" Y="252" T="119222052" />
  <Point X="147" Y="249" T="119222098" />
  <Point X="145" Y="247" T="119222115" />
  <Point X="144" Y="245" T="119222133" />
  <Point X="143" Y="242" T="119222135" />
  <Point X="140" Y="237" T="119222152" />
  <Point X="139" Y="233" T="119222169" />
  <Point X="135" Y="223" T="119222186" />
  <Point X="133" Y="215" T="119222203" />
  <Point X="131" Y="208" T="119222221" />
  <Point X="129" Y="199" T="119222239" />
  <Point X="127" Y="194" T="119222256" />
  <Point X="126" Y="192" T="119222274" />
  <Point X="124" Y="190" T="119222275" />
  <Point X="122" Y="188" T="119222295" />
  <Point X="121" Y="185" T="119222313" />
  <Point X="121" Y="183" T="119222342" />
</Gesture>