﻿<?xml version="1.0" encoding="utf-8" standalone="yes"?>
<Gesture Name="v01" Subject="5" Speed="fast" Number="1" NumPts="40" Millseconds="405" AppName="Gestures" AppVer="3.7.0.0" Date="Friday, March 09, 2007" TimeOfDay="9:36:17 PM">
  <Point X="86" Y="170" T="118689780" />
  <Point X="88" Y="172" T="118689800" />
  <Point X="90" Y="173" T="118689816" />
  <Point X="92" Y="174" T="118689824" />
  <Point X="94" Y="176" T="118689832" />
  <Point X="96" Y="178" T="118689841" />
  <Point X="99" Y="180" T="118689849" />
  <Point X="102" Y="184" T="118689857" />
  <Point X="105" Y="187" T="118689865" />
  <Point X="106" Y="189" T="118689872" />
  <Point X="109" Y="194" T="118689879" />
  <Point X="112" Y="199" T="118689886" />
  <Point X="116" Y="204" T="118689894" />
  <Point X="119" Y="210" T="118689902" />
  <Point X="121" Y="216" T="118689909" />
  <Point X="124" Y="221" T="118689917" />
  <Point X="126" Y="226" T="118689926" />
  <Point X="128" Y="231" T="118689934" />
  <Point X="129" Y="236" T="118689943" />
  <Point X="130" Y="238" T="118689952" />
  <Point X="131" Y="241" T="118689961" />
  <Point X="131" Y="244" T="118689962" />
  <Point X="132" Y="247" T="118689974" />
  <Point X="132" Y="249" T="118689984" />
  <Point X="134" Y="246" T="118690037" />
  <Point X="134" Y="243" T="118690047" />
  <Point X="135" Y="237" T="118690058" />
  <Point X="135" Y="232" T="118690069" />
  <Point X="135" Y="229" T="118690070" />
  <Point X="137" Y="219" T="118690082" />
  <Point X="139" Y="208" T="118690093" />
  <Point X="142" Y="198" T="118690105" />
  <Point X="145" Y="188" T="118690118" />
  <Point X="151" Y="180" T="118690130" />
  <Point X="156" Y="174" T="118690142" />
  <Point X="162" Y="169" T="118690155" />
  <Point X="166" Y="166" T="118690168" />
  <Point X="170" Y="164" T="118690169" />
  <Point X="173" Y="162" T="118690184" />
  <Point X="175" Y="161" T="118690185" />
</Gesture>