﻿<?xml version="1.0" encoding="utf-8" standalone="yes"?>
<Gesture Name="v02" Subject="5" Speed="fast" Number="2" NumPts="44" Millseconds="426" AppName="Gestures" AppVer="3.7.0.0" Date="Friday, March 09, 2007" TimeOfDay="9:36:18 PM">
  <Point X="86" Y="168" T="118690593" />
  <Point X="87" Y="170" T="118690601" />
  <Point X="90" Y="172" T="118690614" />
  <Point X="93" Y="175" T="118690623" />
  <Point X="95" Y="178" T="118690631" />
  <Point X="98" Y="182" T="118690639" />
  <Point X="102" Y="185" T="118690647" />
  <Point X="103" Y="188" T="118690654" />
  <Point X="107" Y="193" T="118690661" />
  <Point X="110" Y="198" T="118690668" />
  <Point X="111" Y="201" T="118690676" />
  <Point X="116" Y="207" T="118690684" />
  <Point X="117" Y="210" T="118690692" />
  <Point X="120" Y="216" T="118690699" />
  <Point X="121" Y="218" T="118690707" />
  <Point X="122" Y="222" T="118690715" />
  <Point X="122" Y="224" T="118690716" />
  <Point X="123" Y="227" T="118690724" />
  <Point X="124" Y="230" T="118690733" />
  <Point X="124" Y="233" T="118690743" />
  <Point X="125" Y="236" T="118690752" />
  <Point X="125" Y="239" T="118690763" />
  <Point X="125" Y="241" T="118690773" />
  <Point X="126" Y="244" T="118690783" />
  <Point X="126" Y="246" T="118690811" />
  <Point X="127" Y="243" T="118690831" />
  <Point X="127" Y="241" T="118690841" />
  <Point X="128" Y="236" T="118690852" />
  <Point X="128" Y="233" T="118690863" />
  <Point X="128" Y="231" T="118690864" />
  <Point X="129" Y="225" T="118690875" />
  <Point X="130" Y="220" T="118690887" />
  <Point X="130" Y="217" T="118690888" />
  <Point X="133" Y="208" T="118690900" />
  <Point X="136" Y="199" T="118690912" />
  <Point X="141" Y="190" T="118690925" />
  <Point X="148" Y="180" T="118690938" />
  <Point X="155" Y="173" T="118690950" />
  <Point X="158" Y="171" T="118690951" />
  <Point X="165" Y="164" T="118690965" />
  <Point X="171" Y="160" T="118690979" />
  <Point X="177" Y="156" T="118690992" />
  <Point X="179" Y="156" T="118691006" />
  <Point X="181" Y="158" T="118691019" />
</Gesture>