﻿<?xml version="1.0" encoding="utf-8" standalone="yes"?>
<Gesture Name="v03" Subject="5" Speed="fast" Number="3" NumPts="45" Millseconds="466" AppName="Gestures" AppVer="3.7.0.0" Date="Friday, March 09, 2007" TimeOfDay="9:36:18 PM">
  <Point X="94" Y="174" T="118691403" />
  <Point X="97" Y="175" T="118691415" />
  <Point X="99" Y="178" T="118691423" />
  <Point X="102" Y="180" T="118691431" />
  <Point X="105" Y="182" T="118691439" />
  <Point X="108" Y="186" T="118691447" />
  <Point X="110" Y="188" T="118691453" />
  <Point X="111" Y="191" T="118691459" />
  <Point X="114" Y="193" T="118691466" />
  <Point X="117" Y="196" T="118691472" />
  <Point X="120" Y="200" T="118691479" />
  <Point X="121" Y="202" T="118691486" />
  <Point X="123" Y="206" T="118691494" />
  <Point X="126" Y="211" T="118691502" />
  <Point X="128" Y="216" T="118691509" />
  <Point X="130" Y="220" T="118691518" />
  <Point X="131" Y="224" T="118691526" />
  <Point X="132" Y="229" T="118691534" />
  <Point X="132" Y="231" T="118691535" />
  <Point X="133" Y="235" T="118691544" />
  <Point X="133" Y="238" T="118691554" />
  <Point X="133" Y="242" T="118691563" />
  <Point X="133" Y="245" T="118691564" />
  <Point X="133" Y="247" T="118691573" />
  <Point X="133" Y="250" T="118691583" />
  <Point X="133" Y="252" T="118691593" />
  <Point X="132" Y="257" T="118691621" />
  <Point X="133" Y="255" T="118691667" />
  <Point X="133" Y="252" T="118691678" />
  <Point X="133" Y="250" T="118691688" />
  <Point X="134" Y="247" T="118691700" />
  <Point X="135" Y="239" T="118691711" />
  <Point X="136" Y="237" T="118691723" />
  <Point X="137" Y="229" T="118691736" />
  <Point X="139" Y="221" T="118691748" />
  <Point X="141" Y="212" T="118691761" />
  <Point X="143" Y="203" T="118691774" />
  <Point X="146" Y="192" T="118691787" />
  <Point X="148" Y="190" T="118691788" />
  <Point X="151" Y="183" T="118691801" />
  <Point X="155" Y="176" T="118691814" />
  <Point X="159" Y="170" T="118691828" />
  <Point X="163" Y="165" T="118691842" />
  <Point X="165" Y="164" T="118691856" />
  <Point X="166" Y="162" T="118691869" />
</Gesture>