﻿<?xml version="1.0" encoding="utf-8" standalone="yes"?>
<Gesture Name="v04" Subject="5" Speed="fast" Number="4" NumPts="44" Millseconds="468" AppName="Gestures" AppVer="3.7.0.0" Date="Friday, March 09, 2007" TimeOfDay="9:36:19 PM">
  <Point X="94" Y="178" T="118692243" />
  <Point X="96" Y="179" T="118692255" />
  <Point X="99" Y="182" T="118692263" />
  <Point X="102" Y="184" T="118692272" />
  <Point X="106" Y="186" T="118692280" />
  <Point X="108" Y="189" T="118692288" />
  <Point X="112" Y="193" T="118692297" />
  <Point X="113" Y="195" T="118692303" />
  <Point X="114" Y="197" T="118692310" />
  <Point X="117" Y="201" T="118692316" />
  <Point X="118" Y="204" T="118692317" />
  <Point X="119" Y="206" T="118692324" />
  <Point X="121" Y="209" T="118692332" />
  <Point X="122" Y="214" T="118692339" />
  <Point X="123" Y="219" T="118692347" />
  <Point X="124" Y="223" T="118692355" />
  <Point X="124" Y="228" T="118692363" />
  <Point X="124" Y="232" T="118692372" />
  <Point X="125" Y="236" T="118692381" />
  <Point X="125" Y="240" T="118692389" />
  <Point X="125" Y="243" T="118692401" />
  <Point X="125" Y="246" T="118692402" />
  <Point X="125" Y="248" T="118692411" />
  <Point X="125" Y="251" T="118692421" />
  <Point X="125" Y="253" T="118692422" />
  <Point X="125" Y="255" T="118692432" />
  <Point X="125" Y="257" T="118692442" />
  <Point X="126" Y="255" T="118692533" />
  <Point X="126" Y="252" T="118692545" />
  <Point X="126" Y="248" T="118692556" />
  <Point X="127" Y="245" T="118692568" />
  <Point X="130" Y="236" T="118692579" />
  <Point X="132" Y="227" T="118692591" />
  <Point X="135" Y="218" T="118692604" />
  <Point X="140" Y="207" T="118692616" />
  <Point X="145" Y="197" T="118692629" />
  <Point X="147" Y="193" T="118692630" />
  <Point X="153" Y="186" T="118692643" />
  <Point X="160" Y="177" T="118692656" />
  <Point X="166" Y="171" T="118692669" />
  <Point X="173" Y="165" T="118692683" />
  <Point X="176" Y="163" T="118692696" />
  <Point X="179" Y="161" T="118692697" />
  <Point X="181" Y="160" T="118692711" />
</Gesture>