﻿<?xml version="1.0" encoding="utf-8" standalone="yes"?>
<Gesture Name="v05" Subject="5" Speed="fast" Number="5" NumPts="47" Millseconds="494" AppName="Gestures" AppVer="3.7.0.0" Date="Friday, March 09, 2007" TimeOfDay="9:36:20 PM">
  <Point X="90" Y="177" T="118693085" />
  <Point X="93" Y="180" T="118693097" />
  <Point X="95" Y="182" T="118693105" />
  <Point X="99" Y="185" T="118693114" />
  <Point X="101" Y="185" T="118693119" />
  <Point X="103" Y="186" T="118693125" />
  <Point X="105" Y="188" T="118693126" />
  <Point X="108" Y="189" T="118693133" />
  <Point X="112" Y="191" T="118693139" />
  <Point X="114" Y="193" T="118693146" />
  <Point X="116" Y="194" T="118693147" />
  <Point X="118" Y="196" T="118693154" />
  <Point X="122" Y="199" T="118693161" />
  <Point X="125" Y="203" T="118693169" />
  <Point X="128" Y="208" T="118693177" />
  <Point X="130" Y="212" T="118693185" />
  <Point X="131" Y="215" T="118693186" />
  <Point X="133" Y="220" T="118693195" />
  <Point X="133" Y="225" T="118693203" />
  <Point X="134" Y="229" T="118693212" />
  <Point X="134" Y="233" T="118693221" />
  <Point X="134" Y="236" T="118693222" />
  <Point X="134" Y="238" T="118693232" />
  <Point X="133" Y="243" T="118693242" />
  <Point X="133" Y="247" T="118693251" />
  <Point X="132" Y="250" T="118693261" />
  <Point X="131" Y="253" T="118693262" />
  <Point X="131" Y="255" T="118693274" />
  <Point X="131" Y="257" T="118693290" />
  <Point X="133" Y="255" T="118693374" />
  <Point X="133" Y="253" T="118693386" />
  <Point X="134" Y="250" T="118693402" />
  <Point X="135" Y="247" T="118693413" />
  <Point X="136" Y="245" T="118693425" />
  <Point X="137" Y="242" T="118693426" />
  <Point X="140" Y="237" T="118693439" />
  <Point X="143" Y="230" T="118693452" />
  <Point X="146" Y="221" T="118693466" />
  <Point X="148" Y="218" T="118693467" />
  <Point X="152" Y="212" T="118693480" />
  <Point X="158" Y="203" T="118693494" />
  <Point X="162" Y="198" T="118693508" />
  <Point X="169" Y="193" T="118693522" />
  <Point X="172" Y="190" T="118693536" />
  <Point X="176" Y="188" T="118693551" />
  <Point X="178" Y="188" T="118693565" />
  <Point X="180" Y="187" T="118693579" />
</Gesture>