﻿<?xml version="1.0" encoding="utf-8" standalone="yes"?>
<Gesture Name="v06" Subject="5" Speed="fast" Number="6" NumPts="45" Millseconds="532" AppName="Gestures" AppVer="3.7.0.0" Date="Friday, March 09, 2007" TimeOfDay="9:36:21 PM">
  <Point X="91" Y="181" T="118693978" />
  <Point X="94" Y="183" T="118693986" />
  <Point X="96" Y="184" T="118693991" />
  <Point X="99" Y="185" T="118693996" />
  <Point X="104" Y="186" T="118694002" />
  <Point X="107" Y="188" T="118694008" />
  <Point X="110" Y="189" T="118694014" />
  <Point X="112" Y="190" T="118694015" />
  <Point X="115" Y="190" T="118694021" />
  <Point X="118" Y="192" T="118694022" />
  <Point X="120" Y="193" T="118694029" />
  <Point X="125" Y="195" T="118694036" />
  <Point X="129" Y="198" T="118694044" />
  <Point X="131" Y="200" T="118694051" />
  <Point X="136" Y="205" T="118694059" />
  <Point X="138" Y="209" T="118694067" />
  <Point X="140" Y="213" T="118694075" />
  <Point X="141" Y="218" T="118694084" />
  <Point X="142" Y="224" T="118694096" />
  <Point X="142" Y="227" T="118694105" />
  <Point X="142" Y="233" T="118694114" />
  <Point X="142" Y="236" T="118694124" />
  <Point X="141" Y="239" T="118694133" />
  <Point X="140" Y="242" T="118694134" />
  <Point X="140" Y="246" T="118694145" />
  <Point X="140" Y="248" T="118694155" />
  <Point X="140" Y="250" T="118694170" />
  <Point X="141" Y="252" T="118694206" />
  <Point X="143" Y="250" T="118694282" />
  <Point X="144" Y="248" T="118694293" />
  <Point X="144" Y="246" T="118694304" />
  <Point X="145" Y="241" T="118694316" />
  <Point X="147" Y="234" T="118694327" />
  <Point X="148" Y="228" T="118694339" />
  <Point X="150" Y="218" T="118694352" />
  <Point X="152" Y="208" T="118694364" />
  <Point X="154" Y="203" T="118694377" />
  <Point X="160" Y="193" T="118694391" />
  <Point X="163" Y="189" T="118694404" />
  <Point X="168" Y="183" T="118694417" />
  <Point X="174" Y="177" T="118694431" />
  <Point X="176" Y="174" T="118694444" />
  <Point X="181" Y="171" T="118694459" />
  <Point X="183" Y="169" T="118694478" />
  <Point X="181" Y="171" T="118694510" />
</Gesture>