﻿<?xml version="1.0" encoding="utf-8" standalone="yes"?>
<Gesture Name="v07" Subject="5" Speed="fast" Number="7" NumPts="45" Millseconds="488" AppName="Gestures" AppVer="3.7.0.0" Date="Friday, March 09, 2007" TimeOfDay="9:36:22 PM">
  <Point X="104" Y="190" T="118694863" />
  <Point X="106" Y="192" T="118694876" />
  <Point X="109" Y="194" T="118694884" />
  <Point X="113" Y="197" T="118694892" />
  <Point X="115" Y="198" T="118694898" />
  <Point X="117" Y="199" T="118694903" />
  <Point X="119" Y="201" T="118694904" />
  <Point X="121" Y="202" T="118694911" />
  <Point X="125" Y="206" T="118694917" />
  <Point X="128" Y="208" T="118694924" />
  <Point X="130" Y="209" T="118694925" />
  <Point X="132" Y="211" T="118694932" />
  <Point X="135" Y="214" T="118694939" />
  <Point X="138" Y="218" T="118694947" />
  <Point X="141" Y="222" T="118694954" />
  <Point X="143" Y="225" T="118694962" />
  <Point X="144" Y="229" T="118694970" />
  <Point X="146" Y="234" T="118694979" />
  <Point X="146" Y="236" T="118694987" />
  <Point X="147" Y="240" T="118694988" />
  <Point X="147" Y="243" T="118694998" />
  <Point X="148" Y="246" T="118695007" />
  <Point X="148" Y="248" T="118695017" />
  <Point X="148" Y="251" T="118695026" />
  <Point X="148" Y="253" T="118695037" />
  <Point X="148" Y="255" T="118695053" />
  <Point X="149" Y="253" T="118695121" />
  <Point X="149" Y="251" T="118695141" />
  <Point X="148" Y="249" T="118695153" />
  <Point X="148" Y="246" T="118695169" />
  <Point X="148" Y="243" T="118695180" />
  <Point X="148" Y="241" T="118695181" />
  <Point X="149" Y="238" T="118695193" />
  <Point X="150" Y="230" T="118695205" />
  <Point X="152" Y="223" T="118695218" />
  <Point X="155" Y="215" T="118695230" />
  <Point X="158" Y="207" T="118695243" />
  <Point X="162" Y="199" T="118695256" />
  <Point X="166" Y="192" T="118695270" />
  <Point X="170" Y="185" T="118695283" />
  <Point X="176" Y="179" T="118695296" />
  <Point X="181" Y="174" T="118695310" />
  <Point X="183" Y="173" T="118695323" />
  <Point X="186" Y="171" T="118695337" />
  <Point X="188" Y="170" T="118695351" />
</Gesture>