﻿<?xml version="1.0" encoding="utf-8" standalone="yes"?>
<Gesture Name="v08" Subject="5" Speed="fast" Number="8" NumPts="44" Millseconds="506" AppName="Gestures" AppVer="3.7.0.0" Date="Friday, March 09, 2007" TimeOfDay="9:36:23 PM">
  <Point X="109" Y="191" T="118695720" />
  <Point X="111" Y="193" T="118695732" />
  <Point X="114" Y="195" T="118695740" />
  <Point X="116" Y="198" T="118695748" />
  <Point X="119" Y="201" T="118695756" />
  <Point X="123" Y="203" T="118695764" />
  <Point X="126" Y="205" T="118695772" />
  <Point X="129" Y="209" T="118695780" />
  <Point X="131" Y="211" T="118695787" />
  <Point X="132" Y="214" T="118695793" />
  <Point X="135" Y="216" T="118695800" />
  <Point X="138" Y="220" T="118695807" />
  <Point X="141" Y="224" T="118695814" />
  <Point X="143" Y="227" T="118695822" />
  <Point X="146" Y="231" T="118695830" />
  <Point X="147" Y="234" T="118695838" />
  <Point X="148" Y="237" T="118695846" />
  <Point X="149" Y="240" T="118695854" />
  <Point X="150" Y="244" T="118695863" />
  <Point X="150" Y="246" T="118695871" />
  <Point X="151" Y="248" T="118695881" />
  <Point X="151" Y="251" T="118695897" />
  <Point X="153" Y="251" T="118695942" />
  <Point X="155" Y="249" T="118695975" />
  <Point X="155" Y="247" T="118695990" />
  <Point X="156" Y="244" T="118696006" />
  <Point X="157" Y="242" T="118696018" />
  <Point X="157" Y="239" T="118696028" />
  <Point X="158" Y="236" T="118696039" />
  <Point X="160" Y="230" T="118696050" />
  <Point X="161" Y="224" T="118696062" />
  <Point X="163" Y="220" T="118696073" />
  <Point X="168" Y="212" T="118696085" />
  <Point X="172" Y="206" T="118696097" />
  <Point X="175" Y="201" T="118696109" />
  <Point X="178" Y="200" T="118696110" />
  <Point X="180" Y="197" T="118696123" />
  <Point X="186" Y="193" T="118696136" />
  <Point X="188" Y="190" T="118696149" />
  <Point X="193" Y="188" T="118696162" />
  <Point X="196" Y="186" T="118696175" />
  <Point X="198" Y="184" T="118696188" />
  <Point X="200" Y="183" T="118696206" />
  <Point X="199" Y="185" T="118696226" />
</Gesture>