﻿<?xml version="1.0" encoding="utf-8" standalone="yes"?>
<Gesture Name="v09" Subject="5" Speed="fast" Number="9" NumPts="42" Millseconds="504" AppName="Gestures" AppVer="3.7.0.0" Date="Friday, March 09, 2007" TimeOfDay="9:36:24 PM">
  <Point X="101" Y="187" T="118696562" />
  <Point X="103" Y="187" T="118696570" />
  <Point X="106" Y="188" T="118696578" />
  <Point X="110" Y="190" T="118696586" />
  <Point X="113" Y="193" T="118696594" />
  <Point X="115" Y="195" T="118696600" />
  <Point X="118" Y="196" T="118696606" />
  <Point X="120" Y="198" T="118696607" />
  <Point X="122" Y="199" T="118696613" />
  <Point X="124" Y="202" T="118696620" />
  <Point X="130" Y="206" T="118696627" />
  <Point X="131" Y="209" T="118696634" />
  <Point X="134" Y="212" T="118696641" />
  <Point X="138" Y="217" T="118696648" />
  <Point X="141" Y="220" T="118696656" />
  <Point X="144" Y="224" T="118696664" />
  <Point X="146" Y="228" T="118696673" />
  <Point X="149" Y="231" T="118696681" />
  <Point X="151" Y="234" T="118696689" />
  <Point X="152" Y="238" T="118696698" />
  <Point X="154" Y="240" T="118696707" />
  <Point X="156" Y="244" T="118696717" />
  <Point X="157" Y="247" T="118696727" />
  <Point X="158" Y="249" T="118696736" />
  <Point X="160" Y="252" T="118696754" />
  <Point X="162" Y="254" T="118696787" />
  <Point X="163" Y="256" T="118696807" />
  <Point X="162" Y="253" T="118696892" />
  <Point X="162" Y="250" T="118696903" />
  <Point X="162" Y="244" T="118696914" />
  <Point X="163" Y="238" T="118696925" />
  <Point X="165" Y="230" T="118696937" />
  <Point X="168" Y="222" T="118696949" />
  <Point X="171" Y="214" T="118696961" />
  <Point X="176" Y="207" T="118696973" />
  <Point X="181" Y="202" T="118696986" />
  <Point X="186" Y="196" T="118696999" />
  <Point X="190" Y="192" T="118697011" />
  <Point X="195" Y="189" T="118697024" />
  <Point X="197" Y="187" T="118697037" />
  <Point X="200" Y="185" T="118697051" />
  <Point X="202" Y="184" T="118697066" />
</Gesture>