﻿<?xml version="1.0" encoding="utf-8" standalone="yes"?>
<Gesture Name="v10" Subject="5" Speed="fast" Number="10" NumPts="41" Millseconds="482" AppName="Gestures" AppVer="3.7.0.0" Date="Friday, March 09, 2007" TimeOfDay="9:36:25 PM">
  <Point X="108" Y="191" T="118697466" />
  <Point X="110" Y="193" T="118697482" />
  <Point X="113" Y="195" T="118697490" />
  <Point X="115" Y="197" T="118697498" />
  <Point X="118" Y="200" T="118697507" />
  <Point X="121" Y="203" T="118697515" />
  <Point X="124" Y="206" T="118697524" />
  <Point X="125" Y="209" T="118697530" />
  <Point X="128" Y="213" T="118697537" />
  <Point X="130" Y="215" T="118697544" />
  <Point X="133" Y="218" T="118697551" />
  <Point X="135" Y="222" T="118697558" />
  <Point X="137" Y="224" T="118697565" />
  <Point X="141" Y="229" T="118697573" />
  <Point X="143" Y="234" T="118697581" />
  <Point X="145" Y="236" T="118697589" />
  <Point X="145" Y="238" T="118697597" />
  <Point X="147" Y="241" T="118697606" />
  <Point X="148" Y="245" T="118697615" />
  <Point X="148" Y="248" T="118697625" />
  <Point X="149" Y="250" T="118697635" />
  <Point X="150" Y="252" T="118697652" />
  <Point X="152" Y="250" T="118697728" />
  <Point X="152" Y="248" T="118697744" />
  <Point X="152" Y="246" T="118697756" />
  <Point X="153" Y="242" T="118697768" />
  <Point X="153" Y="240" T="118697778" />
  <Point X="154" Y="237" T="118697789" />
  <Point X="156" Y="231" T="118697800" />
  <Point X="157" Y="229" T="118697801" />
  <Point X="160" Y="220" T="118697812" />
  <Point X="163" Y="215" T="118697824" />
  <Point X="165" Y="213" T="118697825" />
  <Point X="170" Y="206" T="118697837" />
  <Point X="177" Y="200" T="118697849" />
  <Point X="183" Y="196" T="118697862" />
  <Point X="188" Y="191" T="118697874" />
  <Point X="194" Y="187" T="118697887" />
  <Point X="199" Y="185" T="118697900" />
  <Point X="201" Y="182" T="118697914" />
  <Point X="201" Y="185" T="118697948" />
</Gesture>