﻿<?xml version="1.0" encoding="utf-8" standalone="yes"?>
<Gesture Name="x01" Subject="5" Speed="fast" Number="1" NumPts="69" Millseconds="933" AppName="Gestures" AppVer="3.7.0.0" Date="Friday, March 09, 2007" TimeOfDay="9:51:20 PM">
  <Point X="67" Y="152" T="119593977" />
  <Point X="69" Y="154" T="119594067" />
  <Point X="71" Y="157" T="119594080" />
  <Point X="72" Y="160" T="119594088" />
  <Point X="73" Y="162" T="119594093" />
  <Point X="75" Y="164" T="119594100" />
  <Point X="77" Y="167" T="119594108" />
  <Point X="79" Y="170" T="119594116" />
  <Point X="81" Y="172" T="119594124" />
  <Point X="84" Y="176" T="119594132" />
  <Point X="86" Y="178" T="119594140" />
  <Point X="88" Y="181" T="119594148" />
  <Point X="90" Y="183" T="119594155" />
  <Point X="92" Y="186" T="119594163" />
  <Point X="95" Y="188" T="119594171" />
  <Point X="96" Y="190" T="119594179" />
  <Point X="99" Y="193" T="119594187" />
  <Point X="101" Y="196" T="119594188" />
  <Point X="103" Y="198" T="119594199" />
  <Point X="106" Y="201" T="119594207" />
  <Point X="108" Y="204" T="119594217" />
  <Point X="111" Y="206" T="119594226" />
  <Point X="114" Y="209" T="119594235" />
  <Point X="117" Y="211" T="119594236" />
  <Point X="120" Y="214" T="119594248" />
  <Point X="123" Y="215" T="119594258" />
  <Point X="128" Y="220" T="119594269" />
  <Point X="130" Y="222" T="119594279" />
  <Point X="132" Y="224" T="119594290" />
  <Point X="135" Y="226" T="119594301" />
  <Point X="136" Y="228" T="119594313" />
  <Point X="138" Y="230" T="119594324" />
  <Point X="137" Y="227" T="119594397" />
  <Point X="136" Y="225" T="119594410" />
  <Point X="135" Y="223" T="119594422" />
  <Point X="133" Y="218" T="119594434" />
  <Point X="131" Y="212" T="119594447" />
  <Point X="130" Y="210" T="119594460" />
  <Point X="127" Y="203" T="119594473" />
  <Point X="124" Y="197" T="119594487" />
  <Point X="123" Y="192" T="119594500" />
  <Point X="121" Y="187" T="119594514" />
  <Point X="120" Y="185" T="119594528" />
  <Point X="119" Y="182" T="119594529" />
  <Point X="119" Y="174" T="119594546" />
  <Point X="119" Y="170" T="119594560" />
  <Point X="119" Y="168" T="119594561" />
  <Point X="119" Y="161" T="119594577" />
  <Point X="119" Y="158" T="119594593" />
  <Point X="120" Y="155" T="119594594" />
  <Point X="120" Y="148" T="119594612" />
  <Point X="120" Y="142" T="119594628" />
  <Point X="121" Y="133" T="119594646" />
  <Point X="121" Y="130" T="119594665" />
  <Point X="122" Y="128" T="119594666" />
  <Point X="122" Y="125" T="119594684" />
  <Point X="122" Y="127" T="119594722" />
  <Point X="122" Y="132" T="119594739" />
  <Point X="120" Y="138" T="119594756" />
  <Point X="116" Y="153" T="119594774" />
  <Point X="111" Y="167" T="119594792" />
  <Point X="102" Y="182" T="119594811" />
  <Point X="94" Y="196" T="119594829" />
  <Point X="91" Y="198" T="119594830" />
  <Point X="81" Y="213" T="119594852" />
  <Point X="70" Y="226" T="119594871" />
  <Point X="63" Y="235" T="119594890" />
  <Point X="62" Y="237" T="119594909" />
  <Point X="60" Y="239" T="119594910" />
</Gesture>