﻿<?xml version="1.0" encoding="utf-8" standalone="yes"?>
<Gesture Name="x02" Subject="5" Speed="fast" Number="2" NumPts="68" Millseconds="838" AppName="Gestures" AppVer="3.7.0.0" Date="Friday, March 09, 2007" TimeOfDay="9:51:21 PM">
  <Point X="64" Y="149" T="119595288" />
  <Point X="66" Y="152" T="119595326" />
  <Point X="67" Y="154" T="119595334" />
  <Point X="68" Y="157" T="119595339" />
  <Point X="70" Y="159" T="119595345" />
  <Point X="72" Y="163" T="119595351" />
  <Point X="74" Y="166" T="119595357" />
  <Point X="77" Y="172" T="119595363" />
  <Point X="79" Y="175" T="119595370" />
  <Point X="81" Y="177" T="119595371" />
  <Point X="83" Y="180" T="119595378" />
  <Point X="85" Y="183" T="119595379" />
  <Point X="87" Y="186" T="119595386" />
  <Point X="89" Y="188" T="119595387" />
  <Point X="92" Y="193" T="119595395" />
  <Point X="96" Y="197" T="119595403" />
  <Point X="100" Y="202" T="119595411" />
  <Point X="103" Y="206" T="119595419" />
  <Point X="105" Y="208" T="119595428" />
  <Point X="110" Y="214" T="119595437" />
  <Point X="115" Y="219" T="119595446" />
  <Point X="118" Y="222" T="119595455" />
  <Point X="121" Y="225" T="119595465" />
  <Point X="123" Y="226" T="119595475" />
  <Point X="125" Y="228" T="119595485" />
  <Point X="129" Y="230" T="119595495" />
  <Point X="132" Y="231" T="119595507" />
  <Point X="134" Y="232" T="119595522" />
  <Point X="136" Y="232" T="119595559" />
  <Point X="135" Y="230" T="119595603" />
  <Point X="134" Y="228" T="119595615" />
  <Point X="132" Y="225" T="119595631" />
  <Point X="131" Y="223" T="119595642" />
  <Point X="129" Y="220" T="119595654" />
  <Point X="128" Y="217" T="119595655" />
  <Point X="126" Y="212" T="119595668" />
  <Point X="123" Y="204" T="119595680" />
  <Point X="121" Y="199" T="119595693" />
  <Point X="116" Y="190" T="119595706" />
  <Point X="115" Y="187" T="119595707" />
  <Point X="113" Y="178" T="119595721" />
  <Point X="112" Y="169" T="119595735" />
  <Point X="112" Y="166" T="119595749" />
  <Point X="113" Y="156" T="119595763" />
  <Point X="114" Y="153" T="119595777" />
  <Point X="116" Y="147" T="119595792" />
  <Point X="117" Y="141" T="119595806" />
  <Point X="118" Y="138" T="119595807" />
  <Point X="118" Y="135" T="119595822" />
  <Point X="118" Y="132" T="119595823" />
  <Point X="119" Y="130" T="119595838" />
  <Point X="119" Y="127" T="119595839" />
  <Point X="118" Y="130" T="119595888" />
  <Point X="116" Y="136" T="119595904" />
  <Point X="114" Y="144" T="119595921" />
  <Point X="111" Y="154" T="119595938" />
  <Point X="105" Y="167" T="119595955" />
  <Point X="104" Y="171" T="119595956" />
  <Point X="97" Y="182" T="119595974" />
  <Point X="88" Y="198" T="119595995" />
  <Point X="81" Y="210" T="119596013" />
  <Point X="76" Y="218" T="119596031" />
  <Point X="72" Y="224" T="119596049" />
  <Point X="70" Y="226" T="119596068" />
  <Point X="67" Y="228" T="119596069" />
  <Point X="65" Y="229" T="119596087" />
  <Point X="63" Y="227" T="119596107" />
  <Point X="61" Y="227" T="119596126" />
</Gesture>