﻿<?xml version="1.0" encoding="utf-8" standalone="yes"?>
<Gesture Name="x03" Subject="5" Speed="fast" Number="3" NumPts="65" Millseconds="809" AppName="Gestures" AppVer="3.7.0.0" Date="Friday, March 09, 2007" TimeOfDay="9:51:22 PM">
  <Point X="66" Y="156" T="119596412" />
  <Point X="68" Y="156" T="119596439" />
  <Point X="69" Y="158" T="119596448" />
  <Point X="71" Y="161" T="119596455" />
  <Point X="73" Y="164" T="119596463" />
  <Point X="74" Y="166" T="119596469" />
  <Point X="77" Y="171" T="119596475" />
  <Point X="79" Y="173" T="119596482" />
  <Point X="82" Y="179" T="119596488" />
  <Point X="85" Y="185" T="119596495" />
  <Point X="87" Y="188" T="119596502" />
  <Point X="88" Y="192" T="119596503" />
  <Point X="90" Y="195" T="119596511" />
  <Point X="92" Y="198" T="119596512" />
  <Point X="95" Y="204" T="119596520" />
  <Point X="97" Y="206" T="119596528" />
  <Point X="101" Y="213" T="119596536" />
  <Point X="103" Y="215" T="119596544" />
  <Point X="106" Y="218" T="119596553" />
  <Point X="108" Y="221" T="119596562" />
  <Point X="114" Y="225" T="119596571" />
  <Point X="116" Y="226" T="119596580" />
  <Point X="118" Y="228" T="119596590" />
  <Point X="120" Y="230" T="119596599" />
  <Point X="123" Y="231" T="119596609" />
  <Point X="125" Y="232" T="119596624" />
  <Point X="126" Y="234" T="119596636" />
  <Point X="125" Y="232" T="119596693" />
  <Point X="124" Y="230" T="119596704" />
  <Point X="123" Y="227" T="119596715" />
  <Point X="122" Y="224" T="119596728" />
  <Point X="120" Y="219" T="119596740" />
  <Point X="119" Y="214" T="119596752" />
  <Point X="118" Y="206" T="119596764" />
  <Point X="118" Y="204" T="119596765" />
  <Point X="117" Y="198" T="119596778" />
  <Point X="116" Y="190" T="119596790" />
  <Point X="115" Y="181" T="119596803" />
  <Point X="115" Y="173" T="119596817" />
  <Point X="115" Y="171" T="119596818" />
  <Point X="114" Y="164" T="119596831" />
  <Point X="114" Y="160" T="119596844" />
  <Point X="114" Y="156" T="119596845" />
  <Point X="114" Y="153" T="119596859" />
  <Point X="114" Y="146" T="119596873" />
  <Point X="114" Y="143" T="119596888" />
  <Point X="114" Y="139" T="119596904" />
  <Point X="115" Y="134" T="119596919" />
  <Point X="115" Y="132" T="119596937" />
  <Point X="115" Y="135" T="119596994" />
  <Point X="114" Y="137" T="119597009" />
  <Point X="113" Y="141" T="119597010" />
  <Point X="110" Y="150" T="119597027" />
  <Point X="105" Y="162" T="119597043" />
  <Point X="100" Y="175" T="119597060" />
  <Point X="93" Y="189" T="119597078" />
  <Point X="92" Y="193" T="119597079" />
  <Point X="85" Y="206" T="119597097" />
  <Point X="78" Y="218" T="119597115" />
  <Point X="75" Y="224" T="119597132" />
  <Point X="72" Y="229" T="119597150" />
  <Point X="70" Y="230" T="119597167" />
  <Point X="67" Y="232" T="119597185" />
  <Point X="65" Y="232" T="119597203" />
  <Point X="63" Y="231" T="119597221" />
</Gesture>