﻿<?xml version="1.0" encoding="utf-8" standalone="yes"?>
<Gesture Name="x04" Subject="5" Speed="fast" Number="4" NumPts="68" Millseconds="845" AppName="Gestures" AppVer="3.7.0.0" Date="Friday, March 09, 2007" TimeOfDay="9:51:23 PM">
  <Point X="70" Y="160" T="119597569" />
  <Point X="71" Y="163" T="119597597" />
  <Point X="73" Y="166" T="119597609" />
  <Point X="74" Y="169" T="119597618" />
  <Point X="75" Y="171" T="119597624" />
  <Point X="76" Y="173" T="119597629" />
  <Point X="77" Y="175" T="119597630" />
  <Point X="79" Y="177" T="119597638" />
  <Point X="82" Y="181" T="119597646" />
  <Point X="83" Y="185" T="119597653" />
  <Point X="86" Y="190" T="119597660" />
  <Point X="89" Y="195" T="119597667" />
  <Point X="92" Y="200" T="119597674" />
  <Point X="93" Y="203" T="119597682" />
  <Point X="96" Y="206" T="119597689" />
  <Point X="97" Y="208" T="119597691" />
  <Point X="99" Y="211" T="119597699" />
  <Point X="101" Y="214" T="119597707" />
  <Point X="104" Y="218" T="119597716" />
  <Point X="107" Y="219" T="119597725" />
  <Point X="110" Y="221" T="119597733" />
  <Point X="113" Y="223" T="119597734" />
  <Point X="116" Y="224" T="119597744" />
  <Point X="118" Y="225" T="119597754" />
  <Point X="121" Y="227" T="119597764" />
  <Point X="123" Y="228" T="119597774" />
  <Point X="125" Y="228" T="119597775" />
  <Point X="128" Y="230" T="119597787" />
  <Point X="130" Y="230" T="119597802" />
  <Point X="128" Y="230" T="119597875" />
  <Point X="126" Y="229" T="119597891" />
  <Point X="124" Y="227" T="119597904" />
  <Point X="122" Y="224" T="119597915" />
  <Point X="120" Y="222" T="119597928" />
  <Point X="119" Y="217" T="119597940" />
  <Point X="117" Y="213" T="119597953" />
  <Point X="116" Y="209" T="119597965" />
  <Point X="115" Y="200" T="119597978" />
  <Point X="114" Y="194" T="119597991" />
  <Point X="114" Y="191" T="119597992" />
  <Point X="113" Y="184" T="119598006" />
  <Point X="113" Y="173" T="119598020" />
  <Point X="113" Y="167" T="119598035" />
  <Point X="113" Y="162" T="119598049" />
  <Point X="114" Y="155" T="119598063" />
  <Point X="114" Y="150" T="119598078" />
  <Point X="114" Y="147" T="119598092" />
  <Point X="114" Y="144" T="119598107" />
  <Point X="114" Y="140" T="119598122" />
  <Point X="115" Y="138" T="119598139" />
  <Point X="116" Y="136" T="119598156" />
  <Point X="116" Y="138" T="119598193" />
  <Point X="116" Y="140" T="119598209" />
  <Point X="115" Y="143" T="119598210" />
  <Point X="112" Y="152" T="119598226" />
  <Point X="108" Y="162" T="119598243" />
  <Point X="102" Y="174" T="119598261" />
  <Point X="100" Y="178" T="119598262" />
  <Point X="92" Y="193" T="119598280" />
  <Point X="83" Y="211" T="119598298" />
  <Point X="75" Y="223" T="119598316" />
  <Point X="74" Y="226" T="119598317" />
  <Point X="67" Y="236" T="119598337" />
  <Point X="66" Y="238" T="119598338" />
  <Point X="61" Y="245" T="119598357" />
  <Point X="59" Y="247" T="119598376" />
  <Point X="57" Y="249" T="119598395" />
  <Point X="59" Y="247" T="119598414" />
</Gesture>