﻿<?xml version="1.0" encoding="utf-8" standalone="yes"?>
<Gesture Name="x05" Subject="5" Speed="fast" Number="5" NumPts="67" Millseconds="826" AppName="Gestures" AppVer="3.7.0.0" Date="Friday, March 09, 2007" TimeOfDay="9:51:24 PM">
  <Point X="69" Y="149" T="119598749" />
  <Point X="69" Y="152" T="119598777" />
  <Point X="70" Y="154" T="119598785" />
  <Point X="70" Y="157" T="119598793" />
  <Point X="71" Y="159" T="119598801" />
  <Point X="71" Y="161" T="119598807" />
  <Point X="72" Y="164" T="119598813" />
  <Point X="74" Y="166" T="119598814" />
  <Point X="75" Y="168" T="119598820" />
  <Point X="76" Y="171" T="119598821" />
  <Point X="77" Y="174" T="119598828" />
  <Point X="80" Y="180" T="119598835" />
  <Point X="83" Y="186" T="119598843" />
  <Point X="86" Y="192" T="119598850" />
  <Point X="89" Y="197" T="119598858" />
  <Point X="92" Y="201" T="119598866" />
  <Point X="94" Y="203" T="119598874" />
  <Point X="97" Y="206" T="119598882" />
  <Point X="100" Y="211" T="119598891" />
  <Point X="103" Y="214" T="119598900" />
  <Point X="106" Y="217" T="119598909" />
  <Point X="108" Y="220" T="119598910" />
  <Point X="111" Y="222" T="119598919" />
  <Point X="114" Y="224" T="119598929" />
  <Point X="117" Y="226" T="119598939" />
  <Point X="119" Y="228" T="119598949" />
  <Point X="121" Y="229" T="119598950" />
  <Point X="124" Y="230" T="119598960" />
  <Point X="126" Y="232" T="119598971" />
  <Point X="128" Y="231" T="119598982" />
  <Point X="130" Y="234" T="119598994" />
  <Point X="132" Y="234" T="119599006" />
  <Point X="133" Y="237" T="119599041" />
  <Point X="133" Y="235" T="119599102" />
  <Point X="132" Y="232" T="119599119" />
  <Point X="131" Y="230" T="119599131" />
  <Point X="130" Y="225" T="119599144" />
  <Point X="129" Y="220" T="119599156" />
  <Point X="128" Y="213" T="119599170" />
  <Point X="126" Y="204" T="119599183" />
  <Point X="125" Y="193" T="119599196" />
  <Point X="125" Y="186" T="119599210" />
  <Point X="125" Y="183" T="119599211" />
  <Point X="125" Y="176" T="119599226" />
  <Point X="126" Y="167" T="119599240" />
  <Point X="127" Y="161" T="119599255" />
  <Point X="127" Y="159" T="119599256" />
  <Point X="128" Y="156" T="119599271" />
  <Point X="128" Y="153" T="119599272" />
  <Point X="129" Y="148" T="119599288" />
  <Point X="130" Y="146" T="119599304" />
  <Point X="131" Y="144" T="119599323" />
  <Point X="131" Y="146" T="119599356" />
  <Point X="129" Y="149" T="119599377" />
  <Point X="127" Y="151" T="119599393" />
  <Point X="122" Y="160" T="119599410" />
  <Point X="116" Y="169" T="119599427" />
  <Point X="107" Y="182" T="119599445" />
  <Point X="99" Y="193" T="119599463" />
  <Point X="92" Y="204" T="119599481" />
  <Point X="90" Y="206" T="119599482" />
  <Point X="84" Y="217" T="119599501" />
  <Point X="79" Y="223" T="119599518" />
  <Point X="75" Y="229" T="119599537" />
  <Point X="73" Y="230" T="119599538" />
  <Point X="70" Y="232" T="119599556" />
  <Point X="66" Y="234" T="119599575" />
</Gesture>