﻿<?xml version="1.0" encoding="utf-8" standalone="yes"?>
<Gesture Name="x06" Subject="5" Speed="fast" Number="6" NumPts="65" Millseconds="879" AppName="Gestures" AppVer="3.7.0.0" Date="Friday, March 09, 2007" TimeOfDay="9:51:26 PM">
  <Point X="65" Y="159" T="119600132" />
  <Point X="67" Y="160" T="119600173" />
  <Point X="69" Y="162" T="119600186" />
  <Point X="72" Y="164" T="119600194" />
  <Point X="74" Y="167" T="119600202" />
  <Point X="77" Y="170" T="119600209" />
  <Point X="80" Y="172" T="119600218" />
  <Point X="83" Y="175" T="119600226" />
  <Point X="87" Y="179" T="119600234" />
  <Point X="89" Y="181" T="119600241" />
  <Point X="92" Y="185" T="119600247" />
  <Point X="96" Y="190" T="119600255" />
  <Point X="99" Y="193" T="119600262" />
  <Point X="102" Y="196" T="119600271" />
  <Point X="104" Y="199" T="119600278" />
  <Point X="107" Y="201" T="119600286" />
  <Point X="109" Y="203" T="119600294" />
  <Point X="112" Y="205" T="119600303" />
  <Point X="113" Y="207" T="119600311" />
  <Point X="115" Y="210" T="119600320" />
  <Point X="117" Y="211" T="119600329" />
  <Point X="120" Y="214" T="119600330" />
  <Point X="122" Y="216" T="119600342" />
  <Point X="125" Y="218" T="119600353" />
  <Point X="127" Y="220" T="119600365" />
  <Point X="130" Y="221" T="119600377" />
  <Point X="131" Y="223" T="119600389" />
  <Point X="133" Y="224" T="119600410" />
  <Point X="134" Y="221" T="119600471" />
  <Point X="133" Y="219" T="119600483" />
  <Point X="131" Y="215" T="119600495" />
  <Point X="131" Y="213" T="119600507" />
  <Point X="130" Y="210" T="119600508" />
  <Point X="128" Y="204" T="119600520" />
  <Point X="126" Y="196" T="119600532" />
  <Point X="125" Y="188" T="119600545" />
  <Point X="125" Y="181" T="119600558" />
  <Point X="124" Y="174" T="119600571" />
  <Point X="125" Y="167" T="119600584" />
  <Point X="125" Y="161" T="119600597" />
  <Point X="125" Y="158" T="119600611" />
  <Point X="125" Y="155" T="119600612" />
  <Point X="125" Y="150" T="119600626" />
  <Point X="125" Y="145" T="119600640" />
  <Point X="126" Y="142" T="119600654" />
  <Point X="126" Y="140" T="119600668" />
  <Point X="126" Y="138" T="119600703" />
  <Point X="125" Y="140" T="119600731" />
  <Point X="124" Y="142" T="119600747" />
  <Point X="122" Y="145" T="119600763" />
  <Point X="120" Y="147" T="119600779" />
  <Point X="117" Y="149" T="119600794" />
  <Point X="115" Y="150" T="119600795" />
  <Point X="111" Y="154" T="119600812" />
  <Point X="106" Y="158" T="119600829" />
  <Point X="101" Y="163" T="119600846" />
  <Point X="96" Y="171" T="119600865" />
  <Point X="91" Y="180" T="119600883" />
  <Point X="86" Y="191" T="119600901" />
  <Point X="81" Y="201" T="119600919" />
  <Point X="78" Y="208" T="119600937" />
  <Point X="72" Y="219" T="119600955" />
  <Point X="68" Y="226" T="119600974" />
  <Point X="63" Y="231" T="119600993" />
  <Point X="58" Y="235" T="119601011" />
</Gesture>