﻿<?xml version="1.0" encoding="utf-8" standalone="yes"?>
<Gesture Name="x07" Subject="5" Speed="fast" Number="7" NumPts="61" Millseconds="855" AppName="Gestures" AppVer="3.7.0.0" Date="Friday, March 09, 2007" TimeOfDay="9:51:27 PM">
  <Point X="64" Y="152" T="119601520" />
  <Point X="66" Y="155" T="119601552" />
  <Point X="68" Y="157" T="119601561" />
  <Point X="70" Y="160" T="119601568" />
  <Point X="73" Y="163" T="119601577" />
  <Point X="76" Y="167" T="119601585" />
  <Point X="77" Y="170" T="119601592" />
  <Point X="79" Y="172" T="119601598" />
  <Point X="82" Y="176" T="119601604" />
  <Point X="84" Y="179" T="119601605" />
  <Point X="85" Y="182" T="119601612" />
  <Point X="88" Y="186" T="119601620" />
  <Point X="90" Y="188" T="119601627" />
  <Point X="94" Y="193" T="119601634" />
  <Point X="97" Y="198" T="119601642" />
  <Point X="99" Y="200" T="119601650" />
  <Point X="102" Y="203" T="119601658" />
  <Point X="105" Y="206" T="119601666" />
  <Point X="108" Y="208" T="119601675" />
  <Point X="110" Y="210" T="119601684" />
  <Point X="113" Y="212" T="119601693" />
  <Point X="116" Y="213" T="119601702" />
  <Point X="119" Y="214" T="119601712" />
  <Point X="124" Y="216" T="119601722" />
  <Point X="127" Y="216" T="119601731" />
  <Point X="129" Y="216" T="119601741" />
  <Point X="131" Y="216" T="119601757" />
  <Point X="129" Y="216" T="119601863" />
  <Point X="127" Y="215" T="119601875" />
  <Point X="125" Y="212" T="119601887" />
  <Point X="123" Y="210" T="119601899" />
  <Point X="121" Y="208" T="119601911" />
  <Point X="119" Y="204" T="119601922" />
  <Point X="118" Y="201" T="119601924" />
  <Point X="115" Y="196" T="119601936" />
  <Point X="112" Y="189" T="119601948" />
  <Point X="110" Y="183" T="119601961" />
  <Point X="108" Y="175" T="119601974" />
  <Point X="108" Y="172" T="119601975" />
  <Point X="107" Y="166" T="119601989" />
  <Point X="107" Y="157" T="119602003" />
  <Point X="107" Y="152" T="119602017" />
  <Point X="108" Y="143" T="119602031" />
  <Point X="110" Y="136" T="119602045" />
  <Point X="111" Y="131" T="119602060" />
  <Point X="112" Y="128" T="119602074" />
  <Point X="112" Y="124" T="119602089" />
  <Point X="111" Y="126" T="119602151" />
  <Point X="110" Y="128" T="119602166" />
  <Point X="109" Y="134" T="119602181" />
  <Point X="106" Y="144" T="119602197" />
  <Point X="102" Y="157" T="119602214" />
  <Point X="96" Y="169" T="119602230" />
  <Point X="90" Y="182" T="119602247" />
  <Point X="88" Y="186" T="119602248" />
  <Point X="81" Y="198" T="119602266" />
  <Point X="73" Y="210" T="119602283" />
  <Point X="69" Y="217" T="119602301" />
  <Point X="65" Y="222" T="119602318" />
  <Point X="64" Y="224" T="119602335" />
  <Point X="63" Y="227" T="119602375" />
</Gesture>