﻿<?xml version="1.0" encoding="utf-8" standalone="yes"?>
<Gesture Name="x08" Subject="5" Speed="fast" Number="8" NumPts="57" Millseconds="787" AppName="Gestures" AppVer="3.7.0.0" Date="Friday, March 09, 2007" TimeOfDay="9:51:28 PM">
  <Point X="68" Y="150" T="119602853" />
  <Point X="69" Y="152" T="119602869" />
  <Point X="71" Y="154" T="119602877" />
  <Point X="72" Y="157" T="119602885" />
  <Point X="74" Y="159" T="119602893" />
  <Point X="77" Y="163" T="119602901" />
  <Point X="79" Y="166" T="119602909" />
  <Point X="82" Y="170" T="119602917" />
  <Point X="85" Y="173" T="119602925" />
  <Point X="88" Y="176" T="119602933" />
  <Point X="89" Y="179" T="119602940" />
  <Point X="91" Y="181" T="119602947" />
  <Point X="94" Y="184" T="119602954" />
  <Point X="97" Y="186" T="119602962" />
  <Point X="99" Y="189" T="119602970" />
  <Point X="102" Y="192" T="119602978" />
  <Point X="104" Y="194" T="119602986" />
  <Point X="106" Y="196" T="119602995" />
  <Point X="108" Y="198" T="119603003" />
  <Point X="111" Y="199" T="119603012" />
  <Point X="116" Y="203" T="119603021" />
  <Point X="118" Y="204" T="119603030" />
  <Point X="121" Y="204" T="119603041" />
  <Point X="123" Y="206" T="119603053" />
  <Point X="126" Y="206" T="119603069" />
  <Point X="126" Y="208" T="119603079" />
  <Point X="124" Y="206" T="119603167" />
  <Point X="122" Y="203" T="119603179" />
  <Point X="120" Y="201" T="119603191" />
  <Point X="118" Y="197" T="119603202" />
  <Point X="116" Y="194" T="119603213" />
  <Point X="113" Y="185" T="119603225" />
  <Point X="110" Y="179" T="119603236" />
  <Point X="109" Y="174" T="119603248" />
  <Point X="108" Y="167" T="119603260" />
  <Point X="108" Y="163" T="119603273" />
  <Point X="108" Y="159" T="119603286" />
  <Point X="110" Y="151" T="119603298" />
  <Point X="112" Y="145" T="119603312" />
  <Point X="112" Y="143" T="119603325" />
  <Point X="113" Y="138" T="119603338" />
  <Point X="114" Y="136" T="119603359" />
  <Point X="112" Y="139" T="119603455" />
  <Point X="111" Y="141" T="119603469" />
  <Point X="108" Y="147" T="119603483" />
  <Point X="104" Y="154" T="119603497" />
  <Point X="98" Y="164" T="119603512" />
  <Point X="93" Y="173" T="119603527" />
  <Point X="92" Y="176" T="119603528" />
  <Point X="84" Y="187" T="119603543" />
  <Point X="78" Y="197" T="119603559" />
  <Point X="74" Y="203" T="119603575" />
  <Point X="73" Y="205" T="119603576" />
  <Point X="69" Y="210" T="119603592" />
  <Point X="65" Y="214" T="119603608" />
  <Point X="62" Y="218" T="119603624" />
  <Point X="60" Y="220" T="119603640" />
</Gesture>