﻿<?xml version="1.0" encoding="utf-8" standalone="yes"?>
<Gesture Name="x09" Subject="5" Speed="fast" Number="9" NumPts="66" Millseconds="843" AppName="Gestures" AppVer="3.7.0.0" Date="Friday, March 09, 2007" TimeOfDay="9:51:30 PM">
  <Point X="68" Y="149" T="119604158" />
  <Point X="70" Y="151" T="119604215" />
  <Point X="71" Y="153" T="119604224" />
  <Point X="73" Y="156" T="119604231" />
  <Point X="75" Y="159" T="119604240" />
  <Point X="78" Y="163" T="119604248" />
  <Point X="79" Y="166" T="119604254" />
  <Point X="82" Y="169" T="119604261" />
  <Point X="84" Y="173" T="119604268" />
  <Point X="86" Y="175" T="119604275" />
  <Point X="87" Y="177" T="119604281" />
  <Point X="90" Y="180" T="119604288" />
  <Point X="93" Y="184" T="119604296" />
  <Point X="95" Y="186" T="119604303" />
  <Point X="98" Y="189" T="119604311" />
  <Point X="101" Y="192" T="119604319" />
  <Point X="104" Y="194" T="119604327" />
  <Point X="107" Y="196" T="119604335" />
  <Point X="109" Y="198" T="119604344" />
  <Point X="112" Y="201" T="119604353" />
  <Point X="115" Y="203" T="119604362" />
  <Point X="117" Y="205" T="119604373" />
  <Point X="120" Y="207" T="119604374" />
  <Point X="123" Y="209" T="119604383" />
  <Point X="125" Y="210" T="119604393" />
  <Point X="128" Y="212" T="119604403" />
  <Point X="130" Y="213" T="119604414" />
  <Point X="132" Y="214" T="119604424" />
  <Point X="134" Y="216" T="119604450" />
  <Point X="134" Y="214" T="119604495" />
  <Point X="132" Y="212" T="119604515" />
  <Point X="131" Y="210" T="119604527" />
  <Point X="129" Y="208" T="119604538" />
  <Point X="128" Y="205" T="119604550" />
  <Point X="126" Y="202" T="119604562" />
  <Point X="125" Y="200" T="119604563" />
  <Point X="124" Y="197" T="119604576" />
  <Point X="122" Y="192" T="119604589" />
  <Point X="122" Y="189" T="119604602" />
  <Point X="121" Y="185" T="119604603" />
  <Point X="120" Y="178" T="119604616" />
  <Point X="120" Y="172" T="119604630" />
  <Point X="121" Y="162" T="119604644" />
  <Point X="122" Y="158" T="119604658" />
  <Point X="122" Y="156" T="119604659" />
  <Point X="123" Y="153" T="119604674" />
  <Point X="125" Y="146" T="119604688" />
  <Point X="126" Y="144" T="119604703" />
  <Point X="127" Y="141" T="119604704" />
  <Point X="127" Y="139" T="119604721" />
  <Point X="128" Y="137" T="119604744" />
  <Point X="126" Y="140" T="119604805" />
  <Point X="125" Y="142" T="119604820" />
  <Point X="121" Y="148" T="119604836" />
  <Point X="117" Y="154" T="119604853" />
  <Point X="116" Y="156" T="119604854" />
  <Point X="110" Y="165" T="119604871" />
  <Point X="103" Y="173" T="119604888" />
  <Point X="101" Y="176" T="119604889" />
  <Point X="94" Y="187" T="119604908" />
  <Point X="87" Y="195" T="119604926" />
  <Point X="82" Y="202" T="119604944" />
  <Point X="80" Y="204" T="119604945" />
  <Point X="77" Y="210" T="119604964" />
  <Point X="73" Y="214" T="119604982" />
  <Point X="72" Y="216" T="119605001" />
</Gesture>