﻿<?xml version="1.0" encoding="utf-8" standalone="yes"?>
<Gesture Name="x10" Subject="5" Speed="fast" Number="10" NumPts="70" Millseconds="804" AppName="Gestures" AppVer="3.7.0.0" Date="Friday, March 09, 2007" TimeOfDay="9:51:31 PM">
  <Point X="65" Y="148" T="119605454" />
  <Point X="66" Y="150" T="119605489" />
  <Point X="68" Y="152" T="119605501" />
  <Point X="70" Y="154" T="119605510" />
  <Point X="70" Y="156" T="119605516" />
  <Point X="73" Y="160" T="119605522" />
  <Point X="76" Y="165" T="119605530" />
  <Point X="77" Y="167" T="119605536" />
  <Point X="81" Y="172" T="119605543" />
  <Point X="82" Y="175" T="119605549" />
  <Point X="84" Y="177" T="119605550" />
  <Point X="85" Y="179" T="119605558" />
  <Point X="87" Y="181" T="119605559" />
  <Point X="88" Y="183" T="119605566" />
  <Point X="91" Y="187" T="119605574" />
  <Point X="93" Y="191" T="119605582" />
  <Point X="96" Y="194" T="119605590" />
  <Point X="99" Y="197" T="119605599" />
  <Point X="102" Y="200" T="119605607" />
  <Point X="105" Y="201" T="119605616" />
  <Point X="108" Y="202" T="119605625" />
  <Point X="115" Y="203" T="119605634" />
  <Point X="118" Y="204" T="119605644" />
  <Point X="121" Y="204" T="119605653" />
  <Point X="123" Y="205" T="119605663" />
  <Point X="125" Y="205" T="119605673" />
  <Point X="128" Y="207" T="119605684" />
  <Point X="130" Y="208" T="119605694" />
  <Point X="132" Y="210" T="119605706" />
  <Point X="133" Y="212" T="119605734" />
  <Point X="132" Y="214" T="119605758" />
  <Point X="130" Y="213" T="119605782" />
  <Point X="128" Y="211" T="119605795" />
  <Point X="126" Y="209" T="119605808" />
  <Point X="123" Y="207" T="119605821" />
  <Point X="120" Y="203" T="119605833" />
  <Point X="117" Y="199" T="119605845" />
  <Point X="116" Y="197" T="119605847" />
  <Point X="113" Y="191" T="119605860" />
  <Point X="111" Y="185" T="119605873" />
  <Point X="110" Y="183" T="119605874" />
  <Point X="108" Y="178" T="119605888" />
  <Point X="108" Y="169" T="119605903" />
  <Point X="108" Y="164" T="119605917" />
  <Point X="108" Y="156" T="119605931" />
  <Point X="108" Y="152" T="119605946" />
  <Point X="109" Y="149" T="119605947" />
  <Point X="110" Y="145" T="119605961" />
  <Point X="110" Y="143" T="119605962" />
  <Point X="111" Y="139" T="119605978" />
  <Point X="111" Y="137" T="119605979" />
  <Point X="112" Y="132" T="119605995" />
  <Point X="114" Y="127" T="119606010" />
  <Point X="115" Y="124" T="119606026" />
  <Point X="116" Y="122" T="119606042" />
  <Point X="116" Y="124" T="119606070" />
  <Point X="114" Y="128" T="119606086" />
  <Point X="112" Y="135" T="119606103" />
  <Point X="109" Y="144" T="119606121" />
  <Point X="102" Y="160" T="119606139" />
  <Point X="95" Y="171" T="119606157" />
  <Point X="94" Y="174" T="119606159" />
  <Point X="86" Y="186" T="119606177" />
  <Point X="84" Y="189" T="119606179" />
  <Point X="76" Y="202" T="119606199" />
  <Point X="71" Y="207" T="119606217" />
  <Point X="69" Y="210" T="119606219" />
  <Point X="66" Y="211" T="119606238" />
  <Point X="64" Y="214" T="119606239" />
  <Point X="63" Y="216" T="119606258" />
</Gesture>