﻿<?xml version="1.0" encoding="utf-8" standalone="yes"?>
<Gesture Name="caret01" Subject="2" Speed="slow" Number="1" NumPts="60" Millseconds="1130" AppName="Gestures" AppVer="3.5.0.0" Date="Monday, March 05, 2007" TimeOfDay="8:48:57 PM">
  <Point X="54" Y="222" T="10025588" />
  <Point X="52" Y="224" T="10025670" />
  <Point X="53" Y="222" T="10025759" />
  <Point X="56" Y="221" T="10025784" />
  <Point X="58" Y="219" T="10025797" />
  <Point X="59" Y="216" T="10025805" />
  <Point X="61" Y="214" T="10025817" />
  <Point X="64" Y="211" T="10025829" />
  <Point X="66" Y="209" T="10025840" />
  <Point X="68" Y="207" T="10025848" />
  <Point X="70" Y="205" T="10025856" />
  <Point X="73" Y="201" T="10025868" />
  <Point X="74" Y="199" T="10025876" />
  <Point X="77" Y="196" T="10025883" />
  <Point X="80" Y="193" T="10025891" />
  <Point X="83" Y="190" T="10025900" />
  <Point X="84" Y="188" T="10025901" />
  <Point X="87" Y="185" T="10025910" />
  <Point X="90" Y="181" T="10025919" />
  <Point X="94" Y="176" T="10025929" />
  <Point X="96" Y="173" T="10025938" />
  <Point X="99" Y="170" T="10025948" />
  <Point X="100" Y="167" T="10025958" />
  <Point X="104" Y="162" T="10025969" />
  <Point X="106" Y="160" T="10025980" />
  <Point X="107" Y="157" T="10025991" />
  <Point X="108" Y="155" T="10026002" />
  <Point X="110" Y="153" T="10026013" />
  <Point X="113" Y="149" T="10026025" />
  <Point X="115" Y="148" T="10026045" />
  <Point X="117" Y="147" T="10026062" />
  <Point X="119" Y="147" T="10026078" />
  <Point X="121" Y="148" T="10026094" />
  <Point X="123" Y="149" T="10026111" />
  <Point X="125" Y="149" T="10026126" />
  <Point X="127" Y="149" T="10026142" />
  <Point X="130" Y="151" T="10026162" />
  <Point X="131" Y="154" T="10026182" />
  <Point X="132" Y="156" T="10026196" />
  <Point X="133" Y="158" T="10026210" />
  <Point X="134" Y="161" T="10026224" />
  <Point X="136" Y="167" T="10026239" />
  <Point X="138" Y="172" T="10026255" />
  <Point X="140" Y="176" T="10026270" />
  <Point X="142" Y="179" T="10026285" />
  <Point X="146" Y="184" T="10026301" />
  <Point X="150" Y="189" T="10026317" />
  <Point X="153" Y="194" T="10026333" />
  <Point X="156" Y="197" T="10026349" />
  <Point X="159" Y="203" T="10026366" />
  <Point X="161" Y="205" T="10026383" />
  <Point X="164" Y="210" T="10026399" />
  <Point X="166" Y="212" T="10026417" />
  <Point X="168" Y="214" T="10026434" />
  <Point X="169" Y="218" T="10026452" />
  <Point X="170" Y="221" T="10026470" />
  <Point X="172" Y="225" T="10026490" />
  <Point X="173" Y="227" T="10026518" />
  <Point X="174" Y="229" T="10026573" />
  <Point X="174" Y="227" T="10026718" />
</Gesture>