﻿<?xml version="1.0" encoding="utf-8" standalone="yes"?>
<Gesture Name="delete_mark06" Subject="2" Speed="slow" Number="6" NumPts="67" Millseconds="1065" AppName="Gestures" AppVer="3.5.0.0" Date="Monday, March 05, 2007" TimeOfDay="8:53:33 PM">
  <Point X="101" Y="147" T="10302377" />
  <Point X="101" Y="145" T="10302400" />
  <Point X="103" Y="147" T="10302448" />
  <Point X="105" Y="149" T="10302460" />
  <Point X="107" Y="151" T="10302473" />
  <Point X="108" Y="154" T="10302481" />
  <Point X="109" Y="156" T="10302488" />
  <Point X="111" Y="159" T="10302494" />
  <Point X="113" Y="162" T="10302501" />
  <Point X="116" Y="166" T="10302509" />
  <Point X="117" Y="169" T="10302517" />
  <Point X="118" Y="172" T="10302518" />
  <Point X="121" Y="176" T="10302526" />
  <Point X="123" Y="181" T="10302534" />
  <Point X="126" Y="185" T="10302542" />
  <Point X="129" Y="189" T="10302550" />
  <Point X="131" Y="193" T="10302558" />
  <Point X="133" Y="195" T="10302566" />
  <Point X="135" Y="198" T="10302575" />
  <Point X="140" Y="204" T="10302585" />
  <Point X="142" Y="206" T="10302594" />
  <Point X="144" Y="208" T="10302604" />
  <Point X="146" Y="211" T="10302613" />
  <Point X="148" Y="214" T="10302623" />
  <Point X="151" Y="218" T="10302634" />
  <Point X="153" Y="220" T="10302644" />
  <Point X="154" Y="222" T="10302655" />
  <Point X="154" Y="225" T="10302666" />
  <Point X="152" Y="226" T="10302747" />
  <Point X="150" Y="227" T="10302766" />
  <Point X="148" Y="226" T="10302782" />
  <Point X="145" Y="226" T="10302794" />
  <Point X="143" Y="226" T="10302806" />
  <Point X="140" Y="226" T="10302817" />
  <Point X="137" Y="225" T="10302819" />
  <Point X="134" Y="225" T="10302832" />
  <Point X="125" Y="226" T="10302847" />
  <Point X="121" Y="226" T="10302861" />
  <Point X="117" Y="225" T="10302862" />
  <Point X="113" Y="225" T="10302876" />
  <Point X="106" Y="225" T="10302890" />
  <Point X="100" Y="225" T="10302904" />
  <Point X="95" Y="225" T="10302918" />
  <Point X="93" Y="225" T="10302932" />
  <Point X="88" Y="226" T="10302949" />
  <Point X="84" Y="226" T="10302966" />
  <Point X="81" Y="226" T="10302981" />
  <Point X="79" Y="226" T="10302996" />
  <Point X="77" Y="228" T="10303011" />
  <Point X="75" Y="229" T="10303027" />
  <Point X="73" Y="230" T="10303064" />
  <Point X="74" Y="228" T="10303165" />
  <Point X="76" Y="225" T="10303182" />
  <Point X="78" Y="223" T="10303198" />
  <Point X="83" Y="219" T="10303215" />
  <Point X="88" Y="214" T="10303232" />
  <Point X="97" Y="206" T="10303252" />
  <Point X="103" Y="199" T="10303270" />
  <Point X="109" Y="193" T="10303287" />
  <Point X="116" Y="185" T="10303305" />
  <Point X="128" Y="171" T="10303327" />
  <Point X="134" Y="165" T="10303345" />
  <Point X="139" Y="159" T="10303363" />
  <Point X="144" Y="151" T="10303382" />
  <Point X="146" Y="149" T="10303401" />
  <Point X="149" Y="146" T="10303423" />
  <Point X="151" Y="144" T="10303442" />
</Gesture>