﻿<?xml version="1.0" encoding="utf-8" standalone="yes"?>
<Gesture Name="delete_mark10" Subject="2" Speed="slow" Number="10" NumPts="71" Millseconds="1177" AppName="Gestures" AppVer="3.5.0.0" Date="Monday, March 05, 2007" TimeOfDay="8:53:42 PM">
  <Point X="98" Y="156" T="10311892" />
  <Point X="100" Y="157" T="10311943" />
  <Point X="102" Y="158" T="10311960" />
  <Point X="105" Y="161" T="10311972" />
  <Point X="107" Y="163" T="10311980" />
  <Point X="109" Y="167" T="10311989" />
  <Point X="112" Y="171" T="10311997" />
  <Point X="113" Y="173" T="10312003" />
  <Point X="116" Y="178" T="10312010" />
  <Point X="119" Y="183" T="10312017" />
  <Point X="120" Y="186" T="10312024" />
  <Point X="121" Y="188" T="10312025" />
  <Point X="125" Y="191" T="10312033" />
  <Point X="126" Y="193" T="10312042" />
  <Point X="131" Y="199" T="10312050" />
  <Point X="133" Y="201" T="10312059" />
  <Point X="136" Y="205" T="10312068" />
  <Point X="144" Y="213" T="10312078" />
  <Point X="147" Y="218" T="10312088" />
  <Point X="152" Y="227" T="10312098" />
  <Point X="155" Y="231" T="10312108" />
  <Point X="157" Y="234" T="10312119" />
  <Point X="161" Y="242" T="10312129" />
  <Point X="162" Y="244" T="10312140" />
  <Point X="164" Y="246" T="10312141" />
  <Point X="166" Y="249" T="10312153" />
  <Point X="167" Y="251" T="10312164" />
  <Point X="169" Y="254" T="10312174" />
  <Point X="170" Y="256" T="10312193" />
  <Point X="168" Y="257" T="10312310" />
  <Point X="166" Y="257" T="10312322" />
  <Point X="163" Y="257" T="10312333" />
  <Point X="161" Y="258" T="10312345" />
  <Point X="158" Y="258" T="10312346" />
  <Point X="155" Y="258" T="10312360" />
  <Point X="149" Y="258" T="10312374" />
  <Point X="143" Y="257" T="10312387" />
  <Point X="140" Y="257" T="10312400" />
  <Point X="133" Y="257" T="10312415" />
  <Point X="124" Y="255" T="10312434" />
  <Point X="121" Y="255" T="10312448" />
  <Point X="114" Y="256" T="10312463" />
  <Point X="108" Y="255" T="10312477" />
  <Point X="103" Y="255" T="10312492" />
  <Point X="101" Y="255" T="10312506" />
  <Point X="99" Y="255" T="10312507" />
  <Point X="97" Y="254" T="10312523" />
  <Point X="95" Y="254" T="10312541" />
  <Point X="92" Y="254" T="10312557" />
  <Point X="91" Y="252" T="10312572" />
  <Point X="89" Y="253" T="10312587" />
  <Point X="87" Y="253" T="10312610" />
  <Point X="85" Y="255" T="10312647" />
  <Point X="86" Y="253" T="10312737" />
  <Point X="88" Y="250" T="10312753" />
  <Point X="90" Y="248" T="10312770" />
  <Point X="95" Y="242" T="10312787" />
  <Point X="101" Y="235" T="10312807" />
  <Point X="108" Y="227" T="10312828" />
  <Point X="116" Y="218" T="10312846" />
  <Point X="121" Y="212" T="10312864" />
  <Point X="130" Y="199" T="10312886" />
  <Point X="136" Y="190" T="10312905" />
  <Point X="138" Y="188" T="10312906" />
  <Point X="145" Y="178" T="10312926" />
  <Point X="153" Y="168" T="10312950" />
  <Point X="159" Y="159" T="10312972" />
  <Point X="165" Y="151" T="10312995" />
  <Point X="169" Y="147" T="10313018" />
  <Point X="171" Y="142" T="10313040" />
  <Point X="173" Y="140" T="10313069" />
</Gesture>