﻿<?xml version="1.0" encoding="utf-8" standalone="yes"?>
<Gesture Name="delete_mark04" Subject="2" Speed="slow" Number="4" NumPts="70" Millseconds="1465" AppName="Gestures" AppVer="3.5.0.0" Date="Monday, March 05, 2007" TimeOfDay="8:53:26 PM">
  <Point X="101" Y="149" T="10295728" />
  <Point X="103" Y="151" T="10295763" />
  <Point X="105" Y="152" T="10295778" />
  <Point X="107" Y="154" T="10295791" />
  <Point X="109" Y="157" T="10295800" />
  <Point X="110" Y="159" T="10295806" />
  <Point X="112" Y="161" T="10295812" />
  <Point X="114" Y="165" T="10295820" />
  <Point X="115" Y="167" T="10295827" />
  <Point X="117" Y="171" T="10295834" />
  <Point X="119" Y="174" T="10295842" />
  <Point X="121" Y="177" T="10295849" />
  <Point X="124" Y="184" T="10295858" />
  <Point X="127" Y="188" T="10295865" />
  <Point X="129" Y="193" T="10295874" />
  <Point X="132" Y="196" T="10295882" />
  <Point X="134" Y="200" T="10295891" />
  <Point X="138" Y="206" T="10295900" />
  <Point X="139" Y="208" T="10295909" />
  <Point X="143" Y="214" T="10295919" />
  <Point X="145" Y="217" T="10295928" />
  <Point X="149" Y="222" T="10295938" />
  <Point X="150" Y="225" T="10295948" />
  <Point X="152" Y="227" T="10295958" />
  <Point X="155" Y="232" T="10295969" />
  <Point X="157" Y="234" T="10295980" />
  <Point X="159" Y="236" T="10295992" />
  <Point X="160" Y="239" T="10296004" />
  <Point X="161" Y="241" T="10296024" />
  <Point X="162" Y="243" T="10296080" />
  <Point X="160" Y="241" T="10296207" />
  <Point X="158" Y="242" T="10296224" />
  <Point X="155" Y="243" T="10296236" />
  <Point X="153" Y="242" T="10296249" />
  <Point X="148" Y="243" T="10296262" />
  <Point X="145" Y="244" T="10296275" />
  <Point X="139" Y="244" T="10296289" />
  <Point X="133" Y="243" T="10296303" />
  <Point X="128" Y="241" T="10296316" />
  <Point X="124" Y="240" T="10296330" />
  <Point X="119" Y="239" T="10296346" />
  <Point X="113" Y="237" T="10296361" />
  <Point X="107" Y="237" T="10296377" />
  <Point X="102" Y="238" T="10296394" />
  <Point X="98" Y="237" T="10296410" />
  <Point X="95" Y="239" T="10296426" />
  <Point X="93" Y="238" T="10296442" />
  <Point X="88" Y="239" T="10296459" />
  <Point X="86" Y="240" T="10296475" />
  <Point X="84" Y="241" T="10296501" />
  <Point X="86" Y="238" T="10296739" />
  <Point X="87" Y="236" T="10296756" />
  <Point X="91" Y="231" T="10296773" />
  <Point X="95" Y="227" T="10296792" />
  <Point X="98" Y="222" T="10296810" />
  <Point X="104" Y="214" T="10296829" />
  <Point X="109" Y="205" T="10296849" />
  <Point X="115" Y="197" T="10296868" />
  <Point X="119" Y="191" T="10296886" />
  <Point X="123" Y="184" T="10296905" />
  <Point X="128" Y="176" T="10296926" />
  <Point X="134" Y="168" T="10296948" />
  <Point X="140" Y="161" T="10296967" />
  <Point X="143" Y="156" T="10296987" />
  <Point X="146" Y="152" T="10297007" />
  <Point X="148" Y="150" T="10297008" />
  <Point X="150" Y="148" T="10297028" />
  <Point X="152" Y="146" T="10297050" />
  <Point X="153" Y="144" T="10297080" />
  <Point X="154" Y="142" T="10297193" />
</Gesture>