﻿<?xml version="1.0" encoding="utf-8" standalone="yes"?>
<Gesture Name="delete_mark07" Subject="2" Speed="slow" Number="7" NumPts="66" Millseconds="1094" AppName="Gestures" AppVer="3.5.0.0" Date="Monday, March 05, 2007" TimeOfDay="8:53:35 PM">
  <Point X="96" Y="154" T="10305213" />
  <Point X="94" Y="154" T="10305221" />
  <Point X="95" Y="156" T="10305242" />
  <Point X="97" Y="158" T="10305262" />
  <Point X="98" Y="160" T="10305270" />
  <Point X="100" Y="163" T="10305278" />
  <Point X="102" Y="166" T="10305286" />
  <Point X="104" Y="169" T="10305294" />
  <Point X="106" Y="172" T="10305302" />
  <Point X="109" Y="176" T="10305310" />
  <Point X="111" Y="178" T="10305317" />
  <Point X="112" Y="180" T="10305318" />
  <Point X="114" Y="182" T="10305326" />
  <Point X="118" Y="188" T="10305334" />
  <Point X="121" Y="193" T="10305343" />
  <Point X="124" Y="198" T="10305351" />
  <Point X="125" Y="201" T="10305360" />
  <Point X="128" Y="205" T="10305369" />
  <Point X="130" Y="208" T="10305370" />
  <Point X="131" Y="210" T="10305380" />
  <Point X="135" Y="215" T="10305390" />
  <Point X="135" Y="218" T="10305391" />
  <Point X="136" Y="220" T="10305401" />
  <Point X="139" Y="225" T="10305411" />
  <Point X="141" Y="228" T="10305422" />
  <Point X="141" Y="231" T="10305433" />
  <Point X="143" Y="233" T="10305444" />
  <Point X="143" Y="235" T="10305455" />
  <Point X="144" Y="237" T="10305467" />
  <Point X="144" Y="239" T="10305570" />
  <Point X="142" Y="238" T="10305611" />
  <Point X="139" Y="236" T="10305636" />
  <Point X="137" Y="235" T="10305648" />
  <Point X="135" Y="235" T="10305661" />
  <Point X="131" Y="233" T="10305675" />
  <Point X="128" Y="232" T="10305688" />
  <Point X="124" Y="231" T="10305689" />
  <Point X="119" Y="230" T="10305703" />
  <Point X="110" Y="230" T="10305717" />
  <Point X="102" Y="231" T="10305732" />
  <Point X="95" Y="233" T="10305749" />
  <Point X="88" Y="234" T="10305764" />
  <Point X="85" Y="235" T="10305779" />
  <Point X="80" Y="236" T="10305795" />
  <Point X="78" Y="237" T="10305796" />
  <Point X="76" Y="238" T="10305813" />
  <Point X="74" Y="239" T="10305829" />
  <Point X="72" Y="239" T="10305845" />
  <Point X="70" Y="240" T="10305872" />
  <Point X="72" Y="238" T="10305983" />
  <Point X="73" Y="235" T="10306000" />
  <Point X="77" Y="232" T="10306017" />
  <Point X="82" Y="226" T="10306034" />
  <Point X="87" Y="222" T="10306052" />
  <Point X="95" Y="214" T="10306070" />
  <Point X="101" Y="207" T="10306088" />
  <Point X="108" Y="198" T="10306107" />
  <Point X="115" Y="189" T="10306126" />
  <Point X="122" Y="180" T="10306145" />
  <Point X="126" Y="175" T="10306164" />
  <Point X="132" Y="166" T="10306186" />
  <Point X="135" Y="162" T="10306205" />
  <Point X="139" Y="157" T="10306225" />
  <Point X="140" Y="154" T="10306245" />
  <Point X="144" Y="151" T="10306266" />
  <Point X="146" Y="149" T="10306307" />
</Gesture>