﻿<?xml version="1.0" encoding="utf-8" standalone="yes"?>
<Gesture Name="left_sq_bracket01" Subject="2" Speed="slow" Number="1" NumPts="74" Millseconds="1589" AppName="Gestures" AppVer="3.5.0.0" Date="Monday, March 05, 2007" TimeOfDay="9:13:15 PM">
  <Point X="135" Y="134" T="11486861" />
  <Point X="133" Y="133" T="11486917" />
  <Point X="131" Y="134" T="11486937" />
  <Point X="129" Y="134" T="11486953" />
  <Point X="127" Y="134" T="11486965" />
  <Point X="124" Y="135" T="11486977" />
  <Point X="122" Y="136" T="11486985" />
  <Point X="120" Y="136" T="11486993" />
  <Point X="118" Y="137" T="11487001" />
  <Point X="115" Y="138" T="11487009" />
  <Point X="113" Y="139" T="11487017" />
  <Point X="110" Y="140" T="11487025" />
  <Point X="107" Y="140" T="11487033" />
  <Point X="105" Y="141" T="11487041" />
  <Point X="102" Y="142" T="11487050" />
  <Point X="100" Y="142" T="11487058" />
  <Point X="97" Y="143" T="11487066" />
  <Point X="95" Y="144" T="11487074" />
  <Point X="93" Y="143" T="11487085" />
  <Point X="90" Y="144" T="11487097" />
  <Point X="88" Y="144" T="11487114" />
  <Point X="86" Y="144" T="11487134" />
  <Point X="84" Y="144" T="11487154" />
  <Point X="82" Y="144" T="11487175" />
  <Point X="80" Y="145" T="11487200" />
  <Point X="78" Y="145" T="11487245" />
  <Point X="78" Y="147" T="11487309" />
  <Point X="79" Y="150" T="11487363" />
  <Point X="80" Y="152" T="11487396" />
  <Point X="81" Y="154" T="11487416" />
  <Point X="82" Y="157" T="11487433" />
  <Point X="82" Y="159" T="11487445" />
  <Point X="83" Y="161" T="11487458" />
  <Point X="84" Y="164" T="11487470" />
  <Point X="85" Y="172" T="11487484" />
  <Point X="85" Y="175" T="11487497" />
  <Point X="85" Y="177" T="11487498" />
  <Point X="86" Y="180" T="11487511" />
  <Point X="86" Y="184" T="11487526" />
  <Point X="87" Y="189" T="11487541" />
  <Point X="87" Y="192" T="11487556" />
  <Point X="87" Y="197" T="11487570" />
  <Point X="87" Y="204" T="11487585" />
  <Point X="88" Y="209" T="11487601" />
  <Point X="88" Y="214" T="11487616" />
  <Point X="89" Y="217" T="11487617" />
  <Point X="89" Y="220" T="11487634" />
  <Point X="89" Y="225" T="11487650" />
  <Point X="89" Y="227" T="11487682" />
  <Point X="89" Y="230" T="11487702" />
  <Point X="89" Y="232" T="11487718" />
  <Point X="89" Y="235" T="11487751" />
  <Point X="89" Y="237" T="11487790" />
  <Point X="87" Y="239" T="11487906" />
  <Point X="89" Y="237" T="11487974" />
  <Point X="91" Y="238" T="11488002" />
  <Point X="92" Y="236" T="11488019" />
  <Point X="94" Y="237" T="11488037" />
  <Point X="97" Y="236" T="11488056" />
  <Point X="102" Y="234" T="11488076" />
  <Point X="107" Y="232" T="11488096" />
  <Point X="111" Y="232" T="11488115" />
  <Point X="116" Y="232" T="11488134" />
  <Point X="121" Y="230" T="11488153" />
  <Point X="126" Y="230" T="11488173" />
  <Point X="130" Y="230" T="11488193" />
  <Point X="134" Y="231" T="11488214" />
  <Point X="139" Y="232" T="11488234" />
  <Point X="144" Y="231" T="11488255" />
  <Point X="146" Y="232" T="11488275" />
  <Point X="150" Y="232" T="11488296" />
  <Point X="152" Y="233" T="11488317" />
  <Point X="157" Y="232" T="11488341" />
  <Point X="157" Y="230" T="11488450" />
</Gesture>