﻿<?xml version="1.0" encoding="utf-8" standalone="yes"?>
<Gesture Name="left_curly_brace03" Subject="2" Speed="slow" Number="3" NumPts="87" Millseconds="2312" AppName="Gestures" AppVer="3.5.0.0" Date="Monday, March 05, 2007" TimeOfDay="9:08:19 PM">
  <Point X="144" Y="130" T="11189400" />
  <Point X="144" Y="127" T="11189408" />
  <Point X="142" Y="127" T="11189506" />
  <Point X="140" Y="127" T="11189534" />
  <Point X="138" Y="127" T="11189550" />
  <Point X="136" Y="128" T="11189566" />
  <Point X="134" Y="128" T="11189577" />
  <Point X="132" Y="129" T="11189589" />
  <Point X="129" Y="129" T="11189601" />
  <Point X="128" Y="132" T="11189609" />
  <Point X="126" Y="132" T="11189621" />
  <Point X="124" Y="133" T="11189633" />
  <Point X="122" Y="135" T="11189650" />
  <Point X="119" Y="137" T="11189666" />
  <Point X="117" Y="138" T="11189683" />
  <Point X="116" Y="140" T="11189696" />
  <Point X="114" Y="143" T="11189708" />
  <Point X="112" Y="145" T="11189728" />
  <Point X="112" Y="148" T="11189737" />
  <Point X="111" Y="150" T="11189756" />
  <Point X="111" Y="152" T="11189765" />
  <Point X="110" Y="154" T="11189776" />
  <Point X="111" Y="156" T="11189785" />
  <Point X="111" Y="159" T="11189796" />
  <Point X="112" Y="161" T="11189809" />
  <Point X="113" Y="164" T="11189821" />
  <Point X="113" Y="166" T="11189833" />
  <Point X="114" Y="168" T="11189844" />
  <Point X="116" Y="171" T="11189856" />
  <Point X="117" Y="173" T="11189868" />
  <Point X="118" Y="175" T="11189879" />
  <Point X="119" Y="177" T="11189892" />
  <Point X="120" Y="179" T="11189904" />
  <Point X="121" Y="181" T="11189917" />
  <Point X="122" Y="183" T="11189930" />
  <Point X="124" Y="186" T="11189947" />
  <Point X="125" Y="188" T="11189963" />
  <Point X="126" Y="190" T="11189979" />
  <Point X="127" Y="192" T="11189992" />
  <Point X="128" Y="194" T="11190005" />
  <Point X="128" Y="196" T="11190019" />
  <Point X="129" Y="199" T="11190032" />
  <Point X="129" Y="201" T="11190063" />
  <Point X="127" Y="201" T="11190148" />
  <Point X="125" Y="201" T="11190188" />
  <Point X="123" Y="200" T="11190220" />
  <Point X="121" Y="200" T="11190248" />
  <Point X="119" Y="199" T="11190276" />
  <Point X="117" Y="199" T="11190308" />
  <Point X="115" Y="199" T="11190349" />
  <Point X="117" Y="199" T="11190443" />
  <Point X="119" Y="199" T="11190475" />
  <Point X="121" Y="199" T="11190500" />
  <Point X="123" Y="199" T="11190533" />
  <Point X="125" Y="200" T="11190578" />
  <Point X="127" Y="200" T="11190683" />
  <Point X="128" Y="202" T="11190779" />
  <Point X="130" Y="203" T="11190889" />
  <Point X="129" Y="205" T="11191073" />
  <Point X="128" Y="207" T="11191097" />
  <Point X="126" Y="210" T="11191153" />
  <Point X="125" Y="212" T="11191177" />
  <Point X="124" Y="214" T="11191197" />
  <Point X="123" Y="216" T="11191237" />
  <Point X="123" Y="218" T="11191257" />
  <Point X="122" Y="220" T="11191275" />
  <Point X="122" Y="223" T="11191301" />
  <Point X="122" Y="225" T="11191320" />
  <Point X="122" Y="227" T="11191339" />
  <Point X="122" Y="230" T="11191358" />
  <Point X="122" Y="232" T="11191378" />
  <Point X="123" Y="234" T="11191398" />
  <Point X="123" Y="236" T="11191420" />
  <Point X="123" Y="239" T="11191421" />
  <Point X="124" Y="241" T="11191445" />
  <Point X="125" Y="244" T="11191466" />
  <Point X="126" Y="246" T="11191486" />
  <Point X="127" Y="248" T="11191508" />
  <Point X="128" Y="252" T="11191529" />
  <Point X="129" Y="254" T="11191551" />
  <Point X="133" Y="258" T="11191577" />
  <Point X="135" Y="260" T="11191599" />
  <Point X="137" Y="262" T="11191621" />
  <Point X="139" Y="264" T="11191643" />
  <Point X="141" Y="264" T="11191666" />
  <Point X="143" Y="264" T="11191688" />
  <Point X="145" Y="266" T="11191712" />
</Gesture>