﻿<?xml version="1.0" encoding="utf-8" standalone="yes"?>
<Gesture Name="left_curly_brace02" Subject="2" Speed="slow" Number="2" NumPts="90" Millseconds="2478" AppName="Gestures" AppVer="3.5.0.0" Date="Monday, March 05, 2007" TimeOfDay="9:08:16 PM">
  <Point X="143" Y="131" T="11186204" />
  <Point X="142" Y="129" T="11186260" />
  <Point X="140" Y="129" T="11186337" />
  <Point X="138" Y="128" T="11186362" />
  <Point X="136" Y="128" T="11186381" />
  <Point X="134" Y="129" T="11186397" />
  <Point X="132" Y="128" T="11186413" />
  <Point X="130" Y="130" T="11186429" />
  <Point X="128" Y="131" T="11186441" />
  <Point X="126" Y="132" T="11186457" />
  <Point X="124" Y="133" T="11186469" />
  <Point X="122" Y="135" T="11186481" />
  <Point X="120" Y="137" T="11186493" />
  <Point X="118" Y="138" T="11186510" />
  <Point X="116" Y="139" T="11186522" />
  <Point X="113" Y="141" T="11186539" />
  <Point X="112" Y="143" T="11186551" />
  <Point X="110" Y="146" T="11186572" />
  <Point X="109" Y="148" T="11186595" />
  <Point X="108" Y="150" T="11186611" />
  <Point X="108" Y="152" T="11186624" />
  <Point X="108" Y="154" T="11186639" />
  <Point X="107" Y="157" T="11186656" />
  <Point X="107" Y="159" T="11186667" />
  <Point X="107" Y="161" T="11186684" />
  <Point X="108" Y="164" T="11186696" />
  <Point X="108" Y="166" T="11186716" />
  <Point X="109" Y="169" T="11186740" />
  <Point X="110" Y="171" T="11186752" />
  <Point X="110" Y="173" T="11186768" />
  <Point X="111" Y="175" T="11186780" />
  <Point X="113" Y="177" T="11186800" />
  <Point X="115" Y="180" T="11186813" />
  <Point X="117" Y="182" T="11186827" />
  <Point X="119" Y="184" T="11186847" />
  <Point X="120" Y="186" T="11186859" />
  <Point X="121" Y="188" T="11186880" />
  <Point X="123" Y="189" T="11186908" />
  <Point X="124" Y="192" T="11186933" />
  <Point X="126" Y="194" T="11187013" />
  <Point X="126" Y="196" T="11187042" />
  <Point X="124" Y="196" T="11187098" />
  <Point X="122" Y="197" T="11187129" />
  <Point X="120" Y="197" T="11187153" />
  <Point X="118" Y="197" T="11187169" />
  <Point X="116" Y="197" T="11187186" />
  <Point X="114" Y="198" T="11187201" />
  <Point X="112" Y="199" T="11187217" />
  <Point X="110" Y="198" T="11187237" />
  <Point X="107" Y="199" T="11187269" />
  <Point X="105" Y="198" T="11187305" />
  <Point X="103" Y="197" T="11187354" />
  <Point X="105" Y="199" T="11187448" />
  <Point X="108" Y="199" T="11187469" />
  <Point X="110" Y="199" T="11187485" />
  <Point X="112" Y="200" T="11187502" />
  <Point X="114" Y="199" T="11187520" />
  <Point X="116" Y="198" T="11187544" />
  <Point X="118" Y="198" T="11187564" />
  <Point X="121" Y="197" T="11187593" />
  <Point X="123" Y="197" T="11187641" />
  <Point X="125" Y="196" T="11187714" />
  <Point X="124" Y="198" T="11187935" />
  <Point X="122" Y="199" T="11187987" />
  <Point X="120" Y="201" T="11188019" />
  <Point X="118" Y="203" T="11188055" />
  <Point X="116" Y="204" T="11188110" />
  <Point X="116" Y="206" T="11188134" />
  <Point X="115" Y="208" T="11188174" />
  <Point X="114" Y="210" T="11188219" />
  <Point X="114" Y="213" T="11188244" />
  <Point X="114" Y="215" T="11188280" />
  <Point X="114" Y="217" T="11188300" />
  <Point X="114" Y="220" T="11188320" />
  <Point X="113" Y="224" T="11188341" />
  <Point X="113" Y="226" T="11188362" />
  <Point X="113" Y="228" T="11188383" />
  <Point X="114" Y="233" T="11188408" />
  <Point X="115" Y="235" T="11188430" />
  <Point X="117" Y="239" T="11188455" />
  <Point X="119" Y="242" T="11188477" />
  <Point X="121" Y="244" T="11188499" />
  <Point X="124" Y="248" T="11188525" />
  <Point X="127" Y="250" T="11188548" />
  <Point X="129" Y="252" T="11188549" />
  <Point X="132" Y="255" T="11188574" />
  <Point X="136" Y="255" T="11188601" />
  <Point X="140" Y="256" T="11188628" />
  <Point X="142" Y="255" T="11188655" />
  <Point X="144" Y="255" T="11188682" />
</Gesture>