﻿<?xml version="1.0" encoding="utf-8" standalone="yes"?>
<Gesture Name="right_curly_brace08" Subject="2" Speed="slow" Number="8" NumPts="82" Millseconds="3039" AppName="Gestures" AppVer="3.5.0.0" Date="Monday, March 05, 2007" TimeOfDay="9:04:24 PM">
  <Point X="115" Y="143" T="10953439" />
  <Point X="117" Y="143" T="10953530" />
  <Point X="119" Y="143" T="10953550" />
  <Point X="121" Y="142" T="10953571" />
  <Point X="123" Y="142" T="10953594" />
  <Point X="125" Y="142" T="10953618" />
  <Point X="127" Y="142" T="10953642" />
  <Point X="129" Y="143" T="10953670" />
  <Point X="131" Y="143" T="10953694" />
  <Point X="133" Y="145" T="10953722" />
  <Point X="135" Y="147" T="10953762" />
  <Point X="136" Y="149" T="10953786" />
  <Point X="136" Y="152" T="10953814" />
  <Point X="136" Y="154" T="10953839" />
  <Point X="136" Y="156" T="10953848" />
  <Point X="136" Y="158" T="10953862" />
  <Point X="136" Y="160" T="10953879" />
  <Point X="136" Y="163" T="10953892" />
  <Point X="136" Y="165" T="10953911" />
  <Point X="136" Y="167" T="10953941" />
  <Point X="135" Y="170" T="10953961" />
  <Point X="134" Y="172" T="10953982" />
  <Point X="133" Y="174" T="10954001" />
  <Point X="131" Y="177" T="10954026" />
  <Point X="129" Y="179" T="10954049" />
  <Point X="127" Y="180" T="10954069" />
  <Point X="125" Y="182" T="10954093" />
  <Point X="123" Y="183" T="10954136" />
  <Point X="122" Y="185" T="10954176" />
  <Point X="120" Y="187" T="10954317" />
  <Point X="120" Y="189" T="10954377" />
  <Point X="122" Y="189" T="10954516" />
  <Point X="124" Y="187" T="10954545" />
  <Point X="126" Y="188" T="10954589" />
  <Point X="128" Y="186" T="10954620" />
  <Point X="130" Y="186" T="10954649" />
  <Point X="132" Y="187" T="10954673" />
  <Point X="134" Y="187" T="10954702" />
  <Point X="136" Y="186" T="10954730" />
  <Point X="138" Y="186" T="10954766" />
  <Point X="140" Y="187" T="10954811" />
  <Point X="142" Y="186" T="10954852" />
  <Point X="140" Y="186" T="10955069" />
  <Point X="138" Y="187" T="10955106" />
  <Point X="136" Y="188" T="10955138" />
  <Point X="134" Y="188" T="10955175" />
  <Point X="132" Y="189" T="10955215" />
  <Point X="130" Y="189" T="10955259" />
  <Point X="128" Y="190" T="10955307" />
  <Point X="126" Y="190" T="10955375" />
  <Point X="124" Y="192" T="10955439" />
  <Point X="122" Y="193" T="10955544" />
  <Point X="122" Y="195" T="10955593" />
  <Point X="124" Y="197" T="10955661" />
  <Point X="126" Y="198" T="10955733" />
  <Point X="127" Y="200" T="10955802" />
  <Point X="128" Y="202" T="10955830" />
  <Point X="129" Y="204" T="10955878" />
  <Point X="129" Y="206" T="10955898" />
  <Point X="129" Y="208" T="10955915" />
  <Point X="129" Y="211" T="10955946" />
  <Point X="129" Y="213" T="10955966" />
  <Point X="128" Y="215" T="10955990" />
  <Point X="127" Y="217" T="10956011" />
  <Point X="126" Y="219" T="10956051" />
  <Point X="126" Y="221" T="10956069" />
  <Point X="125" Y="223" T="10956088" />
  <Point X="123" Y="225" T="10956124" />
  <Point X="121" Y="226" T="10956160" />
  <Point X="119" Y="227" T="10956180" />
  <Point X="118" Y="229" T="10956199" />
  <Point X="116" Y="230" T="10956219" />
  <Point X="113" Y="230" T="10956239" />
  <Point X="111" Y="231" T="10956259" />
  <Point X="109" Y="231" T="10956260" />
  <Point X="107" Y="233" T="10956281" />
  <Point X="105" Y="233" T="10956302" />
  <Point X="103" Y="233" T="10956323" />
  <Point X="101" Y="234" T="10956345" />
  <Point X="99" Y="235" T="10956366" />
  <Point X="97" Y="236" T="10956391" />
  <Point X="96" Y="238" T="10956478" />
</Gesture>