﻿<?xml version="1.0" encoding="utf-8" standalone="yes"?>
<Gesture Name="star09" Subject="2" Speed="slow" Number="9" NumPts="131" Millseconds="3228" AppName="Gestures" AppVer="3.5.0.0" Date="Monday, March 05, 2007" TimeOfDay="8:57:45 PM">
  <Point X="67" Y="237" T="10553421" />
  <Point X="68" Y="234" T="10553454" />
  <Point X="69" Y="232" T="10553483" />
  <Point X="71" Y="229" T="10553499" />
  <Point X="72" Y="226" T="10553508" />
  <Point X="73" Y="223" T="10553520" />
  <Point X="75" Y="221" T="10553528" />
  <Point X="77" Y="219" T="10553536" />
  <Point X="78" Y="215" T="10553544" />
  <Point X="80" Y="213" T="10553552" />
  <Point X="81" Y="211" T="10553560" />
  <Point X="81" Y="209" T="10553561" />
  <Point X="83" Y="206" T="10553571" />
  <Point X="84" Y="204" T="10553579" />
  <Point X="86" Y="201" T="10553588" />
  <Point X="87" Y="198" T="10553597" />
  <Point X="90" Y="195" T="10553612" />
  <Point X="91" Y="191" T="10553621" />
  <Point X="92" Y="188" T="10553631" />
  <Point X="94" Y="186" T="10553641" />
  <Point X="95" Y="183" T="10553651" />
  <Point X="97" Y="179" T="10553661" />
  <Point X="98" Y="176" T="10553671" />
  <Point X="100" Y="171" T="10553681" />
  <Point X="101" Y="168" T="10553691" />
  <Point X="102" Y="166" T="10553702" />
  <Point X="104" Y="163" T="10553714" />
  <Point X="104" Y="161" T="10553725" />
  <Point X="106" Y="159" T="10553736" />
  <Point X="107" Y="157" T="10553747" />
  <Point X="108" Y="155" T="10553749" />
  <Point X="109" Y="152" T="10553765" />
  <Point X="110" Y="150" T="10553781" />
  <Point X="111" Y="148" T="10553794" />
  <Point X="113" Y="146" T="10553826" />
  <Point X="115" Y="144" T="10553855" />
  <Point X="117" Y="144" T="10553935" />
  <Point X="118" Y="146" T="10553963" />
  <Point X="119" Y="148" T="10553979" />
  <Point X="120" Y="150" T="10553992" />
  <Point X="121" Y="152" T="10554005" />
  <Point X="121" Y="155" T="10554019" />
  <Point X="122" Y="157" T="10554032" />
  <Point X="123" Y="159" T="10554046" />
  <Point X="125" Y="164" T="10554060" />
  <Point X="126" Y="170" T="10554075" />
  <Point X="127" Y="175" T="10554090" />
  <Point X="130" Y="180" T="10554104" />
  <Point X="131" Y="185" T="10554120" />
  <Point X="132" Y="189" T="10554135" />
  <Point X="133" Y="191" T="10554136" />
  <Point X="134" Y="194" T="10554151" />
  <Point X="135" Y="199" T="10554168" />
  <Point X="137" Y="203" T="10554184" />
  <Point X="139" Y="208" T="10554201" />
  <Point X="140" Y="211" T="10554217" />
  <Point X="142" Y="216" T="10554234" />
  <Point X="143" Y="220" T="10554251" />
  <Point X="145" Y="225" T="10554268" />
  <Point X="147" Y="230" T="10554293" />
  <Point X="148" Y="232" T="10554311" />
  <Point X="149" Y="235" T="10554328" />
  <Point X="149" Y="237" T="10554346" />
  <Point X="150" Y="239" T="10554364" />
  <Point X="151" Y="242" T="10554432" />
  <Point X="151" Y="244" T="10554508" />
  <Point X="149" Y="242" T="10554625" />
  <Point X="147" Y="241" T="10554644" />
  <Point X="144" Y="240" T="10554663" />
  <Point X="138" Y="235" T="10554683" />
  <Point X="134" Y="234" T="10554703" />
  <Point X="129" Y="231" T="10554723" />
  <Point X="123" Y="228" T="10554744" />
  <Point X="119" Y="226" T="10554764" />
  <Point X="114" Y="224" T="10554785" />
  <Point X="107" Y="219" T="10554806" />
  <Point X="102" Y="217" T="10554828" />
  <Point X="96" Y="215" T="10554849" />
  <Point X="90" Y="211" T="10554871" />
  <Point X="86" Y="208" T="10554894" />
  <Point X="80" Y="203" T="10554918" />
  <Point X="74" Y="197" T="10554942" />
  <Point X="71" Y="195" T="10554964" />
  <Point X="67" Y="191" T="10554987" />
  <Point X="62" Y="188" T="10555010" />
  <Point X="60" Y="185" T="10555033" />
  <Point X="56" Y="182" T="10555056" />
  <Point X="54" Y="180" T="10555079" />
  <Point X="52" Y="178" T="10555121" />
  <Point X="54" Y="178" T="10555238" />
  <Point X="56" Y="178" T="10555261" />
  <Point X="61" Y="178" T="10555286" />
  <Point X="65" Y="177" T="10555310" />
  <Point X="69" Y="176" T="10555335" />
  <Point X="73" Y="176" T="10555362" />
  <Point X="79" Y="177" T="10555386" />
  <Point X="86" Y="177" T="10555412" />
  <Point X="94" Y="178" T="10555438" />
  <Point X="104" Y="176" T="10555464" />
  <Point X="113" Y="176" T="10555490" />
  <Point X="123" Y="174" T="10555517" />
  <Point X="133" Y="175" T="10555550" />
  <Point X="141" Y="175" T="10555577" />
  <Point X="147" Y="175" T="10555604" />
  <Point X="152" Y="177" T="10555631" />
  <Point X="156" Y="179" T="10555661" />
  <Point X="158" Y="181" T="10555688" />
  <Point X="160" Y="181" T="10555715" />
  <Point X="162" Y="181" T="10555743" />
  <Point X="164" Y="183" T="10555772" />
  <Point X="162" Y="183" T="10555884" />
  <Point X="160" Y="184" T="10555912" />
  <Point X="155" Y="185" T="10555941" />
  <Point X="149" Y="188" T="10555969" />
  <Point X="140" Y="193" T="10556001" />
  <Point X="134" Y="196" T="10556030" />
  <Point X="126" Y="202" T="10556060" />
  <Point X="120" Y="206" T="10556091" />
  <Point X="113" Y="210" T="10556121" />
  <Point X="108" Y="214" T="10556151" />
  <Point X="101" Y="218" T="10556181" />
  <Point X="95" Y="221" T="10556212" />
  <Point X="93" Y="221" T="10556213" />
  <Point X="89" Y="224" T="10556244" />
  <Point X="84" Y="228" T="10556275" />
  <Point X="80" Y="231" T="10556306" />
  <Point X="77" Y="232" T="10556337" />
  <Point X="75" Y="233" T="10556369" />
  <Point X="74" Y="235" T="10556401" />
  <Point X="72" Y="237" T="10556432" />
  <Point X="70" Y="239" T="10556649" />
</Gesture>