﻿<?xml version="1.0" encoding="utf-8" standalone="yes"?>
<Gesture Name="triangle08" Subject="2" Speed="slow" Number="8" NumPts="90" Millseconds="1540" AppName="Gestures" AppVer="3.5.0.0" Date="Monday, March 05, 2007" TimeOfDay="8:54:45 PM">
  <Point X="120" Y="145" T="10374364" />
  <Point X="118" Y="147" T="10374421" />
  <Point X="118" Y="149" T="10374433" />
  <Point X="116" Y="152" T="10374448" />
  <Point X="116" Y="154" T="10374457" />
  <Point X="115" Y="156" T="10374465" />
  <Point X="114" Y="158" T="10374473" />
  <Point X="113" Y="161" T="10374481" />
  <Point X="113" Y="163" T="10374487" />
  <Point X="112" Y="166" T="10374494" />
  <Point X="111" Y="169" T="10374502" />
  <Point X="110" Y="171" T="10374509" />
  <Point X="109" Y="174" T="10374516" />
  <Point X="108" Y="178" T="10374524" />
  <Point X="106" Y="182" T="10374532" />
  <Point X="105" Y="185" T="10374540" />
  <Point X="103" Y="190" T="10374549" />
  <Point X="102" Y="193" T="10374557" />
  <Point X="100" Y="197" T="10374566" />
  <Point X="98" Y="203" T="10374575" />
  <Point X="97" Y="205" T="10374584" />
  <Point X="95" Y="210" T="10374594" />
  <Point X="94" Y="213" T="10374604" />
  <Point X="93" Y="217" T="10374615" />
  <Point X="93" Y="220" T="10374624" />
  <Point X="92" Y="222" T="10374635" />
  <Point X="91" Y="224" T="10374646" />
  <Point X="91" Y="226" T="10374657" />
  <Point X="91" Y="229" T="10374667" />
  <Point X="89" Y="234" T="10374679" />
  <Point X="89" Y="236" T="10374690" />
  <Point X="88" Y="238" T="10374701" />
  <Point X="88" Y="240" T="10374713" />
  <Point X="87" Y="243" T="10374725" />
  <Point X="86" Y="245" T="10374738" />
  <Point X="84" Y="247" T="10374770" />
  <Point X="86" Y="246" T="10374846" />
  <Point X="88" Y="246" T="10374859" />
  <Point X="90" Y="246" T="10374872" />
  <Point X="92" Y="246" T="10374885" />
  <Point X="97" Y="246" T="10374899" />
  <Point X="99" Y="245" T="10374912" />
  <Point X="104" Y="244" T="10374927" />
  <Point X="109" Y="244" T="10374941" />
  <Point X="114" Y="244" T="10374957" />
  <Point X="118" Y="243" T="10374972" />
  <Point X="123" Y="243" T="10374987" />
  <Point X="125" Y="243" T="10375002" />
  <Point X="128" Y="243" T="10375003" />
  <Point X="133" Y="242" T="10375019" />
  <Point X="139" Y="241" T="10375035" />
  <Point X="144" Y="240" T="10375051" />
  <Point X="149" Y="239" T="10375067" />
  <Point X="154" Y="240" T="10375083" />
  <Point X="156" Y="239" T="10375099" />
  <Point X="161" Y="239" T="10375116" />
  <Point X="163" Y="239" T="10375133" />
  <Point X="167" Y="241" T="10375151" />
  <Point X="169" Y="241" T="10375168" />
  <Point X="171" Y="242" T="10375185" />
  <Point X="173" Y="242" T="10375186" />
  <Point X="175" Y="243" T="10375206" />
  <Point X="177" Y="244" T="10375224" />
  <Point X="179" Y="245" T="10375242" />
  <Point X="181" Y="245" T="10375266" />
  <Point X="180" Y="243" T="10375427" />
  <Point X="178" Y="241" T="10375447" />
  <Point X="176" Y="238" T="10375466" />
  <Point X="176" Y="235" T="10375486" />
  <Point X="173" Y="230" T="10375507" />
  <Point X="171" Y="227" T="10375508" />
  <Point X="168" Y="223" T="10375529" />
  <Point X="164" Y="215" T="10375552" />
  <Point X="160" Y="208" T="10375574" />
  <Point X="157" Y="199" T="10375596" />
  <Point X="154" Y="193" T="10375618" />
  <Point X="152" Y="191" T="10375620" />
  <Point X="149" Y="185" T="10375643" />
  <Point X="145" Y="179" T="10375667" />
  <Point X="144" Y="176" T="10375668" />
  <Point X="141" Y="170" T="10375690" />
  <Point X="140" Y="168" T="10375713" />
  <Point X="136" Y="163" T="10375737" />
  <Point X="133" Y="156" T="10375762" />
  <Point X="131" Y="150" T="10375785" />
  <Point X="129" Y="145" T="10375809" />
  <Point X="127" Y="143" T="10375832" />
  <Point X="123" Y="141" T="10375857" />
  <Point X="121" Y="141" T="10375880" />
  <Point X="119" Y="141" T="10375904" />
</Gesture>