﻿<?xml version="1.0" encoding="utf-8" standalone="yes"?>
<Gesture Name="v01" Subject="2" Speed="slow" Number="1" NumPts="47" Millseconds="643" AppName="Gestures" AppVer="3.5.0.0" Date="Monday, March 05, 2007" TimeOfDay="8:55:35 PM">
  <Point X="96" Y="156" T="10425194" />
  <Point X="98" Y="158" T="10425239" />
  <Point X="100" Y="159" T="10425263" />
  <Point X="101" Y="162" T="10425271" />
  <Point X="103" Y="165" T="10425283" />
  <Point X="105" Y="168" T="10425293" />
  <Point X="105" Y="170" T="10425299" />
  <Point X="107" Y="174" T="10425305" />
  <Point X="108" Y="177" T="10425312" />
  <Point X="110" Y="184" T="10425319" />
  <Point X="113" Y="189" T="10425326" />
  <Point X="115" Y="195" T="10425334" />
  <Point X="117" Y="203" T="10425342" />
  <Point X="119" Y="209" T="10425350" />
  <Point X="122" Y="214" T="10425358" />
  <Point X="124" Y="220" T="10425366" />
  <Point X="126" Y="224" T="10425375" />
  <Point X="128" Y="227" T="10425384" />
  <Point X="130" Y="231" T="10425392" />
  <Point X="133" Y="234" T="10425401" />
  <Point X="134" Y="236" T="10425410" />
  <Point X="136" Y="239" T="10425421" />
  <Point X="138" Y="241" T="10425448" />
  <Point X="138" Y="243" T="10425510" />
  <Point X="139" Y="240" T="10425589" />
  <Point X="140" Y="238" T="10425605" />
  <Point X="140" Y="234" T="10425616" />
  <Point X="142" Y="228" T="10425627" />
  <Point X="143" Y="224" T="10425638" />
  <Point X="145" Y="215" T="10425649" />
  <Point X="147" Y="211" T="10425661" />
  <Point X="149" Y="205" T="10425673" />
  <Point X="150" Y="203" T="10425674" />
  <Point X="152" Y="195" T="10425688" />
  <Point X="153" Y="192" T="10425690" />
  <Point X="155" Y="185" T="10425704" />
  <Point X="156" Y="182" T="10425705" />
  <Point X="158" Y="176" T="10425720" />
  <Point X="158" Y="173" T="10425722" />
  <Point X="161" Y="164" T="10425737" />
  <Point X="163" Y="159" T="10425751" />
  <Point X="165" Y="153" T="10425764" />
  <Point X="168" Y="148" T="10425778" />
  <Point X="169" Y="146" T="10425792" />
  <Point X="171" Y="144" T="10425793" />
  <Point X="172" Y="141" T="10425810" />
  <Point X="174" Y="140" T="10425837" />
</Gesture>