﻿<?xml version="1.0" encoding="utf-8" standalone="yes"?>
<Gesture Name="v03" Subject="2" Speed="slow" Number="3" NumPts="48" Millseconds="703" AppName="Gestures" AppVer="3.5.0.0" Date="Monday, March 05, 2007" TimeOfDay="8:55:39 PM">
  <Point X="101" Y="170" T="10429167" />
  <Point X="103" Y="172" T="10429207" />
  <Point X="104" Y="174" T="10429215" />
  <Point X="106" Y="176" T="10429223" />
  <Point X="107" Y="179" T="10429232" />
  <Point X="109" Y="182" T="10429239" />
  <Point X="112" Y="186" T="10429247" />
  <Point X="113" Y="188" T="10429253" />
  <Point X="115" Y="191" T="10429260" />
  <Point X="116" Y="193" T="10429266" />
  <Point X="117" Y="196" T="10429267" />
  <Point X="119" Y="199" T="10429275" />
  <Point X="120" Y="202" T="10429276" />
  <Point X="122" Y="207" T="10429284" />
  <Point X="123" Y="210" T="10429292" />
  <Point X="126" Y="216" T="10429301" />
  <Point X="127" Y="218" T="10429309" />
  <Point X="130" Y="222" T="10429318" />
  <Point X="131" Y="224" T="10429327" />
  <Point X="133" Y="227" T="10429328" />
  <Point X="135" Y="230" T="10429337" />
  <Point X="135" Y="232" T="10429346" />
  <Point X="137" Y="235" T="10429347" />
  <Point X="138" Y="237" T="10429359" />
  <Point X="139" Y="239" T="10429371" />
  <Point X="141" Y="236" T="10429505" />
  <Point X="142" Y="233" T="10429521" />
  <Point X="143" Y="230" T="10429533" />
  <Point X="144" Y="227" T="10429544" />
  <Point X="145" Y="223" T="10429555" />
  <Point X="146" Y="220" T="10429566" />
  <Point X="148" Y="216" T="10429578" />
  <Point X="151" Y="208" T="10429590" />
  <Point X="153" Y="203" T="10429602" />
  <Point X="154" Y="199" T="10429614" />
  <Point X="158" Y="190" T="10429627" />
  <Point X="160" Y="185" T="10429640" />
  <Point X="163" Y="179" T="10429654" />
  <Point X="167" Y="173" T="10429667" />
  <Point X="170" Y="169" T="10429681" />
  <Point X="173" Y="164" T="10429694" />
  <Point X="175" Y="161" T="10429708" />
  <Point X="177" Y="158" T="10429722" />
  <Point X="179" Y="156" T="10429738" />
  <Point X="181" Y="155" T="10429753" />
  <Point X="182" Y="153" T="10429767" />
  <Point X="183" Y="151" T="10429789" />
  <Point X="185" Y="150" T="10429870" />
</Gesture>