﻿<?xml version="1.0" encoding="utf-8" standalone="yes"?>
<Gesture Name="arrow06" Subject="5" Speed="medium" Number="6" NumPts="91" Millseconds="1943" AppName="Gestures" AppVer="3.7.0.0" Date="Friday, March 09, 2007" TimeOfDay="9:53:56 PM">
  <Point X="65" Y="214" T="119750212" />
  <Point X="68" Y="213" T="119750223" />
  <Point X="70" Y="212" T="119750235" />
  <Point X="72" Y="212" T="119750244" />
  <Point X="74" Y="211" T="119750252" />
  <Point X="77" Y="210" T="119750260" />
  <Point X="79" Y="209" T="119750268" />
  <Point X="81" Y="209" T="119750276" />
  <Point X="83" Y="208" T="119750284" />
  <Point X="86" Y="207" T="119750292" />
  <Point X="88" Y="206" T="119750300" />
  <Point X="90" Y="206" T="119750308" />
  <Point X="93" Y="205" T="119750316" />
  <Point X="95" Y="204" T="119750325" />
  <Point X="97" Y="203" T="119750332" />
  <Point X="100" Y="203" T="119750344" />
  <Point X="102" Y="202" T="119750352" />
  <Point X="104" Y="200" T="119750361" />
  <Point X="106" Y="199" T="119750369" />
  <Point X="108" Y="198" T="119750378" />
  <Point X="110" Y="197" T="119750387" />
  <Point X="113" Y="195" T="119750396" />
  <Point X="115" Y="194" T="119750406" />
  <Point X="117" Y="193" T="119750416" />
  <Point X="120" Y="192" T="119750428" />
  <Point X="122" Y="189" T="119750440" />
  <Point X="124" Y="188" T="119750452" />
  <Point X="126" Y="186" T="119750464" />
  <Point X="128" Y="184" T="119750476" />
  <Point X="130" Y="184" T="119750492" />
  <Point X="132" Y="182" T="119750504" />
  <Point X="134" Y="180" T="119750520" />
  <Point X="136" Y="178" T="119750540" />
  <Point X="138" Y="177" T="119750557" />
  <Point X="140" Y="176" T="119750581" />
  <Point X="141" Y="174" T="119750598" />
  <Point X="143" Y="172" T="119750617" />
  <Point X="145" Y="169" T="119750642" />
  <Point X="147" Y="168" T="119750674" />
  <Point X="148" Y="166" T="119750798" />
  <Point X="146" Y="167" T="119750842" />
  <Point X="144" Y="168" T="119750863" />
  <Point X="141" Y="168" T="119750878" />
  <Point X="139" Y="169" T="119750893" />
  <Point X="136" Y="169" T="119750907" />
  <Point X="134" Y="169" T="119750922" />
  <Point X="131" Y="170" T="119750936" />
  <Point X="129" Y="170" T="119750951" />
  <Point X="127" Y="169" T="119750966" />
  <Point X="125" Y="169" T="119750985" />
  <Point X="122" Y="168" T="119751005" />
  <Point X="120" Y="169" T="119751020" />
  <Point X="118" Y="168" T="119751036" />
  <Point X="116" Y="169" T="119751052" />
  <Point X="114" Y="169" T="119751068" />
  <Point X="114" Y="167" T="119751233" />
  <Point X="117" Y="168" T="119751270" />
  <Point X="119" Y="168" T="119751290" />
  <Point X="121" Y="168" T="119751307" />
  <Point X="123" Y="169" T="119751325" />
  <Point X="128" Y="168" T="119751342" />
  <Point X="130" Y="167" T="119751360" />
  <Point X="135" Y="166" T="119751378" />
  <Point X="137" Y="167" T="119751396" />
  <Point X="141" Y="165" T="119751415" />
  <Point X="143" Y="166" T="119751433" />
  <Point X="145" Y="165" T="119751452" />
  <Point X="150" Y="165" T="119751471" />
  <Point X="152" Y="165" T="119751491" />
  <Point X="154" Y="165" T="119751511" />
  <Point X="156" Y="164" T="119751530" />
  <Point X="158" Y="164" T="119751555" />
  <Point X="160" Y="164" T="119751603" />
  <Point X="161" Y="166" T="119751782" />
  <Point X="161" Y="168" T="119751814" />
  <Point X="160" Y="170" T="119751838" />
  <Point X="159" Y="172" T="119751859" />
  <Point X="159" Y="175" T="119751880" />
  <Point X="158" Y="180" T="119751901" />
  <Point X="158" Y="184" T="119751923" />
  <Point X="158" Y="188" T="119751945" />
  <Point X="157" Y="193" T="119751967" />
  <Point X="157" Y="199" T="119751989" />
  <Point X="156" Y="206" T="119752012" />
  <Point X="156" Y="212" T="119752035" />
  <Point X="156" Y="220" T="119752059" />
  <Point X="156" Y="225" T="119752083" />
  <Point X="156" Y="233" T="119752107" />
  <Point X="156" Y="238" T="119752130" />
  <Point X="157" Y="240" T="119752131" />
  <Point X="157" Y="242" T="119752155" />
</Gesture>