﻿<?xml version="1.0" encoding="utf-8" standalone="yes"?>
<Gesture Name="arrow03" Subject="5" Speed="medium" Number="3" NumPts="93" Millseconds="1860" AppName="Gestures" AppVer="3.7.0.0" Date="Friday, March 09, 2007" TimeOfDay="9:53:48 PM">
  <Point X="55" Y="229" T="119741843" />
  <Point X="58" Y="226" T="119741855" />
  <Point X="60" Y="225" T="119741863" />
  <Point X="62" Y="224" T="119741871" />
  <Point X="64" Y="223" T="119741879" />
  <Point X="67" Y="222" T="119741887" />
  <Point X="69" Y="222" T="119741895" />
  <Point X="72" Y="220" T="119741903" />
  <Point X="74" Y="221" T="119741911" />
  <Point X="76" Y="219" T="119741919" />
  <Point X="79" Y="218" T="119741927" />
  <Point X="81" Y="217" T="119741935" />
  <Point X="83" Y="217" T="119741943" />
  <Point X="86" Y="216" T="119741952" />
  <Point X="88" Y="215" T="119741960" />
  <Point X="90" Y="214" T="119741968" />
  <Point X="92" Y="213" T="119741977" />
  <Point X="95" Y="211" T="119741986" />
  <Point X="97" Y="210" T="119741996" />
  <Point X="100" Y="209" T="119742005" />
  <Point X="102" Y="207" T="119742014" />
  <Point X="105" Y="207" T="119742024" />
  <Point X="107" Y="205" T="119742033" />
  <Point X="109" Y="204" T="119742043" />
  <Point X="111" Y="202" T="119742053" />
  <Point X="114" Y="200" T="119742068" />
  <Point X="116" Y="199" T="119742084" />
  <Point X="118" Y="198" T="119742096" />
  <Point X="120" Y="195" T="119742107" />
  <Point X="123" Y="192" T="119742119" />
  <Point X="125" Y="192" T="119742133" />
  <Point X="127" Y="190" T="119742146" />
  <Point X="130" Y="188" T="119742165" />
  <Point X="132" Y="186" T="119742183" />
  <Point X="134" Y="185" T="119742212" />
  <Point X="135" Y="183" T="119742264" />
  <Point X="133" Y="183" T="119742338" />
  <Point X="131" Y="183" T="119742358" />
  <Point X="129" Y="184" T="119742374" />
  <Point X="127" Y="185" T="119742387" />
  <Point X="125" Y="185" T="119742400" />
  <Point X="123" Y="185" T="119742413" />
  <Point X="121" Y="186" T="119742427" />
  <Point X="116" Y="187" T="119742441" />
  <Point X="113" Y="186" T="119742455" />
  <Point X="111" Y="186" T="119742470" />
  <Point X="109" Y="186" T="119742471" />
  <Point X="106" Y="186" T="119742485" />
  <Point X="104" Y="187" T="119742500" />
  <Point X="102" Y="187" T="119742515" />
  <Point X="99" Y="187" T="119742531" />
  <Point X="97" Y="186" T="119742546" />
  <Point X="95" Y="185" T="119742562" />
  <Point X="93" Y="187" T="119742578" />
  <Point X="91" Y="186" T="119742598" />
  <Point X="93" Y="184" T="119742766" />
  <Point X="95" Y="185" T="119742782" />
  <Point X="97" Y="185" T="119742799" />
  <Point X="100" Y="184" T="119742816" />
  <Point X="102" Y="184" T="119742834" />
  <Point X="104" Y="183" T="119742835" />
  <Point X="107" Y="183" T="119742853" />
  <Point X="111" Y="183" T="119742874" />
  <Point X="113" Y="182" T="119742893" />
  <Point X="118" Y="182" T="119742911" />
  <Point X="120" Y="182" T="119742929" />
  <Point X="122" Y="181" T="119742948" />
  <Point X="127" Y="180" T="119742968" />
  <Point X="129" Y="180" T="119742987" />
  <Point X="131" Y="179" T="119743006" />
  <Point X="133" Y="179" T="119743026" />
  <Point X="135" Y="179" T="119743045" />
  <Point X="137" Y="177" T="119743065" />
  <Point X="139" Y="177" T="119743090" />
  <Point X="141" Y="178" T="119743156" />
  <Point X="142" Y="180" T="119743319" />
  <Point X="142" Y="183" T="119743343" />
  <Point X="142" Y="185" T="119743364" />
  <Point X="141" Y="189" T="119743386" />
  <Point X="141" Y="193" T="119743408" />
  <Point X="141" Y="198" T="119743431" />
  <Point X="141" Y="202" T="119743453" />
  <Point X="142" Y="211" T="119743476" />
  <Point X="142" Y="213" T="119743498" />
  <Point X="142" Y="216" T="119743499" />
  <Point X="142" Y="220" T="119743522" />
  <Point X="142" Y="225" T="119743546" />
  <Point X="143" Y="230" T="119743569" />
  <Point X="143" Y="235" T="119743592" />
  <Point X="144" Y="240" T="119743616" />
  <Point X="145" Y="242" T="119743640" />
  <Point X="146" Y="244" T="119743664" />
  <Point X="147" Y="246" T="119743703" />
</Gesture>