﻿<?xml version="1.0" encoding="utf-8" standalone="yes"?>
<Gesture Name="arrow07" Subject="5" Speed="medium" Number="7" NumPts="90" Millseconds="1736" AppName="Gestures" AppVer="3.7.0.0" Date="Friday, March 09, 2007" TimeOfDay="9:53:59 PM">
  <Point X="68" Y="214" T="119752734" />
  <Point X="70" Y="214" T="119752749" />
  <Point X="72" Y="212" T="119752761" />
  <Point X="74" Y="212" T="119752769" />
  <Point X="77" Y="212" T="119752782" />
  <Point X="79" Y="210" T="119752790" />
  <Point X="81" Y="210" T="119752798" />
  <Point X="83" Y="209" T="119752806" />
  <Point X="86" Y="209" T="119752814" />
  <Point X="88" Y="208" T="119752822" />
  <Point X="91" Y="206" T="119752834" />
  <Point X="93" Y="205" T="119752842" />
  <Point X="95" Y="205" T="119752850" />
  <Point X="98" Y="204" T="119752859" />
  <Point X="100" Y="203" T="119752866" />
  <Point X="102" Y="202" T="119752874" />
  <Point X="104" Y="202" T="119752882" />
  <Point X="106" Y="201" T="119752891" />
  <Point X="108" Y="199" T="119752899" />
  <Point X="110" Y="198" T="119752908" />
  <Point X="112" Y="197" T="119752917" />
  <Point X="115" Y="195" T="119752927" />
  <Point X="117" Y="193" T="119752936" />
  <Point X="120" Y="192" T="119752946" />
  <Point X="122" Y="190" T="119752958" />
  <Point X="125" Y="189" T="119752970" />
  <Point X="126" Y="187" T="119752982" />
  <Point X="129" Y="186" T="119752993" />
  <Point X="131" Y="184" T="119753004" />
  <Point X="133" Y="183" T="119753015" />
  <Point X="135" Y="181" T="119753026" />
  <Point X="137" Y="180" T="119753038" />
  <Point X="139" Y="178" T="119753051" />
  <Point X="141" Y="176" T="119753066" />
  <Point X="143" Y="174" T="119753083" />
  <Point X="146" Y="173" T="119753112" />
  <Point X="148" Y="171" T="119753144" />
  <Point X="149" Y="169" T="119753165" />
  <Point X="147" Y="169" T="119753310" />
  <Point X="144" Y="170" T="119753326" />
  <Point X="142" Y="171" T="119753342" />
  <Point X="139" Y="172" T="119753355" />
  <Point X="136" Y="172" T="119753369" />
  <Point X="132" Y="173" T="119753383" />
  <Point X="130" Y="173" T="119753397" />
  <Point X="128" Y="173" T="119753412" />
  <Point X="123" Y="174" T="119753427" />
  <Point X="121" Y="174" T="119753441" />
  <Point X="118" Y="173" T="119753457" />
  <Point X="116" Y="174" T="119753472" />
  <Point X="112" Y="175" T="119753487" />
  <Point X="109" Y="174" T="119753503" />
  <Point X="107" Y="173" T="119753535" />
  <Point X="110" Y="174" T="119753629" />
  <Point X="112" Y="172" T="119753649" />
  <Point X="114" Y="172" T="119753665" />
  <Point X="117" Y="172" T="119753682" />
  <Point X="119" Y="171" T="119753699" />
  <Point X="124" Y="172" T="119753716" />
  <Point X="127" Y="171" T="119753734" />
  <Point X="132" Y="171" T="119753752" />
  <Point X="134" Y="170" T="119753770" />
  <Point X="138" Y="169" T="119753788" />
  <Point X="141" Y="169" T="119753806" />
  <Point X="145" Y="167" T="119753824" />
  <Point X="147" Y="167" T="119753843" />
  <Point X="149" Y="166" T="119753862" />
  <Point X="151" Y="165" T="119753881" />
  <Point X="153" Y="165" T="119753900" />
  <Point X="155" Y="164" T="119753929" />
  <Point X="157" Y="164" T="119754005" />
  <Point X="157" Y="166" T="119754077" />
  <Point X="157" Y="168" T="119754098" />
  <Point X="157" Y="170" T="119754134" />
  <Point X="157" Y="173" T="119754154" />
  <Point X="157" Y="175" T="119754175" />
  <Point X="158" Y="179" T="119754195" />
  <Point X="158" Y="181" T="119754216" />
  <Point X="157" Y="188" T="119754240" />
  <Point X="157" Y="193" T="119754262" />
  <Point X="156" Y="200" T="119754283" />
  <Point X="156" Y="205" T="119754305" />
  <Point X="156" Y="213" T="119754328" />
  <Point X="156" Y="221" T="119754350" />
  <Point X="157" Y="228" T="119754373" />
  <Point X="157" Y="230" T="119754374" />
  <Point X="157" Y="238" T="119754398" />
  <Point X="158" Y="243" T="119754422" />
  <Point X="159" Y="250" T="119754447" />
  <Point X="159" Y="252" T="119754470" />
</Gesture>