﻿<?xml version="1.0" encoding="utf-8" standalone="yes"?>
<Gesture Name="arrow10" Subject="5" Speed="medium" Number="10" NumPts="76" Millseconds="1556" AppName="Gestures" AppVer="3.7.0.0" Date="Friday, March 09, 2007" TimeOfDay="9:54:05 PM">
  <Point X="85" Y="212" T="119759255" />
  <Point X="87" Y="212" T="119759267" />
  <Point X="89" Y="210" T="119759276" />
  <Point X="91" Y="210" T="119759283" />
  <Point X="94" Y="209" T="119759292" />
  <Point X="96" Y="208" T="119759300" />
  <Point X="98" Y="206" T="119759308" />
  <Point X="101" Y="206" T="119759316" />
  <Point X="103" Y="205" T="119759324" />
  <Point X="106" Y="203" T="119759332" />
  <Point X="108" Y="202" T="119759340" />
  <Point X="110" Y="200" T="119759348" />
  <Point X="113" Y="200" T="119759356" />
  <Point X="115" Y="199" T="119759369" />
  <Point X="117" Y="198" T="119759377" />
  <Point X="119" Y="196" T="119759390" />
  <Point X="121" Y="196" T="119759403" />
  <Point X="123" Y="195" T="119759415" />
  <Point X="125" Y="192" T="119759426" />
  <Point X="128" Y="191" T="119759439" />
  <Point X="129" Y="189" T="119759449" />
  <Point X="132" Y="187" T="119759463" />
  <Point X="133" Y="185" T="119759474" />
  <Point X="135" Y="184" T="119759495" />
  <Point X="137" Y="182" T="119759510" />
  <Point X="139" Y="181" T="119759530" />
  <Point X="141" Y="179" T="119759550" />
  <Point X="142" Y="177" T="119759562" />
  <Point X="144" Y="175" T="119759586" />
  <Point X="146" Y="174" T="119759631" />
  <Point X="147" Y="172" T="119759667" />
  <Point X="145" Y="173" T="119759784" />
  <Point X="143" Y="174" T="119759804" />
  <Point X="141" Y="174" T="119759817" />
  <Point X="138" Y="174" T="119759833" />
  <Point X="136" Y="174" T="119759849" />
  <Point X="133" Y="174" T="119759865" />
  <Point X="131" Y="174" T="119759878" />
  <Point X="129" Y="175" T="119759893" />
  <Point X="127" Y="175" T="119759907" />
  <Point X="125" Y="175" T="119759921" />
  <Point X="123" Y="175" T="119759937" />
  <Point X="121" Y="175" T="119759981" />
  <Point X="119" Y="175" T="119760009" />
  <Point X="117" Y="175" T="119760033" />
  <Point X="115" Y="175" T="119760065" />
  <Point X="117" Y="174" T="119760153" />
  <Point X="119" Y="173" T="119760173" />
  <Point X="121" Y="173" T="119760189" />
  <Point X="124" Y="173" T="119760205" />
  <Point X="126" Y="172" T="119760222" />
  <Point X="130" Y="172" T="119760238" />
  <Point X="133" Y="172" T="119760256" />
  <Point X="135" Y="172" T="119760272" />
  <Point X="137" Y="172" T="119760276" />
  <Point X="139" Y="171" T="119760296" />
  <Point X="141" Y="170" T="119760313" />
  <Point X="144" Y="170" T="119760331" />
  <Point X="148" Y="168" T="119760349" />
  <Point X="150" Y="167" T="119760373" />
  <Point X="152" Y="166" T="119760423" />
  <Point X="153" Y="164" T="119760441" />
  <Point X="153" Y="166" T="119760530" />
  <Point X="153" Y="168" T="119760562" />
  <Point X="153" Y="170" T="119760581" />
  <Point X="153" Y="175" T="119760601" />
  <Point X="153" Y="177" T="119760620" />
  <Point X="152" Y="184" T="119760641" />
  <Point X="151" Y="191" T="119760662" />
  <Point X="149" Y="197" T="119760682" />
  <Point X="148" Y="201" T="119760703" />
  <Point X="147" Y="204" T="119760724" />
  <Point X="146" Y="209" T="119760745" />
  <Point X="145" Y="211" T="119760769" />
  <Point X="144" Y="213" T="119760790" />
  <Point X="143" Y="215" T="119760811" />
</Gesture>