﻿<?xml version="1.0" encoding="utf-8" standalone="yes"?>
<Gesture Name="arrow02" Subject="5" Speed="medium" Number="2" NumPts="96" Millseconds="1909" AppName="Gestures" AppVer="3.7.0.0" Date="Friday, March 09, 2007" TimeOfDay="9:53:46 PM">
  <Point X="43" Y="230" T="119739358" />
  <Point X="45" Y="227" T="119739370" />
  <Point X="48" Y="227" T="119739382" />
  <Point X="50" Y="226" T="119739391" />
  <Point X="52" Y="226" T="119739399" />
  <Point X="55" Y="225" T="119739407" />
  <Point X="58" Y="223" T="119739415" />
  <Point X="61" Y="223" T="119739423" />
  <Point X="64" Y="222" T="119739431" />
  <Point X="66" Y="220" T="119739439" />
  <Point X="69" Y="219" T="119739447" />
  <Point X="72" Y="219" T="119739455" />
  <Point X="74" Y="217" T="119739463" />
  <Point X="77" Y="216" T="119739472" />
  <Point X="79" Y="215" T="119739479" />
  <Point X="82" Y="214" T="119739491" />
  <Point X="84" Y="213" T="119739500" />
  <Point X="86" Y="212" T="119739508" />
  <Point X="88" Y="211" T="119739517" />
  <Point X="90" Y="210" T="119739526" />
  <Point X="92" Y="208" T="119739535" />
  <Point X="94" Y="208" T="119739544" />
  <Point X="96" Y="207" T="119739553" />
  <Point X="99" Y="205" T="119739563" />
  <Point X="101" Y="204" T="119739573" />
  <Point X="103" Y="202" T="119739583" />
  <Point X="106" Y="200" T="119739593" />
  <Point X="108" Y="198" T="119739604" />
  <Point X="110" Y="197" T="119739616" />
  <Point X="112" Y="196" T="119739628" />
  <Point X="114" Y="194" T="119739644" />
  <Point X="117" Y="193" T="119739656" />
  <Point X="118" Y="191" T="119739669" />
  <Point X="120" Y="190" T="119739684" />
  <Point X="122" Y="189" T="119739705" />
  <Point X="124" Y="186" T="119739717" />
  <Point X="126" Y="185" T="119739741" />
  <Point X="128" Y="184" T="119739785" />
  <Point X="125" Y="184" T="119739895" />
  <Point X="123" Y="184" T="119739910" />
  <Point X="121" Y="185" T="119739926" />
  <Point X="119" Y="185" T="119739940" />
  <Point X="117" Y="186" T="119739955" />
  <Point X="115" Y="186" T="119739969" />
  <Point X="112" Y="185" T="119739983" />
  <Point X="110" Y="185" T="119739998" />
  <Point X="108" Y="184" T="119740014" />
  <Point X="105" Y="184" T="119740030" />
  <Point X="103" Y="185" T="119740045" />
  <Point X="101" Y="185" T="119740060" />
  <Point X="99" Y="186" T="119740075" />
  <Point X="97" Y="186" T="119740091" />
  <Point X="94" Y="186" T="119740107" />
  <Point X="92" Y="187" T="119740122" />
  <Point X="90" Y="187" T="119740138" />
  <Point X="88" Y="188" T="119740155" />
  <Point X="86" Y="186" T="119740198" />
  <Point X="84" Y="186" T="119740242" />
  <Point X="86" Y="187" T="119740331" />
  <Point X="89" Y="187" T="119740348" />
  <Point X="94" Y="186" T="119740366" />
  <Point X="98" Y="185" T="119740384" />
  <Point X="102" Y="185" T="119740403" />
  <Point X="105" Y="186" T="119740404" />
  <Point X="109" Y="184" T="119740422" />
  <Point X="113" Y="185" T="119740445" />
  <Point X="118" Y="184" T="119740464" />
  <Point X="120" Y="185" T="119740483" />
  <Point X="122" Y="185" T="119740503" />
  <Point X="124" Y="184" T="119740522" />
  <Point X="129" Y="184" T="119740542" />
  <Point X="131" Y="184" T="119740562" />
  <Point X="133" Y="182" T="119740582" />
  <Point X="135" Y="181" T="119740607" />
  <Point X="137" Y="182" T="119740636" />
  <Point X="139" Y="182" T="119740660" />
  <Point X="141" Y="181" T="119740696" />
  <Point X="142" Y="183" T="119740864" />
  <Point X="141" Y="185" T="119740892" />
  <Point X="141" Y="187" T="119740913" />
  <Point X="140" Y="189" T="119740935" />
  <Point X="140" Y="191" T="119740936" />
  <Point X="140" Y="193" T="119740959" />
  <Point X="140" Y="197" T="119740981" />
  <Point X="139" Y="202" T="119741004" />
  <Point X="139" Y="207" T="119741027" />
  <Point X="139" Y="209" T="119741050" />
  <Point X="138" Y="215" T="119741073" />
  <Point X="139" Y="220" T="119741097" />
  <Point X="139" Y="225" T="119741121" />
  <Point X="139" Y="231" T="119741145" />
  <Point X="139" Y="238" T="119741169" />
  <Point X="139" Y="243" T="119741193" />
  <Point X="140" Y="248" T="119741218" />
  <Point X="140" Y="252" T="119741242" />
  <Point X="140" Y="256" T="119741267" />
</Gesture>