﻿<?xml version="1.0" encoding="utf-8" standalone="yes"?>
<Gesture Name="arrow08" Subject="5" Speed="medium" Number="8" NumPts="83" Millseconds="1577" AppName="Gestures" AppVer="3.7.0.0" Date="Friday, March 09, 2007" TimeOfDay="9:54:01 PM">
  <Point X="75" Y="212" T="119755017" />
  <Point X="77" Y="210" T="119755029" />
  <Point X="79" Y="210" T="119755041" />
  <Point X="81" Y="209" T="119755049" />
  <Point X="83" Y="209" T="119755057" />
  <Point X="86" Y="208" T="119755064" />
  <Point X="88" Y="207" T="119755072" />
  <Point X="90" Y="205" T="119755080" />
  <Point X="93" Y="205" T="119755088" />
  <Point X="96" Y="204" T="119755096" />
  <Point X="98" Y="202" T="119755104" />
  <Point X="101" Y="202" T="119755112" />
  <Point X="103" Y="200" T="119755120" />
  <Point X="106" Y="198" T="119755129" />
  <Point X="108" Y="198" T="119755136" />
  <Point X="111" Y="196" T="119755148" />
  <Point X="113" Y="195" T="119755156" />
  <Point X="115" Y="193" T="119755168" />
  <Point X="117" Y="192" T="119755177" />
  <Point X="120" Y="191" T="119755187" />
  <Point X="122" Y="189" T="119755199" />
  <Point X="124" Y="188" T="119755211" />
  <Point X="127" Y="186" T="119755223" />
  <Point X="129" Y="184" T="119755235" />
  <Point X="131" Y="182" T="119755248" />
  <Point X="133" Y="180" T="119755264" />
  <Point X="135" Y="179" T="119755280" />
  <Point X="137" Y="177" T="119755296" />
  <Point X="139" Y="176" T="119755316" />
  <Point X="141" Y="174" T="119755348" />
  <Point X="139" Y="174" T="119755523" />
  <Point X="137" Y="175" T="119755538" />
  <Point X="134" Y="174" T="119755550" />
  <Point X="132" Y="175" T="119755562" />
  <Point X="130" Y="175" T="119755574" />
  <Point X="127" Y="175" T="119755575" />
  <Point X="125" Y="176" T="119755588" />
  <Point X="120" Y="176" T="119755601" />
  <Point X="118" Y="176" T="119755614" />
  <Point X="116" Y="176" T="119755627" />
  <Point X="113" Y="175" T="119755640" />
  <Point X="111" Y="176" T="119755654" />
  <Point X="109" Y="175" T="119755667" />
  <Point X="107" Y="175" T="119755681" />
  <Point X="105" Y="175" T="119755707" />
  <Point X="107" Y="176" T="119755808" />
  <Point X="109" Y="175" T="119755822" />
  <Point X="111" Y="175" T="119755837" />
  <Point X="116" Y="173" T="119755853" />
  <Point X="118" Y="173" T="119755868" />
  <Point X="123" Y="174" T="119755884" />
  <Point X="125" Y="174" T="119755899" />
  <Point X="128" Y="175" T="119755915" />
  <Point X="130" Y="174" T="119755916" />
  <Point X="132" Y="175" T="119755933" />
  <Point X="135" Y="175" T="119755950" />
  <Point X="139" Y="174" T="119755967" />
  <Point X="142" Y="173" T="119755985" />
  <Point X="144" Y="172" T="119756002" />
  <Point X="146" Y="171" T="119756023" />
  <Point X="148" Y="169" T="119756041" />
  <Point X="150" Y="169" T="119756059" />
  <Point X="152" Y="167" T="119756076" />
  <Point X="154" Y="166" T="119756116" />
  <Point X="154" Y="168" T="119756205" />
  <Point X="153" Y="170" T="119756229" />
  <Point X="153" Y="172" T="119756278" />
  <Point X="153" Y="175" T="119756298" />
  <Point X="153" Y="177" T="119756317" />
  <Point X="153" Y="179" T="119756318" />
  <Point X="152" Y="182" T="119756339" />
  <Point X="152" Y="187" T="119756359" />
  <Point X="152" Y="192" T="119756379" />
  <Point X="151" Y="198" T="119756399" />
  <Point X="151" Y="203" T="119756420" />
  <Point X="151" Y="208" T="119756441" />
  <Point X="150" Y="213" T="119756462" />
  <Point X="150" Y="218" T="119756483" />
  <Point X="150" Y="225" T="119756507" />
  <Point X="151" Y="229" T="119756529" />
  <Point X="151" Y="231" T="119756551" />
  <Point X="151" Y="236" T="119756572" />
  <Point X="152" Y="238" T="119756594" />
</Gesture>