﻿<?xml version="1.0" encoding="utf-8" standalone="yes"?>
<Gesture Name="arrow09" Subject="5" Speed="medium" Number="9" NumPts="81" Millseconds="1515" AppName="Gestures" AppVer="3.7.0.0" Date="Friday, March 09, 2007" TimeOfDay="9:54:03 PM">
  <Point X="79" Y="215" T="119757112" />
  <Point X="81" Y="214" T="119757123" />
  <Point X="82" Y="212" T="119757131" />
  <Point X="85" Y="212" T="119757143" />
  <Point X="87" Y="210" T="119757158" />
  <Point X="89" Y="209" T="119757166" />
  <Point X="92" Y="208" T="119757172" />
  <Point X="94" Y="207" T="119757180" />
  <Point X="96" Y="205" T="119757188" />
  <Point X="99" Y="204" T="119757196" />
  <Point X="101" Y="202" T="119757203" />
  <Point X="104" Y="201" T="119757211" />
  <Point X="106" Y="200" T="119757219" />
  <Point X="108" Y="199" T="119757227" />
  <Point X="111" Y="197" T="119757236" />
  <Point X="113" Y="196" T="119757244" />
  <Point X="116" Y="195" T="119757256" />
  <Point X="119" Y="192" T="119757264" />
  <Point X="121" Y="191" T="119757276" />
  <Point X="124" Y="189" T="119757288" />
  <Point X="126" Y="187" T="119757304" />
  <Point X="128" Y="185" T="119757316" />
  <Point X="130" Y="184" T="119757329" />
  <Point X="133" Y="182" T="119757344" />
  <Point X="134" Y="179" T="119757356" />
  <Point X="137" Y="177" T="119757368" />
  <Point X="139" Y="175" T="119757384" />
  <Point X="141" Y="173" T="119757400" />
  <Point X="143" Y="171" T="119757416" />
  <Point X="145" Y="170" T="119757444" />
  <Point X="143" Y="171" T="119757532" />
  <Point X="141" Y="171" T="119757548" />
  <Point X="139" Y="172" T="119757560" />
  <Point X="137" Y="173" T="119757573" />
  <Point X="134" Y="172" T="119757585" />
  <Point X="132" Y="174" T="119757598" />
  <Point X="129" Y="175" T="119757611" />
  <Point X="126" Y="175" T="119757624" />
  <Point X="124" Y="175" T="119757638" />
  <Point X="119" Y="174" T="119757652" />
  <Point X="115" Y="175" T="119757667" />
  <Point X="110" Y="175" T="119757681" />
  <Point X="108" Y="175" T="119757696" />
  <Point X="106" Y="176" T="119757697" />
  <Point X="104" Y="176" T="119757713" />
  <Point X="99" Y="176" T="119757729" />
  <Point X="97" Y="177" T="119757744" />
  <Point X="95" Y="176" T="119757759" />
  <Point X="93" Y="176" T="119757796" />
  <Point X="95" Y="175" T="119757873" />
  <Point X="97" Y="174" T="119757889" />
  <Point X="99" Y="174" T="119757905" />
  <Point X="103" Y="172" T="119757922" />
  <Point X="108" Y="171" T="119757939" />
  <Point X="113" Y="171" T="119757957" />
  <Point X="117" Y="170" T="119757975" />
  <Point X="121" Y="169" T="119757993" />
  <Point X="127" Y="169" T="119758011" />
  <Point X="129" Y="167" T="119758029" />
  <Point X="134" Y="168" T="119758047" />
  <Point X="139" Y="166" T="119758065" />
  <Point X="141" Y="165" T="119758084" />
  <Point X="144" Y="165" T="119758105" />
  <Point X="146" Y="164" T="119758124" />
  <Point X="148" Y="164" T="119758143" />
  <Point X="150" Y="163" T="119758163" />
  <Point X="152" Y="165" T="119758337" />
  <Point X="152" Y="167" T="119758366" />
  <Point X="152" Y="169" T="119758386" />
  <Point X="152" Y="174" T="119758407" />
  <Point X="152" Y="178" T="119758427" />
  <Point X="152" Y="182" T="119758448" />
  <Point X="151" Y="189" T="119758470" />
  <Point X="151" Y="192" T="119758471" />
  <Point X="150" Y="198" T="119758493" />
  <Point X="149" Y="205" T="119758515" />
  <Point X="149" Y="210" T="119758537" />
  <Point X="150" Y="217" T="119758559" />
  <Point X="150" Y="222" T="119758581" />
  <Point X="151" Y="227" T="119758604" />
  <Point X="152" Y="234" T="119758627" />
</Gesture>