﻿<?xml version="1.0" encoding="utf-8" standalone="yes"?>
<Gesture Name="arrow01" Subject="5" Speed="medium" Number="1" NumPts="102" Millseconds="2293" AppName="Gestures" AppVer="3.7.0.0" Date="Friday, March 09, 2007" TimeOfDay="9:53:43 PM">
  <Point X="39" Y="230" T="119736569" />
  <Point X="41" Y="229" T="119736723" />
  <Point X="43" Y="228" T="119736735" />
  <Point X="46" Y="228" T="119736751" />
  <Point X="48" Y="226" T="119736760" />
  <Point X="51" Y="225" T="119736772" />
  <Point X="53" Y="225" T="119736784" />
  <Point X="55" Y="224" T="119736792" />
  <Point X="57" Y="223" T="119736800" />
  <Point X="59" Y="221" T="119736808" />
  <Point X="61" Y="221" T="119736816" />
  <Point X="63" Y="220" T="119736824" />
  <Point X="65" Y="220" T="119736832" />
  <Point X="67" Y="219" T="119736841" />
  <Point X="70" Y="218" T="119736848" />
  <Point X="72" Y="218" T="119736860" />
  <Point X="74" Y="215" T="119736873" />
  <Point X="77" Y="216" T="119736886" />
  <Point X="79" Y="215" T="119736895" />
  <Point X="81" Y="214" T="119736905" />
  <Point X="83" Y="213" T="119736914" />
  <Point X="85" Y="211" T="119736923" />
  <Point X="88" Y="210" T="119736934" />
  <Point X="90" Y="209" T="119736945" />
  <Point X="92" Y="209" T="119736958" />
  <Point X="95" Y="207" T="119736971" />
  <Point X="97" Y="206" T="119736983" />
  <Point X="100" Y="204" T="119736994" />
  <Point X="103" Y="203" T="119737006" />
  <Point X="105" Y="203" T="119737018" />
  <Point X="107" Y="201" T="119737030" />
  <Point X="109" Y="200" T="119737042" />
  <Point X="111" Y="198" T="119737055" />
  <Point X="113" Y="197" T="119737069" />
  <Point X="116" Y="196" T="119737090" />
  <Point X="118" Y="193" T="119737107" />
  <Point X="120" Y="191" T="119737127" />
  <Point X="122" Y="190" T="119737148" />
  <Point X="123" Y="188" T="119737172" />
  <Point X="125" Y="186" T="119737200" />
  <Point X="128" Y="184" T="119737224" />
  <Point X="130" Y="182" T="119737249" />
  <Point X="132" Y="181" T="119737281" />
  <Point X="134" Y="179" T="119737314" />
  <Point X="136" Y="178" T="119737354" />
  <Point X="133" Y="178" T="119737516" />
  <Point X="131" Y="177" T="119737544" />
  <Point X="129" Y="178" T="119737568" />
  <Point X="127" Y="178" T="119737584" />
  <Point X="125" Y="179" T="119737604" />
  <Point X="123" Y="179" T="119737624" />
  <Point X="120" Y="179" T="119737645" />
  <Point X="118" Y="181" T="119737661" />
  <Point X="116" Y="181" T="119737681" />
  <Point X="113" Y="180" T="119737701" />
  <Point X="111" Y="182" T="119737717" />
  <Point X="109" Y="181" T="119737734" />
  <Point X="107" Y="182" T="119737751" />
  <Point X="105" Y="182" T="119737769" />
  <Point X="103" Y="183" T="119737786" />
  <Point X="101" Y="183" T="119737804" />
  <Point X="97" Y="183" T="119737821" />
  <Point X="95" Y="184" T="119737839" />
  <Point X="90" Y="184" T="119737857" />
  <Point X="88" Y="184" T="119737876" />
  <Point X="86" Y="184" T="119737894" />
  <Point X="84" Y="185" T="119737913" />
  <Point X="82" Y="184" T="119737932" />
  <Point X="84" Y="183" T="119738018" />
  <Point X="88" Y="182" T="119738037" />
  <Point X="93" Y="180" T="119738057" />
  <Point X="96" Y="181" T="119738059" />
  <Point X="101" Y="179" T="119738079" />
  <Point X="109" Y="178" T="119738100" />
  <Point X="113" Y="178" T="119738125" />
  <Point X="119" Y="177" T="119738145" />
  <Point X="123" Y="177" T="119738167" />
  <Point X="128" Y="174" T="119738188" />
  <Point X="133" Y="172" T="119738210" />
  <Point X="138" Y="170" T="119738232" />
  <Point X="140" Y="169" T="119738253" />
  <Point X="142" Y="168" T="119738254" />
  <Point X="143" Y="170" T="119738402" />
  <Point X="142" Y="172" T="119738442" />
  <Point X="142" Y="174" T="119738464" />
  <Point X="141" Y="179" T="119738487" />
  <Point X="141" Y="184" T="119738510" />
  <Point X="141" Y="186" T="119738533" />
  <Point X="141" Y="188" T="119738534" />
  <Point X="140" Y="191" T="119738559" />
  <Point X="140" Y="197" T="119738583" />
  <Point X="139" Y="205" T="119738607" />
  <Point X="139" Y="210" T="119738632" />
  <Point X="139" Y="217" T="119738659" />
  <Point X="139" Y="222" T="119738684" />
  <Point X="140" Y="227" T="119738709" />
  <Point X="140" Y="234" T="119738734" />
  <Point X="142" Y="242" T="119738759" />
  <Point X="142" Y="246" T="119738785" />
  <Point X="142" Y="252" T="119738810" />
  <Point X="142" Y="254" T="119738836" />
  <Point X="142" Y="256" T="119738862" />
</Gesture>