﻿<?xml version="1.0" encoding="utf-8" standalone="yes"?>
<Gesture Name="arrow05" Subject="5" Speed="medium" Number="5" NumPts="97" Millseconds="1840" AppName="Gestures" AppVer="3.7.0.0" Date="Friday, March 09, 2007" TimeOfDay="9:53:54 PM">
  <Point X="55" Y="218" T="119747634" />
  <Point X="58" Y="217" T="119747649" />
  <Point X="60" Y="217" T="119747661" />
  <Point X="62" Y="217" T="119747674" />
  <Point X="65" Y="215" T="119747686" />
  <Point X="67" Y="214" T="119747694" />
  <Point X="69" Y="214" T="119747702" />
  <Point X="72" Y="213" T="119747714" />
  <Point X="74" Y="212" T="119747722" />
  <Point X="76" Y="211" T="119747730" />
  <Point X="79" Y="211" T="119747738" />
  <Point X="81" Y="210" T="119747746" />
  <Point X="83" Y="209" T="119747754" />
  <Point X="86" Y="208" T="119747763" />
  <Point X="88" Y="208" T="119747771" />
  <Point X="90" Y="206" T="119747780" />
  <Point X="92" Y="205" T="119747789" />
  <Point X="94" Y="204" T="119747797" />
  <Point X="96" Y="202" T="119747806" />
  <Point X="98" Y="202" T="119747814" />
  <Point X="101" Y="201" T="119747823" />
  <Point X="103" Y="200" T="119747833" />
  <Point X="105" Y="199" T="119747842" />
  <Point X="107" Y="197" T="119747852" />
  <Point X="111" Y="196" T="119747861" />
  <Point X="113" Y="195" T="119747871" />
  <Point X="115" Y="193" T="119747882" />
  <Point X="117" Y="191" T="119747892" />
  <Point X="120" Y="190" T="119747903" />
  <Point X="122" Y="189" T="119747914" />
  <Point X="125" Y="186" T="119747925" />
  <Point X="127" Y="184" T="119747936" />
  <Point X="129" Y="183" T="119747948" />
  <Point X="131" Y="182" T="119747960" />
  <Point X="134" Y="180" T="119747972" />
  <Point X="136" Y="178" T="119747985" />
  <Point X="138" Y="176" T="119747997" />
  <Point X="140" Y="174" T="119748010" />
  <Point X="142" Y="173" T="119748029" />
  <Point X="144" Y="171" T="119748046" />
  <Point X="145" Y="169" T="119748062" />
  <Point X="147" Y="168" T="119748077" />
  <Point X="149" Y="166" T="119748106" />
  <Point X="151" Y="164" T="119748150" />
  <Point X="153" Y="162" T="119748211" />
  <Point X="151" Y="163" T="119748308" />
  <Point X="149" Y="164" T="119748324" />
  <Point X="147" Y="164" T="119748340" />
  <Point X="144" Y="165" T="119748355" />
  <Point X="142" Y="166" T="119748371" />
  <Point X="139" Y="165" T="119748387" />
  <Point X="137" Y="166" T="119748403" />
  <Point X="135" Y="166" T="119748419" />
  <Point X="130" Y="166" T="119748435" />
  <Point X="128" Y="167" T="119748452" />
  <Point X="126" Y="166" T="119748468" />
  <Point X="123" Y="167" T="119748485" />
  <Point X="121" Y="167" T="119748502" />
  <Point X="119" Y="167" T="119748519" />
  <Point X="117" Y="168" T="119748536" />
  <Point X="115" Y="168" T="119748565" />
  <Point X="114" Y="166" T="119748609" />
  <Point X="117" Y="166" T="119748638" />
  <Point X="119" Y="164" T="119748658" />
  <Point X="121" Y="163" T="119748676" />
  <Point X="123" Y="163" T="119748695" />
  <Point X="126" Y="163" T="119748713" />
  <Point X="130" Y="162" T="119748732" />
  <Point X="132" Y="161" T="119748752" />
  <Point X="137" Y="160" T="119748771" />
  <Point X="141" Y="159" T="119748791" />
  <Point X="143" Y="157" T="119748811" />
  <Point X="145" Y="157" T="119748831" />
  <Point X="147" Y="156" T="119748851" />
  <Point X="148" Y="154" T="119748871" />
  <Point X="150" Y="154" T="119748892" />
  <Point X="152" Y="152" T="119748922" />
  <Point X="152" Y="154" T="119749051" />
  <Point X="152" Y="157" T="119749072" />
  <Point X="152" Y="159" T="119749094" />
  <Point X="153" Y="163" T="119749116" />
  <Point X="153" Y="165" T="119749138" />
  <Point X="155" Y="168" T="119749163" />
  <Point X="155" Y="170" T="119749185" />
  <Point X="157" Y="175" T="119749208" />
  <Point X="157" Y="179" T="119749230" />
  <Point X="158" Y="182" T="119749254" />
  <Point X="158" Y="188" T="119749277" />
  <Point X="158" Y="194" T="119749300" />
  <Point X="158" Y="202" T="119749324" />
  <Point X="158" Y="206" T="119749348" />
  <Point X="159" Y="214" T="119749373" />
  <Point X="160" Y="220" T="119749398" />
  <Point X="161" Y="223" T="119749422" />
  <Point X="161" Y="225" T="119749423" />
  <Point X="162" Y="229" T="119749449" />
  <Point X="163" Y="231" T="119749474" />
</Gesture>