﻿<?xml version="1.0" encoding="utf-8" standalone="yes"?>
<Gesture Name="arrow04" Subject="5" Speed="medium" Number="4" NumPts="102" Millseconds="2523" AppName="Gestures" AppVer="3.7.0.0" Date="Friday, March 09, 2007" TimeOfDay="9:53:51 PM">
  <Point X="56" Y="226" T="119744349" />
  <Point X="59" Y="225" T="119744357" />
  <Point X="61" Y="224" T="119744365" />
  <Point X="63" Y="223" T="119744373" />
  <Point X="66" Y="223" T="119744381" />
  <Point X="68" Y="221" T="119744389" />
  <Point X="71" Y="221" T="119744397" />
  <Point X="73" Y="220" T="119744405" />
  <Point X="75" Y="220" T="119744413" />
  <Point X="78" Y="219" T="119744421" />
  <Point X="80" Y="218" T="119744429" />
  <Point X="83" Y="217" T="119744437" />
  <Point X="85" Y="216" T="119744445" />
  <Point X="87" Y="215" T="119744454" />
  <Point X="90" Y="214" T="119744461" />
  <Point X="92" Y="214" T="119744469" />
  <Point X="95" Y="212" T="119744477" />
  <Point X="97" Y="210" T="119744486" />
  <Point X="99" Y="209" T="119744494" />
  <Point X="101" Y="208" T="119744503" />
  <Point X="103" Y="207" T="119744512" />
  <Point X="105" Y="206" T="119744521" />
  <Point X="107" Y="205" T="119744531" />
  <Point X="110" Y="203" T="119744540" />
  <Point X="112" Y="201" T="119744550" />
  <Point X="114" Y="199" T="119744561" />
  <Point X="117" Y="198" T="119744577" />
  <Point X="119" Y="197" T="119744593" />
  <Point X="121" Y="196" T="119744609" />
  <Point X="123" Y="194" T="119744629" />
  <Point X="125" Y="192" T="119744650" />
  <Point X="127" Y="191" T="119744670" />
  <Point X="129" Y="189" T="119744690" />
  <Point X="131" Y="187" T="119744707" />
  <Point X="133" Y="186" T="119744727" />
  <Point X="135" Y="185" T="119744752" />
  <Point X="137" Y="184" T="119744779" />
  <Point X="139" Y="182" T="119744808" />
  <Point X="140" Y="180" T="119744825" />
  <Point X="142" Y="179" T="119744881" />
  <Point X="144" Y="176" T="119744913" />
  <Point X="146" Y="175" T="119745014" />
  <Point X="143" Y="174" T="119745155" />
  <Point X="141" Y="175" T="119745171" />
  <Point X="139" Y="174" T="119745185" />
  <Point X="137" Y="175" T="119745200" />
  <Point X="135" Y="175" T="119745214" />
  <Point X="133" Y="175" T="119745231" />
  <Point X="131" Y="175" T="119745251" />
  <Point X="129" Y="175" T="119745275" />
  <Point X="127" Y="175" T="119745291" />
  <Point X="125" Y="175" T="119745308" />
  <Point X="123" Y="175" T="119745327" />
  <Point X="125" Y="174" T="119745428" />
  <Point X="123" Y="176" T="119745562" />
  <Point X="121" Y="176" T="119745578" />
  <Point X="118" Y="176" T="119745595" />
  <Point X="116" Y="176" T="119745611" />
  <Point X="114" Y="177" T="119745629" />
  <Point X="112" Y="177" T="119745647" />
  <Point X="110" Y="177" T="119745667" />
  <Point X="108" Y="177" T="119745690" />
  <Point X="106" Y="178" T="119745719" />
  <Point X="108" Y="176" T="119745840" />
  <Point X="110" Y="177" T="119745858" />
  <Point X="115" Y="177" T="119745877" />
  <Point X="120" Y="174" T="119745896" />
  <Point X="122" Y="174" T="119745915" />
  <Point X="124" Y="174" T="119745935" />
  <Point X="126" Y="174" T="119745955" />
  <Point X="130" Y="174" T="119745975" />
  <Point X="132" Y="173" T="119745995" />
  <Point X="134" Y="174" T="119746016" />
  <Point X="136" Y="172" T="119746039" />
  <Point X="138" Y="172" T="119746063" />
  <Point X="140" Y="172" T="119746093" />
  <Point X="142" Y="172" T="119746117" />
  <Point X="144" Y="170" T="119746149" />
  <Point X="146" Y="170" T="119746189" />
  <Point X="148" Y="168" T="119746213" />
  <Point X="150" Y="167" T="119746250" />
  <Point X="152" Y="165" T="119746358" />
  <Point X="151" Y="167" T="119746458" />
  <Point X="151" Y="170" T="119746494" />
  <Point X="151" Y="172" T="119746526" />
  <Point X="151" Y="174" T="119746549" />
  <Point X="151" Y="177" T="119746571" />
  <Point X="151" Y="179" T="119746594" />
  <Point X="151" Y="184" T="119746618" />
  <Point X="151" Y="186" T="119746641" />
  <Point X="151" Y="191" T="119746665" />
  <Point X="152" Y="195" T="119746689" />
  <Point X="151" Y="198" T="119746690" />
  <Point X="152" Y="203" T="119746715" />
  <Point X="152" Y="208" T="119746741" />
  <Point X="153" Y="213" T="119746765" />
  <Point X="153" Y="216" T="119746766" />
  <Point X="153" Y="220" T="119746792" />
  <Point X="155" Y="225" T="119746818" />
  <Point X="155" Y="228" T="119746819" />
  <Point X="155" Y="231" T="119746845" />
  <Point X="157" Y="236" T="119746872" />
</Gesture>