﻿<?xml version="1.0" encoding="utf-8" standalone="yes"?>
<Gesture Name="caret08" Subject="5" Speed="medium" Number="8" NumPts="75" Millseconds="1608" AppName="Gestures" AppVer="3.7.0.0" Date="Friday, March 09, 2007" TimeOfDay="9:52:27 PM">
  <Point X="81" Y="207" T="119660655" />
  <Point X="83" Y="205" T="119660679" />
  <Point X="85" Y="203" T="119660699" />
  <Point X="87" Y="201" T="119660715" />
  <Point X="89" Y="198" T="119660731" />
  <Point X="90" Y="196" T="119660743" />
  <Point X="92" Y="194" T="119660755" />
  <Point X="94" Y="191" T="119660767" />
  <Point X="95" Y="189" T="119660779" />
  <Point X="96" Y="186" T="119660787" />
  <Point X="97" Y="184" T="119660799" />
  <Point X="97" Y="182" T="119660807" />
  <Point X="98" Y="180" T="119660816" />
  <Point X="99" Y="177" T="119660836" />
  <Point X="99" Y="175" T="119660852" />
  <Point X="99" Y="173" T="119660861" />
  <Point X="99" Y="171" T="119660874" />
  <Point X="100" Y="168" T="119660886" />
  <Point X="100" Y="166" T="119660898" />
  <Point X="100" Y="163" T="119660915" />
  <Point X="101" Y="161" T="119660924" />
  <Point X="102" Y="158" T="119660935" />
  <Point X="102" Y="156" T="119660946" />
  <Point X="103" Y="154" T="119660959" />
  <Point X="103" Y="151" T="119660979" />
  <Point X="103" Y="149" T="119660992" />
  <Point X="103" Y="146" T="119661008" />
  <Point X="103" Y="144" T="119661025" />
  <Point X="104" Y="141" T="119661037" />
  <Point X="104" Y="139" T="119661048" />
  <Point X="105" Y="137" T="119661062" />
  <Point X="106" Y="135" T="119661078" />
  <Point X="107" Y="132" T="119661089" />
  <Point X="107" Y="130" T="119661102" />
  <Point X="108" Y="128" T="119661119" />
  <Point X="110" Y="126" T="119661151" />
  <Point X="111" Y="124" T="119661167" />
  <Point X="112" Y="121" T="119661185" />
  <Point X="114" Y="119" T="119661208" />
  <Point X="116" Y="117" T="119661237" />
  <Point X="117" Y="115" T="119661250" />
  <Point X="119" Y="113" T="119661278" />
  <Point X="121" Y="111" T="119661305" />
  <Point X="121" Y="109" T="119661370" />
  <Point X="122" Y="106" T="119661391" />
  <Point X="123" Y="104" T="119661459" />
  <Point X="124" Y="102" T="119661495" />
  <Point X="126" Y="100" T="119661688" />
  <Point X="126" Y="102" T="119661788" />
  <Point X="125" Y="104" T="119661812" />
  <Point X="125" Y="106" T="119661840" />
  <Point X="125" Y="109" T="119661855" />
  <Point X="125" Y="112" T="119661857" />
  <Point X="125" Y="114" T="119661872" />
  <Point X="125" Y="119" T="119661889" />
  <Point X="125" Y="123" T="119661905" />
  <Point X="126" Y="128" T="119661921" />
  <Point X="127" Y="132" T="119661938" />
  <Point X="128" Y="137" T="119661956" />
  <Point X="129" Y="146" T="119661973" />
  <Point X="130" Y="151" T="119661991" />
  <Point X="132" Y="161" T="119662009" />
  <Point X="133" Y="165" T="119662026" />
  <Point X="136" Y="173" T="119662045" />
  <Point X="138" Y="178" T="119662063" />
  <Point X="141" Y="185" T="119662081" />
  <Point X="146" Y="194" T="119662100" />
  <Point X="150" Y="199" T="119662119" />
  <Point X="154" Y="203" T="119662139" />
  <Point X="158" Y="207" T="119662161" />
  <Point X="162" Y="210" T="119662181" />
  <Point X="164" Y="212" T="119662201" />
  <Point X="166" Y="214" T="119662221" />
  <Point X="168" Y="217" T="119662242" />
  <Point X="169" Y="219" T="119662263" />
</Gesture>