﻿<?xml version="1.0" encoding="utf-8" standalone="yes"?>
<Gesture Name="caret09" Subject="5" Speed="medium" Number="9" NumPts="78" Millseconds="1465" AppName="Gestures" AppVer="3.7.0.0" Date="Friday, March 09, 2007" TimeOfDay="9:52:29 PM">
  <Point X="86" Y="202" T="119662774" />
  <Point X="88" Y="200" T="119662790" />
  <Point X="90" Y="198" T="119662807" />
  <Point X="92" Y="195" T="119662819" />
  <Point X="93" Y="193" T="119662828" />
  <Point X="95" Y="190" T="119662844" />
  <Point X="97" Y="187" T="119662860" />
  <Point X="98" Y="185" T="119662872" />
  <Point X="99" Y="183" T="119662888" />
  <Point X="100" Y="181" T="119662903" />
  <Point X="100" Y="178" T="119662919" />
  <Point X="101" Y="176" T="119662931" />
  <Point X="102" Y="174" T="119662952" />
  <Point X="103" Y="171" T="119662964" />
  <Point X="103" Y="169" T="119662977" />
  <Point X="103" Y="166" T="119662993" />
  <Point X="103" Y="164" T="119663010" />
  <Point X="103" Y="162" T="119663022" />
  <Point X="104" Y="160" T="119663034" />
  <Point X="104" Y="157" T="119663055" />
  <Point X="105" Y="155" T="119663071" />
  <Point X="105" Y="153" T="119663087" />
  <Point X="106" Y="150" T="119663098" />
  <Point X="106" Y="147" T="119663115" />
  <Point X="106" Y="145" T="119663130" />
  <Point X="107" Y="142" T="119663140" />
  <Point X="108" Y="140" T="119663159" />
  <Point X="109" Y="137" T="119663171" />
  <Point X="110" Y="135" T="119663191" />
  <Point X="111" Y="133" T="119663203" />
  <Point X="112" Y="131" T="119663215" />
  <Point X="113" Y="129" T="119663227" />
  <Point X="113" Y="127" T="119663243" />
  <Point X="115" Y="124" T="119663268" />
  <Point X="116" Y="122" T="119663281" />
  <Point X="118" Y="120" T="119663301" />
  <Point X="119" Y="117" T="119663318" />
  <Point X="121" Y="114" T="119663357" />
  <Point X="122" Y="112" T="119663377" />
  <Point X="123" Y="110" T="119663397" />
  <Point X="125" Y="107" T="119663426" />
  <Point X="126" Y="105" T="119663487" />
  <Point X="126" Y="103" T="119663518" />
  <Point X="127" Y="101" T="119663547" />
  <Point X="129" Y="100" T="119663669" />
  <Point X="129" Y="102" T="119663705" />
  <Point X="129" Y="104" T="119663719" />
  <Point X="129" Y="106" T="119663734" />
  <Point X="129" Y="109" T="119663748" />
  <Point X="129" Y="113" T="119663763" />
  <Point X="129" Y="115" T="119663778" />
  <Point X="130" Y="118" T="119663793" />
  <Point X="130" Y="120" T="119663811" />
  <Point X="131" Y="125" T="119663827" />
  <Point X="132" Y="127" T="119663842" />
  <Point X="134" Y="133" T="119663859" />
  <Point X="136" Y="137" T="119663875" />
  <Point X="137" Y="141" T="119663892" />
  <Point X="140" Y="146" T="119663909" />
  <Point X="141" Y="148" T="119663910" />
  <Point X="143" Y="152" T="119663927" />
  <Point X="144" Y="154" T="119663944" />
  <Point X="146" Y="157" T="119663945" />
  <Point X="149" Y="162" T="119663963" />
  <Point X="151" Y="169" T="119663982" />
  <Point X="154" Y="175" T="119664000" />
  <Point X="157" Y="180" T="119664020" />
  <Point X="160" Y="184" T="119664039" />
  <Point X="163" Y="189" T="119664058" />
  <Point X="166" Y="191" T="119664077" />
  <Point X="168" Y="196" T="119664096" />
  <Point X="171" Y="200" T="119664116" />
  <Point X="175" Y="204" T="119664136" />
  <Point X="178" Y="208" T="119664156" />
  <Point X="180" Y="208" T="119664176" />
  <Point X="184" Y="210" T="119664196" />
  <Point X="186" Y="213" T="119664218" />
  <Point X="187" Y="215" T="119664239" />
</Gesture>