﻿<?xml version="1.0" encoding="utf-8" standalone="yes"?>
<Gesture Name="caret01" Subject="5" Speed="medium" Number="1" NumPts="80" Millseconds="1644" AppName="Gestures" AppVer="3.7.0.0" Date="Friday, March 09, 2007" TimeOfDay="9:52:13 PM">
  <Point X="56" Y="235" T="119646844" />
  <Point X="57" Y="233" T="119646899" />
  <Point X="59" Y="233" T="119646924" />
  <Point X="61" Y="231" T="119646945" />
  <Point X="63" Y="229" T="119646961" />
  <Point X="65" Y="228" T="119646973" />
  <Point X="67" Y="226" T="119646985" />
  <Point X="69" Y="224" T="119646997" />
  <Point X="71" Y="221" T="119647013" />
  <Point X="73" Y="219" T="119647029" />
  <Point X="74" Y="217" T="119647037" />
  <Point X="76" Y="215" T="119647057" />
  <Point X="77" Y="213" T="119647065" />
  <Point X="79" Y="210" T="119647086" />
  <Point X="80" Y="208" T="119647095" />
  <Point X="81" Y="205" T="119647107" />
  <Point X="83" Y="202" T="119647124" />
  <Point X="84" Y="200" T="119647139" />
  <Point X="85" Y="197" T="119647148" />
  <Point X="86" Y="195" T="119647157" />
  <Point X="87" Y="193" T="119647176" />
  <Point X="88" Y="190" T="119647186" />
  <Point X="88" Y="188" T="119647196" />
  <Point X="89" Y="186" T="119647209" />
  <Point X="90" Y="183" T="119647225" />
  <Point X="91" Y="181" T="119647236" />
  <Point X="92" Y="179" T="119647252" />
  <Point X="93" Y="176" T="119647263" />
  <Point X="94" Y="174" T="119647277" />
  <Point X="95" Y="172" T="119647289" />
  <Point X="96" Y="169" T="119647300" />
  <Point X="96" Y="166" T="119647313" />
  <Point X="97" Y="164" T="119647329" />
  <Point X="97" Y="162" T="119647342" />
  <Point X="98" Y="160" T="119647357" />
  <Point X="99" Y="157" T="119647374" />
  <Point X="99" Y="155" T="119647387" />
  <Point X="100" Y="153" T="119647400" />
  <Point X="102" Y="148" T="119647414" />
  <Point X="103" Y="146" T="119647428" />
  <Point X="104" Y="144" T="119647442" />
  <Point X="105" Y="142" T="119647456" />
  <Point X="105" Y="140" T="119647470" />
  <Point X="106" Y="137" T="119647491" />
  <Point X="107" Y="135" T="119647524" />
  <Point X="108" Y="132" T="119647547" />
  <Point X="109" Y="130" T="119647659" />
  <Point X="110" Y="128" T="119647679" />
  <Point X="111" Y="126" T="119647776" />
  <Point X="111" Y="128" T="119647876" />
  <Point X="111" Y="130" T="119647924" />
  <Point X="111" Y="132" T="119647949" />
  <Point X="110" Y="135" T="119647966" />
  <Point X="111" Y="138" T="119647982" />
  <Point X="111" Y="140" T="119647998" />
  <Point X="111" Y="144" T="119648016" />
  <Point X="111" Y="148" T="119648033" />
  <Point X="112" Y="151" T="119648051" />
  <Point X="112" Y="156" T="119648069" />
  <Point X="113" Y="160" T="119648087" />
  <Point X="115" Y="166" T="119648106" />
  <Point X="116" Y="171" T="119648125" />
  <Point X="117" Y="173" T="119648144" />
  <Point X="118" Y="179" T="119648164" />
  <Point X="121" Y="185" T="119648183" />
  <Point X="123" Y="191" T="119648202" />
  <Point X="125" Y="198" T="119648222" />
  <Point X="127" Y="203" T="119648243" />
  <Point X="130" Y="207" T="119648263" />
  <Point X="133" Y="214" T="119648283" />
  <Point X="137" Y="219" T="119648304" />
  <Point X="139" Y="222" T="119648325" />
  <Point X="141" Y="225" T="119648326" />
  <Point X="144" Y="229" T="119648352" />
  <Point X="146" Y="234" T="119648374" />
  <Point X="149" Y="238" T="119648396" />
  <Point X="151" Y="241" T="119648419" />
  <Point X="153" Y="245" T="119648442" />
  <Point X="155" Y="246" T="119648465" />
  <Point X="156" Y="249" T="119648488" />
</Gesture>