﻿<?xml version="1.0" encoding="utf-8" standalone="yes"?>
<Gesture Name="caret05" Subject="5" Speed="medium" Number="5" NumPts="77" Millseconds="1418" AppName="Gestures" AppVer="3.7.0.0" Date="Friday, March 09, 2007" TimeOfDay="9:52:21 PM">
  <Point X="79" Y="216" T="119654678" />
  <Point X="80" Y="214" T="119654691" />
  <Point X="82" Y="212" T="119654707" />
  <Point X="84" Y="210" T="119654724" />
  <Point X="85" Y="207" T="119654731" />
  <Point X="87" Y="205" T="119654747" />
  <Point X="89" Y="203" T="119654760" />
  <Point X="90" Y="201" T="119654768" />
  <Point X="92" Y="197" T="119654783" />
  <Point X="94" Y="195" T="119654803" />
  <Point X="94" Y="192" T="119654819" />
  <Point X="95" Y="190" T="119654836" />
  <Point X="96" Y="188" T="119654844" />
  <Point X="96" Y="186" T="119654864" />
  <Point X="97" Y="184" T="119654876" />
  <Point X="97" Y="181" T="119654893" />
  <Point X="98" Y="179" T="119654910" />
  <Point X="98" Y="176" T="119654931" />
  <Point X="98" Y="174" T="119654958" />
  <Point X="98" Y="172" T="119654980" />
  <Point X="99" Y="169" T="119655000" />
  <Point X="99" Y="167" T="119655013" />
  <Point X="99" Y="165" T="119655028" />
  <Point X="100" Y="163" T="119655045" />
  <Point X="100" Y="161" T="119655060" />
  <Point X="101" Y="158" T="119655076" />
  <Point X="102" Y="156" T="119655088" />
  <Point X="103" Y="153" T="119655100" />
  <Point X="104" Y="151" T="119655112" />
  <Point X="105" Y="149" T="119655124" />
  <Point X="106" Y="147" T="119655136" />
  <Point X="107" Y="144" T="119655148" />
  <Point X="108" Y="142" T="119655161" />
  <Point X="109" Y="140" T="119655174" />
  <Point X="111" Y="138" T="119655187" />
  <Point X="112" Y="135" T="119655200" />
  <Point X="114" Y="132" T="119655213" />
  <Point X="116" Y="130" T="119655226" />
  <Point X="117" Y="128" T="119655240" />
  <Point X="118" Y="126" T="119655253" />
  <Point X="120" Y="123" T="119655268" />
  <Point X="122" Y="121" T="119655282" />
  <Point X="123" Y="119" T="119655296" />
  <Point X="125" Y="117" T="119655317" />
  <Point X="127" Y="115" T="119655382" />
  <Point X="128" Y="113" T="119655406" />
  <Point X="129" Y="110" T="119655519" />
  <Point X="130" Y="108" T="119655551" />
  <Point X="130" Y="110" T="119655632" />
  <Point X="130" Y="112" T="119655656" />
  <Point X="130" Y="116" T="119655673" />
  <Point X="130" Y="119" T="119655689" />
  <Point X="130" Y="121" T="119655705" />
  <Point X="131" Y="126" T="119655721" />
  <Point X="131" Y="128" T="119655737" />
  <Point X="131" Y="130" T="119655738" />
  <Point X="132" Y="136" T="119655755" />
  <Point X="133" Y="141" T="119655772" />
  <Point X="134" Y="150" T="119655789" />
  <Point X="135" Y="157" T="119655806" />
  <Point X="137" Y="164" T="119655824" />
  <Point X="140" Y="175" T="119655842" />
  <Point X="142" Y="181" T="119655860" />
  <Point X="145" Y="188" T="119655878" />
  <Point X="148" Y="194" T="119655897" />
  <Point X="149" Y="197" T="119655898" />
  <Point X="152" Y="203" T="119655916" />
  <Point X="155" Y="208" T="119655935" />
  <Point X="158" Y="213" T="119655954" />
  <Point X="161" Y="217" T="119655974" />
  <Point X="164" Y="223" T="119655993" />
  <Point X="166" Y="225" T="119656013" />
  <Point X="168" Y="226" T="119656014" />
  <Point X="171" Y="231" T="119656034" />
  <Point X="173" Y="233" T="119656054" />
  <Point X="175" Y="234" T="119656074" />
  <Point X="176" Y="236" T="119656096" />
</Gesture>