﻿<?xml version="1.0" encoding="utf-8" standalone="yes"?>
<Gesture Name="caret06" Subject="5" Speed="medium" Number="6" NumPts="76" Millseconds="1417" AppName="Gestures" AppVer="3.7.0.0" Date="Friday, March 09, 2007" TimeOfDay="9:52:23 PM">
  <Point X="78" Y="211" T="119656625" />
  <Point X="80" Y="209" T="119656648" />
  <Point X="82" Y="208" T="119656669" />
  <Point X="84" Y="206" T="119656681" />
  <Point X="85" Y="204" T="119656690" />
  <Point X="87" Y="203" T="119656702" />
  <Point X="89" Y="200" T="119656714" />
  <Point X="90" Y="198" T="119656727" />
  <Point X="92" Y="196" T="119656739" />
  <Point X="93" Y="194" T="119656751" />
  <Point X="94" Y="192" T="119656763" />
  <Point X="95" Y="190" T="119656775" />
  <Point X="96" Y="187" T="119656787" />
  <Point X="96" Y="185" T="119656798" />
  <Point X="97" Y="183" T="119656818" />
  <Point X="97" Y="180" T="119656827" />
  <Point X="98" Y="178" T="119656839" />
  <Point X="99" Y="175" T="119656855" />
  <Point X="99" Y="173" T="119656863" />
  <Point X="100" Y="170" T="119656879" />
  <Point X="101" Y="168" T="119656895" />
  <Point X="101" Y="166" T="119656916" />
  <Point X="101" Y="164" T="119656925" />
  <Point X="102" Y="162" T="119656944" />
  <Point X="102" Y="160" T="119656954" />
  <Point X="103" Y="158" T="119656964" />
  <Point X="104" Y="155" T="119656976" />
  <Point X="105" Y="153" T="119656988" />
  <Point X="106" Y="150" T="119657004" />
  <Point X="106" Y="148" T="119657020" />
  <Point X="107" Y="145" T="119657040" />
  <Point X="108" Y="142" T="119657052" />
  <Point X="109" Y="140" T="119657068" />
  <Point X="110" Y="138" T="119657080" />
  <Point X="112" Y="136" T="119657097" />
  <Point X="113" Y="133" T="119657117" />
  <Point X="114" Y="131" T="119657129" />
  <Point X="115" Y="128" T="119657157" />
  <Point X="116" Y="126" T="119657181" />
  <Point X="117" Y="124" T="119657194" />
  <Point X="118" Y="122" T="119657207" />
  <Point X="120" Y="120" T="119657229" />
  <Point X="121" Y="118" T="119657250" />
  <Point X="121" Y="116" T="119657287" />
  <Point X="122" Y="113" T="119657310" />
  <Point X="122" Y="111" T="119657403" />
  <Point X="124" Y="111" T="119657552" />
  <Point X="124" Y="113" T="119657573" />
  <Point X="124" Y="115" T="119657588" />
  <Point X="124" Y="117" T="119657603" />
  <Point X="124" Y="121" T="119657619" />
  <Point X="124" Y="123" T="119657634" />
  <Point X="125" Y="128" T="119657650" />
  <Point X="125" Y="133" T="119657666" />
  <Point X="127" Y="139" T="119657685" />
  <Point X="127" Y="141" T="119657701" />
  <Point X="127" Y="144" T="119657702" />
  <Point X="128" Y="149" T="119657719" />
  <Point X="130" Y="154" T="119657736" />
  <Point X="131" Y="160" T="119657753" />
  <Point X="133" Y="166" T="119657771" />
  <Point X="135" Y="174" T="119657789" />
  <Point X="137" Y="182" T="119657807" />
  <Point X="139" Y="186" T="119657825" />
  <Point X="141" Y="192" T="119657843" />
  <Point X="144" Y="199" T="119657863" />
  <Point X="148" Y="207" T="119657882" />
  <Point X="151" Y="211" T="119657902" />
  <Point X="155" Y="217" T="119657921" />
  <Point X="158" Y="222" T="119657941" />
  <Point X="161" Y="224" T="119657961" />
  <Point X="163" Y="225" T="119657962" />
  <Point X="165" Y="226" T="119657982" />
  <Point X="169" Y="229" T="119658002" />
  <Point X="171" Y="230" T="119658022" />
  <Point X="171" Y="232" T="119658042" />
</Gesture>