﻿<?xml version="1.0" encoding="utf-8" standalone="yes"?>
<Gesture Name="caret10" Subject="5" Speed="medium" Number="10" NumPts="79" Millseconds="1391" AppName="Gestures" AppVer="3.7.0.0" Date="Friday, March 09, 2007" TimeOfDay="9:52:31 PM">
  <Point X="58" Y="232" T="119665096" />
  <Point X="60" Y="231" T="119665113" />
  <Point X="62" Y="229" T="119665125" />
  <Point X="64" Y="227" T="119665133" />
  <Point X="65" Y="224" T="119665142" />
  <Point X="67" Y="223" T="119665150" />
  <Point X="70" Y="222" T="119665162" />
  <Point X="71" Y="219" T="119665170" />
  <Point X="75" Y="215" T="119665195" />
  <Point X="76" Y="213" T="119665203" />
  <Point X="78" Y="210" T="119665218" />
  <Point X="79" Y="208" T="119665230" />
  <Point X="80" Y="206" T="119665243" />
  <Point X="81" Y="204" T="119665255" />
  <Point X="82" Y="201" T="119665276" />
  <Point X="82" Y="199" T="119665284" />
  <Point X="83" Y="197" T="119665300" />
  <Point X="84" Y="195" T="119665316" />
  <Point X="84" Y="193" T="119665332" />
  <Point X="85" Y="190" T="119665345" />
  <Point X="85" Y="188" T="119665361" />
  <Point X="85" Y="185" T="119665377" />
  <Point X="86" Y="183" T="119665393" />
  <Point X="86" Y="180" T="119665417" />
  <Point X="87" Y="178" T="119665436" />
  <Point X="87" Y="175" T="119665452" />
  <Point X="88" Y="173" T="119665464" />
  <Point X="89" Y="171" T="119665476" />
  <Point X="89" Y="169" T="119665487" />
  <Point X="90" Y="167" T="119665498" />
  <Point X="92" Y="165" T="119665508" />
  <Point X="93" Y="163" T="119665519" />
  <Point X="93" Y="161" T="119665531" />
  <Point X="95" Y="157" T="119665543" />
  <Point X="96" Y="155" T="119665555" />
  <Point X="97" Y="153" T="119665567" />
  <Point X="98" Y="151" T="119665580" />
  <Point X="99" Y="149" T="119665593" />
  <Point X="100" Y="147" T="119665605" />
  <Point X="102" Y="144" T="119665618" />
  <Point X="103" Y="142" T="119665631" />
  <Point X="104" Y="140" T="119665645" />
  <Point X="105" Y="137" T="119665658" />
  <Point X="106" Y="135" T="119665672" />
  <Point X="108" Y="133" T="119665687" />
  <Point X="110" Y="128" T="119665701" />
  <Point X="112" Y="126" T="119665715" />
  <Point X="113" Y="124" T="119665730" />
  <Point X="114" Y="122" T="119665745" />
  <Point X="115" Y="119" T="119665759" />
  <Point X="117" Y="117" T="119665775" />
  <Point X="118" Y="115" T="119665790" />
  <Point X="118" Y="112" T="119665832" />
  <Point X="119" Y="109" T="119665881" />
  <Point X="120" Y="111" T="119666030" />
  <Point X="119" Y="113" T="119666046" />
  <Point X="119" Y="118" T="119666063" />
  <Point X="119" Y="124" T="119666080" />
  <Point X="120" Y="130" T="119666097" />
  <Point X="121" Y="135" T="119666115" />
  <Point X="122" Y="143" T="119666133" />
  <Point X="123" Y="148" T="119666150" />
  <Point X="124" Y="153" T="119666168" />
  <Point X="125" Y="159" T="119666186" />
  <Point X="127" Y="167" T="119666205" />
  <Point X="130" Y="175" T="119666223" />
  <Point X="133" Y="185" T="119666245" />
  <Point X="135" Y="191" T="119666264" />
  <Point X="139" Y="197" T="119666283" />
  <Point X="143" Y="202" T="119666302" />
  <Point X="148" Y="210" T="119666322" />
  <Point X="151" Y="215" T="119666346" />
  <Point X="153" Y="217" T="119666347" />
  <Point X="156" Y="222" T="119666367" />
  <Point X="160" Y="227" T="119666388" />
  <Point X="164" Y="232" T="119666408" />
  <Point X="167" Y="235" T="119666429" />
  <Point X="169" Y="237" T="119666452" />
  <Point X="171" Y="240" T="119666487" />
</Gesture>