﻿<?xml version="1.0" encoding="utf-8" standalone="yes"?>
<Gesture Name="caret04" Subject="5" Speed="medium" Number="4" NumPts="79" Millseconds="1442" AppName="Gestures" AppVer="3.7.0.0" Date="Friday, March 09, 2007" TimeOfDay="9:52:19 PM">
  <Point X="73" Y="220" T="119652738" />
  <Point X="75" Y="218" T="119652750" />
  <Point X="76" Y="215" T="119652758" />
  <Point X="78" Y="214" T="119652775" />
  <Point X="79" Y="211" T="119652782" />
  <Point X="81" Y="209" T="119652795" />
  <Point X="83" Y="206" T="119652811" />
  <Point X="84" Y="204" T="119652819" />
  <Point X="86" Y="202" T="119652839" />
  <Point X="87" Y="200" T="119652851" />
  <Point X="88" Y="197" T="119652863" />
  <Point X="88" Y="195" T="119652871" />
  <Point X="89" Y="192" T="119652888" />
  <Point X="90" Y="190" T="119652904" />
  <Point X="91" Y="188" T="119652913" />
  <Point X="91" Y="186" T="119652932" />
  <Point X="92" Y="184" T="119652949" />
  <Point X="92" Y="182" T="119652957" />
  <Point X="92" Y="180" T="119652969" />
  <Point X="92" Y="177" T="119652984" />
  <Point X="93" Y="175" T="119653009" />
  <Point X="93" Y="172" T="119653025" />
  <Point X="94" Y="170" T="119653041" />
  <Point X="94" Y="168" T="119653051" />
  <Point X="96" Y="165" T="119653065" />
  <Point X="97" Y="162" T="119653081" />
  <Point X="98" Y="159" T="119653092" />
  <Point X="99" Y="157" T="119653105" />
  <Point X="100" Y="155" T="119653122" />
  <Point X="100" Y="153" T="119653134" />
  <Point X="101" Y="151" T="119653150" />
  <Point X="102" Y="148" T="119653162" />
  <Point X="103" Y="146" T="119653174" />
  <Point X="105" Y="143" T="119653187" />
  <Point X="107" Y="141" T="119653199" />
  <Point X="108" Y="139" T="119653210" />
  <Point X="110" Y="137" T="119653226" />
  <Point X="111" Y="135" T="119653238" />
  <Point X="112" Y="132" T="119653258" />
  <Point X="113" Y="130" T="119653275" />
  <Point X="114" Y="128" T="119653289" />
  <Point X="115" Y="126" T="119653303" />
  <Point X="117" Y="123" T="119653317" />
  <Point X="119" Y="120" T="119653332" />
  <Point X="121" Y="118" T="119653348" />
  <Point X="122" Y="116" T="119653363" />
  <Point X="123" Y="114" T="119653378" />
  <Point X="125" Y="112" T="119653412" />
  <Point X="126" Y="109" T="119653437" />
  <Point X="127" Y="107" T="119653515" />
  <Point X="127" Y="109" T="119653616" />
  <Point X="127" Y="112" T="119653636" />
  <Point X="126" Y="115" T="119653655" />
  <Point X="126" Y="117" T="119653672" />
  <Point X="126" Y="119" T="119653688" />
  <Point X="125" Y="123" T="119653706" />
  <Point X="125" Y="127" T="119653724" />
  <Point X="126" Y="133" T="119653741" />
  <Point X="126" Y="139" T="119653762" />
  <Point X="127" Y="144" T="119653780" />
  <Point X="128" Y="152" T="119653799" />
  <Point X="129" Y="157" T="119653818" />
  <Point X="130" Y="163" T="119653837" />
  <Point X="131" Y="170" T="119653860" />
  <Point X="133" Y="174" T="119653882" />
  <Point X="135" Y="181" T="119653902" />
  <Point X="137" Y="187" T="119653922" />
  <Point X="138" Y="189" T="119653924" />
  <Point X="140" Y="194" T="119653945" />
  <Point X="143" Y="199" T="119653965" />
  <Point X="146" Y="204" T="119653986" />
  <Point X="150" Y="209" T="119654006" />
  <Point X="154" Y="214" T="119654027" />
  <Point X="159" Y="220" T="119654048" />
  <Point X="161" Y="221" T="119654070" />
  <Point X="164" Y="225" T="119654091" />
  <Point X="166" Y="226" T="119654112" />
  <Point X="167" Y="228" T="119654140" />
  <Point X="167" Y="226" T="119654180" />
</Gesture>