﻿<?xml version="1.0" encoding="utf-8" standalone="yes"?>
<Gesture Name="caret02" Subject="5" Speed="medium" Number="2" NumPts="76" Millseconds="1419" AppName="Gestures" AppVer="3.7.0.0" Date="Friday, March 09, 2007" TimeOfDay="9:52:15 PM">
  <Point X="60" Y="231" T="119648974" />
  <Point X="60" Y="229" T="119648995" />
  <Point X="63" Y="227" T="119649027" />
  <Point X="65" Y="226" T="119649048" />
  <Point X="66" Y="223" T="119649060" />
  <Point X="68" Y="221" T="119649071" />
  <Point X="70" Y="219" T="119649083" />
  <Point X="71" Y="217" T="119649091" />
  <Point X="73" Y="214" T="119649099" />
  <Point X="74" Y="212" T="119649111" />
  <Point X="76" Y="210" T="119649123" />
  <Point X="77" Y="208" T="119649131" />
  <Point X="79" Y="206" T="119649147" />
  <Point X="80" Y="204" T="119649160" />
  <Point X="81" Y="201" T="119649177" />
  <Point X="82" Y="199" T="119649190" />
  <Point X="83" Y="196" T="119649207" />
  <Point X="83" Y="194" T="119649218" />
  <Point X="85" Y="191" T="119649238" />
  <Point X="86" Y="189" T="119649263" />
  <Point X="86" Y="186" T="119649278" />
  <Point X="86" Y="184" T="119649302" />
  <Point X="87" Y="182" T="119649318" />
  <Point X="87" Y="180" T="119649330" />
  <Point X="88" Y="178" T="119649341" />
  <Point X="89" Y="175" T="119649354" />
  <Point X="90" Y="173" T="119649374" />
  <Point X="91" Y="170" T="119649386" />
  <Point X="91" Y="168" T="119649398" />
  <Point X="93" Y="166" T="119649418" />
  <Point X="93" Y="164" T="119649430" />
  <Point X="94" Y="162" T="119649446" />
  <Point X="95" Y="159" T="119649458" />
  <Point X="97" Y="157" T="119649471" />
  <Point X="98" Y="154" T="119649492" />
  <Point X="99" Y="152" T="119649505" />
  <Point X="100" Y="150" T="119649520" />
  <Point X="101" Y="147" T="119649536" />
  <Point X="103" Y="145" T="119649556" />
  <Point X="104" Y="142" T="119649569" />
  <Point X="106" Y="140" T="119649585" />
  <Point X="107" Y="137" T="119649599" />
  <Point X="109" Y="134" T="119649613" />
  <Point X="111" Y="133" T="119649629" />
  <Point X="112" Y="131" T="119649644" />
  <Point X="113" Y="129" T="119649658" />
  <Point X="115" Y="127" T="119649681" />
  <Point X="116" Y="124" T="119649721" />
  <Point X="118" Y="122" T="119649749" />
  <Point X="118" Y="120" T="119649785" />
  <Point X="119" Y="118" T="119649862" />
  <Point X="119" Y="121" T="119649937" />
  <Point X="118" Y="123" T="119649966" />
  <Point X="118" Y="127" T="119649985" />
  <Point X="118" Y="129" T="119650003" />
  <Point X="118" Y="134" T="119650020" />
  <Point X="118" Y="137" T="119650038" />
  <Point X="118" Y="145" T="119650056" />
  <Point X="118" Y="150" T="119650076" />
  <Point X="119" Y="156" T="119650095" />
  <Point X="120" Y="164" T="119650113" />
  <Point X="122" Y="170" T="119650132" />
  <Point X="122" Y="173" T="119650133" />
  <Point X="124" Y="181" T="119650153" />
  <Point X="125" Y="188" T="119650174" />
  <Point X="129" Y="198" T="119650194" />
  <Point X="131" Y="204" T="119650215" />
  <Point X="135" Y="212" T="119650236" />
  <Point X="138" Y="218" T="119650257" />
  <Point X="143" Y="224" T="119650281" />
  <Point X="145" Y="226" T="119650283" />
  <Point X="148" Y="230" T="119650305" />
  <Point X="152" Y="235" T="119650326" />
  <Point X="153" Y="237" T="119650348" />
  <Point X="156" Y="243" T="119650369" />
  <Point X="158" Y="245" T="119650393" />
</Gesture>