﻿<?xml version="1.0" encoding="utf-8" standalone="yes"?>
<Gesture Name="caret03" Subject="5" Speed="medium" Number="3" NumPts="77" Millseconds="1317" AppName="Gestures" AppVer="3.7.0.0" Date="Friday, March 09, 2007" TimeOfDay="9:52:17 PM">
  <Point X="66" Y="225" T="119650922" />
  <Point X="68" Y="223" T="119650934" />
  <Point X="70" Y="221" T="119650954" />
  <Point X="72" Y="218" T="119650971" />
  <Point X="74" Y="216" T="119650983" />
  <Point X="76" Y="214" T="119650995" />
  <Point X="79" Y="211" T="119651011" />
  <Point X="80" Y="209" T="119651023" />
  <Point X="81" Y="207" T="119651035" />
  <Point X="82" Y="204" T="119651047" />
  <Point X="83" Y="202" T="119651055" />
  <Point X="84" Y="199" T="119651067" />
  <Point X="86" Y="196" T="119651083" />
  <Point X="87" Y="194" T="119651100" />
  <Point X="87" Y="192" T="119651108" />
  <Point X="88" Y="190" T="119651125" />
  <Point X="89" Y="188" T="119651138" />
  <Point X="89" Y="185" T="119651148" />
  <Point X="89" Y="183" T="119651160" />
  <Point X="91" Y="180" T="119651172" />
  <Point X="91" Y="178" T="119651182" />
  <Point X="92" Y="176" T="119651192" />
  <Point X="93" Y="174" T="119651204" />
  <Point X="94" Y="171" T="119651215" />
  <Point X="94" Y="169" T="119651228" />
  <Point X="95" Y="167" T="119651240" />
  <Point X="96" Y="165" T="119651252" />
  <Point X="97" Y="162" T="119651264" />
  <Point X="98" Y="160" T="119651275" />
  <Point X="99" Y="157" T="119651287" />
  <Point X="100" Y="155" T="119651299" />
  <Point X="101" Y="153" T="119651311" />
  <Point X="102" Y="151" T="119651323" />
  <Point X="103" Y="149" T="119651336" />
  <Point X="104" Y="146" T="119651349" />
  <Point X="105" Y="144" T="119651361" />
  <Point X="106" Y="142" T="119651374" />
  <Point X="107" Y="140" T="119651387" />
  <Point X="108" Y="137" T="119651401" />
  <Point X="109" Y="135" T="119651415" />
  <Point X="110" Y="133" T="119651429" />
  <Point X="111" Y="131" T="119651443" />
  <Point X="113" Y="129" T="119651460" />
  <Point X="114" Y="127" T="119651476" />
  <Point X="115" Y="124" T="119651508" />
  <Point X="116" Y="122" T="119651540" />
  <Point X="116" Y="120" T="119651597" />
  <Point X="117" Y="118" T="119651666" />
  <Point X="118" Y="121" T="119651727" />
  <Point X="118" Y="123" T="119651746" />
  <Point X="118" Y="125" T="119651762" />
  <Point X="118" Y="127" T="119651779" />
  <Point X="118" Y="131" T="119651796" />
  <Point X="118" Y="133" T="119651813" />
  <Point X="118" Y="138" T="119651830" />
  <Point X="119" Y="144" T="119651847" />
  <Point X="120" Y="148" T="119651865" />
  <Point X="120" Y="150" T="119651867" />
  <Point X="121" Y="155" T="119651886" />
  <Point X="122" Y="160" T="119651904" />
  <Point X="125" Y="168" T="119651923" />
  <Point X="126" Y="173" T="119651941" />
  <Point X="127" Y="177" T="119651943" />
  <Point X="129" Y="184" T="119651966" />
  <Point X="131" Y="188" T="119651985" />
  <Point X="134" Y="197" T="119652005" />
  <Point X="136" Y="201" T="119652025" />
  <Point X="139" Y="209" T="119652045" />
  <Point X="141" Y="214" T="119652066" />
  <Point X="145" Y="221" T="119652087" />
  <Point X="148" Y="226" T="119652110" />
  <Point X="151" Y="231" T="119652134" />
  <Point X="154" Y="235" T="119652155" />
  <Point X="157" Y="239" T="119652176" />
  <Point X="158" Y="241" T="119652197" />
  <Point X="160" Y="243" T="119652218" />
  <Point X="161" Y="246" T="119652239" />
</Gesture>