﻿<?xml version="1.0" encoding="utf-8" standalone="yes"?>
<Gesture Name="caret07" Subject="5" Speed="medium" Number="7" NumPts="79" Millseconds="1485" AppName="Gestures" AppVer="3.7.0.0" Date="Friday, March 09, 2007" TimeOfDay="9:52:25 PM">
  <Point X="79" Y="209" T="119658578" />
  <Point X="81" Y="207" T="119658598" />
  <Point X="82" Y="205" T="119658611" />
  <Point X="84" Y="203" T="119658626" />
  <Point X="86" Y="200" T="119658635" />
  <Point X="88" Y="199" T="119658647" />
  <Point X="89" Y="196" T="119658659" />
  <Point X="91" Y="194" T="119658667" />
  <Point X="92" Y="192" T="119658679" />
  <Point X="93" Y="190" T="119658687" />
  <Point X="94" Y="188" T="119658699" />
  <Point X="96" Y="185" T="119658715" />
  <Point X="96" Y="183" T="119658727" />
  <Point X="97" Y="181" T="119658751" />
  <Point X="97" Y="179" T="119658768" />
  <Point X="97" Y="177" T="119658780" />
  <Point X="98" Y="175" T="119658797" />
  <Point X="98" Y="173" T="119658817" />
  <Point X="99" Y="170" T="119658833" />
  <Point X="99" Y="168" T="119658852" />
  <Point X="99" Y="166" T="119658872" />
  <Point X="100" Y="164" T="119658888" />
  <Point X="100" Y="161" T="119658900" />
  <Point X="101" Y="159" T="119658916" />
  <Point X="102" Y="156" T="119658936" />
  <Point X="102" Y="153" T="119658946" />
  <Point X="103" Y="151" T="119658969" />
  <Point X="104" Y="148" T="119658979" />
  <Point X="105" Y="146" T="119658997" />
  <Point X="105" Y="143" T="119659009" />
  <Point X="106" Y="141" T="119659029" />
  <Point X="106" Y="139" T="119659049" />
  <Point X="107" Y="136" T="119659069" />
  <Point X="108" Y="134" T="119659082" />
  <Point X="109" Y="132" T="119659100" />
  <Point X="110" Y="129" T="119659112" />
  <Point X="111" Y="127" T="119659124" />
  <Point X="113" Y="125" T="119659141" />
  <Point X="114" Y="123" T="119659162" />
  <Point X="115" Y="121" T="119659177" />
  <Point X="116" Y="119" T="119659193" />
  <Point X="118" Y="116" T="119659209" />
  <Point X="119" Y="114" T="119659233" />
  <Point X="120" Y="112" T="119659254" />
  <Point X="122" Y="110" T="119659299" />
  <Point X="123" Y="108" T="119659335" />
  <Point X="124" Y="106" T="119659363" />
  <Point X="125" Y="104" T="119659387" />
  <Point X="126" Y="102" T="119659450" />
  <Point X="126" Y="104" T="119659543" />
  <Point X="125" Y="106" T="119659567" />
  <Point X="124" Y="108" T="119659588" />
  <Point X="124" Y="110" T="119659612" />
  <Point X="124" Y="112" T="119659628" />
  <Point X="123" Y="115" T="119659644" />
  <Point X="123" Y="117" T="119659660" />
  <Point X="124" Y="121" T="119659677" />
  <Point X="124" Y="123" T="119659694" />
  <Point X="125" Y="128" T="119659711" />
  <Point X="125" Y="131" T="119659712" />
  <Point X="126" Y="136" T="119659730" />
  <Point X="127" Y="140" T="119659748" />
  <Point X="128" Y="148" T="119659766" />
  <Point X="130" Y="152" T="119659784" />
  <Point X="131" Y="156" T="119659802" />
  <Point X="134" Y="164" T="119659821" />
  <Point X="136" Y="169" T="119659840" />
  <Point X="138" Y="172" T="119659841" />
  <Point X="140" Y="178" T="119659860" />
  <Point X="142" Y="181" T="119659879" />
  <Point X="147" Y="186" T="119659899" />
  <Point X="151" Y="191" T="119659919" />
  <Point X="156" Y="196" T="119659939" />
  <Point X="161" Y="202" T="119659960" />
  <Point X="164" Y="208" T="119659980" />
  <Point X="168" Y="211" T="119660001" />
  <Point X="169" Y="214" T="119660021" />
  <Point X="172" Y="219" T="119660042" />
  <Point X="173" Y="221" T="119660063" />
</Gesture>