﻿<?xml version="1.0" encoding="utf-8" standalone="yes"?>
<Gesture Name="check06" Subject="5" Speed="medium" Number="6" NumPts="64" Millseconds="1116" AppName="Gestures" AppVer="3.7.0.0" Date="Friday, March 09, 2007" TimeOfDay="9:38:45 PM">
  <Point X="84" Y="199" T="118837058" />
  <Point X="86" Y="201" T="118837086" />
  <Point X="88" Y="202" T="118837111" />
  <Point X="91" Y="203" T="118837130" />
  <Point X="93" Y="205" T="118837147" />
  <Point X="94" Y="207" T="118837158" />
  <Point X="96" Y="208" T="118837170" />
  <Point X="98" Y="210" T="118837182" />
  <Point X="100" Y="211" T="118837199" />
  <Point X="101" Y="213" T="118837215" />
  <Point X="103" Y="216" T="118837235" />
  <Point X="103" Y="218" T="118837243" />
  <Point X="105" Y="221" T="118837259" />
  <Point X="107" Y="223" T="118837280" />
  <Point X="108" Y="225" T="118837296" />
  <Point X="110" Y="227" T="118837313" />
  <Point X="111" Y="229" T="118837325" />
  <Point X="112" Y="231" T="118837337" />
  <Point X="113" Y="234" T="118837354" />
  <Point X="114" Y="236" T="118837366" />
  <Point X="115" Y="238" T="118837378" />
  <Point X="116" Y="240" T="118837390" />
  <Point X="116" Y="243" T="118837402" />
  <Point X="117" Y="245" T="118837435" />
  <Point X="118" Y="248" T="118837455" />
  <Point X="119" Y="250" T="118837471" />
  <Point X="119" Y="252" T="118837491" />
  <Point X="119" Y="254" T="118837515" />
  <Point X="119" Y="257" T="118837547" />
  <Point X="121" Y="255" T="118837671" />
  <Point X="122" Y="252" T="118837699" />
  <Point X="122" Y="249" T="118837711" />
  <Point X="123" Y="247" T="118837724" />
  <Point X="124" Y="245" T="118837740" />
  <Point X="125" Y="242" T="118837752" />
  <Point X="126" Y="240" T="118837764" />
  <Point X="128" Y="237" T="118837777" />
  <Point X="129" Y="233" T="118837790" />
  <Point X="131" Y="231" T="118837803" />
  <Point X="133" Y="225" T="118837816" />
  <Point X="135" Y="223" T="118837829" />
  <Point X="137" Y="219" T="118837845" />
  <Point X="139" Y="216" T="118837860" />
  <Point X="142" Y="211" T="118837876" />
  <Point X="145" Y="206" T="118837892" />
  <Point X="146" Y="204" T="118837907" />
  <Point X="150" Y="199" T="118837922" />
  <Point X="152" Y="197" T="118837936" />
  <Point X="153" Y="195" T="118837951" />
  <Point X="155" Y="193" T="118837952" />
  <Point X="158" Y="190" T="118837967" />
  <Point X="160" Y="188" T="118837983" />
  <Point X="164" Y="185" T="118837999" />
  <Point X="168" Y="180" T="118838015" />
  <Point X="173" Y="176" T="118838032" />
  <Point X="175" Y="174" T="118838033" />
  <Point X="179" Y="170" T="118838052" />
  <Point X="183" Y="166" T="118838069" />
  <Point X="187" Y="161" T="118838086" />
  <Point X="192" Y="156" T="118838103" />
  <Point X="196" Y="152" T="118838121" />
  <Point X="200" Y="149" T="118838138" />
  <Point X="204" Y="146" T="118838156" />
  <Point X="209" Y="143" T="118838174" />
</Gesture>