﻿<?xml version="1.0" encoding="utf-8" standalone="yes"?>
<Gesture Name="check05" Subject="5" Speed="medium" Number="5" NumPts="68" Millseconds="1168" AppName="Gestures" AppVer="3.7.0.0" Date="Friday, March 09, 2007" TimeOfDay="9:38:43 PM">
  <Point X="87" Y="203" T="118835237" />
  <Point X="89" Y="204" T="118835272" />
  <Point X="91" Y="204" T="118835293" />
  <Point X="93" Y="205" T="118835308" />
  <Point X="95" Y="205" T="118835321" />
  <Point X="96" Y="207" T="118835329" />
  <Point X="98" Y="208" T="118835341" />
  <Point X="100" Y="209" T="118835353" />
  <Point X="102" Y="211" T="118835369" />
  <Point X="104" Y="212" T="118835385" />
  <Point X="106" Y="214" T="118835397" />
  <Point X="108" Y="216" T="118835418" />
  <Point X="109" Y="218" T="118835434" />
  <Point X="111" Y="220" T="118835455" />
  <Point X="113" Y="222" T="118835471" />
  <Point X="114" Y="224" T="118835484" />
  <Point X="115" Y="226" T="118835501" />
  <Point X="116" Y="228" T="118835518" />
  <Point X="117" Y="230" T="118835526" />
  <Point X="118" Y="233" T="118835538" />
  <Point X="120" Y="235" T="118835554" />
  <Point X="121" Y="237" T="118835566" />
  <Point X="122" Y="239" T="118835582" />
  <Point X="123" Y="241" T="118835595" />
  <Point X="124" Y="243" T="118835615" />
  <Point X="125" Y="245" T="118835630" />
  <Point X="126" Y="247" T="118835642" />
  <Point X="127" Y="249" T="118835662" />
  <Point X="128" Y="252" T="118835674" />
  <Point X="128" Y="254" T="118835715" />
  <Point X="128" Y="256" T="118835747" />
  <Point X="128" Y="258" T="118835764" />
  <Point X="129" Y="255" T="118835845" />
  <Point X="130" Y="253" T="118835865" />
  <Point X="130" Y="251" T="118835878" />
  <Point X="131" Y="249" T="118835890" />
  <Point X="132" Y="246" T="118835909" />
  <Point X="132" Y="244" T="118835921" />
  <Point X="133" Y="241" T="118835937" />
  <Point X="133" Y="239" T="118835950" />
  <Point X="134" Y="237" T="118835962" />
  <Point X="134" Y="235" T="118835976" />
  <Point X="136" Y="230" T="118835989" />
  <Point X="137" Y="228" T="118836004" />
  <Point X="138" Y="225" T="118836018" />
  <Point X="139" Y="223" T="118836033" />
  <Point X="140" Y="221" T="118836048" />
  <Point X="143" Y="216" T="118836062" />
  <Point X="145" Y="213" T="118836077" />
  <Point X="146" Y="211" T="118836092" />
  <Point X="149" Y="206" T="118836108" />
  <Point X="152" Y="204" T="118836123" />
  <Point X="153" Y="201" T="118836140" />
  <Point X="156" Y="196" T="118836156" />
  <Point X="160" Y="192" T="118836172" />
  <Point X="162" Y="190" T="118836188" />
  <Point X="164" Y="187" T="118836205" />
  <Point X="169" Y="182" T="118836222" />
  <Point X="172" Y="177" T="118836242" />
  <Point X="174" Y="175" T="118836258" />
  <Point X="178" Y="169" T="118836276" />
  <Point X="183" Y="166" T="118836294" />
  <Point X="188" Y="162" T="118836311" />
  <Point X="193" Y="158" T="118836329" />
  <Point X="195" Y="157" T="118836348" />
  <Point X="197" Y="155" T="118836366" />
  <Point X="201" Y="151" T="118836385" />
  <Point X="203" Y="151" T="118836405" />
</Gesture>