﻿<?xml version="1.0" encoding="utf-8" standalone="yes"?>
<Gesture Name="check01" Subject="5" Speed="medium" Number="1" NumPts="65" Millseconds="1097" AppName="Gestures" AppVer="3.7.0.0" Date="Friday, March 09, 2007" TimeOfDay="9:38:35 PM">
  <Point X="62" Y="202" T="118827988" />
  <Point X="64" Y="204" T="118828063" />
  <Point X="66" Y="204" T="118828100" />
  <Point X="68" Y="205" T="118828121" />
  <Point X="70" Y="205" T="118828141" />
  <Point X="72" Y="206" T="118828165" />
  <Point X="74" Y="206" T="118828181" />
  <Point X="76" Y="208" T="118828197" />
  <Point X="79" Y="209" T="118828213" />
  <Point X="81" Y="210" T="118828231" />
  <Point X="83" Y="211" T="118828245" />
  <Point X="85" Y="212" T="118828262" />
  <Point X="87" Y="214" T="118828278" />
  <Point X="90" Y="215" T="118828298" />
  <Point X="92" Y="217" T="118828315" />
  <Point X="94" Y="219" T="118828327" />
  <Point X="96" Y="220" T="118828344" />
  <Point X="98" Y="221" T="118828359" />
  <Point X="100" Y="223" T="118828376" />
  <Point X="102" Y="225" T="118828392" />
  <Point X="103" Y="228" T="118828405" />
  <Point X="105" Y="230" T="118828424" />
  <Point X="107" Y="233" T="118828441" />
  <Point X="108" Y="235" T="118828457" />
  <Point X="110" Y="237" T="118828474" />
  <Point X="112" Y="240" T="118828486" />
  <Point X="114" Y="242" T="118828506" />
  <Point X="114" Y="244" T="118828518" />
  <Point X="116" Y="246" T="118828542" />
  <Point X="117" Y="248" T="118828554" />
  <Point X="119" Y="245" T="118828643" />
  <Point X="119" Y="243" T="118828656" />
  <Point X="119" Y="240" T="118828672" />
  <Point X="119" Y="238" T="118828689" />
  <Point X="120" Y="235" T="118828701" />
  <Point X="120" Y="233" T="118828713" />
  <Point X="120" Y="231" T="118828726" />
  <Point X="121" Y="227" T="118828738" />
  <Point X="122" Y="225" T="118828751" />
  <Point X="123" Y="223" T="118828764" />
  <Point X="125" Y="218" T="118828777" />
  <Point X="126" Y="215" T="118828791" />
  <Point X="129" Y="210" T="118828804" />
  <Point X="132" Y="205" T="118828818" />
  <Point X="133" Y="203" T="118828833" />
  <Point X="135" Y="199" T="118828834" />
  <Point X="137" Y="196" T="118828848" />
  <Point X="138" Y="193" T="118828849" />
  <Point X="140" Y="191" T="118828864" />
  <Point X="141" Y="189" T="118828865" />
  <Point X="143" Y="186" T="118828881" />
  <Point X="147" Y="181" T="118828896" />
  <Point X="148" Y="178" T="118828912" />
  <Point X="152" Y="174" T="118828928" />
  <Point X="157" Y="170" T="118828944" />
  <Point X="160" Y="165" T="118828960" />
  <Point X="165" Y="161" T="118828977" />
  <Point X="170" Y="155" T="118828994" />
  <Point X="175" Y="151" T="118829012" />
  <Point X="178" Y="149" T="118829014" />
  <Point X="182" Y="145" T="118829031" />
  <Point X="184" Y="144" T="118829048" />
  <Point X="186" Y="142" T="118829050" />
  <Point X="189" Y="140" T="118829067" />
  <Point X="190" Y="138" T="118829085" />
</Gesture>