﻿<?xml version="1.0" encoding="utf-8" standalone="yes"?>
<Gesture Name="check08" Subject="5" Speed="medium" Number="8" NumPts="57" Millseconds="848" AppName="Gestures" AppVer="3.7.0.0" Date="Friday, March 09, 2007" TimeOfDay="9:38:48 PM">
  <Point X="93" Y="202" T="118840488" />
  <Point X="95" Y="202" T="118840504" />
  <Point X="97" Y="202" T="118840517" />
  <Point X="99" Y="203" T="118840528" />
  <Point X="102" Y="205" T="118840545" />
  <Point X="104" Y="205" T="118840556" />
  <Point X="106" Y="207" T="118840568" />
  <Point X="107" Y="209" T="118840576" />
  <Point X="109" Y="211" T="118840588" />
  <Point X="112" Y="211" T="118840604" />
  <Point X="113" Y="214" T="118840616" />
  <Point X="114" Y="216" T="118840628" />
  <Point X="116" Y="218" T="118840644" />
  <Point X="118" Y="221" T="118840660" />
  <Point X="119" Y="223" T="118840673" />
  <Point X="120" Y="225" T="118840685" />
  <Point X="121" Y="227" T="118840698" />
  <Point X="122" Y="230" T="118840718" />
  <Point X="123" Y="233" T="118840731" />
  <Point X="123" Y="235" T="118840742" />
  <Point X="124" Y="238" T="118840755" />
  <Point X="124" Y="240" T="118840771" />
  <Point X="125" Y="242" T="118840783" />
  <Point X="125" Y="244" T="118840796" />
  <Point X="125" Y="247" T="118840815" />
  <Point X="125" Y="249" T="118840855" />
  <Point X="125" Y="247" T="118840916" />
  <Point X="126" Y="245" T="118840933" />
  <Point X="126" Y="242" T="118840945" />
  <Point X="126" Y="240" T="118840956" />
  <Point X="127" Y="237" T="118840970" />
  <Point X="129" Y="234" T="118840982" />
  <Point X="131" Y="230" T="118840994" />
  <Point X="132" Y="227" T="118841006" />
  <Point X="134" Y="225" T="118841018" />
  <Point X="137" Y="221" T="118841030" />
  <Point X="139" Y="219" T="118841042" />
  <Point X="141" Y="217" T="118841055" />
  <Point X="143" Y="211" T="118841067" />
  <Point X="145" Y="209" T="118841080" />
  <Point X="147" Y="207" T="118841094" />
  <Point X="150" Y="202" T="118841107" />
  <Point X="152" Y="199" T="118841121" />
  <Point X="155" Y="195" T="118841135" />
  <Point X="158" Y="190" T="118841149" />
  <Point X="160" Y="188" T="118841164" />
  <Point X="164" Y="184" T="118841179" />
  <Point X="168" Y="180" T="118841194" />
  <Point X="173" Y="175" T="118841209" />
  <Point X="178" Y="171" T="118841224" />
  <Point X="183" Y="166" T="118841240" />
  <Point X="188" Y="163" T="118841256" />
  <Point X="192" Y="160" T="118841272" />
  <Point X="195" Y="158" T="118841288" />
  <Point X="197" Y="156" T="118841304" />
  <Point X="199" Y="154" T="118841320" />
  <Point X="201" Y="152" T="118841336" />
</Gesture>