﻿<?xml version="1.0" encoding="utf-8" standalone="yes"?>
<Gesture Name="check07" Subject="5" Speed="medium" Number="7" NumPts="60" Millseconds="1068" AppName="Gestures" AppVer="3.7.0.0" Date="Friday, March 09, 2007" TimeOfDay="9:38:46 PM">
  <Point X="83" Y="201" T="118838825" />
  <Point X="85" Y="201" T="118838905" />
  <Point X="87" Y="200" T="118838937" />
  <Point X="89" Y="200" T="118838960" />
  <Point X="91" Y="200" T="118838977" />
  <Point X="93" Y="201" T="118838989" />
  <Point X="96" Y="202" T="118839005" />
  <Point X="98" Y="204" T="118839021" />
  <Point X="100" Y="204" T="118839033" />
  <Point X="102" Y="205" T="118839045" />
  <Point X="103" Y="207" T="118839053" />
  <Point X="105" Y="208" T="118839065" />
  <Point X="107" Y="210" T="118839081" />
  <Point X="110" Y="212" T="118839097" />
  <Point X="111" Y="214" T="118839106" />
  <Point X="113" Y="216" T="118839121" />
  <Point X="115" Y="218" T="118839142" />
  <Point X="116" Y="221" T="118839154" />
  <Point X="118" Y="223" T="118839167" />
  <Point X="120" Y="225" T="118839186" />
  <Point X="121" Y="227" T="118839202" />
  <Point X="124" Y="229" T="118839222" />
  <Point X="125" Y="232" T="118839238" />
  <Point X="126" Y="234" T="118839253" />
  <Point X="128" Y="236" T="118839270" />
  <Point X="129" Y="238" T="118839286" />
  <Point X="130" Y="240" T="118839298" />
  <Point X="131" Y="242" T="118839315" />
  <Point X="132" Y="244" T="118839347" />
  <Point X="133" Y="246" T="118839460" />
  <Point X="134" Y="244" T="118839497" />
  <Point X="134" Y="242" T="118839513" />
  <Point X="135" Y="240" T="118839526" />
  <Point X="135" Y="238" T="118839537" />
  <Point X="136" Y="236" T="118839549" />
  <Point X="137" Y="233" T="118839561" />
  <Point X="138" Y="227" T="118839574" />
  <Point X="140" Y="225" T="118839588" />
  <Point X="141" Y="222" T="118839601" />
  <Point X="144" Y="217" T="118839614" />
  <Point X="145" Y="215" T="118839627" />
  <Point X="149" Y="210" T="118839641" />
  <Point X="153" Y="204" T="118839655" />
  <Point X="157" Y="199" T="118839669" />
  <Point X="160" Y="195" T="118839684" />
  <Point X="164" Y="191" T="118839699" />
  <Point X="168" Y="186" T="118839713" />
  <Point X="170" Y="184" T="118839728" />
  <Point X="172" Y="181" T="118839729" />
  <Point X="177" Y="176" T="118839744" />
  <Point X="179" Y="173" T="118839759" />
  <Point X="181" Y="170" T="118839760" />
  <Point X="185" Y="165" T="118839776" />
  <Point X="190" Y="161" T="118839793" />
  <Point X="194" Y="155" T="118839809" />
  <Point X="198" Y="152" T="118839825" />
  <Point X="202" Y="149" T="118839841" />
  <Point X="204" Y="147" T="118839857" />
  <Point X="208" Y="143" T="118839874" />
  <Point X="211" Y="141" T="118839893" />
</Gesture>