﻿<?xml version="1.0" encoding="utf-8" standalone="yes"?>
<Gesture Name="check03" Subject="5" Speed="medium" Number="3" NumPts="65" Millseconds="1196" AppName="Gestures" AppVer="3.7.0.0" Date="Friday, March 09, 2007" TimeOfDay="9:38:39 PM">
  <Point X="73" Y="201" T="118831473" />
  <Point X="75" Y="202" T="118831541" />
  <Point X="77" Y="203" T="118831573" />
  <Point X="79" Y="204" T="118831594" />
  <Point X="81" Y="205" T="118831614" />
  <Point X="83" Y="207" T="118831630" />
  <Point X="86" Y="208" T="118831647" />
  <Point X="88" Y="210" T="118831662" />
  <Point X="90" Y="211" T="118831678" />
  <Point X="92" Y="213" T="118831694" />
  <Point X="94" Y="215" T="118831710" />
  <Point X="96" Y="217" T="118831726" />
  <Point X="97" Y="219" T="118831738" />
  <Point X="99" Y="222" T="118831754" />
  <Point X="100" Y="224" T="118831767" />
  <Point X="102" Y="226" T="118831783" />
  <Point X="103" Y="228" T="118831796" />
  <Point X="105" Y="231" T="118831813" />
  <Point X="107" Y="233" T="118831825" />
  <Point X="109" Y="235" T="118831841" />
  <Point X="110" Y="237" T="118831850" />
  <Point X="112" Y="239" T="118831869" />
  <Point X="114" Y="241" T="118831889" />
  <Point X="116" Y="243" T="118831913" />
  <Point X="118" Y="246" T="118831944" />
  <Point X="118" Y="248" T="118831964" />
  <Point X="120" Y="250" T="118832008" />
  <Point X="121" Y="247" T="118832116" />
  <Point X="122" Y="245" T="118832140" />
  <Point X="122" Y="243" T="118832151" />
  <Point X="123" Y="241" T="118832162" />
  <Point X="123" Y="238" T="118832173" />
  <Point X="124" Y="236" T="118832185" />
  <Point X="125" Y="234" T="118832196" />
  <Point X="126" Y="232" T="118832208" />
  <Point X="127" Y="226" T="118832220" />
  <Point X="129" Y="224" T="118832236" />
  <Point X="130" Y="221" T="118832249" />
  <Point X="131" Y="219" T="118832261" />
  <Point X="132" Y="216" T="118832274" />
  <Point X="134" Y="214" T="118832287" />
  <Point X="135" Y="210" T="118832301" />
  <Point X="136" Y="207" T="118832315" />
  <Point X="138" Y="205" T="118832328" />
  <Point X="139" Y="203" T="118832342" />
  <Point X="140" Y="201" T="118832357" />
  <Point X="141" Y="199" T="118832371" />
  <Point X="144" Y="194" T="118832386" />
  <Point X="145" Y="192" T="118832401" />
  <Point X="147" Y="190" T="118832416" />
  <Point X="150" Y="185" T="118832431" />
  <Point X="152" Y="183" T="118832448" />
  <Point X="154" Y="181" T="118832449" />
  <Point X="156" Y="178" T="118832465" />
  <Point X="160" Y="173" T="118832481" />
  <Point X="164" Y="169" T="118832498" />
  <Point X="169" Y="165" T="118832515" />
  <Point X="173" Y="160" T="118832531" />
  <Point X="178" Y="156" T="118832551" />
  <Point X="186" Y="150" T="118832568" />
  <Point X="190" Y="147" T="118832586" />
  <Point X="192" Y="144" T="118832603" />
  <Point X="197" Y="141" T="118832621" />
  <Point X="199" Y="139" T="118832639" />
  <Point X="201" Y="141" T="118832669" />
</Gesture>