﻿<?xml version="1.0" encoding="utf-8" standalone="yes"?>
<Gesture Name="check04" Subject="5" Speed="medium" Number="4" NumPts="67" Millseconds="1161" AppName="Gestures" AppVer="3.7.0.0" Date="Friday, March 09, 2007" TimeOfDay="9:38:41 PM">
  <Point X="78" Y="200" T="118833234" />
  <Point X="80" Y="199" T="118833278" />
  <Point X="82" Y="200" T="118833306" />
  <Point X="84" Y="201" T="118833327" />
  <Point X="86" Y="203" T="118833347" />
  <Point X="88" Y="203" T="118833363" />
  <Point X="90" Y="205" T="118833375" />
  <Point X="92" Y="207" T="118833387" />
  <Point X="94" Y="206" T="118833399" />
  <Point X="95" Y="208" T="118833407" />
  <Point X="97" Y="209" T="118833423" />
  <Point X="99" Y="211" T="118833435" />
  <Point X="101" Y="213" T="118833447" />
  <Point X="103" Y="214" T="118833463" />
  <Point X="105" Y="216" T="118833480" />
  <Point X="106" Y="218" T="118833492" />
  <Point X="107" Y="221" T="118833509" />
  <Point X="110" Y="222" T="118833529" />
  <Point X="112" Y="224" T="118833549" />
  <Point X="113" Y="227" T="118833565" />
  <Point X="114" Y="229" T="118833585" />
  <Point X="116" Y="232" T="118833605" />
  <Point X="118" Y="234" T="118833621" />
  <Point X="119" Y="236" T="118833634" />
  <Point X="120" Y="239" T="118833646" />
  <Point X="122" Y="241" T="118833678" />
  <Point X="123" Y="243" T="118833698" />
  <Point X="124" Y="245" T="118833710" />
  <Point X="125" Y="247" T="118833730" />
  <Point X="126" Y="250" T="118833754" />
  <Point X="126" Y="252" T="118833778" />
  <Point X="127" Y="254" T="118833794" />
  <Point X="128" Y="251" T="118833907" />
  <Point X="129" Y="249" T="118833923" />
  <Point X="129" Y="247" T="118833936" />
  <Point X="130" Y="244" T="118833951" />
  <Point X="131" Y="241" T="118833963" />
  <Point X="132" Y="239" T="118833976" />
  <Point X="133" Y="237" T="118833988" />
  <Point X="133" Y="234" T="118834001" />
  <Point X="135" Y="232" T="118834014" />
  <Point X="136" Y="230" T="118834015" />
  <Point X="137" Y="227" T="118834029" />
  <Point X="139" Y="225" T="118834043" />
  <Point X="140" Y="222" T="118834044" />
  <Point X="141" Y="220" T="118834058" />
  <Point X="144" Y="215" T="118834072" />
  <Point X="147" Y="210" T="118834087" />
  <Point X="150" Y="205" T="118834102" />
  <Point X="153" Y="201" T="118834118" />
  <Point X="157" Y="195" T="118834134" />
  <Point X="160" Y="193" T="118834149" />
  <Point X="164" Y="189" T="118834165" />
  <Point X="167" Y="184" T="118834181" />
  <Point X="172" Y="179" T="118834198" />
  <Point X="176" Y="175" T="118834214" />
  <Point X="178" Y="173" T="118834215" />
  <Point X="182" Y="168" T="118834232" />
  <Point X="186" Y="164" T="118834249" />
  <Point X="191" Y="160" T="118834269" />
  <Point X="193" Y="158" T="118834286" />
  <Point X="198" Y="153" T="118834304" />
  <Point X="201" Y="149" T="118834322" />
  <Point X="204" Y="147" T="118834340" />
  <Point X="208" Y="142" T="118834358" />
  <Point X="210" Y="141" T="118834376" />
  <Point X="212" Y="139" T="118834395" />
</Gesture>