﻿<?xml version="1.0" encoding="utf-8" standalone="yes"?>
<Gesture Name="check10" Subject="5" Speed="medium" Number="10" NumPts="61" Millseconds="1130" AppName="Gestures" AppVer="3.7.0.0" Date="Friday, March 09, 2007" TimeOfDay="9:38:51 PM">
  <Point X="92" Y="197" T="118843583" />
  <Point X="94" Y="197" T="118843621" />
  <Point X="96" Y="198" T="118843645" />
  <Point X="98" Y="198" T="118843665" />
  <Point X="100" Y="198" T="118843682" />
  <Point X="102" Y="199" T="118843698" />
  <Point X="104" Y="199" T="118843715" />
  <Point X="106" Y="201" T="118843731" />
  <Point X="108" Y="203" T="118843747" />
  <Point X="110" Y="204" T="118843763" />
  <Point X="113" Y="205" T="118843783" />
  <Point X="115" Y="206" T="118843799" />
  <Point X="117" Y="208" T="118843816" />
  <Point X="119" Y="210" T="118843829" />
  <Point X="122" Y="213" T="118843845" />
  <Point X="124" Y="215" T="118843866" />
  <Point X="125" Y="217" T="118843882" />
  <Point X="126" Y="219" T="118843899" />
  <Point X="128" Y="221" T="118843919" />
  <Point X="130" Y="223" T="118843939" />
  <Point X="131" Y="225" T="118843956" />
  <Point X="132" Y="227" T="118843984" />
  <Point X="133" Y="229" T="118843996" />
  <Point X="134" Y="231" T="118844017" />
  <Point X="135" Y="234" T="118844053" />
  <Point X="136" Y="236" T="118844073" />
  <Point X="136" Y="239" T="118844089" />
  <Point X="137" Y="241" T="118844117" />
  <Point X="137" Y="243" T="118844153" />
  <Point X="138" Y="245" T="118844237" />
  <Point X="139" Y="242" T="118844282" />
  <Point X="139" Y="240" T="118844302" />
  <Point X="140" Y="238" T="118844322" />
  <Point X="141" Y="236" T="118844334" />
  <Point X="142" Y="234" T="118844346" />
  <Point X="144" Y="231" T="118844364" />
  <Point X="145" Y="229" T="118844376" />
  <Point X="146" Y="227" T="118844389" />
  <Point X="147" Y="225" T="118844402" />
  <Point X="149" Y="223" T="118844415" />
  <Point X="152" Y="218" T="118844428" />
  <Point X="155" Y="216" T="118844444" />
  <Point X="156" Y="214" T="118844457" />
  <Point X="158" Y="211" T="118844471" />
  <Point X="161" Y="207" T="118844485" />
  <Point X="163" Y="205" T="118844499" />
  <Point X="165" Y="202" T="118844514" />
  <Point X="168" Y="198" T="118844529" />
  <Point X="169" Y="195" T="118844543" />
  <Point X="171" Y="193" T="118844544" />
  <Point X="173" Y="191" T="118844560" />
  <Point X="175" Y="189" T="118844575" />
  <Point X="177" Y="187" T="118844576" />
  <Point X="179" Y="185" T="118844592" />
  <Point X="184" Y="179" T="118844608" />
  <Point X="188" Y="176" T="118844625" />
  <Point X="192" Y="171" T="118844641" />
  <Point X="196" Y="168" T="118844661" />
  <Point X="200" Y="164" T="118844678" />
  <Point X="202" Y="163" T="118844695" />
  <Point X="204" Y="161" T="118844713" />
</Gesture>