﻿<?xml version="1.0" encoding="utf-8" standalone="yes"?>
<Gesture Name="check09" Subject="5" Speed="medium" Number="9" NumPts="64" Millseconds="1053" AppName="Gestures" AppVer="3.7.0.0" Date="Friday, March 09, 2007" TimeOfDay="9:38:49 PM">
  <Point X="83" Y="199" T="118841924" />
  <Point X="85" Y="199" T="118841964" />
  <Point X="87" Y="199" T="118841987" />
  <Point X="90" Y="201" T="118842003" />
  <Point X="92" Y="201" T="118842019" />
  <Point X="95" Y="201" T="118842029" />
  <Point X="97" Y="202" T="118842037" />
  <Point X="100" Y="203" T="118842049" />
  <Point X="102" Y="203" T="118842057" />
  <Point X="104" Y="203" T="118842069" />
  <Point X="107" Y="205" T="118842081" />
  <Point X="109" Y="206" T="118842097" />
  <Point X="111" Y="209" T="118842110" />
  <Point X="113" Y="211" T="118842126" />
  <Point X="114" Y="214" T="118842139" />
  <Point X="116" Y="216" T="118842152" />
  <Point X="118" Y="219" T="118842164" />
  <Point X="119" Y="221" T="118842172" />
  <Point X="120" Y="223" T="118842185" />
  <Point X="122" Y="225" T="118842197" />
  <Point X="124" Y="227" T="118842213" />
  <Point X="124" Y="229" T="118842222" />
  <Point X="125" Y="231" T="118842233" />
  <Point X="126" Y="234" T="118842246" />
  <Point X="126" Y="236" T="118842256" />
  <Point X="126" Y="239" T="118842266" />
  <Point X="127" Y="241" T="118842282" />
  <Point X="128" Y="244" T="118842292" />
  <Point X="129" Y="246" T="118842314" />
  <Point X="129" Y="248" T="118842338" />
  <Point X="130" Y="246" T="118842444" />
  <Point X="130" Y="243" T="118842464" />
  <Point X="131" Y="241" T="118842485" />
  <Point X="132" Y="239" T="118842501" />
  <Point X="134" Y="236" T="118842517" />
  <Point X="135" Y="234" T="118842529" />
  <Point X="136" Y="232" T="118842541" />
  <Point X="138" Y="230" T="118842554" />
  <Point X="139" Y="228" T="118842567" />
  <Point X="143" Y="222" T="118842580" />
  <Point X="145" Y="221" T="118842593" />
  <Point X="147" Y="218" T="118842606" />
  <Point X="148" Y="216" T="118842620" />
  <Point X="150" Y="214" T="118842634" />
  <Point X="153" Y="209" T="118842648" />
  <Point X="154" Y="207" T="118842662" />
  <Point X="156" Y="204" T="118842677" />
  <Point X="158" Y="202" T="118842678" />
  <Point X="159" Y="200" T="118842693" />
  <Point X="163" Y="196" T="118842708" />
  <Point X="165" Y="193" T="118842724" />
  <Point X="169" Y="190" T="118842739" />
  <Point X="171" Y="187" T="118842755" />
  <Point X="175" Y="183" T="118842770" />
  <Point X="177" Y="181" T="118842786" />
  <Point X="182" Y="175" T="118842802" />
  <Point X="185" Y="172" T="118842820" />
  <Point X="190" Y="168" T="118842836" />
  <Point X="194" Y="164" T="118842853" />
  <Point X="200" Y="157" T="118842871" />
  <Point X="204" Y="154" T="118842888" />
  <Point X="207" Y="152" T="118842906" />
  <Point X="209" Y="150" T="118842926" />
  <Point X="206" Y="153" T="118842977" />
</Gesture>