﻿<?xml version="1.0" encoding="utf-8" standalone="yes"?>
<Gesture Name="check02" Subject="5" Speed="medium" Number="2" NumPts="65" Millseconds="1099" AppName="Gestures" AppVer="3.7.0.0" Date="Friday, March 09, 2007" TimeOfDay="9:38:37 PM">
  <Point X="66" Y="198" T="118829653" />
  <Point X="68" Y="199" T="118829705" />
  <Point X="70" Y="201" T="118829726" />
  <Point X="72" Y="203" T="118829746" />
  <Point X="75" Y="204" T="118829759" />
  <Point X="77" Y="204" T="118829771" />
  <Point X="79" Y="207" T="118829779" />
  <Point X="81" Y="208" T="118829791" />
  <Point X="83" Y="209" T="118829803" />
  <Point X="84" Y="212" T="118829811" />
  <Point X="86" Y="213" T="118829824" />
  <Point X="88" Y="215" T="118829835" />
  <Point X="89" Y="217" T="118829847" />
  <Point X="91" Y="219" T="118829856" />
  <Point X="93" Y="221" T="118829871" />
  <Point X="95" Y="223" T="118829888" />
  <Point X="96" Y="225" T="118829897" />
  <Point X="98" Y="227" T="118829914" />
  <Point X="100" Y="230" T="118829925" />
  <Point X="102" Y="233" T="118829942" />
  <Point X="104" Y="236" T="118829958" />
  <Point X="105" Y="238" T="118829975" />
  <Point X="107" Y="241" T="118829990" />
  <Point X="108" Y="243" T="118830003" />
  <Point X="108" Y="245" T="118830015" />
  <Point X="109" Y="248" T="118830027" />
  <Point X="110" Y="250" T="118830047" />
  <Point X="112" Y="252" T="118830071" />
  <Point X="112" Y="254" T="118830082" />
  <Point X="113" Y="256" T="118830108" />
  <Point X="114" Y="254" T="118830240" />
  <Point X="114" Y="252" T="118830256" />
  <Point X="115" Y="250" T="118830269" />
  <Point X="115" Y="248" T="118830280" />
  <Point X="116" Y="245" T="118830292" />
  <Point X="118" Y="240" T="118830305" />
  <Point X="119" Y="237" T="118830317" />
  <Point X="120" Y="233" T="118830329" />
  <Point X="121" Y="228" T="118830342" />
  <Point X="122" Y="226" T="118830355" />
  <Point X="124" Y="223" T="118830369" />
  <Point X="126" Y="219" T="118830383" />
  <Point X="128" Y="214" T="118830397" />
  <Point X="130" Y="211" T="118830410" />
  <Point X="131" Y="209" T="118830424" />
  <Point X="133" Y="206" T="118830439" />
  <Point X="136" Y="202" T="118830453" />
  <Point X="138" Y="199" T="118830468" />
  <Point X="140" Y="196" T="118830483" />
  <Point X="143" Y="192" T="118830499" />
  <Point X="146" Y="188" T="118830514" />
  <Point X="149" Y="184" T="118830529" />
  <Point X="152" Y="179" T="118830545" />
  <Point X="155" Y="177" T="118830561" />
  <Point X="159" Y="172" T="118830578" />
  <Point X="162" Y="170" T="118830594" />
  <Point X="166" Y="165" T="118830610" />
  <Point X="169" Y="159" T="118830627" />
  <Point X="173" Y="155" T="118830645" />
  <Point X="178" Y="150" T="118830662" />
  <Point X="182" Y="147" T="118830680" />
  <Point X="186" Y="143" T="118830697" />
  <Point X="188" Y="142" T="118830715" />
  <Point X="193" Y="138" T="118830733" />
  <Point X="195" Y="136" T="118830752" />
</Gesture>