﻿<?xml version="1.0" encoding="utf-8" standalone="yes"?>
<Gesture Name="circle06" Subject="5" Speed="medium" Number="6" NumPts="108" Millseconds="1852" AppName="Gestures" AppVer="3.7.0.0" Date="Friday, March 09, 2007" TimeOfDay="9:37:39 PM">
  <Point X="122" Y="160" T="118770991" />
  <Point X="120" Y="159" T="118771035" />
  <Point X="118" Y="160" T="118771060" />
  <Point X="115" Y="160" T="118771076" />
  <Point X="113" Y="160" T="118771092" />
  <Point X="111" Y="160" T="118771108" />
  <Point X="109" Y="161" T="118771120" />
  <Point X="107" Y="161" T="118771132" />
  <Point X="105" Y="163" T="118771140" />
  <Point X="103" Y="164" T="118771156" />
  <Point X="101" Y="164" T="118771168" />
  <Point X="98" Y="165" T="118771184" />
  <Point X="96" Y="166" T="118771200" />
  <Point X="94" Y="168" T="118771216" />
  <Point X="91" Y="169" T="118771232" />
  <Point X="89" Y="171" T="118771245" />
  <Point X="88" Y="174" T="118771258" />
  <Point X="86" Y="176" T="118771273" />
  <Point X="84" Y="178" T="118771286" />
  <Point X="83" Y="181" T="118771295" />
  <Point X="81" Y="183" T="118771304" />
  <Point X="79" Y="185" T="118771318" />
  <Point X="79" Y="187" T="118771327" />
  <Point X="77" Y="189" T="118771342" />
  <Point X="76" Y="192" T="118771352" />
  <Point X="75" Y="194" T="118771361" />
  <Point X="74" Y="196" T="118771372" />
  <Point X="73" Y="199" T="118771382" />
  <Point X="73" Y="201" T="118771393" />
  <Point X="72" Y="205" T="118771404" />
  <Point X="71" Y="210" T="118771415" />
  <Point X="71" Y="213" T="118771427" />
  <Point X="71" Y="216" T="118771438" />
  <Point X="71" Y="218" T="118771450" />
  <Point X="71" Y="220" T="118771462" />
  <Point X="72" Y="223" T="118771474" />
  <Point X="72" Y="225" T="118771487" />
  <Point X="72" Y="227" T="118771488" />
  <Point X="72" Y="229" T="118771500" />
  <Point X="73" Y="231" T="118771513" />
  <Point X="73" Y="233" T="118771526" />
  <Point X="74" Y="237" T="118771527" />
  <Point X="75" Y="239" T="118771542" />
  <Point X="75" Y="244" T="118771556" />
  <Point X="76" Y="246" T="118771569" />
  <Point X="77" Y="248" T="118771584" />
  <Point X="78" Y="251" T="118771598" />
  <Point X="80" Y="253" T="118771612" />
  <Point X="81" Y="255" T="118771627" />
  <Point X="82" Y="258" T="118771642" />
  <Point X="84" Y="260" T="118771658" />
  <Point X="85" Y="262" T="118771673" />
  <Point X="88" Y="264" T="118771689" />
  <Point X="89" Y="266" T="118771705" />
  <Point X="91" Y="268" T="118771721" />
  <Point X="93" Y="269" T="118771738" />
  <Point X="96" Y="269" T="118771754" />
  <Point X="98" Y="271" T="118771771" />
  <Point X="102" Y="273" T="118771788" />
  <Point X="104" Y="274" T="118771805" />
  <Point X="106" Y="275" T="118771822" />
  <Point X="108" Y="276" T="118771823" />
  <Point X="110" Y="276" T="118771841" />
  <Point X="113" Y="278" T="118771859" />
  <Point X="117" Y="280" T="118771878" />
  <Point X="119" Y="279" T="118771896" />
  <Point X="121" Y="279" T="118771914" />
  <Point X="125" Y="279" T="118771934" />
  <Point X="128" Y="281" T="118771953" />
  <Point X="130" Y="280" T="118771972" />
  <Point X="132" Y="279" T="118771992" />
  <Point X="137" Y="279" T="118772012" />
  <Point X="139" Y="279" T="118772035" />
  <Point X="141" Y="277" T="118772036" />
  <Point X="143" Y="276" T="118772056" />
  <Point X="145" Y="275" T="118772076" />
  <Point X="150" Y="272" T="118772097" />
  <Point X="155" Y="269" T="118772118" />
  <Point X="159" Y="265" T="118772141" />
  <Point X="163" Y="262" T="118772164" />
  <Point X="165" Y="259" T="118772188" />
  <Point X="167" Y="255" T="118772214" />
  <Point X="170" Y="250" T="118772236" />
  <Point X="172" Y="247" T="118772258" />
  <Point X="172" Y="245" T="118772280" />
  <Point X="175" Y="241" T="118772303" />
  <Point X="175" Y="239" T="118772325" />
  <Point X="176" Y="234" T="118772357" />
  <Point X="177" Y="227" T="118772381" />
  <Point X="176" Y="224" T="118772407" />
  <Point X="176" Y="222" T="118772430" />
  <Point X="176" Y="220" T="118772431" />
  <Point X="175" Y="216" T="118772455" />
  <Point X="174" Y="214" T="118772479" />
  <Point X="173" Y="210" T="118772504" />
  <Point X="173" Y="205" T="118772531" />
  <Point X="172" Y="203" T="118772555" />
  <Point X="171" Y="200" T="118772580" />
  <Point X="168" Y="195" T="118772605" />
  <Point X="167" Y="193" T="118772631" />
  <Point X="165" Y="191" T="118772656" />
  <Point X="164" Y="189" T="118772683" />
  <Point X="162" Y="186" T="118772708" />
  <Point X="158" Y="183" T="118772735" />
  <Point X="155" Y="180" T="118772762" />
  <Point X="151" Y="176" T="118772788" />
  <Point X="150" Y="174" T="118772816" />
  <Point X="146" Y="171" T="118772843" />
</Gesture>