﻿<?xml version="1.0" encoding="utf-8" standalone="yes"?>
<Gesture Name="circle01" Subject="5" Speed="medium" Number="1" NumPts="116" Millseconds="2358" AppName="Gestures" AppVer="3.7.0.0" Date="Friday, March 09, 2007" TimeOfDay="9:37:26 PM">
  <Point X="110" Y="147" T="118757275" />
  <Point X="108" Y="145" T="118757338" />
  <Point X="106" Y="144" T="118757391" />
  <Point X="104" Y="145" T="118757415" />
  <Point X="102" Y="144" T="118757439" />
  <Point X="100" Y="144" T="118757460" />
  <Point X="97" Y="144" T="118757485" />
  <Point X="95" Y="146" T="118757509" />
  <Point X="93" Y="147" T="118757533" />
  <Point X="91" Y="147" T="118757553" />
  <Point X="89" Y="148" T="118757573" />
  <Point X="87" Y="149" T="118757593" />
  <Point X="85" Y="150" T="118757612" />
  <Point X="83" Y="152" T="118757637" />
  <Point X="81" Y="154" T="118757658" />
  <Point X="80" Y="156" T="118757683" />
  <Point X="78" Y="157" T="118757711" />
  <Point X="77" Y="159" T="118757728" />
  <Point X="76" Y="161" T="118757743" />
  <Point X="75" Y="163" T="118757759" />
  <Point X="74" Y="165" T="118757775" />
  <Point X="73" Y="167" T="118757791" />
  <Point X="71" Y="169" T="118757811" />
  <Point X="70" Y="171" T="118757823" />
  <Point X="70" Y="173" T="118757833" />
  <Point X="69" Y="176" T="118757852" />
  <Point X="68" Y="178" T="118757864" />
  <Point X="68" Y="180" T="118757885" />
  <Point X="67" Y="183" T="118757901" />
  <Point X="66" Y="185" T="118757913" />
  <Point X="66" Y="187" T="118757930" />
  <Point X="66" Y="189" T="118757941" />
  <Point X="65" Y="192" T="118757954" />
  <Point X="65" Y="194" T="118757970" />
  <Point X="64" Y="196" T="118757982" />
  <Point X="64" Y="198" T="118757994" />
  <Point X="64" Y="201" T="118758006" />
  <Point X="64" Y="203" T="118758019" />
  <Point X="64" Y="206" T="118758032" />
  <Point X="64" Y="208" T="118758045" />
  <Point X="64" Y="211" T="118758059" />
  <Point X="64" Y="213" T="118758076" />
  <Point X="65" Y="217" T="118758092" />
  <Point X="65" Y="219" T="118758106" />
  <Point X="66" Y="222" T="118758120" />
  <Point X="66" Y="224" T="118758134" />
  <Point X="68" Y="227" T="118758149" />
  <Point X="68" Y="229" T="118758166" />
  <Point X="69" Y="231" T="118758181" />
  <Point X="70" Y="234" T="118758196" />
  <Point X="71" Y="236" T="118758211" />
  <Point X="73" Y="238" T="118758226" />
  <Point X="74" Y="240" T="118758242" />
  <Point X="76" Y="242" T="118758258" />
  <Point X="79" Y="247" T="118758274" />
  <Point X="80" Y="249" T="118758291" />
  <Point X="82" Y="251" T="118758307" />
  <Point X="84" Y="253" T="118758324" />
  <Point X="87" Y="256" T="118758340" />
  <Point X="91" Y="259" T="118758358" />
  <Point X="93" Y="261" T="118758377" />
  <Point X="95" Y="263" T="118758395" />
  <Point X="99" Y="266" T="118758413" />
  <Point X="101" Y="266" T="118758431" />
  <Point X="103" Y="268" T="118758449" />
  <Point X="105" Y="268" T="118758469" />
  <Point X="110" Y="270" T="118758488" />
  <Point X="112" Y="271" T="118758507" />
  <Point X="114" Y="271" T="118758526" />
  <Point X="116" Y="271" T="118758527" />
  <Point X="118" Y="271" T="118758547" />
  <Point X="123" Y="271" T="118758569" />
  <Point X="125" Y="272" T="118758589" />
  <Point X="127" Y="271" T="118758609" />
  <Point X="132" Y="271" T="118758630" />
  <Point X="134" Y="270" T="118758650" />
  <Point X="138" Y="269" T="118758674" />
  <Point X="140" Y="268" T="118758695" />
  <Point X="145" Y="266" T="118758716" />
  <Point X="150" Y="263" T="118758738" />
  <Point X="152" Y="261" T="118758759" />
  <Point X="156" Y="258" T="118758784" />
  <Point X="158" Y="257" T="118758786" />
  <Point X="160" Y="255" T="118758808" />
  <Point X="164" Y="251" T="118758830" />
  <Point X="166" Y="247" T="118758853" />
  <Point X="168" Y="245" T="118758876" />
  <Point X="171" Y="239" T="118758899" />
  <Point X="172" Y="235" T="118758922" />
  <Point X="174" Y="230" T="118758946" />
  <Point X="175" Y="226" T="118758970" />
  <Point X="176" Y="223" T="118758993" />
  <Point X="176" Y="219" T="118759018" />
  <Point X="177" Y="215" T="118759042" />
  <Point X="177" Y="210" T="118759067" />
  <Point X="177" Y="205" T="118759092" />
  <Point X="176" Y="200" T="118759117" />
  <Point X="175" Y="195" T="118759142" />
  <Point X="175" Y="193" T="118759168" />
  <Point X="174" Y="190" T="118759193" />
  <Point X="173" Y="188" T="118759219" />
  <Point X="171" Y="183" T="118759245" />
  <Point X="170" Y="181" T="118759274" />
  <Point X="168" Y="179" T="118759301" />
  <Point X="166" Y="177" T="118759328" />
  <Point X="162" Y="174" T="118759355" />
  <Point X="160" Y="173" T="118759384" />
  <Point X="157" Y="170" T="118759412" />
  <Point X="155" Y="168" T="118759439" />
  <Point X="152" Y="165" T="118759467" />
  <Point X="150" Y="165" T="118759496" />
  <Point X="146" Y="163" T="118759523" />
  <Point X="144" Y="161" T="118759550" />
  <Point X="140" Y="158" T="118759578" />
  <Point X="136" Y="157" T="118759606" />
  <Point X="134" Y="157" T="118759633" />
</Gesture>