﻿<?xml version="1.0" encoding="utf-8" standalone="yes"?>
<Gesture Name="circle07" Subject="5" Speed="medium" Number="7" NumPts="112" Millseconds="1987" AppName="Gestures" AppVer="3.7.0.0" Date="Friday, March 09, 2007" TimeOfDay="9:37:42 PM">
  <Point X="122" Y="162" T="118773457" />
  <Point X="120" Y="162" T="118773517" />
  <Point X="118" Y="162" T="118773533" />
  <Point X="116" Y="163" T="118773550" />
  <Point X="114" Y="162" T="118773566" />
  <Point X="112" Y="163" T="118773582" />
  <Point X="109" Y="163" T="118773598" />
  <Point X="107" Y="165" T="118773614" />
  <Point X="105" Y="166" T="118773627" />
  <Point X="102" Y="166" T="118773639" />
  <Point X="100" Y="167" T="118773651" />
  <Point X="98" Y="169" T="118773664" />
  <Point X="96" Y="170" T="118773676" />
  <Point X="94" Y="172" T="118773693" />
  <Point X="92" Y="173" T="118773709" />
  <Point X="90" Y="175" T="118773726" />
  <Point X="89" Y="178" T="118773739" />
  <Point X="87" Y="180" T="118773755" />
  <Point X="85" Y="182" T="118773774" />
  <Point X="83" Y="185" T="118773795" />
  <Point X="82" Y="187" T="118773804" />
  <Point X="81" Y="190" T="118773815" />
  <Point X="79" Y="193" T="118773827" />
  <Point X="79" Y="195" T="118773836" />
  <Point X="78" Y="197" T="118773846" />
  <Point X="77" Y="199" T="118773856" />
  <Point X="77" Y="202" T="118773866" />
  <Point X="76" Y="205" T="118773877" />
  <Point X="76" Y="208" T="118773888" />
  <Point X="75" Y="210" T="118773898" />
  <Point X="75" Y="213" T="118773909" />
  <Point X="75" Y="215" T="118773920" />
  <Point X="75" Y="218" T="118773932" />
  <Point X="75" Y="221" T="118773944" />
  <Point X="76" Y="223" T="118773959" />
  <Point X="76" Y="225" T="118773971" />
  <Point X="77" Y="228" T="118773983" />
  <Point X="77" Y="230" T="118773995" />
  <Point X="79" Y="233" T="118774008" />
  <Point X="79" Y="235" T="118774020" />
  <Point X="80" Y="240" T="118774033" />
  <Point X="82" Y="242" T="118774046" />
  <Point X="82" Y="244" T="118774060" />
  <Point X="84" Y="246" T="118774073" />
  <Point X="85" Y="248" T="118774087" />
  <Point X="86" Y="250" T="118774101" />
  <Point X="88" Y="251" T="118774116" />
  <Point X="89" Y="254" T="118774131" />
  <Point X="92" Y="259" T="118774146" />
  <Point X="94" Y="259" T="118774162" />
  <Point X="96" Y="261" T="118774177" />
  <Point X="97" Y="263" T="118774192" />
  <Point X="100" Y="264" T="118774208" />
  <Point X="102" Y="265" T="118774224" />
  <Point X="104" Y="266" T="118774240" />
  <Point X="106" Y="267" T="118774257" />
  <Point X="110" Y="270" T="118774273" />
  <Point X="112" Y="270" T="118774290" />
  <Point X="117" Y="273" T="118774307" />
  <Point X="120" Y="273" T="118774324" />
  <Point X="122" Y="273" T="118774341" />
  <Point X="124" Y="273" T="118774359" />
  <Point X="129" Y="276" T="118774376" />
  <Point X="131" Y="275" T="118774394" />
  <Point X="133" Y="275" T="118774412" />
  <Point X="135" Y="275" T="118774430" />
  <Point X="137" Y="277" T="118774431" />
  <Point X="140" Y="275" T="118774450" />
  <Point X="142" Y="277" T="118774473" />
  <Point X="147" Y="275" T="118774493" />
  <Point X="149" Y="275" T="118774512" />
  <Point X="151" Y="275" T="118774532" />
  <Point X="153" Y="275" T="118774551" />
  <Point X="157" Y="273" T="118774572" />
  <Point X="160" Y="272" T="118774593" />
  <Point X="162" Y="271" T="118774613" />
  <Point X="164" Y="269" T="118774634" />
  <Point X="168" Y="265" T="118774655" />
  <Point X="170" Y="264" T="118774676" />
  <Point X="172" Y="263" T="118774697" />
  <Point X="174" Y="258" T="118774719" />
  <Point X="175" Y="255" T="118774740" />
  <Point X="177" Y="251" T="118774763" />
  <Point X="178" Y="248" T="118774785" />
  <Point X="179" Y="246" T="118774807" />
  <Point X="179" Y="244" T="118774829" />
  <Point X="181" Y="239" T="118774852" />
  <Point X="181" Y="237" T="118774875" />
  <Point X="181" Y="235" T="118774898" />
  <Point X="181" Y="232" T="118774899" />
  <Point X="182" Y="229" T="118774927" />
  <Point X="182" Y="227" T="118774951" />
  <Point X="182" Y="224" T="118774975" />
  <Point X="181" Y="219" T="118774999" />
  <Point X="181" Y="217" T="118775024" />
  <Point X="180" Y="215" T="118775049" />
  <Point X="178" Y="212" T="118775074" />
  <Point X="175" Y="208" T="118775099" />
  <Point X="173" Y="206" T="118775124" />
  <Point X="172" Y="204" T="118775149" />
  <Point X="169" Y="200" T="118775174" />
  <Point X="168" Y="197" T="118775200" />
  <Point X="165" Y="193" T="118775226" />
  <Point X="163" Y="191" T="118775252" />
  <Point X="161" Y="190" T="118775278" />
  <Point X="157" Y="185" T="118775305" />
  <Point X="155" Y="184" T="118775332" />
  <Point X="151" Y="181" T="118775360" />
  <Point X="149" Y="180" T="118775386" />
  <Point X="147" Y="179" T="118775388" />
  <Point X="143" Y="175" T="118775416" />
  <Point X="139" Y="175" T="118775444" />
</Gesture>