﻿<?xml version="1.0" encoding="utf-8" standalone="yes"?>
<Gesture Name="circle10" Subject="5" Speed="medium" Number="10" NumPts="99" Millseconds="1620" AppName="Gestures" AppVer="3.7.0.0" Date="Friday, March 09, 2007" TimeOfDay="9:37:49 PM">
  <Point X="119" Y="169" T="118780862" />
  <Point X="117" Y="169" T="118780882" />
  <Point X="115" Y="170" T="118780897" />
  <Point X="113" Y="172" T="118780914" />
  <Point X="111" Y="173" T="118780926" />
  <Point X="108" Y="174" T="118780938" />
  <Point X="106" Y="175" T="118780951" />
  <Point X="103" Y="177" T="118780963" />
  <Point X="101" Y="180" T="118780976" />
  <Point X="99" Y="182" T="118780988" />
  <Point X="97" Y="184" T="118781000" />
  <Point X="96" Y="186" T="118781016" />
  <Point X="95" Y="188" T="118781028" />
  <Point X="94" Y="190" T="118781037" />
  <Point X="94" Y="192" T="118781052" />
  <Point X="93" Y="194" T="118781065" />
  <Point X="93" Y="197" T="118781074" />
  <Point X="92" Y="199" T="118781082" />
  <Point X="92" Y="201" T="118781093" />
  <Point X="91" Y="204" T="118781110" />
  <Point X="90" Y="206" T="118781122" />
  <Point X="90" Y="209" T="118781131" />
  <Point X="90" Y="211" T="118781140" />
  <Point X="89" Y="213" T="118781150" />
  <Point X="89" Y="216" T="118781160" />
  <Point X="89" Y="218" T="118781170" />
  <Point X="89" Y="221" T="118781180" />
  <Point X="90" Y="223" T="118781191" />
  <Point X="91" Y="226" T="118781203" />
  <Point X="91" Y="228" T="118781214" />
  <Point X="91" Y="230" T="118781226" />
  <Point X="92" Y="233" T="118781243" />
  <Point X="92" Y="235" T="118781254" />
  <Point X="93" Y="238" T="118781267" />
  <Point X="94" Y="240" T="118781280" />
  <Point X="94" Y="242" T="118781292" />
  <Point X="95" Y="244" T="118781304" />
  <Point X="96" Y="247" T="118781317" />
  <Point X="98" Y="249" T="118781339" />
  <Point X="99" Y="251" T="118781355" />
  <Point X="100" Y="253" T="118781368" />
  <Point X="101" Y="256" T="118781382" />
  <Point X="103" Y="258" T="118781395" />
  <Point X="105" Y="259" T="118781409" />
  <Point X="106" Y="261" T="118781423" />
  <Point X="108" Y="263" T="118781437" />
  <Point X="110" Y="264" T="118781451" />
  <Point X="112" Y="266" T="118781466" />
  <Point X="114" Y="268" T="118781481" />
  <Point X="116" Y="269" T="118781496" />
  <Point X="121" Y="271" T="118781511" />
  <Point X="122" Y="273" T="118781526" />
  <Point X="124" Y="274" T="118781542" />
  <Point X="126" Y="274" T="118781558" />
  <Point X="128" Y="275" T="118781559" />
  <Point X="131" Y="277" T="118781576" />
  <Point X="133" Y="278" T="118781592" />
  <Point X="136" Y="278" T="118781608" />
  <Point X="138" Y="279" T="118781625" />
  <Point X="140" Y="279" T="118781642" />
  <Point X="142" Y="279" T="118781659" />
  <Point X="144" Y="279" T="118781683" />
  <Point X="146" Y="279" T="118781704" />
  <Point X="148" Y="279" T="118781723" />
  <Point X="150" Y="278" T="118781742" />
  <Point X="152" Y="279" T="118781762" />
  <Point X="154" Y="279" T="118781782" />
  <Point X="156" Y="278" T="118781801" />
  <Point X="158" Y="277" T="118781821" />
  <Point X="160" Y="275" T="118781843" />
  <Point X="164" Y="273" T="118781866" />
  <Point X="166" Y="271" T="118781890" />
  <Point X="170" Y="267" T="118781909" />
  <Point X="172" Y="265" T="118781929" />
  <Point X="174" Y="260" T="118781950" />
  <Point X="177" Y="256" T="118781971" />
  <Point X="178" Y="254" T="118781991" />
  <Point X="179" Y="251" T="118782012" />
  <Point X="181" Y="246" T="118782033" />
  <Point X="181" Y="244" T="118782054" />
  <Point X="181" Y="241" T="118782055" />
  <Point X="182" Y="237" T="118782077" />
  <Point X="182" Y="232" T="118782099" />
  <Point X="182" Y="228" T="118782121" />
  <Point X="182" Y="223" T="118782143" />
  <Point X="182" Y="218" T="118782166" />
  <Point X="181" Y="213" T="118782189" />
  <Point X="180" Y="211" T="118782212" />
  <Point X="178" Y="206" T="118782235" />
  <Point X="176" Y="204" T="118782258" />
  <Point X="174" Y="199" T="118782282" />
  <Point X="170" Y="195" T="118782307" />
  <Point X="167" Y="194" T="118782331" />
  <Point X="163" Y="191" T="118782356" />
  <Point X="161" Y="189" T="118782381" />
  <Point X="157" Y="185" T="118782406" />
  <Point X="153" Y="184" T="118782431" />
  <Point X="147" Y="182" T="118782457" />
  <Point X="142" Y="181" T="118782482" />
</Gesture>