﻿<?xml version="1.0" encoding="utf-8" standalone="yes"?>
<Gesture Name="circle04" Subject="5" Speed="medium" Number="4" NumPts="112" Millseconds="2026" AppName="Gestures" AppVer="3.7.0.0" Date="Friday, March 09, 2007" TimeOfDay="9:37:34 PM">
  <Point X="119" Y="152" T="118765799" />
  <Point X="116" Y="152" T="118765839" />
  <Point X="114" Y="153" T="118765859" />
  <Point X="112" Y="153" T="118765880" />
  <Point X="109" Y="153" T="118765900" />
  <Point X="107" Y="153" T="118765917" />
  <Point X="105" Y="152" T="118765933" />
  <Point X="103" Y="154" T="118765945" />
  <Point X="101" Y="155" T="118765957" />
  <Point X="98" Y="154" T="118765973" />
  <Point X="96" Y="155" T="118765989" />
  <Point X="94" Y="156" T="118766005" />
  <Point X="91" Y="157" T="118766025" />
  <Point X="89" Y="159" T="118766041" />
  <Point X="87" Y="160" T="118766061" />
  <Point X="85" Y="163" T="118766078" />
  <Point X="84" Y="165" T="118766091" />
  <Point X="82" Y="167" T="118766107" />
  <Point X="79" Y="169" T="118766127" />
  <Point X="78" Y="171" T="118766136" />
  <Point X="77" Y="173" T="118766146" />
  <Point X="75" Y="175" T="118766162" />
  <Point X="75" Y="178" T="118766171" />
  <Point X="74" Y="180" T="118766181" />
  <Point X="73" Y="182" T="118766191" />
  <Point X="72" Y="185" T="118766202" />
  <Point X="71" Y="188" T="118766218" />
  <Point X="71" Y="190" T="118766228" />
  <Point X="71" Y="192" T="118766239" />
  <Point X="71" Y="194" T="118766250" />
  <Point X="70" Y="198" T="118766266" />
  <Point X="70" Y="200" T="118766286" />
  <Point X="70" Y="203" T="118766298" />
  <Point X="70" Y="205" T="118766311" />
  <Point X="70" Y="208" T="118766322" />
  <Point X="70" Y="210" T="118766334" />
  <Point X="70" Y="212" T="118766347" />
  <Point X="71" Y="215" T="118766359" />
  <Point X="71" Y="218" T="118766371" />
  <Point X="71" Y="220" T="118766384" />
  <Point X="71" Y="222" T="118766397" />
  <Point X="72" Y="224" T="118766410" />
  <Point X="73" Y="226" T="118766424" />
  <Point X="73" Y="228" T="118766437" />
  <Point X="74" Y="231" T="118766439" />
  <Point X="74" Y="234" T="118766452" />
  <Point X="75" Y="236" T="118766467" />
  <Point X="75" Y="238" T="118766481" />
  <Point X="77" Y="240" T="118766496" />
  <Point X="78" Y="244" T="118766511" />
  <Point X="79" Y="247" T="118766527" />
  <Point X="81" Y="249" T="118766542" />
  <Point X="84" Y="252" T="118766559" />
  <Point X="85" Y="254" T="118766574" />
  <Point X="88" Y="256" T="118766590" />
  <Point X="89" Y="258" T="118766607" />
  <Point X="91" Y="259" T="118766623" />
  <Point X="95" Y="263" T="118766639" />
  <Point X="97" Y="264" T="118766656" />
  <Point X="99" Y="266" T="118766673" />
  <Point X="103" Y="268" T="118766690" />
  <Point X="105" Y="268" T="118766707" />
  <Point X="109" Y="271" T="118766725" />
  <Point X="112" Y="272" T="118766742" />
  <Point X="114" Y="272" T="118766760" />
  <Point X="117" Y="274" T="118766778" />
  <Point X="119" Y="275" T="118766796" />
  <Point X="121" Y="275" T="118766815" />
  <Point X="125" Y="275" T="118766834" />
  <Point X="128" Y="275" T="118766853" />
  <Point X="130" Y="275" T="118766873" />
  <Point X="132" Y="275" T="118766893" />
  <Point X="137" Y="275" T="118766913" />
  <Point X="140" Y="275" T="118766934" />
  <Point X="142" Y="274" T="118766954" />
  <Point X="147" Y="273" T="118766975" />
  <Point X="149" Y="272" T="118766995" />
  <Point X="151" Y="271" T="118767016" />
  <Point X="153" Y="271" T="118767037" />
  <Point X="155" Y="269" T="118767038" />
  <Point X="157" Y="268" T="118767060" />
  <Point X="160" Y="265" T="118767082" />
  <Point X="162" Y="263" T="118767103" />
  <Point X="165" Y="260" T="118767126" />
  <Point X="166" Y="258" T="118767148" />
  <Point X="168" Y="253" T="118767171" />
  <Point X="169" Y="251" T="118767193" />
  <Point X="172" Y="246" T="118767217" />
  <Point X="173" Y="244" T="118767239" />
  <Point X="174" Y="242" T="118767262" />
  <Point X="175" Y="238" T="118767286" />
  <Point X="176" Y="233" T="118767310" />
  <Point X="177" Y="231" T="118767337" />
  <Point X="178" Y="229" T="118767361" />
  <Point X="179" Y="225" T="118767385" />
  <Point X="179" Y="223" T="118767410" />
  <Point X="179" Y="221" T="118767411" />
  <Point X="179" Y="218" T="118767438" />
  <Point X="179" Y="213" T="118767464" />
  <Point X="179" Y="209" T="118767490" />
  <Point X="179" Y="207" T="118767516" />
  <Point X="177" Y="202" T="118767543" />
  <Point X="176" Y="199" T="118767569" />
  <Point X="176" Y="197" T="118767595" />
  <Point X="173" Y="193" T="118767624" />
  <Point X="171" Y="189" T="118767651" />
  <Point X="168" Y="185" T="118767678" />
  <Point X="165" Y="180" T="118767705" />
  <Point X="161" Y="178" T="118767736" />
  <Point X="157" Y="173" T="118767764" />
  <Point X="153" Y="168" T="118767792" />
  <Point X="148" Y="167" T="118767825" />
</Gesture>