﻿<?xml version="1.0" encoding="utf-8" standalone="yes"?>
<Gesture Name="circle02" Subject="5" Speed="medium" Number="2" NumPts="113" Millseconds="2093" AppName="Gestures" AppVer="3.7.0.0" Date="Friday, March 09, 2007" TimeOfDay="9:37:29 PM">
  <Point X="118" Y="150" T="118760164" />
  <Point X="116" Y="149" T="118760220" />
  <Point X="114" Y="148" T="118760249" />
  <Point X="112" Y="148" T="118760269" />
  <Point X="110" Y="149" T="118760285" />
  <Point X="108" Y="149" T="118760305" />
  <Point X="106" Y="149" T="118760329" />
  <Point X="104" Y="149" T="118760349" />
  <Point X="102" Y="149" T="118760370" />
  <Point X="100" Y="150" T="118760390" />
  <Point X="98" Y="151" T="118760410" />
  <Point X="96" Y="152" T="118760426" />
  <Point X="94" Y="153" T="118760442" />
  <Point X="92" Y="156" T="118760458" />
  <Point X="89" Y="157" T="118760475" />
  <Point X="87" Y="159" T="118760492" />
  <Point X="85" Y="161" T="118760509" />
  <Point X="84" Y="164" T="118760517" />
  <Point X="82" Y="166" T="118760533" />
  <Point X="80" Y="168" T="118760545" />
  <Point X="79" Y="170" T="118760554" />
  <Point X="78" Y="172" T="118760563" />
  <Point X="76" Y="175" T="118760581" />
  <Point X="75" Y="177" T="118760598" />
  <Point X="74" Y="180" T="118760613" />
  <Point X="74" Y="182" T="118760623" />
  <Point X="74" Y="184" T="118760638" />
  <Point X="73" Y="187" T="118760650" />
  <Point X="73" Y="189" T="118760661" />
  <Point X="72" Y="191" T="118760671" />
  <Point X="72" Y="194" T="118760683" />
  <Point X="72" Y="196" T="118760694" />
  <Point X="72" Y="198" T="118760705" />
  <Point X="71" Y="200" T="118760717" />
  <Point X="71" Y="203" T="118760729" />
  <Point X="71" Y="206" T="118760741" />
  <Point X="71" Y="208" T="118760754" />
  <Point X="71" Y="210" T="118760767" />
  <Point X="72" Y="213" T="118760779" />
  <Point X="72" Y="217" T="118760793" />
  <Point X="73" Y="219" T="118760806" />
  <Point X="73" Y="224" T="118760819" />
  <Point X="74" Y="226" T="118760838" />
  <Point X="75" Y="228" T="118760852" />
  <Point X="75" Y="231" T="118760866" />
  <Point X="77" Y="233" T="118760880" />
  <Point X="78" Y="236" T="118760894" />
  <Point X="80" Y="239" T="118760909" />
  <Point X="82" Y="244" T="118760924" />
  <Point X="84" Y="246" T="118760939" />
  <Point X="85" Y="248" T="118760954" />
  <Point X="87" Y="251" T="118760971" />
  <Point X="89" Y="253" T="118760987" />
  <Point X="91" Y="254" T="118761002" />
  <Point X="93" Y="256" T="118761018" />
  <Point X="95" Y="258" T="118761038" />
  <Point X="97" Y="259" T="118761054" />
  <Point X="99" Y="261" T="118761071" />
  <Point X="101" Y="263" T="118761087" />
  <Point X="103" Y="263" T="118761105" />
  <Point X="105" Y="265" T="118761122" />
  <Point X="110" Y="266" T="118761139" />
  <Point X="112" Y="268" T="118761157" />
  <Point X="115" Y="270" T="118761175" />
  <Point X="117" Y="270" T="118761193" />
  <Point X="121" Y="271" T="118761212" />
  <Point X="123" Y="271" T="118761230" />
  <Point X="128" Y="272" T="118761252" />
  <Point X="132" Y="272" T="118761271" />
  <Point X="135" Y="271" T="118761291" />
  <Point X="139" Y="271" T="118761310" />
  <Point X="141" Y="271" T="118761329" />
  <Point X="143" Y="270" T="118761350" />
  <Point X="145" Y="270" T="118761351" />
  <Point X="148" Y="268" T="118761370" />
  <Point X="150" Y="267" T="118761391" />
  <Point X="154" Y="264" T="118761411" />
  <Point X="156" Y="264" T="118761433" />
  <Point X="158" Y="262" T="118761454" />
  <Point X="160" Y="260" T="118761475" />
  <Point X="162" Y="257" T="118761499" />
  <Point X="165" Y="253" T="118761525" />
  <Point X="167" Y="251" T="118761550" />
  <Point X="168" Y="248" T="118761573" />
  <Point X="169" Y="246" T="118761595" />
  <Point X="170" Y="242" T="118761618" />
  <Point X="171" Y="240" T="118761640" />
  <Point X="172" Y="237" T="118761663" />
  <Point X="174" Y="232" T="118761686" />
  <Point X="174" Y="230" T="118761709" />
  <Point X="175" Y="226" T="118761733" />
  <Point X="176" Y="223" T="118761757" />
  <Point X="176" Y="221" T="118761780" />
  <Point X="176" Y="218" T="118761804" />
  <Point X="177" Y="216" T="118761828" />
  <Point X="177" Y="211" T="118761853" />
  <Point X="177" Y="209" T="118761854" />
  <Point X="177" Y="207" T="118761879" />
  <Point X="177" Y="202" T="118761904" />
  <Point X="177" Y="200" T="118761930" />
  <Point X="176" Y="196" T="118761956" />
  <Point X="175" Y="192" T="118761981" />
  <Point X="174" Y="190" T="118762007" />
  <Point X="172" Y="185" T="118762033" />
  <Point X="170" Y="181" T="118762061" />
  <Point X="169" Y="178" T="118762087" />
  <Point X="166" Y="174" T="118762115" />
  <Point X="162" Y="171" T="118762142" />
  <Point X="160" Y="169" T="118762170" />
  <Point X="158" Y="167" T="118762171" />
  <Point X="154" Y="163" T="118762198" />
  <Point X="152" Y="162" T="118762226" />
  <Point X="150" Y="161" T="118762257" />
</Gesture>