﻿<?xml version="1.0" encoding="utf-8" standalone="yes"?>
<Gesture Name="circle09" Subject="5" Speed="medium" Number="9" NumPts="107" Millseconds="1844" AppName="Gestures" AppVer="3.7.0.0" Date="Friday, March 09, 2007" TimeOfDay="9:37:47 PM">
  <Point X="121" Y="166" T="118778377" />
  <Point X="118" Y="167" T="118778467" />
  <Point X="116" Y="167" T="118778483" />
  <Point X="114" Y="168" T="118778495" />
  <Point X="111" Y="169" T="118778507" />
  <Point X="109" Y="170" T="118778519" />
  <Point X="106" Y="171" T="118778531" />
  <Point X="105" Y="173" T="118778539" />
  <Point X="102" Y="174" T="118778551" />
  <Point X="100" Y="175" T="118778559" />
  <Point X="98" Y="176" T="118778571" />
  <Point X="96" Y="178" T="118778583" />
  <Point X="94" Y="181" T="118778596" />
  <Point X="93" Y="183" T="118778608" />
  <Point X="91" Y="185" T="118778621" />
  <Point X="90" Y="187" T="118778634" />
  <Point X="89" Y="189" T="118778643" />
  <Point X="88" Y="192" T="118778651" />
  <Point X="87" Y="194" T="118778662" />
  <Point X="86" Y="196" T="118778671" />
  <Point X="85" Y="198" T="118778682" />
  <Point X="85" Y="200" T="118778691" />
  <Point X="84" Y="203" T="118778703" />
  <Point X="84" Y="205" T="118778713" />
  <Point X="83" Y="208" T="118778722" />
  <Point X="83" Y="211" T="118778734" />
  <Point X="83" Y="213" T="118778745" />
  <Point X="83" Y="216" T="118778756" />
  <Point X="84" Y="219" T="118778766" />
  <Point X="84" Y="221" T="118778778" />
  <Point X="85" Y="224" T="118778790" />
  <Point X="85" Y="227" T="118778802" />
  <Point X="85" Y="229" T="118778813" />
  <Point X="86" Y="231" T="118778826" />
  <Point X="86" Y="234" T="118778838" />
  <Point X="87" Y="236" T="118778850" />
  <Point X="87" Y="239" T="118778862" />
  <Point X="88" Y="241" T="118778874" />
  <Point X="89" Y="243" T="118778887" />
  <Point X="90" Y="245" T="118778902" />
  <Point X="91" Y="247" T="118778918" />
  <Point X="93" Y="250" T="118778931" />
  <Point X="93" Y="252" T="118778945" />
  <Point X="95" Y="253" T="118778959" />
  <Point X="96" Y="255" T="118778973" />
  <Point X="97" Y="257" T="118778987" />
  <Point X="100" Y="258" T="118779001" />
  <Point X="101" Y="260" T="118779016" />
  <Point X="105" Y="264" T="118779031" />
  <Point X="107" Y="266" T="118779046" />
  <Point X="109" Y="269" T="118779066" />
  <Point X="112" Y="271" T="118779082" />
  <Point X="114" Y="273" T="118779098" />
  <Point X="116" Y="274" T="118779114" />
  <Point X="118" Y="276" T="118779130" />
  <Point X="120" Y="276" T="118779146" />
  <Point X="122" Y="278" T="118779147" />
  <Point X="124" Y="279" T="118779163" />
  <Point X="126" Y="280" T="118779180" />
  <Point X="131" Y="282" T="118779197" />
  <Point X="133" Y="282" T="118779214" />
  <Point X="137" Y="282" T="118779232" />
  <Point X="139" Y="282" T="118779250" />
  <Point X="141" Y="283" T="118779268" />
  <Point X="145" Y="282" T="118779286" />
  <Point X="147" Y="281" T="118779305" />
  <Point X="152" Y="279" T="118779324" />
  <Point X="154" Y="280" T="118779343" />
  <Point X="156" Y="279" T="118779362" />
  <Point X="159" Y="278" T="118779381" />
  <Point X="163" Y="276" T="118779401" />
  <Point X="165" Y="275" T="118779420" />
  <Point X="167" Y="274" T="118779440" />
  <Point X="171" Y="271" T="118779460" />
  <Point X="173" Y="270" T="118779480" />
  <Point X="176" Y="266" T="118779501" />
  <Point X="177" Y="264" T="118779521" />
  <Point X="178" Y="262" T="118779523" />
  <Point X="179" Y="260" T="118779543" />
  <Point X="181" Y="256" T="118779565" />
  <Point X="181" Y="253" T="118779586" />
  <Point X="182" Y="249" T="118779611" />
  <Point X="182" Y="244" T="118779633" />
  <Point X="183" Y="240" T="118779655" />
  <Point X="184" Y="236" T="118779678" />
  <Point X="184" Y="231" T="118779701" />
  <Point X="184" Y="229" T="118779725" />
  <Point X="183" Y="223" T="118779748" />
  <Point X="183" Y="221" T="118779771" />
  <Point X="182" Y="219" T="118779795" />
  <Point X="182" Y="217" T="118779818" />
  <Point X="181" Y="215" T="118779841" />
  <Point X="179" Y="211" T="118779865" />
  <Point X="177" Y="209" T="118779889" />
  <Point X="176" Y="206" T="118779913" />
  <Point X="175" Y="204" T="118779937" />
  <Point X="171" Y="200" T="118779962" />
  <Point X="168" Y="196" T="118779986" />
  <Point X="166" Y="194" T="118780011" />
  <Point X="164" Y="190" T="118780036" />
  <Point X="161" Y="189" T="118780062" />
  <Point X="160" Y="186" T="118780087" />
  <Point X="158" Y="186" T="118780113" />
  <Point X="153" Y="183" T="118780139" />
  <Point X="151" Y="181" T="118780164" />
  <Point X="147" Y="179" T="118780192" />
  <Point X="143" Y="177" T="118780221" />
</Gesture>