﻿<?xml version="1.0" encoding="utf-8" standalone="yes"?>
<Gesture Name="circle03" Subject="5" Speed="medium" Number="3" NumPts="119" Millseconds="2326" AppName="Gestures" AppVer="3.7.0.0" Date="Friday, March 09, 2007" TimeOfDay="9:37:32 PM">
  <Point X="120" Y="151" T="118762861" />
  <Point X="118" Y="151" T="118762913" />
  <Point X="116" Y="152" T="118762937" />
  <Point X="113" Y="151" T="118762961" />
  <Point X="111" Y="152" T="118762977" />
  <Point X="109" Y="152" T="118762992" />
  <Point X="107" Y="153" T="118763009" />
  <Point X="104" Y="153" T="118763025" />
  <Point X="102" Y="154" T="118763041" />
  <Point X="100" Y="156" T="118763057" />
  <Point X="98" Y="157" T="118763073" />
  <Point X="95" Y="157" T="118763089" />
  <Point X="93" Y="158" T="118763108" />
  <Point X="91" Y="160" T="118763128" />
  <Point X="89" Y="162" T="118763149" />
  <Point X="87" Y="165" T="118763166" />
  <Point X="84" Y="167" T="118763187" />
  <Point X="82" Y="169" T="118763207" />
  <Point X="80" Y="172" T="118763224" />
  <Point X="80" Y="174" T="118763233" />
  <Point X="78" Y="176" T="118763256" />
  <Point X="77" Y="179" T="118763268" />
  <Point X="76" Y="182" T="118763280" />
  <Point X="75" Y="184" T="118763297" />
  <Point X="74" Y="187" T="118763308" />
  <Point X="73" Y="189" T="118763318" />
  <Point X="72" Y="191" T="118763332" />
  <Point X="71" Y="194" T="118763348" />
  <Point X="70" Y="196" T="118763364" />
  <Point X="70" Y="198" T="118763375" />
  <Point X="69" Y="200" T="118763396" />
  <Point X="69" Y="203" T="118763408" />
  <Point X="69" Y="206" T="118763421" />
  <Point X="69" Y="208" T="118763436" />
  <Point X="69" Y="210" T="118763455" />
  <Point X="69" Y="212" T="118763467" />
  <Point X="69" Y="215" T="118763483" />
  <Point X="69" Y="217" T="118763499" />
  <Point X="70" Y="219" T="118763511" />
  <Point X="70" Y="221" T="118763524" />
  <Point X="70" Y="223" T="118763537" />
  <Point X="70" Y="226" T="118763552" />
  <Point X="70" Y="229" T="118763567" />
  <Point X="71" Y="233" T="118763587" />
  <Point X="72" Y="235" T="118763603" />
  <Point X="72" Y="237" T="118763617" />
  <Point X="73" Y="239" T="118763636" />
  <Point X="74" Y="243" T="118763652" />
  <Point X="74" Y="245" T="118763667" />
  <Point X="75" Y="247" T="118763681" />
  <Point X="76" Y="250" T="118763696" />
  <Point X="78" Y="252" T="118763716" />
  <Point X="79" Y="254" T="118763731" />
  <Point X="81" Y="256" T="118763747" />
  <Point X="83" Y="257" T="118763763" />
  <Point X="85" Y="258" T="118763780" />
  <Point X="86" Y="261" T="118763796" />
  <Point X="88" Y="263" T="118763813" />
  <Point X="90" Y="264" T="118763829" />
  <Point X="92" Y="265" T="118763847" />
  <Point X="97" Y="267" T="118763864" />
  <Point X="99" Y="268" T="118763882" />
  <Point X="101" Y="269" T="118763899" />
  <Point X="103" Y="269" T="118763920" />
  <Point X="106" Y="270" T="118763938" />
  <Point X="110" Y="272" T="118763956" />
  <Point X="113" Y="272" T="118763975" />
  <Point X="115" Y="272" T="118763994" />
  <Point X="119" Y="272" T="118764013" />
  <Point X="121" Y="273" T="118764032" />
  <Point X="123" Y="273" T="118764051" />
  <Point X="125" Y="274" T="118764071" />
  <Point X="127" Y="274" T="118764091" />
  <Point X="129" Y="273" T="118764111" />
  <Point X="131" Y="273" T="118764131" />
  <Point X="134" Y="273" T="118764132" />
  <Point X="136" Y="272" T="118764153" />
  <Point X="138" Y="272" T="118764174" />
  <Point X="140" Y="271" T="118764195" />
  <Point X="142" Y="270" T="118764196" />
  <Point X="144" Y="269" T="118764218" />
  <Point X="146" Y="269" T="118764240" />
  <Point X="150" Y="267" T="118764262" />
  <Point X="152" Y="266" T="118764285" />
  <Point X="154" Y="265" T="118764307" />
  <Point X="158" Y="264" T="118764330" />
  <Point X="159" Y="261" T="118764353" />
  <Point X="161" Y="260" T="118764376" />
  <Point X="163" Y="259" T="118764377" />
  <Point X="165" Y="257" T="118764400" />
  <Point X="167" Y="255" T="118764426" />
  <Point X="169" Y="254" T="118764449" />
  <Point X="172" Y="250" T="118764473" />
  <Point X="173" Y="247" T="118764497" />
  <Point X="175" Y="245" T="118764522" />
  <Point X="176" Y="243" T="118764546" />
  <Point X="177" Y="240" T="118764571" />
  <Point X="179" Y="236" T="118764596" />
  <Point X="179" Y="233" T="118764621" />
  <Point X="180" Y="231" T="118764647" />
  <Point X="181" Y="227" T="118764672" />
  <Point X="181" Y="224" T="118764699" />
  <Point X="181" Y="222" T="118764724" />
  <Point X="180" Y="220" T="118764750" />
  <Point X="179" Y="216" T="118764777" />
  <Point X="178" Y="213" T="118764803" />
  <Point X="178" Y="211" T="118764830" />
  <Point X="177" Y="209" T="118764857" />
  <Point X="176" Y="204" T="118764885" />
  <Point X="175" Y="198" T="118764913" />
  <Point X="174" Y="195" T="118764943" />
  <Point X="173" Y="193" T="118764971" />
  <Point X="171" Y="188" T="118764999" />
  <Point X="169" Y="186" T="118765032" />
  <Point X="166" Y="181" T="118765065" />
  <Point X="162" Y="177" T="118765099" />
  <Point X="157" Y="171" T="118765129" />
  <Point X="149" Y="166" T="118765159" />
  <Point X="146" Y="165" T="118765187" />
</Gesture>