﻿<?xml version="1.0" encoding="utf-8" standalone="yes"?>
<Gesture Name="circle08" Subject="5" Speed="medium" Number="8" NumPts="102" Millseconds="1766" AppName="Gestures" AppVer="3.7.0.0" Date="Friday, March 09, 2007" TimeOfDay="9:37:44 PM">
  <Point X="121" Y="165" T="118776039" />
  <Point X="119" Y="165" T="118776088" />
  <Point X="117" Y="166" T="118776112" />
  <Point X="115" Y="166" T="118776133" />
  <Point X="113" Y="166" T="118776150" />
  <Point X="110" Y="166" T="118776166" />
  <Point X="108" Y="166" T="118776178" />
  <Point X="106" Y="167" T="118776190" />
  <Point X="104" Y="167" T="118776202" />
  <Point X="102" Y="168" T="118776219" />
  <Point X="99" Y="170" T="118776236" />
  <Point X="98" Y="172" T="118776248" />
  <Point X="96" Y="173" T="118776264" />
  <Point X="95" Y="175" T="118776273" />
  <Point X="93" Y="177" T="118776292" />
  <Point X="91" Y="180" T="118776309" />
  <Point X="90" Y="182" T="118776326" />
  <Point X="89" Y="185" T="118776338" />
  <Point X="87" Y="188" T="118776350" />
  <Point X="86" Y="191" T="118776366" />
  <Point X="85" Y="193" T="118776375" />
  <Point X="85" Y="195" T="118776384" />
  <Point X="83" Y="199" T="118776403" />
  <Point X="83" Y="201" T="118776412" />
  <Point X="82" Y="203" T="118776423" />
  <Point X="81" Y="205" T="118776439" />
  <Point X="81" Y="207" T="118776452" />
  <Point X="81" Y="210" T="118776467" />
  <Point X="81" Y="213" T="118776484" />
  <Point X="81" Y="215" T="118776496" />
  <Point X="82" Y="218" T="118776513" />
  <Point X="82" Y="220" T="118776527" />
  <Point X="83" Y="222" T="118776538" />
  <Point X="83" Y="225" T="118776550" />
  <Point X="84" Y="227" T="118776565" />
  <Point X="85" Y="229" T="118776578" />
  <Point X="85" Y="232" T="118776590" />
  <Point X="86" Y="234" T="118776602" />
  <Point X="87" Y="237" T="118776615" />
  <Point X="88" Y="240" T="118776627" />
  <Point X="88" Y="242" T="118776640" />
  <Point X="89" Y="244" T="118776654" />
  <Point X="90" Y="248" T="118776667" />
  <Point X="92" Y="250" T="118776681" />
  <Point X="93" Y="252" T="118776695" />
  <Point X="94" Y="254" T="118776710" />
  <Point X="96" Y="257" T="118776725" />
  <Point X="98" Y="259" T="118776740" />
  <Point X="99" Y="262" T="118776755" />
  <Point X="100" Y="264" T="118776770" />
  <Point X="102" Y="266" T="118776786" />
  <Point X="103" Y="269" T="118776801" />
  <Point X="105" Y="270" T="118776817" />
  <Point X="107" Y="272" T="118776832" />
  <Point X="109" Y="273" T="118776849" />
  <Point X="112" Y="274" T="118776865" />
  <Point X="114" Y="275" T="118776866" />
  <Point X="116" Y="276" T="118776882" />
  <Point X="119" Y="278" T="118776899" />
  <Point X="121" Y="279" T="118776916" />
  <Point X="123" Y="280" T="118776917" />
  <Point X="125" Y="280" T="118776935" />
  <Point X="127" Y="281" T="118776953" />
  <Point X="129" Y="282" T="118776954" />
  <Point X="131" Y="282" T="118776972" />
  <Point X="133" Y="283" T="118776992" />
  <Point X="136" Y="283" T="118777011" />
  <Point X="138" Y="282" T="118777029" />
  <Point X="140" Y="282" T="118777049" />
  <Point X="142" Y="282" T="118777068" />
  <Point X="147" Y="280" T="118777092" />
  <Point X="149" Y="279" T="118777111" />
  <Point X="151" Y="279" T="118777131" />
  <Point X="155" Y="276" T="118777152" />
  <Point X="157" Y="275" T="118777172" />
  <Point X="162" Y="272" T="118777196" />
  <Point X="167" Y="267" T="118777217" />
  <Point X="171" Y="262" T="118777238" />
  <Point X="173" Y="259" T="118777259" />
  <Point X="176" Y="255" T="118777281" />
  <Point X="178" Y="250" T="118777306" />
  <Point X="180" Y="246" T="118777328" />
  <Point X="181" Y="243" T="118777350" />
  <Point X="181" Y="240" T="118777372" />
  <Point X="182" Y="234" T="118777395" />
  <Point X="182" Y="232" T="118777418" />
  <Point X="182" Y="226" T="118777441" />
  <Point X="182" Y="222" T="118777464" />
  <Point X="181" Y="219" T="118777490" />
  <Point X="180" Y="215" T="118777513" />
  <Point X="179" Y="211" T="118777537" />
  <Point X="177" Y="207" T="118777562" />
  <Point X="174" Y="202" T="118777586" />
  <Point X="173" Y="200" T="118777611" />
  <Point X="169" Y="196" T="118777635" />
  <Point X="168" Y="194" T="118777660" />
  <Point X="163" Y="190" T="118777691" />
  <Point X="157" Y="185" T="118777719" />
  <Point X="154" Y="181" T="118777745" />
  <Point X="150" Y="178" T="118777770" />
  <Point X="147" Y="178" T="118777803" />
  <Point X="145" Y="177" T="118777805" />
</Gesture>