﻿<?xml version="1.0" encoding="utf-8" standalone="yes"?>
<Gesture Name="circle05" Subject="5" Speed="medium" Number="5" NumPts="111" Millseconds="1959" AppName="Gestures" AppVer="3.7.0.0" Date="Friday, March 09, 2007" TimeOfDay="9:37:37 PM">
  <Point X="119" Y="156" T="118768468" />
  <Point X="117" Y="156" T="118768504" />
  <Point X="115" Y="156" T="118768517" />
  <Point X="113" Y="157" T="118768533" />
  <Point X="110" Y="157" T="118768549" />
  <Point X="108" Y="156" T="118768561" />
  <Point X="106" Y="158" T="118768573" />
  <Point X="104" Y="157" T="118768585" />
  <Point X="101" Y="157" T="118768601" />
  <Point X="99" Y="158" T="118768613" />
  <Point X="97" Y="159" T="118768625" />
  <Point X="95" Y="161" T="118768637" />
  <Point X="92" Y="161" T="118768654" />
  <Point X="90" Y="163" T="118768666" />
  <Point X="88" Y="165" T="118768683" />
  <Point X="87" Y="167" T="118768695" />
  <Point X="85" Y="169" T="118768712" />
  <Point X="83" Y="171" T="118768724" />
  <Point X="81" Y="174" T="118768740" />
  <Point X="80" Y="176" T="118768752" />
  <Point X="79" Y="179" T="118768768" />
  <Point X="78" Y="181" T="118768777" />
  <Point X="75" Y="184" T="118768797" />
  <Point X="75" Y="186" T="118768806" />
  <Point X="74" Y="189" T="118768821" />
  <Point X="73" Y="191" T="118768831" />
  <Point X="72" Y="193" T="118768842" />
  <Point X="71" Y="195" T="118768852" />
  <Point X="71" Y="197" T="118768863" />
  <Point X="70" Y="200" T="118768874" />
  <Point X="69" Y="202" T="118768887" />
  <Point X="69" Y="204" T="118768902" />
  <Point X="69" Y="206" T="118768915" />
  <Point X="68" Y="211" T="118768928" />
  <Point X="68" Y="213" T="118768940" />
  <Point X="68" Y="215" T="118768954" />
  <Point X="68" Y="217" T="118768966" />
  <Point X="68" Y="221" T="118768979" />
  <Point X="68" Y="223" T="118768999" />
  <Point X="68" Y="225" T="118769012" />
  <Point X="68" Y="228" T="118769025" />
  <Point X="68" Y="230" T="118769038" />
  <Point X="70" Y="234" T="118769051" />
  <Point X="71" Y="237" T="118769067" />
  <Point X="72" Y="239" T="118769087" />
  <Point X="73" Y="241" T="118769104" />
  <Point X="74" Y="243" T="118769120" />
  <Point X="76" Y="246" T="118769140" />
  <Point X="78" Y="247" T="118769156" />
  <Point X="79" Y="249" T="118769171" />
  <Point X="80" Y="252" T="118769186" />
  <Point X="82" Y="252" T="118769204" />
  <Point X="84" Y="254" T="118769221" />
  <Point X="87" Y="256" T="118769240" />
  <Point X="88" Y="258" T="118769256" />
  <Point X="90" Y="260" T="118769272" />
  <Point X="93" Y="262" T="118769289" />
  <Point X="97" Y="263" T="118769306" />
  <Point X="99" Y="265" T="118769322" />
  <Point X="101" Y="266" T="118769339" />
  <Point X="104" Y="266" T="118769357" />
  <Point X="107" Y="269" T="118769374" />
  <Point X="110" Y="269" T="118769392" />
  <Point X="115" Y="269" T="118769410" />
  <Point X="117" Y="270" T="118769428" />
  <Point X="121" Y="270" T="118769447" />
  <Point X="123" Y="271" T="118769465" />
  <Point X="127" Y="272" T="118769484" />
  <Point X="129" Y="271" T="118769503" />
  <Point X="131" Y="272" T="118769504" />
  <Point X="133" Y="272" T="118769524" />
  <Point X="135" Y="274" T="118769546" />
  <Point X="137" Y="273" T="118769566" />
  <Point X="142" Y="273" T="118769586" />
  <Point X="144" Y="272" T="118769606" />
  <Point X="146" Y="272" T="118769627" />
  <Point X="148" Y="271" T="118769647" />
  <Point X="150" Y="270" T="118769648" />
  <Point X="152" Y="269" T="118769669" />
  <Point X="155" Y="267" T="118769691" />
  <Point X="159" Y="264" T="118769712" />
  <Point X="161" Y="262" T="118769734" />
  <Point X="163" Y="259" T="118769757" />
  <Point X="164" Y="257" T="118769778" />
  <Point X="166" Y="255" T="118769801" />
  <Point X="167" Y="250" T="118769823" />
  <Point X="168" Y="248" T="118769845" />
  <Point X="169" Y="243" T="118769868" />
  <Point X="170" Y="241" T="118769891" />
  <Point X="170" Y="239" T="118769915" />
  <Point X="171" Y="235" T="118769938" />
  <Point X="172" Y="230" T="118769963" />
  <Point X="172" Y="226" T="118769987" />
  <Point X="172" Y="222" T="118770011" />
  <Point X="171" Y="220" T="118770036" />
  <Point X="171" Y="215" T="118770061" />
  <Point X="170" Y="210" T="118770087" />
  <Point X="170" Y="205" T="118770112" />
  <Point X="170" Y="203" T="118770137" />
  <Point X="168" Y="199" T="118770162" />
  <Point X="168" Y="196" T="118770188" />
  <Point X="167" Y="194" T="118770189" />
  <Point X="166" Y="192" T="118770214" />
  <Point X="165" Y="190" T="118770240" />
  <Point X="163" Y="186" T="118770267" />
  <Point X="161" Y="184" T="118770294" />
  <Point X="159" Y="181" T="118770320" />
  <Point X="155" Y="177" T="118770346" />
  <Point X="153" Y="175" T="118770373" />
  <Point X="148" Y="169" T="118770400" />
  <Point X="146" Y="169" T="118770427" />
</Gesture>