﻿<?xml version="1.0" encoding="utf-8" standalone="yes"?>
<Gesture Name="delete_mark04" Subject="5" Speed="medium" Number="4" NumPts="100" Millseconds="2070" AppName="Gestures" AppVer="3.7.0.0" Date="Friday, March 09, 2007" TimeOfDay="9:32:58 PM">
  <Point X="76" Y="150" T="118488644" />
  <Point X="79" Y="150" T="118488701" />
  <Point X="81" Y="151" T="118488725" />
  <Point X="83" Y="153" T="118488746" />
  <Point X="85" Y="155" T="118488766" />
  <Point X="86" Y="157" T="118488783" />
  <Point X="87" Y="160" T="118488799" />
  <Point X="88" Y="162" T="118488807" />
  <Point X="89" Y="165" T="118488819" />
  <Point X="91" Y="166" T="118488838" />
  <Point X="91" Y="168" T="118488846" />
  <Point X="93" Y="171" T="118488862" />
  <Point X="94" Y="173" T="118488878" />
  <Point X="96" Y="175" T="118488902" />
  <Point X="98" Y="177" T="118488927" />
  <Point X="99" Y="179" T="118488944" />
  <Point X="100" Y="181" T="118488953" />
  <Point X="102" Y="184" T="118488973" />
  <Point X="104" Y="186" T="118488985" />
  <Point X="106" Y="187" T="118489001" />
  <Point X="108" Y="190" T="118489021" />
  <Point X="110" Y="192" T="118489042" />
  <Point X="112" Y="195" T="118489062" />
  <Point X="114" Y="197" T="118489082" />
  <Point X="115" Y="199" T="118489099" />
  <Point X="117" Y="201" T="118489111" />
  <Point X="118" Y="203" T="118489127" />
  <Point X="120" Y="204" T="118489143" />
  <Point X="123" Y="204" T="118489159" />
  <Point X="125" Y="206" T="118489180" />
  <Point X="127" Y="206" T="118489196" />
  <Point X="129" Y="208" T="118489212" />
  <Point X="131" Y="209" T="118489228" />
  <Point X="133" Y="210" T="118489245" />
  <Point X="135" Y="211" T="118489261" />
  <Point X="137" Y="212" T="118489277" />
  <Point X="140" Y="214" T="118489293" />
  <Point X="142" Y="215" T="118489310" />
  <Point X="144" Y="216" T="118489326" />
  <Point X="147" Y="218" T="118489346" />
  <Point X="148" Y="220" T="118489362" />
  <Point X="150" Y="221" T="118489386" />
  <Point X="148" Y="222" T="118489487" />
  <Point X="146" Y="223" T="118489501" />
  <Point X="143" Y="223" T="118489515" />
  <Point X="141" Y="224" T="118489529" />
  <Point X="139" Y="223" T="118489544" />
  <Point X="137" Y="224" T="118489558" />
  <Point X="135" Y="224" T="118489559" />
  <Point X="132" Y="224" T="118489574" />
  <Point X="130" Y="225" T="118489590" />
  <Point X="128" Y="225" T="118489592" />
  <Point X="126" Y="225" T="118489608" />
  <Point X="120" Y="225" T="118489624" />
  <Point X="116" Y="226" T="118489640" />
  <Point X="114" Y="226" T="118489657" />
  <Point X="108" Y="226" T="118489676" />
  <Point X="105" Y="226" T="118489698" />
  <Point X="99" Y="225" T="118489717" />
  <Point X="97" Y="224" T="118489737" />
  <Point X="92" Y="223" T="118489757" />
  <Point X="88" Y="222" T="118489778" />
  <Point X="85" Y="221" T="118489799" />
  <Point X="83" Y="221" T="118489817" />
  <Point X="81" Y="221" T="118489835" />
  <Point X="79" Y="220" T="118489853" />
  <Point X="77" Y="220" T="118489872" />
  <Point X="73" Y="220" T="118489891" />
  <Point X="71" Y="219" T="118489910" />
  <Point X="69" Y="218" T="118489931" />
  <Point X="66" Y="218" T="118489955" />
  <Point X="65" Y="216" T="118490015" />
  <Point X="65" Y="214" T="118490052" />
  <Point X="66" Y="212" T="118490097" />
  <Point X="68" Y="211" T="118490130" />
  <Point X="70" Y="209" T="118490150" />
  <Point X="72" Y="207" T="118490171" />
  <Point X="74" Y="205" T="118490192" />
  <Point X="77" Y="204" T="118490213" />
  <Point X="81" Y="202" T="118490235" />
  <Point X="84" Y="201" T="118490258" />
  <Point X="87" Y="196" T="118490280" />
  <Point X="90" Y="195" T="118490302" />
  <Point X="94" Y="192" T="118490324" />
  <Point X="98" Y="188" T="118490347" />
  <Point X="102" Y="184" T="118490370" />
  <Point X="105" Y="181" T="118490393" />
  <Point X="107" Y="179" T="118490416" />
  <Point X="111" Y="175" T="118490441" />
  <Point X="113" Y="173" T="118490464" />
  <Point X="117" Y="169" T="118490488" />
  <Point X="119" Y="168" T="118490512" />
  <Point X="121" Y="165" T="118490537" />
  <Point X="125" Y="161" T="118490561" />
  <Point X="127" Y="157" T="118490586" />
  <Point X="129" Y="155" T="118490610" />
  <Point X="130" Y="153" T="118490638" />
  <Point X="134" Y="148" T="118490663" />
  <Point X="135" Y="146" T="118490689" />
  <Point X="136" Y="144" T="118490714" />
</Gesture>