﻿<?xml version="1.0" encoding="utf-8" standalone="yes"?>
<Gesture Name="delete_mark09" Subject="5" Speed="medium" Number="9" NumPts="87" Millseconds="1630" AppName="Gestures" AppVer="3.7.0.0" Date="Friday, March 09, 2007" TimeOfDay="9:33:11 PM">
  <Point X="79" Y="153" T="118501848" />
  <Point X="80" Y="155" T="118501873" />
  <Point X="81" Y="158" T="118501909" />
  <Point X="82" Y="160" T="118501929" />
  <Point X="84" Y="162" T="118501946" />
  <Point X="84" Y="164" T="118501954" />
  <Point X="85" Y="166" T="118501974" />
  <Point X="87" Y="168" T="118501986" />
  <Point X="87" Y="171" T="118501998" />
  <Point X="89" Y="173" T="118502010" />
  <Point X="90" Y="175" T="118502022" />
  <Point X="92" Y="176" T="118502038" />
  <Point X="94" Y="180" T="118502054" />
  <Point X="96" Y="182" T="118502075" />
  <Point X="97" Y="184" T="118502083" />
  <Point X="99" Y="187" T="118502104" />
  <Point X="101" Y="189" T="118502115" />
  <Point X="102" Y="191" T="118502127" />
  <Point X="104" Y="193" T="118502144" />
  <Point X="106" Y="194" T="118502160" />
  <Point X="107" Y="197" T="118502172" />
  <Point X="109" Y="199" T="118502192" />
  <Point X="111" Y="202" T="118502212" />
  <Point X="113" Y="204" T="118502233" />
  <Point X="115" Y="205" T="118502253" />
  <Point X="117" Y="206" T="118502269" />
  <Point X="119" Y="207" T="118502289" />
  <Point X="121" Y="209" T="118502309" />
  <Point X="123" Y="211" T="118502334" />
  <Point X="125" Y="211" T="118502354" />
  <Point X="126" Y="214" T="118502370" />
  <Point X="128" Y="212" T="118502387" />
  <Point X="129" Y="215" T="118502399" />
  <Point X="131" Y="216" T="118502419" />
  <Point X="133" Y="218" T="118502448" />
  <Point X="135" Y="220" T="118502489" />
  <Point X="136" Y="222" T="118502541" />
  <Point X="134" Y="222" T="118502617" />
  <Point X="132" Y="222" T="118502633" />
  <Point X="130" Y="222" T="118502646" />
  <Point X="128" Y="221" T="118502659" />
  <Point X="125" Y="221" T="118502672" />
  <Point X="123" Y="221" T="118502686" />
  <Point X="121" Y="221" T="118502700" />
  <Point X="119" Y="222" T="118502714" />
  <Point X="116" Y="222" T="118502729" />
  <Point X="114" Y="222" T="118502730" />
  <Point X="111" Y="222" T="118502744" />
  <Point X="109" Y="222" T="118502759" />
  <Point X="105" Y="222" T="118502774" />
  <Point X="102" Y="222" T="118502790" />
  <Point X="100" Y="222" T="118502805" />
  <Point X="96" Y="223" T="118502821" />
  <Point X="93" Y="223" T="118502837" />
  <Point X="90" Y="224" T="118502853" />
  <Point X="88" Y="223" T="118502870" />
  <Point X="83" Y="222" T="118502887" />
  <Point X="80" Y="223" T="118502904" />
  <Point X="78" Y="223" T="118502921" />
  <Point X="75" Y="224" T="118502922" />
  <Point X="73" Y="224" T="118502939" />
  <Point X="71" Y="224" T="118502957" />
  <Point X="69" Y="225" T="118502975" />
  <Point X="66" Y="224" T="118502993" />
  <Point X="67" Y="221" T="118503049" />
  <Point X="69" Y="218" T="118503069" />
  <Point X="71" Y="217" T="118503093" />
  <Point X="73" Y="215" T="118503112" />
  <Point X="76" Y="210" T="118503131" />
  <Point X="80" Y="205" T="118503150" />
  <Point X="84" Y="201" T="118503170" />
  <Point X="86" Y="199" T="118503189" />
  <Point X="88" Y="197" T="118503209" />
  <Point X="89" Y="194" T="118503210" />
  <Point X="90" Y="192" T="118503230" />
  <Point X="94" Y="187" T="118503250" />
  <Point X="96" Y="185" T="118503271" />
  <Point X="98" Y="180" T="118503293" />
  <Point X="99" Y="178" T="118503315" />
  <Point X="102" Y="174" T="118503338" />
  <Point X="103" Y="172" T="118503361" />
  <Point X="103" Y="169" T="118503362" />
  <Point X="105" Y="167" T="118503384" />
  <Point X="106" Y="165" T="118503410" />
  <Point X="108" Y="160" T="118503432" />
  <Point X="110" Y="159" T="118503455" />
  <Point X="112" Y="156" T="118503478" />
</Gesture>