﻿<?xml version="1.0" encoding="utf-8" standalone="yes"?>
<Gesture Name="delete_mark01" Subject="5" Speed="medium" Number="1" NumPts="109" Millseconds="2282" AppName="Gestures" AppVer="3.7.0.0" Date="Friday, March 09, 2007" TimeOfDay="9:32:50 PM">
  <Point X="79" Y="154" T="118480171" />
  <Point X="81" Y="155" T="118480345" />
  <Point X="82" Y="157" T="118480377" />
  <Point X="84" Y="160" T="118480405" />
  <Point X="85" Y="162" T="118480425" />
  <Point X="86" Y="165" T="118480436" />
  <Point X="88" Y="165" T="118480461" />
  <Point X="89" Y="167" T="118480477" />
  <Point X="90" Y="170" T="118480489" />
  <Point X="91" Y="172" T="118480505" />
  <Point X="93" Y="174" T="118480530" />
  <Point X="95" Y="176" T="118480546" />
  <Point X="96" Y="178" T="118480563" />
  <Point X="98" Y="180" T="118480579" />
  <Point X="99" Y="182" T="118480592" />
  <Point X="101" Y="184" T="118480609" />
  <Point X="102" Y="186" T="118480617" />
  <Point X="105" Y="188" T="118480632" />
  <Point X="106" Y="190" T="118480644" />
  <Point X="107" Y="192" T="118480653" />
  <Point X="109" Y="194" T="118480669" />
  <Point X="111" Y="196" T="118480680" />
  <Point X="113" Y="197" T="118480697" />
  <Point X="115" Y="199" T="118480713" />
  <Point X="117" Y="202" T="118480725" />
  <Point X="118" Y="204" T="118480737" />
  <Point X="120" Y="206" T="118480749" />
  <Point X="121" Y="208" T="118480759" />
  <Point X="123" Y="210" T="118480773" />
  <Point X="125" Y="211" T="118480789" />
  <Point X="127" Y="213" T="118480805" />
  <Point X="130" Y="214" T="118480817" />
  <Point X="132" Y="216" T="118480830" />
  <Point X="134" Y="218" T="118480842" />
  <Point X="136" Y="219" T="118480853" />
  <Point X="138" Y="220" T="118480865" />
  <Point X="139" Y="222" T="118480878" />
  <Point X="141" Y="222" T="118480890" />
  <Point X="143" Y="224" T="118480903" />
  <Point X="145" Y="225" T="118480916" />
  <Point X="148" Y="227" T="118480929" />
  <Point X="150" Y="227" T="118480949" />
  <Point X="151" Y="229" T="118480966" />
  <Point X="153" Y="231" T="118480994" />
  <Point X="152" Y="233" T="118481091" />
  <Point X="150" Y="233" T="118481115" />
  <Point X="148" Y="234" T="118481131" />
  <Point X="145" Y="234" T="118481146" />
  <Point X="143" Y="234" T="118481161" />
  <Point X="141" Y="235" T="118481176" />
  <Point X="139" Y="235" T="118481191" />
  <Point X="137" Y="235" T="118481207" />
  <Point X="135" Y="236" T="118481224" />
  <Point X="132" Y="235" T="118481242" />
  <Point X="130" Y="236" T="118481259" />
  <Point X="128" Y="236" T="118481279" />
  <Point X="126" Y="236" T="118481295" />
  <Point X="124" Y="236" T="118481312" />
  <Point X="122" Y="235" T="118481332" />
  <Point X="120" Y="236" T="118481349" />
  <Point X="118" Y="236" T="118481367" />
  <Point X="116" Y="237" T="118481385" />
  <Point X="115" Y="235" T="118481404" />
  <Point X="113" Y="236" T="118481422" />
  <Point X="111" Y="235" T="118481441" />
  <Point X="108" Y="235" T="118481459" />
  <Point X="106" Y="235" T="118481478" />
  <Point X="101" Y="233" T="118481497" />
  <Point X="99" Y="233" T="118481516" />
  <Point X="97" Y="232" T="118481536" />
  <Point X="95" Y="232" T="118481556" />
  <Point X="93" Y="232" T="118481557" />
  <Point X="91" Y="231" T="118481577" />
  <Point X="87" Y="231" T="118481597" />
  <Point X="84" Y="231" T="118481617" />
  <Point X="82" Y="232" T="118481638" />
  <Point X="80" Y="231" T="118481659" />
  <Point X="77" Y="232" T="118481679" />
  <Point X="73" Y="232" T="118481701" />
  <Point X="71" Y="232" T="118481722" />
  <Point X="69" Y="232" T="118481746" />
  <Point X="64" Y="230" T="118481768" />
  <Point X="62" Y="230" T="118481790" />
  <Point X="60" Y="231" T="118481812" />
  <Point X="60" Y="228" T="118481880" />
  <Point X="61" Y="225" T="118481903" />
  <Point X="63" Y="224" T="118481925" />
  <Point X="68" Y="220" T="118481949" />
  <Point X="70" Y="219" T="118481972" />
  <Point X="71" Y="217" T="118481973" />
  <Point X="76" Y="213" T="118481999" />
  <Point X="80" Y="209" T="118482023" />
  <Point X="84" Y="205" T="118482048" />
  <Point X="88" Y="202" T="118482072" />
  <Point X="92" Y="199" T="118482102" />
  <Point X="96" Y="195" T="118482127" />
  <Point X="100" Y="192" T="118482152" />
  <Point X="105" Y="186" T="118482177" />
  <Point X="109" Y="182" T="118482208" />
  <Point X="111" Y="180" T="118482234" />
  <Point X="113" Y="178" T="118482259" />
  <Point X="115" Y="176" T="118482260" />
  <Point X="117" Y="172" T="118482288" />
  <Point X="119" Y="170" T="118482316" />
  <Point X="121" Y="167" T="118482342" />
  <Point X="123" Y="165" T="118482369" />
  <Point X="125" Y="161" T="118482398" />
  <Point X="128" Y="156" T="118482425" />
  <Point X="130" Y="151" T="118482453" />
</Gesture>