﻿<?xml version="1.0" encoding="utf-8" standalone="yes"?>
<Gesture Name="delete_mark08" Subject="5" Speed="medium" Number="8" NumPts="96" Millseconds="1972" AppName="Gestures" AppVer="3.7.0.0" Date="Friday, March 09, 2007" TimeOfDay="9:33:08 PM">
  <Point X="71" Y="153" T="118499138" />
  <Point X="73" Y="153" T="118499211" />
  <Point X="75" Y="155" T="118499235" />
  <Point X="77" Y="157" T="118499255" />
  <Point X="79" Y="158" T="118499275" />
  <Point X="80" Y="160" T="118499291" />
  <Point X="81" Y="162" T="118499303" />
  <Point X="83" Y="165" T="118499319" />
  <Point X="85" Y="167" T="118499340" />
  <Point X="87" Y="170" T="118499360" />
  <Point X="88" Y="172" T="118499372" />
  <Point X="90" Y="174" T="118499392" />
  <Point X="91" Y="177" T="118499408" />
  <Point X="93" Y="179" T="118499424" />
  <Point X="94" Y="181" T="118499433" />
  <Point X="96" Y="183" T="118499448" />
  <Point X="98" Y="185" T="118499464" />
  <Point X="99" Y="187" T="118499480" />
  <Point X="101" Y="189" T="118499504" />
  <Point X="102" Y="191" T="118499521" />
  <Point X="103" Y="193" T="118499537" />
  <Point X="105" Y="195" T="118499562" />
  <Point X="106" Y="197" T="118499574" />
  <Point X="108" Y="199" T="118499602" />
  <Point X="110" Y="200" T="118499623" />
  <Point X="112" Y="202" T="118499647" />
  <Point X="114" Y="203" T="118499668" />
  <Point X="117" Y="205" T="118499688" />
  <Point X="118" Y="207" T="118499700" />
  <Point X="120" Y="208" T="118499719" />
  <Point X="122" Y="209" T="118499739" />
  <Point X="123" Y="211" T="118499751" />
  <Point X="125" Y="213" T="118499772" />
  <Point X="126" Y="215" T="118499784" />
  <Point X="128" Y="216" T="118499796" />
  <Point X="129" Y="218" T="118499808" />
  <Point X="131" Y="220" T="118499829" />
  <Point X="133" Y="221" T="118499852" />
  <Point X="135" Y="223" T="118499885" />
  <Point X="135" Y="225" T="118499974" />
  <Point X="133" Y="225" T="118499998" />
  <Point X="130" Y="225" T="118500015" />
  <Point X="128" Y="225" T="118500028" />
  <Point X="126" Y="226" T="118500042" />
  <Point X="123" Y="225" T="118500056" />
  <Point X="121" Y="226" T="118500070" />
  <Point X="119" Y="226" T="118500085" />
  <Point X="116" Y="226" T="118500100" />
  <Point X="114" Y="225" T="118500117" />
  <Point X="112" Y="226" T="118500118" />
  <Point X="109" Y="225" T="118500134" />
  <Point X="107" Y="225" T="118500149" />
  <Point X="102" Y="226" T="118500165" />
  <Point X="99" Y="227" T="118500181" />
  <Point X="96" Y="226" T="118500197" />
  <Point X="94" Y="226" T="118500214" />
  <Point X="90" Y="226" T="118500230" />
  <Point X="88" Y="224" T="118500247" />
  <Point X="86" Y="224" T="118500264" />
  <Point X="83" Y="224" T="118500282" />
  <Point X="78" Y="223" T="118500299" />
  <Point X="76" Y="223" T="118500317" />
  <Point X="72" Y="222" T="118500336" />
  <Point X="70" Y="223" T="118500355" />
  <Point X="67" Y="222" T="118500373" />
  <Point X="65" Y="222" T="118500392" />
  <Point X="63" Y="222" T="118500412" />
  <Point X="63" Y="220" T="118500484" />
  <Point X="65" Y="218" T="118500516" />
  <Point X="67" Y="216" T="118500536" />
  <Point X="69" Y="214" T="118500555" />
  <Point X="73" Y="210" T="118500575" />
  <Point X="76" Y="209" T="118500595" />
  <Point X="78" Y="207" T="118500596" />
  <Point X="80" Y="205" T="118500617" />
  <Point X="82" Y="201" T="118500640" />
  <Point X="84" Y="198" T="118500662" />
  <Point X="86" Y="196" T="118500684" />
  <Point X="88" Y="193" T="118500705" />
  <Point X="91" Y="189" T="118500726" />
  <Point X="94" Y="184" T="118500753" />
  <Point X="97" Y="181" T="118500775" />
  <Point X="98" Y="179" T="118500797" />
  <Point X="101" Y="175" T="118500820" />
  <Point X="103" Y="173" T="118500842" />
  <Point X="107" Y="169" T="118500867" />
  <Point X="108" Y="166" T="118500890" />
  <Point X="110" Y="164" T="118500913" />
  <Point X="112" Y="162" T="118500936" />
  <Point X="115" Y="159" T="118500963" />
  <Point X="116" Y="157" T="118500986" />
  <Point X="118" Y="154" T="118501010" />
  <Point X="121" Y="150" T="118501034" />
  <Point X="122" Y="148" T="118501061" />
  <Point X="124" Y="146" T="118501085" />
  <Point X="125" Y="144" T="118501110" />
</Gesture>