﻿<?xml version="1.0" encoding="utf-8" standalone="yes"?>
<Gesture Name="delete_mark05" Subject="5" Speed="medium" Number="5" NumPts="101" Millseconds="2005" AppName="Gestures" AppVer="3.7.0.0" Date="Friday, March 09, 2007" TimeOfDay="9:33:00 PM">
  <Point X="77" Y="155" T="118491398" />
  <Point X="79" Y="156" T="118491450" />
  <Point X="80" Y="158" T="118491482" />
  <Point X="82" Y="160" T="118491505" />
  <Point X="83" Y="163" T="118491521" />
  <Point X="84" Y="165" T="118491533" />
  <Point X="85" Y="167" T="118491554" />
  <Point X="86" Y="169" T="118491567" />
  <Point X="87" Y="172" T="118491576" />
  <Point X="89" Y="176" T="118491602" />
  <Point X="91" Y="178" T="118491621" />
  <Point X="92" Y="180" T="118491633" />
  <Point X="94" Y="182" T="118491649" />
  <Point X="95" Y="184" T="118491661" />
  <Point X="96" Y="187" T="118491678" />
  <Point X="98" Y="190" T="118491695" />
  <Point X="100" Y="192" T="118491715" />
  <Point X="102" Y="194" T="118491727" />
  <Point X="103" Y="196" T="118491739" />
  <Point X="105" Y="197" T="118491759" />
  <Point X="106" Y="199" T="118491771" />
  <Point X="108" Y="201" T="118491787" />
  <Point X="110" Y="202" T="118491804" />
  <Point X="112" Y="205" T="118491819" />
  <Point X="113" Y="207" T="118491832" />
  <Point X="115" Y="208" T="118491852" />
  <Point X="117" Y="210" T="118491868" />
  <Point X="119" Y="211" T="118491888" />
  <Point X="121" Y="213" T="118491908" />
  <Point X="123" Y="214" T="118491924" />
  <Point X="125" Y="216" T="118491940" />
  <Point X="127" Y="217" T="118491961" />
  <Point X="129" Y="218" T="118491977" />
  <Point X="132" Y="219" T="118491997" />
  <Point X="133" Y="221" T="118492009" />
  <Point X="135" Y="221" T="118492024" />
  <Point X="138" Y="223" T="118492045" />
  <Point X="140" Y="223" T="118492061" />
  <Point X="142" Y="224" T="118492082" />
  <Point X="145" Y="225" T="118492102" />
  <Point X="147" Y="227" T="118492126" />
  <Point X="144" Y="229" T="118492238" />
  <Point X="142" Y="229" T="118492255" />
  <Point X="140" Y="229" T="118492271" />
  <Point X="137" Y="229" T="118492287" />
  <Point X="135" Y="229" T="118492303" />
  <Point X="133" Y="228" T="118492317" />
  <Point X="131" Y="229" T="118492332" />
  <Point X="129" Y="229" T="118492347" />
  <Point X="126" Y="228" T="118492362" />
  <Point X="124" Y="229" T="118492363" />
  <Point X="122" Y="229" T="118492379" />
  <Point X="120" Y="230" T="118492395" />
  <Point X="115" Y="230" T="118492414" />
  <Point X="113" Y="231" T="118492430" />
  <Point X="111" Y="231" T="118492447" />
  <Point X="109" Y="231" T="118492464" />
  <Point X="107" Y="231" T="118492480" />
  <Point X="105" Y="231" T="118492497" />
  <Point X="100" Y="231" T="118492514" />
  <Point X="98" Y="231" T="118492532" />
  <Point X="96" Y="230" T="118492550" />
  <Point X="94" Y="230" T="118492568" />
  <Point X="91" Y="228" T="118492586" />
  <Point X="87" Y="226" T="118492604" />
  <Point X="85" Y="227" T="118492623" />
  <Point X="83" Y="226" T="118492642" />
  <Point X="81" Y="226" T="118492662" />
  <Point X="76" Y="225" T="118492681" />
  <Point X="74" Y="226" T="118492700" />
  <Point X="72" Y="225" T="118492720" />
  <Point X="67" Y="224" T="118492740" />
  <Point X="65" Y="225" T="118492760" />
  <Point X="63" Y="224" T="118492780" />
  <Point X="61" Y="224" T="118492808" />
  <Point X="61" Y="222" T="118492839" />
  <Point X="63" Y="220" T="118492879" />
  <Point X="65" Y="219" T="118492900" />
  <Point X="67" Y="218" T="118492921" />
  <Point X="70" Y="216" T="118492943" />
  <Point X="74" Y="213" T="118492965" />
  <Point X="78" Y="209" T="118492988" />
  <Point X="81" Y="206" T="118493010" />
  <Point X="84" Y="204" T="118493032" />
  <Point X="86" Y="201" T="118493055" />
  <Point X="88" Y="199" T="118493056" />
  <Point X="91" Y="195" T="118493079" />
  <Point X="93" Y="194" T="118493102" />
  <Point X="97" Y="189" T="118493125" />
  <Point X="99" Y="186" T="118493149" />
  <Point X="103" Y="181" T="118493173" />
  <Point X="104" Y="177" T="118493198" />
  <Point X="108" Y="173" T="118493222" />
  <Point X="109" Y="170" T="118493247" />
  <Point X="111" Y="168" T="118493248" />
  <Point X="112" Y="166" T="118493272" />
  <Point X="116" Y="162" T="118493298" />
  <Point X="119" Y="158" T="118493323" />
  <Point X="122" Y="153" T="118493349" />
  <Point X="126" Y="148" T="118493374" />
  <Point X="128" Y="145" T="118493403" />
</Gesture>