﻿<?xml version="1.0" encoding="utf-8" standalone="yes"?>
<Gesture Name="delete_mark02" Subject="5" Speed="medium" Number="2" NumPts="109" Millseconds="2151" AppName="Gestures" AppVer="3.7.0.0" Date="Friday, March 09, 2007" TimeOfDay="9:32:52 PM">
  <Point X="79" Y="149" T="118483100" />
  <Point X="81" Y="149" T="118483136" />
  <Point X="82" Y="151" T="118483157" />
  <Point X="84" Y="153" T="118483168" />
  <Point X="84" Y="155" T="118483181" />
  <Point X="86" Y="158" T="118483197" />
  <Point X="87" Y="160" T="118483209" />
  <Point X="88" Y="163" T="118483221" />
  <Point X="89" Y="165" T="118483233" />
  <Point X="89" Y="167" T="118483241" />
  <Point X="91" Y="169" T="118483261" />
  <Point X="93" Y="172" T="118483277" />
  <Point X="95" Y="174" T="118483290" />
  <Point X="96" Y="176" T="118483302" />
  <Point X="99" Y="178" T="118483323" />
  <Point X="100" Y="180" T="118483336" />
  <Point X="101" Y="182" T="118483353" />
  <Point X="103" Y="184" T="118483368" />
  <Point X="105" Y="186" T="118483381" />
  <Point X="107" Y="188" T="118483401" />
  <Point X="108" Y="190" T="118483413" />
  <Point X="110" Y="192" T="118483434" />
  <Point X="112" Y="194" T="118483449" />
  <Point X="114" Y="196" T="118483470" />
  <Point X="115" Y="198" T="118483486" />
  <Point X="116" Y="201" T="118483502" />
  <Point X="118" Y="203" T="118483518" />
  <Point X="120" Y="203" T="118483538" />
  <Point X="121" Y="205" T="118483554" />
  <Point X="123" Y="206" T="118483574" />
  <Point X="125" Y="208" T="118483588" />
  <Point X="127" Y="210" T="118483610" />
  <Point X="129" Y="211" T="118483631" />
  <Point X="131" Y="214" T="118483655" />
  <Point X="133" Y="215" T="118483676" />
  <Point X="135" Y="216" T="118483696" />
  <Point X="138" Y="217" T="118483717" />
  <Point X="140" Y="219" T="118483732" />
  <Point X="142" Y="220" T="118483749" />
  <Point X="144" Y="221" T="118483765" />
  <Point X="146" Y="221" T="118483781" />
  <Point X="148" Y="222" T="118483797" />
  <Point X="150" Y="223" T="118483817" />
  <Point X="152" Y="224" T="118483834" />
  <Point X="154" Y="225" T="118483850" />
  <Point X="156" Y="226" T="118483874" />
  <Point X="156" Y="228" T="118483938" />
  <Point X="154" Y="227" T="118483954" />
  <Point X="151" Y="229" T="118483969" />
  <Point X="148" Y="227" T="118483984" />
  <Point X="144" Y="229" T="118484000" />
  <Point X="140" Y="229" T="118484015" />
  <Point X="138" Y="230" T="118484031" />
  <Point X="132" Y="230" T="118484047" />
  <Point X="130" Y="229" T="118484063" />
  <Point X="128" Y="229" T="118484080" />
  <Point X="122" Y="227" T="118484096" />
  <Point X="120" Y="227" T="118484113" />
  <Point X="115" Y="226" T="118484130" />
  <Point X="113" Y="226" T="118484147" />
  <Point X="108" Y="226" T="118484165" />
  <Point X="106" Y="226" T="118484183" />
  <Point X="103" Y="226" T="118484201" />
  <Point X="99" Y="226" T="118484219" />
  <Point X="97" Y="225" T="118484237" />
  <Point X="93" Y="226" T="118484263" />
  <Point X="90" Y="226" T="118484283" />
  <Point X="88" Y="226" T="118484301" />
  <Point X="86" Y="225" T="118484302" />
  <Point X="84" Y="225" T="118484322" />
  <Point X="82" Y="225" T="118484341" />
  <Point X="80" Y="224" T="118484362" />
  <Point X="77" Y="223" T="118484382" />
  <Point X="73" Y="223" T="118484403" />
  <Point X="71" Y="222" T="118484423" />
  <Point X="69" Y="221" T="118484445" />
  <Point X="67" Y="220" T="118484478" />
  <Point X="66" Y="218" T="118484499" />
  <Point X="67" Y="216" T="118484534" />
  <Point X="69" Y="214" T="118484566" />
  <Point X="71" Y="212" T="118484587" />
  <Point X="73" Y="211" T="118484609" />
  <Point X="78" Y="208" T="118484631" />
  <Point X="82" Y="205" T="118484654" />
  <Point X="84" Y="204" T="118484679" />
  <Point X="86" Y="202" T="118484702" />
  <Point X="88" Y="201" T="118484703" />
  <Point X="91" Y="198" T="118484726" />
  <Point X="93" Y="197" T="118484749" />
  <Point X="98" Y="193" T="118484774" />
  <Point X="99" Y="191" T="118484798" />
  <Point X="103" Y="188" T="118484822" />
  <Point X="105" Y="186" T="118484847" />
  <Point X="109" Y="182" T="118484871" />
  <Point X="111" Y="181" T="118484896" />
  <Point X="115" Y="178" T="118484921" />
  <Point X="117" Y="176" T="118484945" />
  <Point X="119" Y="174" T="118484971" />
  <Point X="123" Y="170" T="118484996" />
  <Point X="124" Y="168" T="118485021" />
  <Point X="126" Y="166" T="118485022" />
  <Point X="128" Y="164" T="118485048" />
  <Point X="130" Y="160" T="118485075" />
  <Point X="132" Y="158" T="118485115" />
  <Point X="133" Y="156" T="118485142" />
  <Point X="135" Y="151" T="118485168" />
  <Point X="137" Y="149" T="118485196" />
  <Point X="141" Y="144" T="118485224" />
  <Point X="142" Y="142" T="118485251" />
</Gesture>