﻿<?xml version="1.0" encoding="utf-8" standalone="yes"?>
<Gesture Name="delete_mark07" Subject="5" Speed="medium" Number="7" NumPts="100" Millseconds="1998" AppName="Gestures" AppVer="3.7.0.0" Date="Friday, March 09, 2007" TimeOfDay="9:33:06 PM">
  <Point X="72" Y="149" T="118496562" />
  <Point X="74" Y="151" T="118496652" />
  <Point X="75" Y="154" T="118496668" />
  <Point X="76" Y="156" T="118496683" />
  <Point X="77" Y="159" T="118496704" />
  <Point X="79" Y="161" T="118496724" />
  <Point X="80" Y="163" T="118496736" />
  <Point X="81" Y="166" T="118496748" />
  <Point X="83" Y="169" T="118496764" />
  <Point X="85" Y="171" T="118496780" />
  <Point X="86" Y="173" T="118496793" />
  <Point X="88" Y="175" T="118496809" />
  <Point X="89" Y="177" T="118496822" />
  <Point X="91" Y="179" T="118496842" />
  <Point X="92" Y="182" T="118496851" />
  <Point X="94" Y="184" T="118496862" />
  <Point X="95" Y="186" T="118496878" />
  <Point X="96" Y="188" T="118496886" />
  <Point X="97" Y="190" T="118496898" />
  <Point X="99" Y="192" T="118496919" />
  <Point X="100" Y="195" T="118496931" />
  <Point X="102" Y="197" T="118496952" />
  <Point X="103" Y="199" T="118496961" />
  <Point X="104" Y="201" T="118496979" />
  <Point X="105" Y="203" T="118496996" />
  <Point X="106" Y="205" T="118497008" />
  <Point X="107" Y="207" T="118497024" />
  <Point X="109" Y="210" T="118497048" />
  <Point X="111" Y="212" T="118497069" />
  <Point X="113" Y="214" T="118497090" />
  <Point X="115" Y="216" T="118497119" />
  <Point X="116" Y="218" T="118497139" />
  <Point X="118" Y="220" T="118497163" />
  <Point X="120" Y="221" T="118497188" />
  <Point X="122" Y="223" T="118497208" />
  <Point X="124" Y="224" T="118497229" />
  <Point X="126" Y="227" T="118497253" />
  <Point X="128" Y="229" T="118497277" />
  <Point X="130" Y="229" T="118497305" />
  <Point X="131" Y="231" T="118497357" />
  <Point X="129" Y="233" T="118497402" />
  <Point X="126" Y="234" T="118497418" />
  <Point X="124" Y="235" T="118497434" />
  <Point X="122" Y="235" T="118497448" />
  <Point X="119" Y="235" T="118497462" />
  <Point X="117" Y="235" T="118497476" />
  <Point X="115" Y="235" T="118497491" />
  <Point X="113" Y="235" T="118497505" />
  <Point X="110" Y="236" T="118497506" />
  <Point X="108" Y="236" T="118497522" />
  <Point X="106" Y="235" T="118497537" />
  <Point X="104" Y="235" T="118497553" />
  <Point X="99" Y="235" T="118497569" />
  <Point X="97" Y="234" T="118497585" />
  <Point X="95" Y="234" T="118497601" />
  <Point X="93" Y="234" T="118497617" />
  <Point X="90" Y="234" T="118497619" />
  <Point X="88" Y="234" T="118497638" />
  <Point X="86" Y="234" T="118497655" />
  <Point X="84" Y="233" T="118497672" />
  <Point X="81" Y="233" T="118497689" />
  <Point X="79" Y="232" T="118497690" />
  <Point X="77" Y="232" T="118497709" />
  <Point X="75" Y="230" T="118497727" />
  <Point X="73" Y="230" T="118497745" />
  <Point X="71" Y="229" T="118497746" />
  <Point X="68" Y="228" T="118497765" />
  <Point X="66" Y="228" T="118497784" />
  <Point X="62" Y="226" T="118497803" />
  <Point X="60" Y="225" T="118497823" />
  <Point X="58" Y="225" T="118497843" />
  <Point X="57" Y="223" T="118497919" />
  <Point X="58" Y="221" T="118497952" />
  <Point X="60" Y="219" T="118497977" />
  <Point X="62" Y="217" T="118498001" />
  <Point X="64" Y="215" T="118498021" />
  <Point X="66" Y="213" T="118498042" />
  <Point X="68" Y="212" T="118498063" />
  <Point X="70" Y="209" T="118498084" />
  <Point X="74" Y="205" T="118498105" />
  <Point X="76" Y="202" T="118498127" />
  <Point X="80" Y="197" T="118498149" />
  <Point X="82" Y="195" T="118498171" />
  <Point X="86" Y="190" T="118498194" />
  <Point X="91" Y="184" T="118498219" />
  <Point X="93" Y="183" T="118498242" />
  <Point X="96" Y="178" T="118498265" />
  <Point X="98" Y="176" T="118498288" />
  <Point X="100" Y="173" T="118498289" />
  <Point X="102" Y="170" T="118498313" />
  <Point X="105" Y="166" T="118498337" />
  <Point X="107" Y="165" T="118498361" />
  <Point X="108" Y="162" T="118498385" />
  <Point X="111" Y="158" T="118498410" />
  <Point X="113" Y="156" T="118498434" />
  <Point X="115" Y="154" T="118498459" />
  <Point X="117" Y="152" T="118498484" />
  <Point X="119" Y="148" T="118498510" />
  <Point X="123" Y="143" T="118498535" />
  <Point X="124" Y="141" T="118498560" />
</Gesture>