﻿<?xml version="1.0" encoding="utf-8" standalone="yes"?>
<Gesture Name="delete_mark06" Subject="5" Speed="medium" Number="6" NumPts="93" Millseconds="1867" AppName="Gestures" AppVer="3.7.0.0" Date="Friday, March 09, 2007" TimeOfDay="9:33:03 PM">
  <Point X="81" Y="152" T="118494008" />
  <Point X="81" Y="154" T="118494084" />
  <Point X="82" Y="156" T="118494112" />
  <Point X="84" Y="158" T="118494133" />
  <Point X="85" Y="160" T="118494145" />
  <Point X="86" Y="162" T="118494166" />
  <Point X="86" Y="164" T="118494174" />
  <Point X="87" Y="167" T="118494186" />
  <Point X="89" Y="169" T="118494206" />
  <Point X="90" Y="171" T="118494222" />
  <Point X="91" Y="173" T="118494234" />
  <Point X="91" Y="176" T="118494242" />
  <Point X="93" Y="178" T="118494269" />
  <Point X="94" Y="180" T="118494277" />
  <Point X="95" Y="183" T="118494291" />
  <Point X="96" Y="186" T="118494308" />
  <Point X="98" Y="188" T="118494325" />
  <Point X="99" Y="190" T="118494341" />
  <Point X="100" Y="193" T="118494358" />
  <Point X="101" Y="195" T="118494370" />
  <Point X="103" Y="197" T="118494386" />
  <Point X="103" Y="199" T="118494395" />
  <Point X="105" Y="201" T="118494410" />
  <Point X="107" Y="203" T="118494430" />
  <Point X="108" Y="205" T="118494442" />
  <Point X="110" Y="208" T="118494463" />
  <Point X="111" Y="210" T="118494483" />
  <Point X="113" Y="212" T="118494499" />
  <Point X="113" Y="214" T="118494510" />
  <Point X="114" Y="216" T="118494527" />
  <Point X="116" Y="218" T="118494548" />
  <Point X="118" Y="221" T="118494568" />
  <Point X="120" Y="222" T="118494601" />
  <Point X="121" Y="224" T="118494622" />
  <Point X="123" Y="225" T="118494666" />
  <Point X="121" Y="227" T="118494739" />
  <Point X="119" Y="227" T="118494756" />
  <Point X="116" Y="227" T="118494771" />
  <Point X="114" Y="226" T="118494784" />
  <Point X="112" Y="228" T="118494796" />
  <Point X="109" Y="228" T="118494809" />
  <Point X="107" Y="229" T="118494823" />
  <Point X="105" Y="227" T="118494836" />
  <Point X="103" Y="227" T="118494850" />
  <Point X="101" Y="229" T="118494864" />
  <Point X="99" Y="229" T="118494880" />
  <Point X="98" Y="227" T="118494894" />
  <Point X="96" Y="228" T="118494911" />
  <Point X="93" Y="227" T="118494927" />
  <Point X="91" Y="226" T="118494944" />
  <Point X="89" Y="227" T="118494960" />
  <Point X="87" Y="229" T="118494976" />
  <Point X="83" Y="229" T="118494992" />
  <Point X="81" Y="228" T="118495008" />
  <Point X="79" Y="228" T="118495024" />
  <Point X="76" Y="228" T="118495043" />
  <Point X="74" Y="228" T="118495060" />
  <Point X="71" Y="227" T="118495076" />
  <Point X="69" Y="227" T="118495093" />
  <Point X="67" Y="226" T="118495111" />
  <Point X="65" Y="226" T="118495112" />
  <Point X="63" Y="226" T="118495129" />
  <Point X="61" Y="226" T="118495148" />
  <Point X="59" Y="225" T="118495166" />
  <Point X="57" Y="225" T="118495184" />
  <Point X="55" Y="224" T="118495203" />
  <Point X="53" Y="222" T="118495221" />
  <Point X="51" Y="221" T="118495259" />
  <Point X="50" Y="219" T="118495335" />
  <Point X="52" Y="218" T="118495367" />
  <Point X="54" Y="216" T="118495387" />
  <Point X="56" Y="214" T="118495407" />
  <Point X="61" Y="212" T="118495427" />
  <Point X="64" Y="209" T="118495447" />
  <Point X="70" Y="205" T="118495467" />
  <Point X="75" Y="201" T="118495491" />
  <Point X="80" Y="199" T="118495512" />
  <Point X="83" Y="195" T="118495533" />
  <Point X="85" Y="194" T="118495554" />
  <Point X="89" Y="190" T="118495575" />
  <Point X="90" Y="188" T="118495598" />
  <Point X="94" Y="184" T="118495620" />
  <Point X="97" Y="180" T="118495642" />
  <Point X="98" Y="178" T="118495665" />
  <Point X="100" Y="175" T="118495687" />
  <Point X="103" Y="171" T="118495710" />
  <Point X="106" Y="166" T="118495733" />
  <Point X="108" Y="164" T="118495756" />
  <Point X="110" Y="160" T="118495780" />
  <Point X="112" Y="157" T="118495803" />
  <Point X="114" Y="155" T="118495827" />
  <Point X="117" Y="151" T="118495851" />
  <Point X="119" Y="148" T="118495875" />
</Gesture>