﻿<?xml version="1.0" encoding="utf-8" standalone="yes"?>
<Gesture Name="delete_mark03" Subject="5" Speed="medium" Number="3" NumPts="103" Millseconds="2043" AppName="Gestures" AppVer="3.7.0.0" Date="Friday, March 09, 2007" TimeOfDay="9:32:55 PM">
  <Point X="80" Y="143" T="118485834" />
  <Point X="82" Y="144" T="118485935" />
  <Point X="83" Y="146" T="118485947" />
  <Point X="85" Y="148" T="118485971" />
  <Point X="85" Y="150" T="118485987" />
  <Point X="87" Y="152" T="118486003" />
  <Point X="88" Y="155" T="118486024" />
  <Point X="89" Y="157" T="118486040" />
  <Point X="90" Y="159" T="118486057" />
  <Point X="92" Y="161" T="118486074" />
  <Point X="93" Y="163" T="118486086" />
  <Point X="94" Y="165" T="118486098" />
  <Point X="96" Y="167" T="118486122" />
  <Point X="97" Y="169" T="118486134" />
  <Point X="99" Y="171" T="118486159" />
  <Point X="101" Y="174" T="118486176" />
  <Point X="102" Y="176" T="118486188" />
  <Point X="103" Y="178" T="118486203" />
  <Point X="105" Y="179" T="118486224" />
  <Point X="106" Y="181" T="118486233" />
  <Point X="107" Y="183" T="118486248" />
  <Point X="109" Y="185" T="118486265" />
  <Point X="111" Y="186" T="118486281" />
  <Point X="113" Y="189" T="118486301" />
  <Point X="113" Y="191" T="118486311" />
  <Point X="115" Y="193" T="118486329" />
  <Point X="117" Y="196" T="118486349" />
  <Point X="119" Y="198" T="118486369" />
  <Point X="121" Y="200" T="118486389" />
  <Point X="123" Y="202" T="118486409" />
  <Point X="125" Y="203" T="118486433" />
  <Point X="127" Y="205" T="118486457" />
  <Point X="129" Y="205" T="118486477" />
  <Point X="131" Y="207" T="118486498" />
  <Point X="133" Y="207" T="118486515" />
  <Point X="135" Y="209" T="118486531" />
  <Point X="137" Y="210" T="118486546" />
  <Point X="140" Y="210" T="118486567" />
  <Point X="142" Y="211" T="118486587" />
  <Point X="144" Y="214" T="118486603" />
  <Point X="146" Y="214" T="118486619" />
  <Point X="148" Y="215" T="118486640" />
  <Point X="150" Y="216" T="118486688" />
  <Point X="148" Y="217" T="118486748" />
  <Point X="145" Y="218" T="118486765" />
  <Point X="143" Y="218" T="118486779" />
  <Point X="141" Y="218" T="118486794" />
  <Point X="139" Y="218" T="118486808" />
  <Point X="137" Y="218" T="118486824" />
  <Point X="134" Y="219" T="118486839" />
  <Point X="132" Y="218" T="118486854" />
  <Point X="130" Y="217" T="118486870" />
  <Point X="125" Y="218" T="118486886" />
  <Point X="123" Y="218" T="118486902" />
  <Point X="120" Y="218" T="118486918" />
  <Point X="115" Y="218" T="118486934" />
  <Point X="113" Y="218" T="118486951" />
  <Point X="108" Y="220" T="118486968" />
  <Point X="105" Y="219" T="118486984" />
  <Point X="103" Y="220" T="118486986" />
  <Point X="99" Y="220" T="118487003" />
  <Point X="97" Y="220" T="118487021" />
  <Point X="92" Y="220" T="118487040" />
  <Point X="90" Y="220" T="118487058" />
  <Point X="88" Y="218" T="118487077" />
  <Point X="85" Y="218" T="118487096" />
  <Point X="83" Y="216" T="118487114" />
  <Point X="81" Y="215" T="118487133" />
  <Point X="78" Y="217" T="118487152" />
  <Point X="76" Y="215" T="118487153" />
  <Point X="74" Y="216" T="118487173" />
  <Point X="72" Y="216" T="118487192" />
  <Point X="69" Y="215" T="118487212" />
  <Point X="67" Y="215" T="118487232" />
  <Point X="65" Y="215" T="118487234" />
  <Point X="62" Y="214" T="118487254" />
  <Point X="61" Y="212" T="118487305" />
  <Point X="63" Y="211" T="118487345" />
  <Point X="65" Y="209" T="118487366" />
  <Point X="67" Y="209" T="118487388" />
  <Point X="71" Y="206" T="118487409" />
  <Point X="77" Y="203" T="118487431" />
  <Point X="81" Y="201" T="118487454" />
  <Point X="84" Y="198" T="118487477" />
  <Point X="86" Y="197" T="118487500" />
  <Point X="88" Y="195" T="118487501" />
  <Point X="90" Y="193" T="118487525" />
  <Point X="95" Y="189" T="118487549" />
  <Point X="97" Y="187" T="118487573" />
  <Point X="99" Y="186" T="118487574" />
  <Point X="104" Y="182" T="118487598" />
  <Point X="108" Y="177" T="118487622" />
  <Point X="110" Y="176" T="118487646" />
  <Point X="114" Y="173" T="118487670" />
  <Point X="116" Y="170" T="118487695" />
  <Point X="118" Y="169" T="118487720" />
  <Point X="119" Y="166" T="118487744" />
  <Point X="121" Y="165" T="118487746" />
  <Point X="124" Y="161" T="118487771" />
  <Point X="125" Y="158" T="118487797" />
  <Point X="128" Y="154" T="118487823" />
  <Point X="130" Y="149" T="118487851" />
  <Point X="132" Y="147" T="118487877" />
</Gesture>