﻿<?xml version="1.0" encoding="utf-8" standalone="yes"?>
<Gesture Name="delete_mark10" Subject="5" Speed="medium" Number="10" NumPts="96" Millseconds="1845" AppName="Gestures" AppVer="3.7.0.0" Date="Friday, March 09, 2007" TimeOfDay="9:33:13 PM">
  <Point X="70" Y="151" T="118504285" />
  <Point X="72" Y="153" T="118504312" />
  <Point X="73" Y="155" T="118504324" />
  <Point X="74" Y="157" T="118504337" />
  <Point X="76" Y="159" T="118504358" />
  <Point X="78" Y="162" T="118504377" />
  <Point X="79" Y="164" T="118504389" />
  <Point X="81" Y="166" T="118504405" />
  <Point X="82" Y="169" T="118504413" />
  <Point X="84" Y="171" T="118504425" />
  <Point X="85" Y="174" T="118504437" />
  <Point X="87" Y="175" T="118504450" />
  <Point X="88" Y="178" T="118504462" />
  <Point X="91" Y="180" T="118504478" />
  <Point X="93" Y="182" T="118504494" />
  <Point X="95" Y="184" T="118504511" />
  <Point X="98" Y="186" T="118504527" />
  <Point X="98" Y="189" T="118504535" />
  <Point X="100" Y="190" T="118504551" />
  <Point X="102" Y="193" T="118504563" />
  <Point X="104" Y="194" T="118504579" />
  <Point X="105" Y="196" T="118504588" />
  <Point X="107" Y="197" T="118504607" />
  <Point X="108" Y="199" T="118504623" />
  <Point X="111" Y="201" T="118504640" />
  <Point X="113" Y="202" T="118504656" />
  <Point X="115" Y="204" T="118504672" />
  <Point X="117" Y="205" T="118504684" />
  <Point X="119" Y="207" T="118504704" />
  <Point X="121" Y="208" T="118504720" />
  <Point X="123" Y="210" T="118504740" />
  <Point X="125" Y="211" T="118504760" />
  <Point X="127" Y="212" T="118504776" />
  <Point X="129" Y="213" T="118504793" />
  <Point X="131" Y="215" T="118504810" />
  <Point X="133" Y="215" T="118504822" />
  <Point X="135" Y="217" T="118504838" />
  <Point X="137" Y="218" T="118504854" />
  <Point X="140" Y="219" T="118504878" />
  <Point X="142" Y="220" T="118504906" />
  <Point X="143" Y="223" T="118504935" />
  <Point X="141" Y="224" T="118505048" />
  <Point X="138" Y="224" T="118505064" />
  <Point X="136" Y="224" T="118505078" />
  <Point X="134" Y="224" T="118505092" />
  <Point X="132" Y="223" T="118505106" />
  <Point X="129" Y="223" T="118505120" />
  <Point X="127" Y="224" T="118505135" />
  <Point X="125" Y="223" T="118505150" />
  <Point X="123" Y="223" T="118505165" />
  <Point X="120" Y="223" T="118505181" />
  <Point X="118" Y="223" T="118505196" />
  <Point X="116" Y="223" T="118505212" />
  <Point X="113" Y="223" T="118505228" />
  <Point X="111" Y="223" T="118505244" />
  <Point X="109" Y="222" T="118505261" />
  <Point X="107" Y="222" T="118505278" />
  <Point X="105" Y="222" T="118505295" />
  <Point X="102" Y="222" T="118505312" />
  <Point X="100" Y="223" T="118505329" />
  <Point X="98" Y="221" T="118505346" />
  <Point X="95" Y="221" T="118505364" />
  <Point X="93" Y="221" T="118505365" />
  <Point X="91" Y="221" T="118505383" />
  <Point X="88" Y="220" T="118505401" />
  <Point X="86" Y="220" T="118505420" />
  <Point X="84" Y="221" T="118505442" />
  <Point X="79" Y="219" T="118505463" />
  <Point X="77" Y="221" T="118505486" />
  <Point X="73" Y="221" T="118505508" />
  <Point X="71" Y="220" T="118505531" />
  <Point X="69" Y="220" T="118505553" />
  <Point X="67" Y="221" T="118505577" />
  <Point X="66" Y="219" T="118505644" />
  <Point X="68" Y="216" T="118505672" />
  <Point X="69" Y="214" T="118505692" />
  <Point X="72" Y="212" T="118505713" />
  <Point X="75" Y="208" T="118505734" />
  <Point X="77" Y="206" T="118505755" />
  <Point X="81" Y="202" T="118505780" />
  <Point X="83" Y="199" T="118505801" />
  <Point X="85" Y="197" T="118505823" />
  <Point X="87" Y="194" T="118505845" />
  <Point X="90" Y="189" T="118505867" />
  <Point X="93" Y="186" T="118505890" />
  <Point X="94" Y="183" T="118505913" />
  <Point X="97" Y="179" T="118505936" />
  <Point X="99" Y="177" T="118505959" />
  <Point X="101" Y="175" T="118505983" />
  <Point X="104" Y="171" T="118506007" />
  <Point X="107" Y="166" T="118506031" />
  <Point X="108" Y="164" T="118506055" />
  <Point X="110" Y="160" T="118506079" />
  <Point X="111" Y="158" T="118506080" />
  <Point X="113" Y="153" T="118506105" />
  <Point X="114" Y="151" T="118506130" />
</Gesture>