﻿<?xml version="1.0" encoding="utf-8" standalone="yes"?>
<Gesture Name="left_sq_bracket04" Subject="5" Speed="medium" Number="4" NumPts="76" Millseconds="1440" AppName="Gestures" AppVer="3.7.0.0" Date="Friday, March 09, 2007" TimeOfDay="9:48:01 PM">
  <Point X="153" Y="168" T="119394484" />
  <Point X="150" Y="169" T="119394513" />
  <Point X="148" Y="167" T="119394544" />
  <Point X="146" Y="168" T="119394573" />
  <Point X="144" Y="167" T="119394598" />
  <Point X="142" Y="167" T="119394614" />
  <Point X="140" Y="167" T="119394630" />
  <Point X="137" Y="168" T="119394647" />
  <Point X="135" Y="168" T="119394663" />
  <Point X="133" Y="168" T="119394679" />
  <Point X="131" Y="166" T="119394695" />
  <Point X="129" Y="166" T="119394712" />
  <Point X="127" Y="166" T="119394724" />
  <Point X="125" Y="166" T="119394740" />
  <Point X="123" Y="167" T="119394757" />
  <Point X="121" Y="167" T="119394773" />
  <Point X="118" Y="168" T="119394797" />
  <Point X="116" Y="169" T="119394822" />
  <Point X="114" Y="170" T="119394850" />
  <Point X="113" Y="172" T="119394903" />
  <Point X="113" Y="174" T="119394942" />
  <Point X="113" Y="176" T="119394951" />
  <Point X="113" Y="178" T="119394967" />
  <Point X="114" Y="180" T="119394977" />
  <Point X="114" Y="182" T="119394995" />
  <Point X="114" Y="184" T="119395005" />
  <Point X="114" Y="187" T="119395023" />
  <Point X="114" Y="189" T="119395033" />
  <Point X="114" Y="191" T="119395044" />
  <Point X="114" Y="194" T="119395060" />
  <Point X="114" Y="196" T="119395072" />
  <Point X="115" Y="198" T="119395088" />
  <Point X="116" Y="201" T="119395112" />
  <Point X="117" Y="203" T="119395136" />
  <Point X="118" Y="205" T="119395157" />
  <Point X="119" Y="207" T="119395174" />
  <Point X="121" Y="208" T="119395193" />
  <Point X="123" Y="209" T="119395210" />
  <Point X="125" Y="211" T="119395230" />
  <Point X="127" Y="213" T="119395250" />
  <Point X="128" Y="215" T="119395263" />
  <Point X="130" Y="217" T="119395278" />
  <Point X="132" Y="219" T="119395294" />
  <Point X="133" Y="221" T="119395311" />
  <Point X="135" Y="225" T="119395330" />
  <Point X="137" Y="226" T="119395358" />
  <Point X="137" Y="229" T="119395372" />
  <Point X="138" Y="231" T="119395387" />
  <Point X="139" Y="233" T="119395406" />
  <Point X="139" Y="235" T="119395426" />
  <Point X="140" Y="237" T="119395441" />
  <Point X="140" Y="239" T="119395457" />
  <Point X="140" Y="242" T="119395474" />
  <Point X="140" Y="245" T="119395490" />
  <Point X="140" Y="247" T="119395506" />
  <Point X="140" Y="249" T="119395522" />
  <Point X="140" Y="252" T="119395542" />
  <Point X="139" Y="254" T="119395558" />
  <Point X="139" Y="256" T="119395583" />
  <Point X="139" Y="258" T="119395615" />
  <Point X="141" Y="260" T="119395651" />
  <Point X="143" Y="260" T="119395679" />
  <Point X="146" Y="260" T="119395700" />
  <Point X="148" Y="260" T="119395718" />
  <Point X="150" Y="260" T="119395737" />
  <Point X="152" Y="259" T="119395755" />
  <Point X="154" Y="259" T="119395756" />
  <Point X="156" Y="260" T="119395777" />
  <Point X="160" Y="259" T="119395796" />
  <Point X="163" Y="259" T="119395816" />
  <Point X="166" Y="259" T="119395817" />
  <Point X="170" Y="259" T="119395837" />
  <Point X="176" Y="258" T="119395858" />
  <Point X="179" Y="259" T="119395878" />
  <Point X="184" Y="258" T="119395898" />
  <Point X="186" Y="257" T="119395924" />
</Gesture>