﻿<?xml version="1.0" encoding="utf-8" standalone="yes"?>
<Gesture Name="left_curly_brace01" Subject="5" Speed="medium" Number="1" NumPts="80" Millseconds="1768" AppName="Gestures" AppVer="3.7.0.0" Date="Friday, March 09, 2007" TimeOfDay="9:49:13 PM">
  <Point X="154" Y="154" T="119466518" />
  <Point X="152" Y="153" T="119466530" />
  <Point X="150" Y="151" T="119466593" />
  <Point X="148" Y="152" T="119466650" />
  <Point X="146" Y="152" T="119466679" />
  <Point X="143" Y="152" T="119466706" />
  <Point X="141" Y="152" T="119466725" />
  <Point X="139" Y="153" T="119466741" />
  <Point X="137" Y="155" T="119466757" />
  <Point X="135" Y="156" T="119466777" />
  <Point X="133" Y="157" T="119466797" />
  <Point X="131" Y="159" T="119466817" />
  <Point X="129" Y="160" T="119466837" />
  <Point X="127" Y="162" T="119466854" />
  <Point X="124" Y="164" T="119466878" />
  <Point X="123" Y="166" T="119466895" />
  <Point X="122" Y="168" T="119466907" />
  <Point X="121" Y="170" T="119466922" />
  <Point X="119" Y="172" T="119466943" />
  <Point X="118" Y="175" T="119466959" />
  <Point X="118" Y="178" T="119466987" />
  <Point X="118" Y="180" T="119467012" />
  <Point X="119" Y="182" T="119467028" />
  <Point X="119" Y="184" T="119467044" />
  <Point X="120" Y="187" T="119467061" />
  <Point X="120" Y="189" T="119467073" />
  <Point X="121" Y="191" T="119467097" />
  <Point X="121" Y="193" T="119467113" />
  <Point X="122" Y="195" T="119467124" />
  <Point X="122" Y="198" T="119467137" />
  <Point X="122" Y="200" T="119467149" />
  <Point X="121" Y="202" T="119467161" />
  <Point X="120" Y="204" T="119467186" />
  <Point X="119" Y="207" T="119467210" />
  <Point X="118" Y="209" T="119467235" />
  <Point X="117" Y="211" T="119467247" />
  <Point X="115" Y="212" T="119467271" />
  <Point X="113" Y="214" T="119467291" />
  <Point X="111" Y="215" T="119467307" />
  <Point X="108" Y="217" T="119467327" />
  <Point X="106" Y="217" T="119467352" />
  <Point X="104" Y="219" T="119467372" />
  <Point X="102" Y="220" T="119467397" />
  <Point X="105" Y="219" T="119467550" />
  <Point X="107" Y="217" T="119467570" />
  <Point X="109" Y="217" T="119467586" />
  <Point X="111" Y="216" T="119467602" />
  <Point X="113" Y="216" T="119467626" />
  <Point X="115" Y="216" T="119467646" />
  <Point X="117" Y="217" T="119467662" />
  <Point X="119" Y="217" T="119467686" />
  <Point X="121" Y="219" T="119467718" />
  <Point X="122" Y="221" T="119467743" />
  <Point X="122" Y="223" T="119467759" />
  <Point X="123" Y="225" T="119467779" />
  <Point X="124" Y="228" T="119467807" />
  <Point X="124" Y="230" T="119467824" />
  <Point X="124" Y="233" T="119467843" />
  <Point X="125" Y="236" T="119467867" />
  <Point X="125" Y="238" T="119467885" />
  <Point X="125" Y="240" T="119467903" />
  <Point X="125" Y="242" T="119467922" />
  <Point X="125" Y="245" T="119467943" />
  <Point X="125" Y="247" T="119467962" />
  <Point X="127" Y="249" T="119467992" />
  <Point X="127" Y="251" T="119468011" />
  <Point X="128" Y="253" T="119468031" />
  <Point X="129" Y="255" T="119468051" />
  <Point X="131" Y="257" T="119468070" />
  <Point X="133" Y="258" T="119468090" />
  <Point X="135" Y="259" T="119468113" />
  <Point X="137" Y="260" T="119468134" />
  <Point X="142" Y="260" T="119468154" />
  <Point X="144" Y="259" T="119468175" />
  <Point X="146" Y="260" T="119468177" />
  <Point X="148" Y="259" T="119468199" />
  <Point X="153" Y="258" T="119468221" />
  <Point X="158" Y="258" T="119468243" />
  <Point X="162" Y="257" T="119468265" />
  <Point X="164" Y="256" T="119468286" />
</Gesture>