﻿<?xml version="1.0" encoding="utf-8" standalone="yes"?>
<Gesture Name="left_curly_brace03" Subject="5" Speed="medium" Number="3" NumPts="79" Millseconds="1567" AppName="Gestures" AppVer="3.7.0.0" Date="Friday, March 09, 2007" TimeOfDay="9:49:17 PM">
  <Point X="153" Y="152" T="119470763" />
  <Point X="151" Y="153" T="119470828" />
  <Point X="148" Y="154" T="119470848" />
  <Point X="146" Y="153" T="119470860" />
  <Point X="144" Y="154" T="119470871" />
  <Point X="142" Y="156" T="119470884" />
  <Point X="140" Y="155" T="119470897" />
  <Point X="139" Y="157" T="119470905" />
  <Point X="136" Y="158" T="119470921" />
  <Point X="134" Y="160" T="119470933" />
  <Point X="133" Y="162" T="119470945" />
  <Point X="131" Y="164" T="119470958" />
  <Point X="129" Y="166" T="119470973" />
  <Point X="128" Y="169" T="119470993" />
  <Point X="127" Y="172" T="119471010" />
  <Point X="126" Y="174" T="119471027" />
  <Point X="126" Y="177" T="119471048" />
  <Point X="126" Y="179" T="119471064" />
  <Point X="126" Y="182" T="119471072" />
  <Point X="127" Y="185" T="119471093" />
  <Point X="128" Y="188" T="119471109" />
  <Point X="129" Y="190" T="119471121" />
  <Point X="130" Y="192" T="119471133" />
  <Point X="131" Y="195" T="119471149" />
  <Point X="132" Y="198" T="119471173" />
  <Point X="132" Y="200" T="119471193" />
  <Point X="132" Y="202" T="119471205" />
  <Point X="132" Y="204" T="119471225" />
  <Point X="132" Y="206" T="119471245" />
  <Point X="131" Y="208" T="119471261" />
  <Point X="130" Y="210" T="119471285" />
  <Point X="128" Y="212" T="119471297" />
  <Point X="126" Y="213" T="119471318" />
  <Point X="124" Y="214" T="119471338" />
  <Point X="122" Y="214" T="119471355" />
  <Point X="120" Y="214" T="119471372" />
  <Point X="117" Y="214" T="119471387" />
  <Point X="114" Y="215" T="119471399" />
  <Point X="112" Y="216" T="119471412" />
  <Point X="110" Y="217" T="119471425" />
  <Point X="107" Y="218" T="119471438" />
  <Point X="105" Y="219" T="119471452" />
  <Point X="107" Y="218" T="119471622" />
  <Point X="109" Y="218" T="119471637" />
  <Point X="111" Y="218" T="119471653" />
  <Point X="114" Y="217" T="119471669" />
  <Point X="116" Y="218" T="119471684" />
  <Point X="118" Y="216" T="119471698" />
  <Point X="121" Y="218" T="119471714" />
  <Point X="123" Y="218" T="119471729" />
  <Point X="125" Y="218" T="119471744" />
  <Point X="127" Y="219" T="119471760" />
  <Point X="129" Y="220" T="119471781" />
  <Point X="131" Y="222" T="119471810" />
  <Point X="132" Y="224" T="119471835" />
  <Point X="132" Y="226" T="119471851" />
  <Point X="132" Y="228" T="119471871" />
  <Point X="132" Y="231" T="119471891" />
  <Point X="132" Y="234" T="119471916" />
  <Point X="132" Y="236" T="119471933" />
  <Point X="132" Y="238" T="119471950" />
  <Point X="132" Y="240" T="119471968" />
  <Point X="132" Y="242" T="119471985" />
  <Point X="133" Y="244" T="119472005" />
  <Point X="133" Y="247" T="119472028" />
  <Point X="134" Y="249" T="119472048" />
  <Point X="134" Y="251" T="119472072" />
  <Point X="135" Y="253" T="119472092" />
  <Point X="135" Y="255" T="119472112" />
  <Point X="136" Y="257" T="119472131" />
  <Point X="138" Y="258" T="119472163" />
  <Point X="139" Y="260" T="119472182" />
  <Point X="141" Y="263" T="119472203" />
  <Point X="143" Y="262" T="119472223" />
  <Point X="145" Y="263" T="119472243" />
  <Point X="150" Y="263" T="119472264" />
  <Point X="154" Y="262" T="119472285" />
  <Point X="156" Y="262" T="119472308" />
  <Point X="159" Y="260" T="119472330" />
</Gesture>