﻿<?xml version="1.0" encoding="utf-8" standalone="yes"?>
<Gesture Name="left_sq_bracket07" Subject="5" Speed="medium" Number="7" NumPts="69" Millseconds="1407" AppName="Gestures" AppVer="3.7.0.0" Date="Friday, March 09, 2007" TimeOfDay="9:48:07 PM">
  <Point X="143" Y="177" T="119400193" />
  <Point X="143" Y="179" T="119400228" />
  <Point X="141" Y="179" T="119400264" />
  <Point X="138" Y="179" T="119400288" />
  <Point X="136" Y="179" T="119400304" />
  <Point X="134" Y="178" T="119400320" />
  <Point X="131" Y="179" T="119400337" />
  <Point X="129" Y="177" T="119400353" />
  <Point X="127" Y="178" T="119400365" />
  <Point X="125" Y="177" T="119400377" />
  <Point X="123" Y="176" T="119400393" />
  <Point X="121" Y="177" T="119400422" />
  <Point X="119" Y="178" T="119400450" />
  <Point X="116" Y="180" T="119400503" />
  <Point X="115" Y="182" T="119400559" />
  <Point X="115" Y="185" T="119400592" />
  <Point X="115" Y="187" T="119400613" />
  <Point X="115" Y="190" T="119400624" />
  <Point X="115" Y="192" T="119400645" />
  <Point X="115" Y="195" T="119400657" />
  <Point X="115" Y="197" T="119400673" />
  <Point X="115" Y="199" T="119400690" />
  <Point X="115" Y="202" T="119400700" />
  <Point X="115" Y="204" T="119400710" />
  <Point X="115" Y="206" T="119400721" />
  <Point X="115" Y="208" T="119400734" />
  <Point X="115" Y="210" T="119400750" />
  <Point X="116" Y="213" T="119400778" />
  <Point X="117" Y="215" T="119400802" />
  <Point X="118" Y="218" T="119400826" />
  <Point X="119" Y="220" T="119400846" />
  <Point X="121" Y="222" T="119400875" />
  <Point X="123" Y="224" T="119400895" />
  <Point X="125" Y="226" T="119400916" />
  <Point X="127" Y="228" T="119400941" />
  <Point X="129" Y="230" T="119400957" />
  <Point X="131" Y="232" T="119400977" />
  <Point X="132" Y="234" T="119400990" />
  <Point X="134" Y="237" T="119401017" />
  <Point X="134" Y="239" T="119401030" />
  <Point X="134" Y="241" T="119401061" />
  <Point X="133" Y="243" T="119401084" />
  <Point X="133" Y="245" T="119401104" />
  <Point X="132" Y="247" T="119401118" />
  <Point X="132" Y="249" T="119401133" />
  <Point X="131" Y="252" T="119401156" />
  <Point X="131" Y="254" T="119401171" />
  <Point X="131" Y="256" T="119401186" />
  <Point X="131" Y="258" T="119401204" />
  <Point X="132" Y="260" T="119401220" />
  <Point X="133" Y="262" T="119401248" />
  <Point X="133" Y="264" T="119401265" />
  <Point X="135" Y="265" T="119401292" />
  <Point X="137" Y="267" T="119401321" />
  <Point X="139" Y="268" T="119401341" />
  <Point X="141" Y="267" T="119401357" />
  <Point X="143" Y="267" T="119401374" />
  <Point X="145" Y="268" T="119401391" />
  <Point X="148" Y="268" T="119401409" />
  <Point X="151" Y="267" T="119401427" />
  <Point X="155" Y="267" T="119401445" />
  <Point X="161" Y="266" T="119401464" />
  <Point X="165" Y="266" T="119401483" />
  <Point X="170" Y="264" T="119401502" />
  <Point X="172" Y="264" T="119401520" />
  <Point X="177" Y="264" T="119401540" />
  <Point X="179" Y="264" T="119401560" />
  <Point X="181" Y="263" T="119401580" />
  <Point X="183" Y="262" T="119401600" />
</Gesture>