﻿<?xml version="1.0" encoding="utf-8" standalone="yes"?>
<Gesture Name="left_curly_brace06" Subject="5" Speed="medium" Number="6" NumPts="79" Millseconds="1864" AppName="Gestures" AppVer="3.7.0.0" Date="Friday, March 09, 2007" TimeOfDay="9:49:24 PM">
  <Point X="156" Y="155" T="119476970" />
  <Point X="155" Y="153" T="119476990" />
  <Point X="153" Y="155" T="119477010" />
  <Point X="151" Y="153" T="119477034" />
  <Point X="149" Y="154" T="119477050" />
  <Point X="147" Y="156" T="119477067" />
  <Point X="145" Y="156" T="119477087" />
  <Point X="143" Y="157" T="119477119" />
  <Point X="140" Y="158" T="119477143" />
  <Point X="138" Y="159" T="119477167" />
  <Point X="136" Y="160" T="119477196" />
  <Point X="134" Y="162" T="119477220" />
  <Point X="132" Y="163" T="119477244" />
  <Point X="131" Y="165" T="119477260" />
  <Point X="130" Y="167" T="119477277" />
  <Point X="128" Y="168" T="119477314" />
  <Point X="127" Y="171" T="119477336" />
  <Point X="126" Y="173" T="119477356" />
  <Point X="124" Y="176" T="119477392" />
  <Point X="124" Y="178" T="119477412" />
  <Point X="124" Y="181" T="119477433" />
  <Point X="124" Y="183" T="119477442" />
  <Point X="124" Y="185" T="119477469" />
  <Point X="125" Y="188" T="119477489" />
  <Point X="127" Y="190" T="119477521" />
  <Point X="128" Y="192" T="119477541" />
  <Point X="128" Y="195" T="119477557" />
  <Point X="129" Y="197" T="119477578" />
  <Point X="130" Y="199" T="119477598" />
  <Point X="130" Y="201" T="119477622" />
  <Point X="131" Y="203" T="119477634" />
  <Point X="131" Y="205" T="119477654" />
  <Point X="131" Y="208" T="119477679" />
  <Point X="131" Y="211" T="119477712" />
  <Point X="131" Y="213" T="119477728" />
  <Point X="131" Y="215" T="119477753" />
  <Point X="131" Y="217" T="119477781" />
  <Point X="130" Y="219" T="119477809" />
  <Point X="128" Y="221" T="119477845" />
  <Point X="126" Y="222" T="119477881" />
  <Point X="124" Y="224" T="119477910" />
  <Point X="122" Y="223" T="119477942" />
  <Point X="120" Y="224" T="119477967" />
  <Point X="118" Y="226" T="119477991" />
  <Point X="116" Y="226" T="119478011" />
  <Point X="114" Y="226" T="119478031" />
  <Point X="112" Y="229" T="119478047" />
  <Point X="110" Y="230" T="119478067" />
  <Point X="108" Y="231" T="119478083" />
  <Point X="110" Y="230" T="119478229" />
  <Point X="112" Y="230" T="119478249" />
  <Point X="114" Y="229" T="119478269" />
  <Point X="116" Y="228" T="119478286" />
  <Point X="118" Y="227" T="119478302" />
  <Point X="121" Y="226" T="119478318" />
  <Point X="123" Y="226" T="119478335" />
  <Point X="125" Y="226" T="119478352" />
  <Point X="127" Y="226" T="119478369" />
  <Point X="129" Y="229" T="119478398" />
  <Point X="129" Y="231" T="119478425" />
  <Point X="128" Y="234" T="119478442" />
  <Point X="128" Y="236" T="119478473" />
  <Point X="128" Y="238" T="119478498" />
  <Point X="128" Y="240" T="119478518" />
  <Point X="129" Y="242" T="119478536" />
  <Point X="130" Y="244" T="119478562" />
  <Point X="131" Y="246" T="119478582" />
  <Point X="133" Y="247" T="119478614" />
  <Point X="135" Y="250" T="119478634" />
  <Point X="136" Y="252" T="119478662" />
  <Point X="137" Y="254" T="119478682" />
  <Point X="139" Y="255" T="119478701" />
  <Point X="140" Y="257" T="119478723" />
  <Point X="145" Y="258" T="119478747" />
  <Point X="150" Y="258" T="119478770" />
  <Point X="154" Y="260" T="119478791" />
  <Point X="160" Y="261" T="119478812" />
  <Point X="164" Y="261" T="119478833" />
  <Point X="167" Y="261" T="119478834" />
</Gesture>