﻿<?xml version="1.0" encoding="utf-8" standalone="yes"?>
<Gesture Name="left_curly_brace10" Subject="5" Speed="medium" Number="10" NumPts="75" Millseconds="1518" AppName="Gestures" AppVer="3.7.0.0" Date="Friday, March 09, 2007" TimeOfDay="9:49:32 PM">
  <Point X="158" Y="161" T="119485942" />
  <Point X="156" Y="160" T="119485966" />
  <Point X="154" Y="159" T="119485982" />
  <Point X="152" Y="160" T="119485999" />
  <Point X="150" Y="160" T="119486014" />
  <Point X="148" Y="160" T="119486030" />
  <Point X="146" Y="161" T="119486042" />
  <Point X="144" Y="162" T="119486054" />
  <Point X="141" Y="164" T="119486070" />
  <Point X="139" Y="166" T="119486086" />
  <Point X="138" Y="168" T="119486097" />
  <Point X="136" Y="170" T="119486113" />
  <Point X="135" Y="173" T="119486125" />
  <Point X="133" Y="175" T="119486146" />
  <Point X="132" Y="177" T="119486154" />
  <Point X="131" Y="179" T="119486167" />
  <Point X="130" Y="181" T="119486188" />
  <Point X="130" Y="183" T="119486209" />
  <Point X="130" Y="185" T="119486229" />
  <Point X="130" Y="187" T="119486238" />
  <Point X="130" Y="189" T="119486247" />
  <Point X="131" Y="191" T="119486273" />
  <Point X="132" Y="193" T="119486282" />
  <Point X="133" Y="195" T="119486301" />
  <Point X="134" Y="198" T="119486322" />
  <Point X="134" Y="200" T="119486341" />
  <Point X="134" Y="202" T="119486351" />
  <Point X="134" Y="205" T="119486374" />
  <Point X="133" Y="207" T="119486405" />
  <Point X="132" Y="209" T="119486421" />
  <Point X="131" Y="211" T="119486441" />
  <Point X="129" Y="214" T="119486469" />
  <Point X="127" Y="214" T="119486493" />
  <Point X="125" Y="214" T="119486518" />
  <Point X="123" Y="214" T="119486539" />
  <Point X="121" Y="214" T="119486556" />
  <Point X="118" Y="215" T="119486571" />
  <Point X="116" Y="215" T="119486588" />
  <Point X="114" Y="217" T="119486604" />
  <Point X="112" Y="217" T="119486624" />
  <Point X="110" Y="218" T="119486652" />
  <Point X="109" Y="220" T="119486665" />
  <Point X="111" Y="220" T="119486826" />
  <Point X="113" Y="219" T="119486841" />
  <Point X="115" Y="218" T="119486857" />
  <Point X="117" Y="217" T="119486871" />
  <Point X="119" Y="216" T="119486886" />
  <Point X="122" Y="216" T="119486902" />
  <Point X="124" Y="216" T="119486918" />
  <Point X="126" Y="215" T="119486938" />
  <Point X="128" Y="216" T="119486958" />
  <Point X="130" Y="216" T="119486986" />
  <Point X="131" Y="218" T="119487011" />
  <Point X="132" Y="221" T="119487047" />
  <Point X="133" Y="223" T="119487080" />
  <Point X="133" Y="225" T="119487100" />
  <Point X="134" Y="228" T="119487124" />
  <Point X="135" Y="230" T="119487145" />
  <Point X="135" Y="232" T="119487162" />
  <Point X="136" Y="234" T="119487185" />
  <Point X="137" Y="237" T="119487202" />
  <Point X="139" Y="239" T="119487229" />
  <Point X="140" Y="242" T="119487257" />
  <Point X="141" Y="244" T="119487276" />
  <Point X="142" Y="246" T="119487297" />
  <Point X="142" Y="248" T="119487318" />
  <Point X="143" Y="250" T="119487337" />
  <Point X="145" Y="252" T="119487338" />
  <Point X="147" Y="253" T="119487357" />
  <Point X="152" Y="254" T="119487377" />
  <Point X="156" Y="255" T="119487397" />
  <Point X="158" Y="254" T="119487416" />
  <Point X="160" Y="254" T="119487417" />
  <Point X="162" Y="254" T="119487438" />
  <Point X="164" Y="255" T="119487460" />
</Gesture>