﻿<?xml version="1.0" encoding="utf-8" standalone="yes"?>
<Gesture Name="left_sq_bracket10" Subject="5" Speed="medium" Number="10" NumPts="69" Millseconds="1851" AppName="Gestures" AppVer="3.7.0.0" Date="Friday, March 09, 2007" TimeOfDay="9:48:13 PM">
  <Point X="140" Y="177" T="119406521" />
  <Point X="138" Y="177" T="119406614" />
  <Point X="136" Y="179" T="119406635" />
  <Point X="134" Y="180" T="119406647" />
  <Point X="132" Y="179" T="119406659" />
  <Point X="129" Y="180" T="119406672" />
  <Point X="127" Y="180" T="119406684" />
  <Point X="124" Y="179" T="119406695" />
  <Point X="122" Y="180" T="119406707" />
  <Point X="120" Y="180" T="119406719" />
  <Point X="118" Y="180" T="119406735" />
  <Point X="115" Y="181" T="119406751" />
  <Point X="113" Y="180" T="119406775" />
  <Point X="111" Y="179" T="119406800" />
  <Point X="109" Y="180" T="119406824" />
  <Point X="107" Y="179" T="119406874" />
  <Point X="105" Y="181" T="119407027" />
  <Point X="105" Y="183" T="119407062" />
  <Point X="105" Y="186" T="119407083" />
  <Point X="105" Y="189" T="119407095" />
  <Point X="105" Y="191" T="119407127" />
  <Point X="105" Y="193" T="119407143" />
  <Point X="104" Y="196" T="119407164" />
  <Point X="104" Y="198" T="119407180" />
  <Point X="104" Y="200" T="119407191" />
  <Point X="103" Y="202" T="119407202" />
  <Point X="104" Y="204" T="119407216" />
  <Point X="105" Y="206" T="119407228" />
  <Point X="105" Y="209" T="119407275" />
  <Point X="106" Y="211" T="119407311" />
  <Point X="107" Y="213" T="119407331" />
  <Point X="107" Y="215" T="119407347" />
  <Point X="108" Y="217" T="119407379" />
  <Point X="110" Y="219" T="119407412" />
  <Point X="112" Y="220" T="119407441" />
  <Point X="114" Y="222" T="119407462" />
  <Point X="115" Y="224" T="119407478" />
  <Point X="117" Y="227" T="119407515" />
  <Point X="118" Y="230" T="119407547" />
  <Point X="120" Y="230" T="119407579" />
  <Point X="121" Y="233" T="119407595" />
  <Point X="122" Y="235" T="119407639" />
  <Point X="124" Y="236" T="119407675" />
  <Point X="126" Y="238" T="119407703" />
  <Point X="127" Y="241" T="119407735" />
  <Point X="129" Y="243" T="119407783" />
  <Point X="130" Y="245" T="119407799" />
  <Point X="130" Y="247" T="119407836" />
  <Point X="130" Y="249" T="119407856" />
  <Point X="131" Y="251" T="119407905" />
  <Point X="131" Y="253" T="119407929" />
  <Point X="131" Y="256" T="119407945" />
  <Point X="132" Y="258" T="119407990" />
  <Point X="133" Y="260" T="119408022" />
  <Point X="134" Y="262" T="119408047" />
  <Point X="136" Y="263" T="119408102" />
  <Point X="138" Y="264" T="119408135" />
  <Point X="140" Y="264" T="119408172" />
  <Point X="142" Y="263" T="119408199" />
  <Point X="145" Y="263" T="119408217" />
  <Point X="147" Y="262" T="119408236" />
  <Point X="151" Y="261" T="119408254" />
  <Point X="154" Y="261" T="119408273" />
  <Point X="160" Y="259" T="119408292" />
  <Point X="165" Y="259" T="119408312" />
  <Point X="167" Y="258" T="119408331" />
  <Point X="169" Y="258" T="119408332" />
  <Point X="172" Y="259" T="119408352" />
  <Point X="177" Y="257" T="119408372" />
</Gesture>