﻿<?xml version="1.0" encoding="utf-8" standalone="yes"?>
<Gesture Name="left_sq_bracket05" Subject="5" Speed="medium" Number="5" NumPts="72" Millseconds="1422" AppName="Gestures" AppVer="3.7.0.0" Date="Friday, March 09, 2007" TimeOfDay="9:48:03 PM">
  <Point X="155" Y="172" T="119396385" />
  <Point X="153" Y="173" T="119396426" />
  <Point X="150" Y="172" T="119396455" />
  <Point X="148" Y="172" T="119396474" />
  <Point X="146" Y="173" T="119396491" />
  <Point X="144" Y="172" T="119396507" />
  <Point X="142" Y="172" T="119396523" />
  <Point X="140" Y="171" T="119396539" />
  <Point X="138" Y="172" T="119396555" />
  <Point X="135" Y="172" T="119396572" />
  <Point X="133" Y="172" T="119396585" />
  <Point X="131" Y="172" T="119396601" />
  <Point X="129" Y="172" T="119396617" />
  <Point X="127" Y="171" T="119396636" />
  <Point X="125" Y="170" T="119396653" />
  <Point X="123" Y="172" T="119396670" />
  <Point X="121" Y="173" T="119396690" />
  <Point X="119" Y="175" T="119396714" />
  <Point X="118" Y="177" T="119396751" />
  <Point X="116" Y="179" T="119396790" />
  <Point X="115" Y="182" T="119396814" />
  <Point X="115" Y="184" T="119396835" />
  <Point X="115" Y="186" T="119396856" />
  <Point X="115" Y="188" T="119396871" />
  <Point X="116" Y="191" T="119396887" />
  <Point X="116" Y="194" T="119396897" />
  <Point X="116" Y="196" T="119396916" />
  <Point X="116" Y="198" T="119396928" />
  <Point X="117" Y="200" T="119396944" />
  <Point X="118" Y="202" T="119396964" />
  <Point X="119" Y="204" T="119396985" />
  <Point X="119" Y="206" T="119397005" />
  <Point X="120" Y="209" T="119397018" />
  <Point X="121" Y="211" T="119397053" />
  <Point X="121" Y="213" T="119397074" />
  <Point X="121" Y="215" T="119397086" />
  <Point X="122" Y="217" T="119397122" />
  <Point X="123" Y="219" T="119397137" />
  <Point X="124" Y="221" T="119397166" />
  <Point X="126" Y="222" T="119397198" />
  <Point X="128" Y="224" T="119397214" />
  <Point X="129" Y="226" T="119397238" />
  <Point X="131" Y="229" T="119397257" />
  <Point X="132" Y="231" T="119397282" />
  <Point X="132" Y="233" T="119397302" />
  <Point X="132" Y="235" T="119397316" />
  <Point X="132" Y="237" T="119397335" />
  <Point X="133" Y="239" T="119397351" />
  <Point X="133" Y="242" T="119397371" />
  <Point X="133" Y="244" T="119397387" />
  <Point X="133" Y="246" T="119397403" />
  <Point X="133" Y="248" T="119397424" />
  <Point X="132" Y="250" T="119397444" />
  <Point X="132" Y="252" T="119397460" />
  <Point X="132" Y="254" T="119397476" />
  <Point X="131" Y="257" T="119397492" />
  <Point X="131" Y="259" T="119397513" />
  <Point X="132" Y="261" T="119397545" />
  <Point X="134" Y="262" T="119397597" />
  <Point X="136" Y="262" T="119397617" />
  <Point X="138" Y="261" T="119397634" />
  <Point X="141" Y="260" T="119397652" />
  <Point X="143" Y="259" T="119397669" />
  <Point X="148" Y="259" T="119397688" />
  <Point X="155" Y="258" T="119397706" />
  <Point X="160" Y="258" T="119397726" />
  <Point X="164" Y="259" T="119397744" />
  <Point X="166" Y="258" T="119397745" />
  <Point X="168" Y="258" T="119397765" />
  <Point X="171" Y="258" T="119397784" />
  <Point X="173" Y="257" T="119397785" />
  <Point X="175" Y="256" T="119397807" />
</Gesture>