﻿<?xml version="1.0" encoding="utf-8" standalone="yes"?>
<Gesture Name="left_curly_brace05" Subject="5" Speed="medium" Number="5" NumPts="80" Millseconds="1680" AppName="Gestures" AppVer="3.7.0.0" Date="Friday, March 09, 2007" TimeOfDay="9:49:21 PM">
  <Point X="154" Y="156" T="119474775" />
  <Point X="152" Y="155" T="119474801" />
  <Point X="150" Y="156" T="119474817" />
  <Point X="148" Y="157" T="119474830" />
  <Point X="146" Y="157" T="119474841" />
  <Point X="144" Y="159" T="119474856" />
  <Point X="141" Y="161" T="119474868" />
  <Point X="140" Y="163" T="119474876" />
  <Point X="138" Y="165" T="119474892" />
  <Point X="136" Y="167" T="119474908" />
  <Point X="134" Y="169" T="119474924" />
  <Point X="132" Y="172" T="119474936" />
  <Point X="131" Y="174" T="119474944" />
  <Point X="130" Y="176" T="119474964" />
  <Point X="130" Y="179" T="119474977" />
  <Point X="129" Y="181" T="119474985" />
  <Point X="129" Y="183" T="119474998" />
  <Point X="129" Y="186" T="119475010" />
  <Point X="130" Y="188" T="119475026" />
  <Point X="131" Y="191" T="119475046" />
  <Point X="131" Y="193" T="119475055" />
  <Point X="133" Y="195" T="119475071" />
  <Point X="135" Y="197" T="119475090" />
  <Point X="135" Y="200" T="119475103" />
  <Point X="136" Y="202" T="119475115" />
  <Point X="137" Y="204" T="119475139" />
  <Point X="138" Y="206" T="119475155" />
  <Point X="138" Y="208" T="119475179" />
  <Point X="137" Y="211" T="119475191" />
  <Point X="135" Y="212" T="119475219" />
  <Point X="134" Y="214" T="119475231" />
  <Point X="131" Y="215" T="119475251" />
  <Point X="129" Y="216" T="119475271" />
  <Point X="127" Y="218" T="119475287" />
  <Point X="125" Y="219" T="119475304" />
  <Point X="123" Y="218" T="119475321" />
  <Point X="121" Y="219" T="119475338" />
  <Point X="119" Y="220" T="119475353" />
  <Point X="116" Y="222" T="119475374" />
  <Point X="114" Y="223" T="119475398" />
  <Point X="112" Y="225" T="119475438" />
  <Point X="110" Y="225" T="119475487" />
  <Point X="112" Y="224" T="119475730" />
  <Point X="115" Y="223" T="119475765" />
  <Point X="117" Y="221" T="119475779" />
  <Point X="119" Y="220" T="119475794" />
  <Point X="121" Y="220" T="119475811" />
  <Point X="123" Y="218" T="119475827" />
  <Point X="125" Y="218" T="119475843" />
  <Point X="127" Y="217" T="119475858" />
  <Point X="129" Y="216" T="119475873" />
  <Point X="131" Y="216" T="119475889" />
  <Point X="134" Y="216" T="119475905" />
  <Point X="136" Y="219" T="119475925" />
  <Point X="136" Y="221" T="119475952" />
  <Point X="136" Y="223" T="119475968" />
  <Point X="135" Y="225" T="119475997" />
  <Point X="135" Y="227" T="119476017" />
  <Point X="135" Y="229" T="119476034" />
  <Point X="135" Y="232" T="119476057" />
  <Point X="135" Y="234" T="119476078" />
  <Point X="135" Y="237" T="119476102" />
  <Point X="135" Y="239" T="119476122" />
  <Point X="136" Y="241" T="119476150" />
  <Point X="136" Y="244" T="119476168" />
  <Point X="136" Y="246" T="119476187" />
  <Point X="137" Y="248" T="119476206" />
  <Point X="139" Y="251" T="119476226" />
  <Point X="141" Y="252" T="119476250" />
  <Point X="143" Y="253" T="119476270" />
  <Point X="145" Y="254" T="119476292" />
  <Point X="147" Y="255" T="119476311" />
  <Point X="150" Y="257" T="119476331" />
  <Point X="154" Y="258" T="119476351" />
  <Point X="158" Y="259" T="119476372" />
  <Point X="160" Y="260" T="119476392" />
  <Point X="163" Y="261" T="119476413" />
  <Point X="165" Y="260" T="119476433" />
  <Point X="167" Y="259" T="119476434" />
  <Point X="169" Y="258" T="119476455" />
</Gesture>