﻿<?xml version="1.0" encoding="utf-8" standalone="yes"?>
<Gesture Name="left_curly_brace07" Subject="5" Speed="medium" Number="7" NumPts="84" Millseconds="1843" AppName="Gestures" AppVer="3.7.0.0" Date="Friday, March 09, 2007" TimeOfDay="9:49:26 PM">
  <Point X="164" Y="159" T="119479349" />
  <Point X="162" Y="157" T="119479369" />
  <Point X="160" Y="155" T="119479536" />
  <Point X="158" Y="155" T="119479554" />
  <Point X="155" Y="156" T="119479571" />
  <Point X="153" Y="155" T="119479587" />
  <Point X="151" Y="155" T="119479603" />
  <Point X="148" Y="155" T="119479619" />
  <Point X="146" Y="156" T="119479631" />
  <Point X="144" Y="156" T="119479643" />
  <Point X="142" Y="158" T="119479659" />
  <Point X="140" Y="158" T="119479675" />
  <Point X="138" Y="160" T="119479692" />
  <Point X="136" Y="161" T="119479708" />
  <Point X="134" Y="162" T="119479729" />
  <Point X="132" Y="165" T="119479750" />
  <Point X="130" Y="167" T="119479774" />
  <Point X="129" Y="170" T="119479782" />
  <Point X="127" Y="172" T="119479794" />
  <Point X="126" Y="174" T="119479818" />
  <Point X="126" Y="176" T="119479838" />
  <Point X="126" Y="178" T="119479850" />
  <Point X="126" Y="180" T="119479862" />
  <Point X="127" Y="183" T="119479878" />
  <Point X="127" Y="185" T="119479895" />
  <Point X="127" Y="188" T="119479911" />
  <Point X="127" Y="190" T="119479923" />
  <Point X="127" Y="193" T="119479943" />
  <Point X="127" Y="195" T="119479954" />
  <Point X="127" Y="197" T="119479966" />
  <Point X="127" Y="200" T="119479986" />
  <Point X="127" Y="202" T="119480002" />
  <Point X="127" Y="204" T="119480018" />
  <Point X="127" Y="206" T="119480031" />
  <Point X="126" Y="209" T="119480054" />
  <Point X="125" Y="211" T="119480071" />
  <Point X="125" Y="213" T="119480083" />
  <Point X="124" Y="216" T="119480096" />
  <Point X="122" Y="218" T="119480118" />
  <Point X="120" Y="221" T="119480135" />
  <Point X="118" Y="223" T="119480155" />
  <Point X="116" Y="224" T="119480175" />
  <Point X="114" Y="225" T="119480196" />
  <Point X="112" Y="226" T="119480212" />
  <Point X="110" Y="228" T="119480228" />
  <Point X="108" Y="228" T="119480244" />
  <Point X="106" Y="228" T="119480272" />
  <Point X="104" Y="228" T="119480299" />
  <Point X="102" Y="229" T="119480331" />
  <Point X="100" Y="227" T="119480383" />
  <Point X="100" Y="229" T="119480407" />
  <Point X="102" Y="227" T="119480547" />
  <Point X="104" Y="227" T="119480568" />
  <Point X="106" Y="227" T="119480584" />
  <Point X="109" Y="226" T="119480600" />
  <Point X="111" Y="226" T="119480617" />
  <Point X="114" Y="226" T="119480634" />
  <Point X="116" Y="225" T="119480651" />
  <Point X="118" Y="226" T="119480669" />
  <Point X="120" Y="226" T="119480686" />
  <Point X="122" Y="226" T="119480708" />
  <Point X="123" Y="228" T="119480737" />
  <Point X="123" Y="230" T="119480755" />
  <Point X="123" Y="233" T="119480772" />
  <Point X="123" Y="235" T="119480791" />
  <Point X="123" Y="237" T="119480809" />
  <Point X="123" Y="239" T="119480828" />
  <Point X="123" Y="241" T="119480849" />
  <Point X="124" Y="243" T="119480867" />
  <Point X="123" Y="245" T="119480886" />
  <Point X="124" Y="248" T="119480906" />
  <Point X="125" Y="250" T="119480926" />
  <Point X="126" Y="252" T="119480948" />
  <Point X="127" Y="254" T="119480972" />
  <Point X="129" Y="257" T="119480997" />
  <Point X="130" Y="259" T="119481018" />
  <Point X="132" Y="260" T="119481039" />
  <Point X="135" Y="260" T="119481060" />
  <Point X="140" Y="263" T="119481082" />
  <Point X="144" Y="263" T="119481103" />
  <Point X="151" Y="262" T="119481125" />
  <Point X="153" Y="262" T="119481147" />
  <Point X="158" Y="261" T="119481169" />
  <Point X="160" Y="260" T="119481192" />
</Gesture>