﻿<?xml version="1.0" encoding="utf-8" standalone="yes"?>
<Gesture Name="left_curly_brace08" Subject="5" Speed="medium" Number="8" NumPts="80" Millseconds="1658" AppName="Gestures" AppVer="3.7.0.0" Date="Friday, March 09, 2007" TimeOfDay="9:49:28 PM">
  <Point X="165" Y="156" T="119481641" />
  <Point X="163" Y="154" T="119481697" />
  <Point X="161" Y="154" T="119481713" />
  <Point X="159" Y="155" T="119481725" />
  <Point X="157" Y="154" T="119481738" />
  <Point X="154" Y="156" T="119481749" />
  <Point X="152" Y="157" T="119481761" />
  <Point X="149" Y="157" T="119481773" />
  <Point X="147" Y="157" T="119481785" />
  <Point X="145" Y="158" T="119481798" />
  <Point X="143" Y="159" T="119481810" />
  <Point X="140" Y="160" T="119481822" />
  <Point X="138" Y="161" T="119481834" />
  <Point X="136" Y="163" T="119481846" />
  <Point X="134" Y="165" T="119481866" />
  <Point X="133" Y="167" T="119481887" />
  <Point X="132" Y="170" T="119481904" />
  <Point X="131" Y="172" T="119481917" />
  <Point X="131" Y="174" T="119481925" />
  <Point X="130" Y="177" T="119481940" />
  <Point X="129" Y="179" T="119481953" />
  <Point X="129" Y="181" T="119481966" />
  <Point X="129" Y="183" T="119481977" />
  <Point X="129" Y="185" T="119481998" />
  <Point X="130" Y="187" T="119482018" />
  <Point X="131" Y="189" T="119482038" />
  <Point X="132" Y="192" T="119482054" />
  <Point X="133" Y="194" T="119482066" />
  <Point X="134" Y="196" T="119482086" />
  <Point X="134" Y="198" T="119482110" />
  <Point X="134" Y="201" T="119482130" />
  <Point X="134" Y="203" T="119482154" />
  <Point X="133" Y="205" T="119482174" />
  <Point X="131" Y="207" T="119482191" />
  <Point X="129" Y="209" T="119482211" />
  <Point X="127" Y="211" T="119482228" />
  <Point X="125" Y="212" T="119482244" />
  <Point X="123" Y="214" T="119482260" />
  <Point X="120" Y="214" T="119482281" />
  <Point X="118" Y="215" T="119482297" />
  <Point X="116" Y="215" T="119482313" />
  <Point X="114" Y="216" T="119482326" />
  <Point X="111" Y="217" T="119482341" />
  <Point X="109" Y="217" T="119482357" />
  <Point X="107" Y="217" T="119482377" />
  <Point X="105" Y="218" T="119482402" />
  <Point X="103" Y="219" T="119482437" />
  <Point X="105" Y="218" T="119482620" />
  <Point X="107" Y="219" T="119482664" />
  <Point X="109" Y="218" T="119482688" />
  <Point X="112" Y="217" T="119482704" />
  <Point X="114" Y="217" T="119482723" />
  <Point X="116" Y="218" T="119482740" />
  <Point X="118" Y="218" T="119482756" />
  <Point X="120" Y="219" T="119482772" />
  <Point X="122" Y="219" T="119482795" />
  <Point X="123" Y="222" T="119482820" />
  <Point X="124" Y="224" T="119482844" />
  <Point X="125" Y="227" T="119482889" />
  <Point X="125" Y="229" T="119482906" />
  <Point X="126" Y="231" T="119482929" />
  <Point X="126" Y="233" T="119482947" />
  <Point X="126" Y="235" T="119482966" />
  <Point X="126" Y="237" T="119482986" />
  <Point X="126" Y="239" T="119483007" />
  <Point X="126" Y="241" T="119483028" />
  <Point X="126" Y="245" T="119483050" />
  <Point X="126" Y="248" T="119483072" />
  <Point X="126" Y="252" T="119483092" />
  <Point X="127" Y="254" T="119483111" />
  <Point X="129" Y="257" T="119483131" />
  <Point X="131" Y="258" T="119483150" />
  <Point X="134" Y="260" T="119483173" />
  <Point X="136" Y="261" T="119483192" />
  <Point X="138" Y="263" T="119483194" />
  <Point X="141" Y="264" T="119483214" />
  <Point X="145" Y="264" T="119483235" />
  <Point X="150" Y="265" T="119483256" />
  <Point X="156" Y="263" T="119483278" />
  <Point X="158" Y="262" T="119483299" />
</Gesture>