﻿<?xml version="1.0" encoding="utf-8" standalone="yes"?>
<Gesture Name="left_sq_bracket01" Subject="5" Speed="medium" Number="1" NumPts="79" Millseconds="1726" AppName="Gestures" AppVer="3.7.0.0" Date="Friday, March 09, 2007" TimeOfDay="9:47:55 PM">
  <Point X="147" Y="160" T="119388089" />
  <Point X="145" Y="160" T="119388134" />
  <Point X="143" Y="160" T="119388158" />
  <Point X="141" Y="161" T="119388183" />
  <Point X="140" Y="159" T="119388199" />
  <Point X="137" Y="160" T="119388216" />
  <Point X="135" Y="160" T="119388232" />
  <Point X="133" Y="160" T="119388244" />
  <Point X="131" Y="161" T="119388256" />
  <Point X="129" Y="159" T="119388271" />
  <Point X="127" Y="160" T="119388283" />
  <Point X="125" Y="160" T="119388299" />
  <Point X="122" Y="160" T="119388315" />
  <Point X="120" Y="160" T="119388332" />
  <Point X="118" Y="160" T="119388349" />
  <Point X="116" Y="161" T="119388366" />
  <Point X="114" Y="162" T="119388382" />
  <Point X="111" Y="162" T="119388407" />
  <Point X="109" Y="163" T="119388426" />
  <Point X="107" Y="162" T="119388458" />
  <Point X="105" Y="164" T="119388502" />
  <Point X="103" Y="166" T="119388599" />
  <Point X="103" Y="168" T="119388620" />
  <Point X="103" Y="172" T="119388641" />
  <Point X="103" Y="174" T="119388657" />
  <Point X="103" Y="177" T="119388673" />
  <Point X="103" Y="180" T="119388685" />
  <Point X="103" Y="182" T="119388705" />
  <Point X="103" Y="184" T="119388717" />
  <Point X="102" Y="187" T="119388738" />
  <Point X="102" Y="189" T="119388750" />
  <Point X="102" Y="191" T="119388761" />
  <Point X="102" Y="194" T="119388779" />
  <Point X="103" Y="196" T="119388791" />
  <Point X="103" Y="198" T="119388803" />
  <Point X="103" Y="201" T="119388818" />
  <Point X="103" Y="203" T="119388832" />
  <Point X="103" Y="205" T="119388871" />
  <Point X="103" Y="208" T="119388891" />
  <Point X="103" Y="210" T="119388916" />
  <Point X="103" Y="213" T="119388940" />
  <Point X="104" Y="215" T="119388977" />
  <Point X="105" Y="217" T="119389000" />
  <Point X="105" Y="219" T="119389029" />
  <Point X="107" Y="221" T="119389057" />
  <Point X="107" Y="224" T="119389078" />
  <Point X="109" Y="226" T="119389110" />
  <Point X="110" Y="228" T="119389126" />
  <Point X="110" Y="230" T="119389141" />
  <Point X="112" Y="233" T="119389161" />
  <Point X="112" Y="235" T="119389177" />
  <Point X="112" Y="237" T="119389193" />
  <Point X="113" Y="239" T="119389210" />
  <Point X="114" Y="241" T="119389257" />
  <Point X="114" Y="243" T="119389278" />
  <Point X="114" Y="246" T="119389298" />
  <Point X="114" Y="248" T="119389315" />
  <Point X="114" Y="250" T="119389331" />
  <Point X="115" Y="252" T="119389348" />
  <Point X="115" Y="255" T="119389370" />
  <Point X="116" Y="257" T="119389393" />
  <Point X="115" Y="259" T="119389414" />
  <Point X="115" Y="261" T="119389435" />
  <Point X="115" Y="263" T="119389453" />
  <Point X="115" Y="265" T="119389488" />
  <Point X="117" Y="265" T="119389548" />
  <Point X="119" Y="264" T="119389572" />
  <Point X="121" Y="262" T="119389591" />
  <Point X="123" Y="263" T="119389610" />
  <Point X="128" Y="263" T="119389629" />
  <Point X="130" Y="263" T="119389649" />
  <Point X="137" Y="263" T="119389669" />
  <Point X="142" Y="262" T="119389690" />
  <Point X="148" Y="262" T="119389711" />
  <Point X="153" Y="263" T="119389731" />
  <Point X="158" Y="263" T="119389752" />
  <Point X="163" Y="264" T="119389773" />
  <Point X="169" Y="263" T="119389794" />
  <Point X="171" Y="263" T="119389815" />
</Gesture>