﻿<?xml version="1.0" encoding="utf-8" standalone="yes"?>
<Gesture Name="left_sq_bracket02" Subject="5" Speed="medium" Number="2" NumPts="75" Millseconds="1599" AppName="Gestures" AppVer="3.7.0.0" Date="Friday, March 09, 2007" TimeOfDay="9:47:57 PM">
  <Point X="146" Y="162" T="119390322" />
  <Point X="144" Y="162" T="119390374" />
  <Point X="142" Y="161" T="119390407" />
  <Point X="140" Y="162" T="119390427" />
  <Point X="138" Y="162" T="119390448" />
  <Point X="136" Y="161" T="119390460" />
  <Point X="134" Y="162" T="119390471" />
  <Point X="131" Y="162" T="119390487" />
  <Point X="129" Y="161" T="119390503" />
  <Point X="127" Y="161" T="119390519" />
  <Point X="125" Y="162" T="119390543" />
  <Point X="123" Y="161" T="119390575" />
  <Point X="120" Y="163" T="119390599" />
  <Point X="118" Y="164" T="119390619" />
  <Point X="116" Y="164" T="119390643" />
  <Point X="114" Y="165" T="119390673" />
  <Point X="112" Y="166" T="119390708" />
  <Point X="110" Y="168" T="119390745" />
  <Point X="109" Y="170" T="119390809" />
  <Point X="108" Y="172" T="119390834" />
  <Point X="108" Y="174" T="119390846" />
  <Point X="108" Y="177" T="119390866" />
  <Point X="108" Y="180" T="119390878" />
  <Point X="108" Y="183" T="119390895" />
  <Point X="108" Y="185" T="119390910" />
  <Point X="108" Y="187" T="119390920" />
  <Point X="108" Y="189" T="119390935" />
  <Point X="108" Y="191" T="119390947" />
  <Point X="108" Y="195" T="119390964" />
  <Point X="108" Y="197" T="119390976" />
  <Point X="109" Y="199" T="119390988" />
  <Point X="109" Y="202" T="119391016" />
  <Point X="110" Y="205" T="119391037" />
  <Point X="110" Y="207" T="119391061" />
  <Point X="112" Y="209" T="119391082" />
  <Point X="113" Y="212" T="119391106" />
  <Point X="114" Y="214" T="119391126" />
  <Point X="117" Y="215" T="119391150" />
  <Point X="118" Y="217" T="119391163" />
  <Point X="119" Y="220" T="119391178" />
  <Point X="120" Y="222" T="119391195" />
  <Point X="121" Y="224" T="119391208" />
  <Point X="122" Y="226" T="119391223" />
  <Point X="123" Y="228" T="119391239" />
  <Point X="124" Y="230" T="119391255" />
  <Point X="125" Y="232" T="119391271" />
  <Point X="126" Y="235" T="119391299" />
  <Point X="126" Y="237" T="119391314" />
  <Point X="127" Y="239" T="119391329" />
  <Point X="127" Y="241" T="119391344" />
  <Point X="128" Y="244" T="119391359" />
  <Point X="128" Y="246" T="119391374" />
  <Point X="128" Y="248" T="119391390" />
  <Point X="128" Y="251" T="119391408" />
  <Point X="128" Y="253" T="119391431" />
  <Point X="127" Y="255" T="119391448" />
  <Point X="127" Y="257" T="119391472" />
  <Point X="126" Y="259" T="119391495" />
  <Point X="126" Y="262" T="119391520" />
  <Point X="126" Y="264" T="119391552" />
  <Point X="128" Y="265" T="119391649" />
  <Point X="130" Y="265" T="119391668" />
  <Point X="132" Y="264" T="119391685" />
  <Point X="134" Y="265" T="119391704" />
  <Point X="139" Y="263" T="119391722" />
  <Point X="141" Y="262" T="119391741" />
  <Point X="146" Y="261" T="119391760" />
  <Point X="148" Y="261" T="119391779" />
  <Point X="153" Y="261" T="119391798" />
  <Point X="158" Y="262" T="119391818" />
  <Point X="160" Y="261" T="119391837" />
  <Point X="165" Y="262" T="119391857" />
  <Point X="170" Y="261" T="119391880" />
  <Point X="174" Y="261" T="119391901" />
  <Point X="176" Y="260" T="119391921" />
</Gesture>