﻿<?xml version="1.0" encoding="utf-8" standalone="yes"?>
<Gesture Name="left_sq_bracket06" Subject="5" Speed="medium" Number="6" NumPts="70" Millseconds="1396" AppName="Gestures" AppVer="3.7.0.0" Date="Friday, March 09, 2007" TimeOfDay="9:48:05 PM">
  <Point X="148" Y="177" T="119398341" />
  <Point X="146" Y="178" T="119398369" />
  <Point X="144" Y="179" T="119398392" />
  <Point X="142" Y="178" T="119398417" />
  <Point X="140" Y="178" T="119398433" />
  <Point X="137" Y="178" T="119398449" />
  <Point X="135" Y="179" T="119398462" />
  <Point X="133" Y="178" T="119398474" />
  <Point X="131" Y="178" T="119398489" />
  <Point X="129" Y="178" T="119398505" />
  <Point X="126" Y="179" T="119398521" />
  <Point X="124" Y="178" T="119398541" />
  <Point X="122" Y="177" T="119398569" />
  <Point X="120" Y="178" T="119398593" />
  <Point X="118" Y="179" T="119398622" />
  <Point X="116" Y="181" T="119398696" />
  <Point X="116" Y="184" T="119398724" />
  <Point X="115" Y="186" T="119398759" />
  <Point X="115" Y="188" T="119398772" />
  <Point X="116" Y="191" T="119398792" />
  <Point X="115" Y="193" T="119398804" />
  <Point X="115" Y="195" T="119398825" />
  <Point X="115" Y="197" T="119398835" />
  <Point X="115" Y="200" T="119398854" />
  <Point X="115" Y="202" T="119398865" />
  <Point X="116" Y="204" T="119398875" />
  <Point X="116" Y="206" T="119398886" />
  <Point X="116" Y="208" T="119398896" />
  <Point X="116" Y="210" T="119398907" />
  <Point X="116" Y="212" T="119398918" />
  <Point X="117" Y="215" T="119398929" />
  <Point X="116" Y="217" T="119398942" />
  <Point X="116" Y="219" T="119398954" />
  <Point X="117" Y="222" T="119398973" />
  <Point X="117" Y="224" T="119398994" />
  <Point X="118" Y="226" T="119399007" />
  <Point X="118" Y="228" T="119399026" />
  <Point X="119" Y="230" T="119399051" />
  <Point X="121" Y="233" T="119399083" />
  <Point X="123" Y="234" T="119399107" />
  <Point X="125" Y="234" T="119399123" />
  <Point X="127" Y="235" T="119399143" />
  <Point X="129" Y="237" T="119399160" />
  <Point X="131" Y="238" T="119399180" />
  <Point X="132" Y="240" T="119399195" />
  <Point X="134" Y="242" T="119399220" />
  <Point X="134" Y="244" T="119399236" />
  <Point X="136" Y="246" T="119399264" />
  <Point X="137" Y="249" T="119399288" />
  <Point X="137" Y="252" T="119399304" />
  <Point X="138" Y="254" T="119399320" />
  <Point X="138" Y="256" T="119399340" />
  <Point X="138" Y="258" T="119399359" />
  <Point X="139" Y="260" T="119399377" />
  <Point X="140" Y="262" T="119399396" />
  <Point X="140" Y="264" T="119399412" />
  <Point X="140" Y="266" T="119399429" />
  <Point X="141" Y="268" T="119399497" />
  <Point X="144" Y="267" T="119399525" />
  <Point X="146" Y="266" T="119399545" />
  <Point X="148" Y="265" T="119399563" />
  <Point X="150" Y="264" T="119399581" />
  <Point X="155" Y="264" T="119399600" />
  <Point X="160" Y="263" T="119399619" />
  <Point X="164" Y="263" T="119399638" />
  <Point X="171" Y="262" T="119399658" />
  <Point X="175" Y="261" T="119399678" />
  <Point X="180" Y="260" T="119399698" />
  <Point X="184" Y="260" T="119399718" />
  <Point X="186" Y="258" T="119399737" />
</Gesture>