﻿<?xml version="1.0" encoding="utf-8" standalone="yes"?>
<Gesture Name="left_sq_bracket03" Subject="5" Speed="medium" Number="3" NumPts="78" Millseconds="1554" AppName="Gestures" AppVer="3.7.0.0" Date="Friday, March 09, 2007" TimeOfDay="9:47:59 PM">
  <Point X="150" Y="160" T="119392417" />
  <Point X="148" Y="159" T="119392453" />
  <Point X="146" Y="160" T="119392478" />
  <Point X="144" Y="161" T="119392499" />
  <Point X="142" Y="160" T="119392519" />
  <Point X="140" Y="160" T="119392535" />
  <Point X="138" Y="160" T="119392548" />
  <Point X="136" Y="160" T="119392560" />
  <Point X="134" Y="161" T="119392572" />
  <Point X="131" Y="160" T="119392588" />
  <Point X="129" Y="160" T="119392599" />
  <Point X="127" Y="160" T="119392611" />
  <Point X="125" Y="159" T="119392628" />
  <Point X="123" Y="160" T="119392644" />
  <Point X="120" Y="160" T="119392665" />
  <Point X="118" Y="160" T="119392686" />
  <Point X="116" Y="161" T="119392702" />
  <Point X="114" Y="161" T="119392719" />
  <Point X="112" Y="162" T="119392743" />
  <Point X="110" Y="162" T="119392767" />
  <Point X="108" Y="163" T="119392795" />
  <Point X="107" Y="165" T="119392885" />
  <Point X="108" Y="168" T="119392921" />
  <Point X="108" Y="170" T="119392937" />
  <Point X="108" Y="172" T="119392950" />
  <Point X="108" Y="174" T="119392970" />
  <Point X="108" Y="177" T="119392980" />
  <Point X="108" Y="179" T="119392998" />
  <Point X="108" Y="183" T="119393022" />
  <Point X="108" Y="185" T="119393042" />
  <Point X="108" Y="187" T="119393058" />
  <Point X="108" Y="190" T="119393069" />
  <Point X="108" Y="192" T="119393086" />
  <Point X="109" Y="194" T="119393102" />
  <Point X="110" Y="197" T="119393123" />
  <Point X="111" Y="200" T="119393144" />
  <Point X="111" Y="202" T="119393157" />
  <Point X="112" Y="204" T="119393184" />
  <Point X="113" Y="206" T="119393196" />
  <Point X="114" Y="208" T="119393209" />
  <Point X="115" Y="210" T="119393224" />
  <Point X="116" Y="212" T="119393252" />
  <Point X="117" Y="214" T="119393265" />
  <Point X="118" Y="216" T="119393285" />
  <Point X="119" Y="218" T="119393309" />
  <Point X="120" Y="221" T="119393325" />
  <Point X="121" Y="223" T="119393341" />
  <Point X="122" Y="225" T="119393357" />
  <Point X="123" Y="227" T="119393382" />
  <Point X="124" Y="229" T="119393397" />
  <Point X="124" Y="231" T="119393413" />
  <Point X="125" Y="233" T="119393428" />
  <Point X="125" Y="236" T="119393444" />
  <Point X="126" Y="238" T="119393460" />
  <Point X="126" Y="241" T="119393476" />
  <Point X="126" Y="243" T="119393492" />
  <Point X="126" Y="248" T="119393508" />
  <Point X="127" Y="250" T="119393525" />
  <Point X="127" Y="252" T="119393542" />
  <Point X="127" Y="254" T="119393559" />
  <Point X="128" Y="256" T="119393576" />
  <Point X="128" Y="258" T="119393594" />
  <Point X="128" Y="260" T="119393612" />
  <Point X="128" Y="263" T="119393630" />
  <Point X="130" Y="265" T="119393686" />
  <Point X="132" Y="263" T="119393714" />
  <Point X="134" Y="263" T="119393734" />
  <Point X="136" Y="262" T="119393753" />
  <Point X="138" Y="260" T="119393771" />
  <Point X="143" Y="259" T="119393791" />
  <Point X="147" Y="258" T="119393811" />
  <Point X="151" Y="256" T="119393831" />
  <Point X="157" Y="257" T="119393851" />
  <Point X="162" Y="256" T="119393871" />
  <Point X="166" Y="255" T="119393892" />
  <Point X="171" Y="255" T="119393913" />
  <Point X="176" Y="256" T="119393937" />
  <Point X="178" Y="255" T="119393971" />
</Gesture>