﻿<?xml version="1.0" encoding="utf-8" standalone="yes"?>
<Gesture Name="left_sq_bracket09" Subject="5" Speed="medium" Number="9" NumPts="60" Millseconds="1443" AppName="Gestures" AppVer="3.7.0.0" Date="Friday, March 09, 2007" TimeOfDay="9:48:11 PM">
  <Point X="135" Y="175" T="119404253" />
  <Point X="133" Y="175" T="119404265" />
  <Point X="130" Y="175" T="119404286" />
  <Point X="128" Y="176" T="119404301" />
  <Point X="126" Y="176" T="119404322" />
  <Point X="124" Y="178" T="119404350" />
  <Point X="122" Y="178" T="119404374" />
  <Point X="120" Y="180" T="119404398" />
  <Point X="118" Y="182" T="119404414" />
  <Point X="116" Y="183" T="119404439" />
  <Point X="115" Y="185" T="119404463" />
  <Point X="114" Y="187" T="119404483" />
  <Point X="113" Y="190" T="119404495" />
  <Point X="112" Y="192" T="119404519" />
  <Point X="111" Y="194" T="119404532" />
  <Point X="111" Y="197" T="119404552" />
  <Point X="110" Y="199" T="119404564" />
  <Point X="110" Y="201" T="119404584" />
  <Point X="110" Y="203" T="119404601" />
  <Point X="110" Y="205" T="119404613" />
  <Point X="111" Y="207" T="119404645" />
  <Point X="112" Y="209" T="119404669" />
  <Point X="112" Y="211" T="119404689" />
  <Point X="112" Y="214" T="119404701" />
  <Point X="113" Y="216" T="119404725" />
  <Point X="114" Y="218" T="119404758" />
  <Point X="115" Y="220" T="119404774" />
  <Point X="115" Y="222" T="119404790" />
  <Point X="116" Y="224" T="119404826" />
  <Point X="117" Y="227" T="119404871" />
  <Point X="118" Y="229" T="119404887" />
  <Point X="119" Y="231" T="119404912" />
  <Point X="119" Y="233" T="119404936" />
  <Point X="119" Y="236" T="119404965" />
  <Point X="120" Y="238" T="119405006" />
  <Point X="122" Y="240" T="119405062" />
  <Point X="124" Y="242" T="119405103" />
  <Point X="125" Y="244" T="119405127" />
  <Point X="127" Y="246" T="119405167" />
  <Point X="128" Y="248" T="119405191" />
  <Point X="130" Y="250" T="119405223" />
  <Point X="131" Y="252" T="119405248" />
  <Point X="131" Y="254" T="119405284" />
  <Point X="132" Y="256" T="119405312" />
  <Point X="132" Y="258" T="119405337" />
  <Point X="133" Y="260" T="119405398" />
  <Point X="135" Y="261" T="119405454" />
  <Point X="137" Y="262" T="119405479" />
  <Point X="139" Y="261" T="119405499" />
  <Point X="141" Y="262" T="119405515" />
  <Point X="143" Y="262" T="119405531" />
  <Point X="145" Y="263" T="119405547" />
  <Point X="148" Y="262" T="119405564" />
  <Point X="152" Y="263" T="119405580" />
  <Point X="154" Y="263" T="119405598" />
  <Point X="159" Y="262" T="119405615" />
  <Point X="161" Y="263" T="119405633" />
  <Point X="165" Y="263" T="119405652" />
  <Point X="167" Y="263" T="119405670" />
  <Point X="169" Y="262" T="119405696" />
</Gesture>