﻿<?xml version="1.0" encoding="utf-8" standalone="yes"?>
<Gesture Name="left_curly_brace02" Subject="5" Speed="medium" Number="2" NumPts="81" Millseconds="1571" AppName="Gestures" AppVer="3.7.0.0" Date="Friday, March 09, 2007" TimeOfDay="9:49:15 PM">
  <Point X="152" Y="152" T="119468773" />
  <Point X="150" Y="152" T="119468793" />
  <Point X="148" Y="153" T="119468813" />
  <Point X="146" Y="153" T="119468826" />
  <Point X="144" Y="152" T="119468842" />
  <Point X="142" Y="154" T="119468859" />
  <Point X="140" Y="154" T="119468875" />
  <Point X="138" Y="156" T="119468891" />
  <Point X="136" Y="157" T="119468904" />
  <Point X="133" Y="158" T="119468920" />
  <Point X="131" Y="160" T="119468932" />
  <Point X="130" Y="162" T="119468948" />
  <Point X="128" Y="164" T="119468968" />
  <Point X="127" Y="167" T="119468984" />
  <Point X="126" Y="169" T="119468997" />
  <Point X="126" Y="171" T="119469006" />
  <Point X="125" Y="173" T="119469025" />
  <Point X="125" Y="175" T="119469036" />
  <Point X="125" Y="178" T="119469049" />
  <Point X="125" Y="181" T="119469069" />
  <Point X="125" Y="183" T="119469081" />
  <Point X="127" Y="185" T="119469101" />
  <Point X="128" Y="187" T="119469118" />
  <Point X="128" Y="189" T="119469128" />
  <Point X="129" Y="192" T="119469146" />
  <Point X="130" Y="194" T="119469158" />
  <Point X="130" Y="196" T="119469174" />
  <Point X="130" Y="198" T="119469186" />
  <Point X="130" Y="200" T="119469198" />
  <Point X="130" Y="203" T="119469218" />
  <Point X="130" Y="205" T="119469238" />
  <Point X="128" Y="207" T="119469262" />
  <Point X="127" Y="209" T="119469275" />
  <Point X="126" Y="211" T="119469286" />
  <Point X="124" Y="213" T="119469303" />
  <Point X="122" Y="214" T="119469319" />
  <Point X="119" Y="215" T="119469335" />
  <Point X="117" Y="217" T="119469347" />
  <Point X="115" Y="217" T="119469361" />
  <Point X="113" Y="217" T="119469375" />
  <Point X="111" Y="219" T="119469389" />
  <Point X="109" Y="219" T="119469403" />
  <Point X="106" Y="220" T="119469418" />
  <Point X="104" Y="220" T="119469431" />
  <Point X="102" Y="221" T="119469451" />
  <Point X="100" Y="221" T="119469483" />
  <Point X="102" Y="221" T="119469647" />
  <Point X="104" Y="221" T="119469671" />
  <Point X="106" Y="220" T="119469687" />
  <Point X="108" Y="219" T="119469707" />
  <Point X="111" Y="218" T="119469723" />
  <Point X="113" Y="218" T="119469740" />
  <Point X="115" Y="218" T="119469758" />
  <Point X="117" Y="217" T="119469775" />
  <Point X="119" Y="217" T="119469800" />
  <Point X="121" Y="217" T="119469825" />
  <Point X="123" Y="217" T="119469849" />
  <Point X="125" Y="218" T="119469882" />
  <Point X="126" Y="220" T="119469899" />
  <Point X="127" Y="222" T="119469930" />
  <Point X="127" Y="224" T="119469950" />
  <Point X="127" Y="227" T="119469974" />
  <Point X="127" Y="229" T="119469992" />
  <Point X="127" Y="231" T="119470009" />
  <Point X="127" Y="233" T="119470028" />
  <Point X="126" Y="236" T="119470046" />
  <Point X="126" Y="238" T="119470047" />
  <Point X="126" Y="240" T="119470065" />
  <Point X="127" Y="242" T="119470084" />
  <Point X="127" Y="244" T="119470104" />
  <Point X="128" Y="249" T="119470123" />
  <Point X="129" Y="251" T="119470143" />
  <Point X="131" Y="253" T="119470163" />
  <Point X="132" Y="255" T="119470183" />
  <Point X="136" Y="257" T="119470204" />
  <Point X="138" Y="258" T="119470224" />
  <Point X="143" Y="261" T="119470245" />
  <Point X="148" Y="264" T="119470270" />
  <Point X="155" Y="263" T="119470298" />
  <Point X="157" Y="263" T="119470322" />
  <Point X="159" Y="260" T="119470344" />
</Gesture>