﻿<?xml version="1.0" encoding="utf-8" standalone="yes"?>
<Gesture Name="left_curly_brace09" Subject="5" Speed="medium" Number="9" NumPts="79" Millseconds="1724" AppName="Gestures" AppVer="3.7.0.0" Date="Friday, March 09, 2007" TimeOfDay="9:49:30 PM">
  <Point X="161" Y="159" T="119483747" />
  <Point X="161" Y="157" T="119483812" />
  <Point X="158" Y="156" T="119483832" />
  <Point X="156" Y="156" T="119483849" />
  <Point X="153" Y="157" T="119483860" />
  <Point X="151" Y="157" T="119483873" />
  <Point X="149" Y="157" T="119483889" />
  <Point X="147" Y="156" T="119483901" />
  <Point X="144" Y="157" T="119483913" />
  <Point X="142" Y="157" T="119483926" />
  <Point X="140" Y="159" T="119483939" />
  <Point X="138" Y="161" T="119483951" />
  <Point X="136" Y="162" T="119483963" />
  <Point X="134" Y="164" T="119483975" />
  <Point X="131" Y="166" T="119483991" />
  <Point X="130" Y="168" T="119484004" />
  <Point X="128" Y="170" T="119484021" />
  <Point X="127" Y="173" T="119484045" />
  <Point X="126" Y="175" T="119484058" />
  <Point X="126" Y="177" T="119484070" />
  <Point X="126" Y="179" T="119484082" />
  <Point X="126" Y="181" T="119484099" />
  <Point X="126" Y="183" T="119484118" />
  <Point X="127" Y="186" T="119484139" />
  <Point X="127" Y="188" T="119484151" />
  <Point X="128" Y="190" T="119484179" />
  <Point X="129" Y="193" T="119484191" />
  <Point X="131" Y="195" T="119484219" />
  <Point X="132" Y="197" T="119484247" />
  <Point X="132" Y="200" T="119484271" />
  <Point X="131" Y="202" T="119484295" />
  <Point X="129" Y="204" T="119484323" />
  <Point X="128" Y="206" T="119484334" />
  <Point X="126" Y="206" T="119484347" />
  <Point X="124" Y="208" T="119484364" />
  <Point X="122" Y="208" T="119484381" />
  <Point X="120" Y="208" T="119484401" />
  <Point X="118" Y="208" T="119484422" />
  <Point X="116" Y="208" T="119484435" />
  <Point X="113" Y="208" T="119484449" />
  <Point X="111" Y="210" T="119484466" />
  <Point X="109" Y="211" T="119484482" />
  <Point X="107" Y="213" T="119484506" />
  <Point X="109" Y="211" T="119484728" />
  <Point X="112" Y="210" T="119484750" />
  <Point X="114" Y="210" T="119484775" />
  <Point X="116" Y="210" T="119484799" />
  <Point X="118" Y="210" T="119484823" />
  <Point X="121" Y="210" T="119484843" />
  <Point X="122" Y="212" T="119484858" />
  <Point X="124" Y="212" T="119484875" />
  <Point X="126" Y="213" T="119484899" />
  <Point X="127" Y="215" T="119484928" />
  <Point X="128" Y="217" T="119484959" />
  <Point X="129" Y="219" T="119484994" />
  <Point X="130" Y="221" T="119485011" />
  <Point X="130" Y="224" T="119485032" />
  <Point X="130" Y="226" T="119485049" />
  <Point X="130" Y="229" T="119485070" />
  <Point X="130" Y="231" T="119485087" />
  <Point X="130" Y="233" T="119485104" />
  <Point X="130" Y="236" T="119485123" />
  <Point X="130" Y="238" T="119485142" />
  <Point X="131" Y="241" T="119485164" />
  <Point X="132" Y="243" T="119485185" />
  <Point X="132" Y="246" T="119485203" />
  <Point X="133" Y="249" T="119485225" />
  <Point X="134" Y="251" T="119485244" />
  <Point X="134" Y="253" T="119485262" />
  <Point X="135" Y="256" T="119485281" />
  <Point X="137" Y="259" T="119485301" />
  <Point X="139" Y="263" T="119485321" />
  <Point X="141" Y="264" T="119485345" />
  <Point X="145" Y="266" T="119485366" />
  <Point X="148" Y="265" T="119485386" />
  <Point X="153" Y="265" T="119485407" />
  <Point X="157" Y="263" T="119485428" />
  <Point X="160" Y="262" T="119485449" />
  <Point X="163" Y="258" T="119485471" />
</Gesture>