﻿<?xml version="1.0" encoding="utf-8" standalone="yes"?>
<Gesture Name="left_curly_brace04" Subject="5" Speed="medium" Number="4" NumPts="76" Millseconds="1496" AppName="Gestures" AppVer="3.7.0.0" Date="Friday, March 09, 2007" TimeOfDay="9:49:19 PM">
  <Point X="155" Y="158" T="119472791" />
  <Point X="153" Y="157" T="119472830" />
  <Point X="151" Y="158" T="119472846" />
  <Point X="148" Y="158" T="119472863" />
  <Point X="146" Y="159" T="119472875" />
  <Point X="144" Y="159" T="119472883" />
  <Point X="142" Y="162" T="119472895" />
  <Point X="139" Y="163" T="119472907" />
  <Point X="137" Y="165" T="119472920" />
  <Point X="135" Y="167" T="119472933" />
  <Point X="134" Y="169" T="119472941" />
  <Point X="133" Y="171" T="119472949" />
  <Point X="131" Y="173" T="119472965" />
  <Point X="130" Y="175" T="119472977" />
  <Point X="129" Y="178" T="119472994" />
  <Point X="129" Y="180" T="119473002" />
  <Point X="129" Y="182" T="119473010" />
  <Point X="129" Y="185" T="119473026" />
  <Point X="129" Y="187" T="119473042" />
  <Point X="130" Y="190" T="119473063" />
  <Point X="131" Y="192" T="119473075" />
  <Point X="132" Y="194" T="119473087" />
  <Point X="133" Y="197" T="119473104" />
  <Point X="135" Y="200" T="119473124" />
  <Point X="135" Y="202" T="119473134" />
  <Point X="136" Y="205" T="119473156" />
  <Point X="137" Y="207" T="119473172" />
  <Point X="136" Y="210" T="119473196" />
  <Point X="136" Y="212" T="119473216" />
  <Point X="135" Y="214" T="119473228" />
  <Point X="133" Y="215" T="119473248" />
  <Point X="131" Y="215" T="119473268" />
  <Point X="128" Y="217" T="119473285" />
  <Point X="126" Y="217" T="119473297" />
  <Point X="124" Y="217" T="119473310" />
  <Point X="122" Y="218" T="119473322" />
  <Point X="120" Y="217" T="119473334" />
  <Point X="118" Y="217" T="119473347" />
  <Point X="116" Y="217" T="119473361" />
  <Point X="113" Y="218" T="119473377" />
  <Point X="111" Y="220" T="119473401" />
  <Point X="110" Y="222" T="119473445" />
  <Point X="112" Y="222" T="119473575" />
  <Point X="114" Y="221" T="119473603" />
  <Point X="117" Y="221" T="119473623" />
  <Point X="119" Y="221" T="119473639" />
  <Point X="121" Y="220" T="119473655" />
  <Point X="123" Y="220" T="119473675" />
  <Point X="125" Y="220" T="119473695" />
  <Point X="127" Y="220" T="119473711" />
  <Point X="129" Y="221" T="119473728" />
  <Point X="131" Y="221" T="119473748" />
  <Point X="133" Y="221" T="119473769" />
  <Point X="135" Y="224" T="119473801" />
  <Point X="137" Y="227" T="119473850" />
  <Point X="137" Y="229" T="119473871" />
  <Point X="137" Y="232" T="119473887" />
  <Point X="138" Y="234" T="119473904" />
  <Point X="138" Y="236" T="119473921" />
  <Point X="138" Y="238" T="119473939" />
  <Point X="138" Y="240" T="119473964" />
  <Point X="139" Y="243" T="119473983" />
  <Point X="140" Y="245" T="119474016" />
  <Point X="142" Y="247" T="119474044" />
  <Point X="144" Y="248" T="119474068" />
  <Point X="146" Y="250" T="119474086" />
  <Point X="148" Y="251" T="119474105" />
  <Point X="150" Y="251" T="119474123" />
  <Point X="152" Y="252" T="119474142" />
  <Point X="157" Y="254" T="119474162" />
  <Point X="162" Y="253" T="119474182" />
  <Point X="164" Y="253" T="119474201" />
  <Point X="169" Y="253" T="119474222" />
  <Point X="174" Y="252" T="119474242" />
  <Point X="176" Y="251" T="119474265" />
  <Point X="178" Y="250" T="119474287" />
</Gesture>