﻿<?xml version="1.0" encoding="utf-8" standalone="yes"?>
<Gesture Name="left_sq_bracket08" Subject="5" Speed="medium" Number="8" NumPts="68" Millseconds="1655" AppName="Gestures" AppVer="3.7.0.0" Date="Friday, March 09, 2007" TimeOfDay="9:48:09 PM">
  <Point X="141" Y="177" T="119402020" />
  <Point X="138" Y="178" T="119402089" />
  <Point X="136" Y="179" T="119402113" />
  <Point X="134" Y="180" T="119402130" />
  <Point X="132" Y="179" T="119402149" />
  <Point X="130" Y="181" T="119402165" />
  <Point X="128" Y="181" T="119402182" />
  <Point X="126" Y="181" T="119402198" />
  <Point X="124" Y="182" T="119402214" />
  <Point X="122" Y="181" T="119402241" />
  <Point X="120" Y="182" T="119402286" />
  <Point X="118" Y="184" T="119402315" />
  <Point X="116" Y="186" T="119402368" />
  <Point X="115" Y="188" T="119402436" />
  <Point X="114" Y="191" T="119402494" />
  <Point X="115" Y="193" T="119402518" />
  <Point X="115" Y="195" T="119402542" />
  <Point X="115" Y="197" T="119402554" />
  <Point X="115" Y="199" T="119402567" />
  <Point X="116" Y="202" T="119402587" />
  <Point X="116" Y="204" T="119402603" />
  <Point X="116" Y="206" T="119402619" />
  <Point X="116" Y="208" T="119402632" />
  <Point X="117" Y="210" T="119402652" />
  <Point X="117" Y="212" T="119402668" />
  <Point X="117" Y="215" T="119402681" />
  <Point X="118" Y="217" T="119402701" />
  <Point X="119" Y="220" T="119402724" />
  <Point X="119" Y="222" T="119402740" />
  <Point X="120" Y="225" T="119402752" />
  <Point X="120" Y="227" T="119402772" />
  <Point X="121" Y="229" T="119402788" />
  <Point X="121" Y="232" T="119402800" />
  <Point X="122" Y="234" T="119402820" />
  <Point X="122" Y="236" T="119402841" />
  <Point X="122" Y="238" T="119402862" />
  <Point X="124" Y="240" T="119402911" />
  <Point X="126" Y="242" T="119402946" />
  <Point X="128" Y="242" T="119402967" />
  <Point X="129" Y="244" T="119402981" />
  <Point X="131" Y="244" T="119402999" />
  <Point X="134" Y="244" T="119403019" />
  <Point X="135" Y="246" T="119403040" />
  <Point X="137" Y="245" T="119403055" />
  <Point X="139" Y="245" T="119403076" />
  <Point X="141" Y="246" T="119403097" />
  <Point X="143" Y="248" T="119403119" />
  <Point X="145" Y="249" T="119403158" />
  <Point X="147" Y="251" T="119403204" />
  <Point X="147" Y="253" T="119403224" />
  <Point X="147" Y="255" T="119403269" />
  <Point X="147" Y="257" T="119403289" />
  <Point X="147" Y="260" T="119403338" />
  <Point X="147" Y="262" T="119403358" />
  <Point X="149" Y="264" T="119403418" />
  <Point X="151" Y="265" T="119403455" />
  <Point X="154" Y="264" T="119403483" />
  <Point X="156" Y="265" T="119403503" />
  <Point X="158" Y="265" T="119403523" />
  <Point X="160" Y="264" T="119403541" />
  <Point X="162" Y="263" T="119403559" />
  <Point X="164" Y="263" T="119403577" />
  <Point X="168" Y="264" T="119403596" />
  <Point X="171" Y="263" T="119403615" />
  <Point X="173" Y="263" T="119403616" />
  <Point X="175" Y="263" T="119403636" />
  <Point X="177" Y="261" T="119403656" />
  <Point X="179" Y="261" T="119403675" />
</Gesture>