﻿<?xml version="1.0" encoding="utf-8" standalone="yes"?>
<Gesture Name="pigtail03" Subject="5" Speed="medium" Number="3" NumPts="95" Millseconds="1693" AppName="Gestures" AppVer="3.7.0.0" Date="Friday, March 09, 2007" TimeOfDay="9:40:38 PM">
  <Point X="55" Y="243" T="118950383" />
  <Point X="57" Y="243" T="118950423" />
  <Point X="59" Y="241" T="118950447" />
  <Point X="62" Y="242" T="118950468" />
  <Point X="64" Y="240" T="118950484" />
  <Point X="66" Y="239" T="118950496" />
  <Point X="68" Y="240" T="118950509" />
  <Point X="70" Y="238" T="118950521" />
  <Point X="73" Y="237" T="118950533" />
  <Point X="75" Y="236" T="118950545" />
  <Point X="77" Y="236" T="118950558" />
  <Point X="79" Y="236" T="118950570" />
  <Point X="81" Y="235" T="118950581" />
  <Point X="83" Y="232" T="118950594" />
  <Point X="86" Y="232" T="118950610" />
  <Point X="88" Y="231" T="118950622" />
  <Point X="90" Y="228" T="118950636" />
  <Point X="93" Y="227" T="118950648" />
  <Point X="95" Y="226" T="118950660" />
  <Point X="97" Y="224" T="118950671" />
  <Point X="100" Y="223" T="118950687" />
  <Point X="102" Y="222" T="118950699" />
  <Point X="104" Y="221" T="118950715" />
  <Point X="106" Y="219" T="118950728" />
  <Point X="107" Y="217" T="118950740" />
  <Point X="110" Y="215" T="118950756" />
  <Point X="112" Y="213" T="118950772" />
  <Point X="114" Y="211" T="118950784" />
  <Point X="116" Y="209" T="118950800" />
  <Point X="118" Y="208" T="118950816" />
  <Point X="119" Y="206" T="118950832" />
  <Point X="122" Y="204" T="118950852" />
  <Point X="123" Y="202" T="118950868" />
  <Point X="124" Y="200" T="118950885" />
  <Point X="126" Y="198" T="118950901" />
  <Point X="127" Y="196" T="118950914" />
  <Point X="128" Y="193" T="118950927" />
  <Point X="129" Y="191" T="118950944" />
  <Point X="130" Y="189" T="118950959" />
  <Point X="132" Y="187" T="118950976" />
  <Point X="133" Y="184" T="118950989" />
  <Point X="134" Y="182" T="118951002" />
  <Point X="135" Y="179" T="118951017" />
  <Point X="136" Y="177" T="118951036" />
  <Point X="137" Y="175" T="118951052" />
  <Point X="137" Y="172" T="118951068" />
  <Point X="137" Y="170" T="118951082" />
  <Point X="136" Y="167" T="118951117" />
  <Point X="134" Y="165" T="118951145" />
  <Point X="132" Y="165" T="118951173" />
  <Point X="130" Y="166" T="118951197" />
  <Point X="128" Y="167" T="118951213" />
  <Point X="126" Y="168" T="118951229" />
  <Point X="124" Y="170" T="118951244" />
  <Point X="122" Y="171" T="118951260" />
  <Point X="119" Y="172" T="118951277" />
  <Point X="117" Y="175" T="118951293" />
  <Point X="115" Y="177" T="118951310" />
  <Point X="113" Y="178" T="118951327" />
  <Point X="112" Y="180" T="118951344" />
  <Point X="108" Y="186" T="118951362" />
  <Point X="104" Y="190" T="118951380" />
  <Point X="101" Y="195" T="118951398" />
  <Point X="99" Y="197" T="118951416" />
  <Point X="96" Y="202" T="118951434" />
  <Point X="94" Y="205" T="118951452" />
  <Point X="92" Y="209" T="118951471" />
  <Point X="90" Y="215" T="118951490" />
  <Point X="89" Y="219" T="118951509" />
  <Point X="88" Y="221" T="118951529" />
  <Point X="87" Y="224" T="118951548" />
  <Point X="85" Y="229" T="118951568" />
  <Point X="84" Y="233" T="118951588" />
  <Point X="84" Y="235" T="118951608" />
  <Point X="84" Y="239" T="118951631" />
  <Point X="85" Y="241" T="118951652" />
  <Point X="85" Y="244" T="118951673" />
  <Point X="87" Y="246" T="118951693" />
  <Point X="89" Y="248" T="118951715" />
  <Point X="91" Y="249" T="118951740" />
  <Point X="96" Y="249" T="118951761" />
  <Point X="100" Y="248" T="118951783" />
  <Point X="104" Y="247" T="118951805" />
  <Point X="106" Y="248" T="118951806" />
  <Point X="111" Y="247" T="118951831" />
  <Point X="117" Y="245" T="118951854" />
  <Point X="122" Y="243" T="118951877" />
  <Point X="128" Y="242" T="118951901" />
  <Point X="135" Y="239" T="118951929" />
  <Point X="141" Y="236" T="118951953" />
  <Point X="148" Y="234" T="118951977" />
  <Point X="156" Y="231" T="118952001" />
  <Point X="163" Y="226" T="118952026" />
  <Point X="171" Y="223" T="118952052" />
  <Point X="173" Y="222" T="118952076" />
</Gesture>