﻿<?xml version="1.0" encoding="utf-8" standalone="yes"?>
<Gesture Name="pigtail02" Subject="5" Speed="medium" Number="2" NumPts="93" Millseconds="1560" AppName="Gestures" AppVer="3.7.0.0" Date="Friday, March 09, 2007" TimeOfDay="9:40:36 PM">
  <Point X="61" Y="242" T="118947874" />
  <Point X="63" Y="242" T="118947898" />
  <Point X="65" Y="241" T="118947915" />
  <Point X="67" Y="240" T="118947927" />
  <Point X="69" Y="241" T="118947939" />
  <Point X="71" Y="240" T="118947952" />
  <Point X="73" Y="240" T="118947964" />
  <Point X="75" Y="239" T="118947972" />
  <Point X="78" Y="238" T="118947984" />
  <Point X="80" Y="236" T="118947996" />
  <Point X="82" Y="236" T="118948008" />
  <Point X="85" Y="235" T="118948019" />
  <Point X="86" Y="233" T="118948027" />
  <Point X="88" Y="233" T="118948040" />
  <Point X="91" Y="231" T="118948056" />
  <Point X="93" Y="231" T="118948069" />
  <Point X="95" Y="229" T="118948082" />
  <Point X="98" Y="228" T="118948094" />
  <Point X="100" Y="226" T="118948107" />
  <Point X="102" Y="225" T="118948119" />
  <Point X="104" Y="224" T="118948131" />
  <Point X="107" Y="220" T="118948143" />
  <Point X="110" Y="219" T="118948155" />
  <Point X="112" Y="217" T="118948166" />
  <Point X="114" Y="216" T="118948179" />
  <Point X="117" Y="214" T="118948191" />
  <Point X="119" Y="212" T="118948203" />
  <Point X="121" Y="211" T="118948215" />
  <Point X="123" Y="209" T="118948231" />
  <Point X="125" Y="206" T="118948247" />
  <Point X="127" Y="204" T="118948267" />
  <Point X="129" Y="202" T="118948283" />
  <Point X="130" Y="199" T="118948303" />
  <Point X="132" Y="197" T="118948320" />
  <Point X="133" Y="194" T="118948333" />
  <Point X="135" Y="192" T="118948358" />
  <Point X="136" Y="190" T="118948370" />
  <Point X="137" Y="188" T="118948386" />
  <Point X="138" Y="186" T="118948406" />
  <Point X="139" Y="183" T="118948422" />
  <Point X="140" Y="181" T="118948438" />
  <Point X="141" Y="179" T="118948451" />
  <Point X="141" Y="177" T="118948464" />
  <Point X="142" Y="174" T="118948479" />
  <Point X="142" Y="172" T="118948498" />
  <Point X="142" Y="170" T="118948514" />
  <Point X="141" Y="168" T="118948547" />
  <Point X="139" Y="167" T="118948575" />
  <Point X="137" Y="168" T="118948595" />
  <Point X="135" Y="169" T="118948611" />
  <Point X="132" Y="171" T="118948627" />
  <Point X="130" Y="173" T="118948643" />
  <Point X="126" Y="177" T="118948659" />
  <Point X="124" Y="179" T="118948675" />
  <Point X="119" Y="184" T="118948692" />
  <Point X="116" Y="188" T="118948708" />
  <Point X="112" Y="193" T="118948725" />
  <Point X="108" Y="197" T="118948742" />
  <Point X="107" Y="200" T="118948759" />
  <Point X="104" Y="203" T="118948760" />
  <Point X="102" Y="207" T="118948777" />
  <Point X="99" Y="213" T="118948795" />
  <Point X="96" Y="218" T="118948813" />
  <Point X="94" Y="223" T="118948832" />
  <Point X="92" Y="228" T="118948851" />
  <Point X="91" Y="231" T="118948852" />
  <Point X="90" Y="233" T="118948870" />
  <Point X="89" Y="236" T="118948871" />
  <Point X="87" Y="240" T="118948891" />
  <Point X="86" Y="246" T="118948910" />
  <Point X="86" Y="248" T="118948933" />
  <Point X="86" Y="251" T="118948952" />
  <Point X="86" Y="253" T="118948972" />
  <Point X="88" Y="258" T="118948992" />
  <Point X="90" Y="259" T="118949015" />
  <Point X="92" Y="258" T="118949035" />
  <Point X="94" Y="260" T="118949056" />
  <Point X="98" Y="259" T="118949077" />
  <Point X="103" Y="259" T="118949098" />
  <Point X="108" Y="258" T="118949120" />
  <Point X="110" Y="257" T="118949142" />
  <Point X="117" Y="256" T="118949164" />
  <Point X="122" Y="254" T="118949186" />
  <Point X="126" Y="252" T="118949208" />
  <Point X="135" Y="248" T="118949239" />
  <Point X="141" Y="245" T="118949263" />
  <Point X="147" Y="243" T="118949286" />
  <Point X="154" Y="239" T="118949310" />
  <Point X="161" Y="237" T="118949334" />
  <Point X="168" Y="233" T="118949358" />
  <Point X="174" Y="229" T="118949383" />
  <Point X="179" Y="227" T="118949407" />
  <Point X="185" Y="222" T="118949434" />
</Gesture>