﻿<?xml version="1.0" encoding="utf-8" standalone="yes"?>
<Gesture Name="pigtail01" Subject="5" Speed="medium" Number="1" NumPts="109" Millseconds="2040" AppName="Gestures" AppVer="3.7.0.0" Date="Friday, March 09, 2007" TimeOfDay="9:40:33 PM">
  <Point X="52" Y="246" T="118945097" />
  <Point X="54" Y="247" T="118945160" />
  <Point X="56" Y="247" T="118945196" />
  <Point X="58" Y="247" T="118945219" />
  <Point X="60" Y="247" T="118945240" />
  <Point X="63" Y="246" T="118945256" />
  <Point X="65" Y="246" T="118945272" />
  <Point X="67" Y="245" T="118945284" />
  <Point X="69" Y="244" T="118945296" />
  <Point X="71" Y="244" T="118945308" />
  <Point X="73" Y="243" T="118945320" />
  <Point X="75" Y="242" T="118945332" />
  <Point X="78" Y="242" T="118945344" />
  <Point X="80" Y="240" T="118945356" />
  <Point X="82" Y="240" T="118945368" />
  <Point X="84" Y="239" T="118945381" />
  <Point X="86" Y="237" T="118945393" />
  <Point X="89" Y="236" T="118945405" />
  <Point X="91" Y="236" T="118945421" />
  <Point X="93" Y="234" T="118945434" />
  <Point X="96" Y="234" T="118945446" />
  <Point X="98" Y="232" T="118945458" />
  <Point X="101" Y="231" T="118945469" />
  <Point X="103" Y="229" T="118945482" />
  <Point X="106" Y="228" T="118945494" />
  <Point X="108" Y="225" T="118945506" />
  <Point X="111" Y="223" T="118945518" />
  <Point X="113" Y="222" T="118945530" />
  <Point X="115" Y="220" T="118945541" />
  <Point X="117" Y="219" T="118945551" />
  <Point X="119" Y="217" T="118945562" />
  <Point X="121" Y="215" T="118945576" />
  <Point X="123" Y="213" T="118945587" />
  <Point X="125" Y="211" T="118945599" />
  <Point X="127" Y="209" T="118945611" />
  <Point X="128" Y="206" T="118945623" />
  <Point X="130" Y="204" T="118945635" />
  <Point X="132" Y="202" T="118945648" />
  <Point X="133" Y="200" T="118945661" />
  <Point X="135" Y="198" T="118945673" />
  <Point X="136" Y="196" T="118945687" />
  <Point X="138" Y="193" T="118945702" />
  <Point X="139" Y="191" T="118945718" />
  <Point X="140" Y="189" T="118945732" />
  <Point X="141" Y="187" T="118945754" />
  <Point X="142" Y="184" T="118945768" />
  <Point X="142" Y="182" T="118945790" />
  <Point X="142" Y="180" T="118945804" />
  <Point X="143" Y="178" T="118945819" />
  <Point X="143" Y="176" T="118945835" />
  <Point X="143" Y="174" T="118945850" />
  <Point X="143" Y="172" T="118945868" />
  <Point X="143" Y="170" T="118945891" />
  <Point X="140" Y="168" T="118945932" />
  <Point X="138" Y="166" T="118945960" />
  <Point X="136" Y="166" T="118945980" />
  <Point X="134" Y="167" T="118945997" />
  <Point X="132" Y="167" T="118946018" />
  <Point X="130" Y="169" T="118946034" />
  <Point X="128" Y="169" T="118946054" />
  <Point X="126" Y="171" T="118946075" />
  <Point X="124" Y="173" T="118946095" />
  <Point X="122" Y="174" T="118946115" />
  <Point X="121" Y="176" T="118946134" />
  <Point X="118" Y="178" T="118946155" />
  <Point X="117" Y="180" T="118946175" />
  <Point X="116" Y="182" T="118946194" />
  <Point X="115" Y="184" T="118946212" />
  <Point X="113" Y="186" T="118946231" />
  <Point X="112" Y="189" T="118946251" />
  <Point X="110" Y="193" T="118946270" />
  <Point X="108" Y="196" T="118946290" />
  <Point X="105" Y="200" T="118946310" />
  <Point X="103" Y="202" T="118946330" />
  <Point X="102" Y="205" T="118946350" />
  <Point X="101" Y="207" T="118946352" />
  <Point X="99" Y="211" T="118946372" />
  <Point X="98" Y="213" T="118946394" />
  <Point X="97" Y="216" T="118946414" />
  <Point X="95" Y="219" T="118946436" />
  <Point X="94" Y="221" T="118946457" />
  <Point X="94" Y="224" T="118946478" />
  <Point X="93" Y="226" T="118946479" />
  <Point X="92" Y="230" T="118946502" />
  <Point X="91" Y="232" T="118946527" />
  <Point X="90" Y="234" T="118946549" />
  <Point X="89" Y="239" T="118946572" />
  <Point X="89" Y="241" T="118946596" />
  <Point X="90" Y="244" T="118946619" />
  <Point X="91" Y="246" T="118946645" />
  <Point X="92" Y="249" T="118946668" />
  <Point X="94" Y="251" T="118946692" />
  <Point X="96" Y="252" T="118946716" />
  <Point X="98" Y="254" T="118946743" />
  <Point X="100" Y="255" T="118946767" />
  <Point X="102" Y="256" T="118946792" />
  <Point X="106" Y="256" T="118946817" />
  <Point X="110" Y="256" T="118946842" />
  <Point X="114" Y="255" T="118946868" />
  <Point X="119" Y="255" T="118946893" />
  <Point X="123" Y="252" T="118946919" />
  <Point X="128" Y="252" T="118946945" />
  <Point X="133" Y="250" T="118946972" />
  <Point X="140" Y="247" T="118946999" />
  <Point X="145" Y="246" T="118947026" />
  <Point X="152" Y="243" T="118947053" />
  <Point X="162" Y="240" T="118947081" />
  <Point X="170" Y="236" T="118947109" />
  <Point X="177" Y="232" T="118947137" />
</Gesture>