﻿<?xml version="1.0" encoding="utf-8" standalone="yes"?>
<Gesture Name="pigtail07" Subject="5" Speed="medium" Number="7" NumPts="99" Millseconds="1603" AppName="Gestures" AppVer="3.7.0.0" Date="Friday, March 09, 2007" TimeOfDay="9:40:48 PM">
  <Point X="45" Y="249" T="118960408" />
  <Point X="47" Y="250" T="118960440" />
  <Point X="49" Y="248" T="118960460" />
  <Point X="51" Y="248" T="118960476" />
  <Point X="53" Y="246" T="118960488" />
  <Point X="55" Y="246" T="118960496" />
  <Point X="58" Y="246" T="118960505" />
  <Point X="60" Y="244" T="118960513" />
  <Point X="62" Y="244" T="118960521" />
  <Point X="64" Y="243" T="118960529" />
  <Point X="66" Y="243" T="118960537" />
  <Point X="69" Y="241" T="118960545" />
  <Point X="71" Y="239" T="118960553" />
  <Point X="73" Y="239" T="118960562" />
  <Point X="75" Y="238" T="118960574" />
  <Point X="78" Y="237" T="118960582" />
  <Point X="80" Y="235" T="118960590" />
  <Point X="82" Y="234" T="118960602" />
  <Point X="84" Y="233" T="118960611" />
  <Point X="87" Y="231" T="118960622" />
  <Point X="89" Y="231" T="118960634" />
  <Point X="92" Y="228" T="118960646" />
  <Point X="94" Y="225" T="118960659" />
  <Point X="96" Y="225" T="118960668" />
  <Point X="99" Y="223" T="118960679" />
  <Point X="102" Y="221" T="118960691" />
  <Point X="104" Y="219" T="118960703" />
  <Point X="107" Y="217" T="118960715" />
  <Point X="109" Y="215" T="118960731" />
  <Point X="112" Y="214" T="118960743" />
  <Point X="114" Y="211" T="118960755" />
  <Point X="115" Y="209" T="118960766" />
  <Point X="118" Y="207" T="118960778" />
  <Point X="119" Y="205" T="118960789" />
  <Point X="121" Y="203" T="118960801" />
  <Point X="123" Y="201" T="118960813" />
  <Point X="123" Y="199" T="118960825" />
  <Point X="125" Y="197" T="118960840" />
  <Point X="126" Y="194" T="118960853" />
  <Point X="128" Y="192" T="118960867" />
  <Point X="129" Y="190" T="118960883" />
  <Point X="130" Y="188" T="118960897" />
  <Point X="131" Y="186" T="118960910" />
  <Point X="131" Y="184" T="118960924" />
  <Point X="132" Y="182" T="118960938" />
  <Point X="133" Y="180" T="118960952" />
  <Point X="133" Y="177" T="118960967" />
  <Point X="134" Y="175" T="118960983" />
  <Point X="134" Y="172" T="118960998" />
  <Point X="134" Y="170" T="118961023" />
  <Point X="133" Y="168" T="118961043" />
  <Point X="131" Y="167" T="118961076" />
  <Point X="129" Y="166" T="118961100" />
  <Point X="127" Y="167" T="118961117" />
  <Point X="125" Y="168" T="118961135" />
  <Point X="123" Y="167" T="118961156" />
  <Point X="121" Y="170" T="118961177" />
  <Point X="119" Y="171" T="118961198" />
  <Point X="117" Y="173" T="118961217" />
  <Point X="114" Y="174" T="118961234" />
  <Point X="112" Y="176" T="118961251" />
  <Point X="110" Y="178" T="118961271" />
  <Point X="109" Y="180" T="118961288" />
  <Point X="106" Y="183" T="118961307" />
  <Point X="103" Y="187" T="118961325" />
  <Point X="101" Y="189" T="118961343" />
  <Point X="98" Y="192" T="118961364" />
  <Point X="97" Y="194" T="118961365" />
  <Point X="96" Y="197" T="118961385" />
  <Point X="94" Y="199" T="118961404" />
  <Point X="92" Y="203" T="118961424" />
  <Point X="91" Y="205" T="118961444" />
  <Point X="89" Y="208" T="118961445" />
  <Point X="88" Y="213" T="118961470" />
  <Point X="86" Y="219" T="118961491" />
  <Point X="85" Y="222" T="118961511" />
  <Point X="84" Y="227" T="118961532" />
  <Point X="83" Y="231" T="118961553" />
  <Point X="82" Y="237" T="118961577" />
  <Point X="82" Y="239" T="118961599" />
  <Point X="83" Y="244" T="118961621" />
  <Point X="84" Y="247" T="118961644" />
  <Point X="86" Y="252" T="118961668" />
  <Point X="88" Y="253" T="118961692" />
  <Point X="90" Y="255" T="118961716" />
  <Point X="94" Y="255" T="118961739" />
  <Point X="99" Y="254" T="118961762" />
  <Point X="104" Y="255" T="118961786" />
  <Point X="109" Y="254" T="118961810" />
  <Point X="114" Y="253" T="118961834" />
  <Point X="121" Y="251" T="118961858" />
  <Point X="128" Y="248" T="118961882" />
  <Point X="138" Y="244" T="118961907" />
  <Point X="149" Y="240" T="118961932" />
  <Point X="153" Y="238" T="118961933" />
  <Point X="162" Y="235" T="118961959" />
  <Point X="170" Y="232" T="118961985" />
  <Point X="173" Y="231" T="118961986" />
  <Point X="175" Y="231" T="118962011" />
</Gesture>