﻿<?xml version="1.0" encoding="utf-8" standalone="yes"?>
<Gesture Name="pigtail04" Subject="5" Speed="medium" Number="4" NumPts="98" Millseconds="1629" AppName="Gestures" AppVer="3.7.0.0" Date="Friday, March 09, 2007" TimeOfDay="9:40:41 PM">
  <Point X="53" Y="242" T="118952962" />
  <Point X="55" Y="242" T="118952995" />
  <Point X="57" Y="242" T="118953011" />
  <Point X="60" Y="242" T="118953028" />
  <Point X="62" Y="241" T="118953044" />
  <Point X="65" Y="240" T="118953056" />
  <Point X="67" Y="240" T="118953067" />
  <Point X="70" Y="239" T="118953079" />
  <Point X="72" Y="238" T="118953091" />
  <Point X="74" Y="237" T="118953099" />
  <Point X="76" Y="237" T="118953107" />
  <Point X="79" Y="236" T="118953119" />
  <Point X="81" Y="234" T="118953131" />
  <Point X="84" Y="232" T="118953144" />
  <Point X="86" Y="231" T="118953156" />
  <Point X="89" Y="231" T="118953169" />
  <Point X="91" Y="229" T="118953182" />
  <Point X="93" Y="228" T="118953190" />
  <Point X="96" Y="226" T="118953202" />
  <Point X="98" Y="225" T="118953214" />
  <Point X="101" Y="225" T="118953227" />
  <Point X="103" Y="223" T="118953239" />
  <Point X="105" Y="221" T="118953251" />
  <Point X="107" Y="220" T="118953263" />
  <Point X="110" Y="218" T="118953275" />
  <Point X="112" Y="216" T="118953287" />
  <Point X="114" Y="215" T="118953299" />
  <Point X="117" Y="212" T="118953311" />
  <Point X="119" Y="210" T="118953323" />
  <Point X="121" Y="208" T="118953339" />
  <Point X="123" Y="205" T="118953351" />
  <Point X="126" Y="203" T="118953367" />
  <Point X="128" Y="201" T="118953380" />
  <Point X="130" Y="199" T="118953391" />
  <Point X="132" Y="196" T="118953408" />
  <Point X="134" Y="194" T="118953429" />
  <Point X="134" Y="192" T="118953441" />
  <Point X="135" Y="189" T="118953461" />
  <Point X="136" Y="187" T="118953474" />
  <Point X="137" Y="185" T="118953496" />
  <Point X="138" Y="182" T="118953513" />
  <Point X="138" Y="180" T="118953528" />
  <Point X="139" Y="178" T="118953549" />
  <Point X="139" Y="176" T="118953569" />
  <Point X="139" Y="174" T="118953585" />
  <Point X="138" Y="172" T="118953621" />
  <Point X="136" Y="171" T="118953649" />
  <Point X="134" Y="172" T="118953678" />
  <Point X="132" Y="172" T="118953698" />
  <Point X="130" Y="172" T="118953718" />
  <Point X="127" Y="174" T="118953734" />
  <Point X="125" Y="174" T="118953754" />
  <Point X="123" Y="176" T="118953771" />
  <Point X="121" Y="177" T="118953786" />
  <Point X="119" Y="178" T="118953802" />
  <Point X="117" Y="179" T="118953819" />
  <Point X="114" Y="181" T="118953835" />
  <Point X="112" Y="183" T="118953852" />
  <Point X="111" Y="185" T="118953869" />
  <Point X="107" Y="188" T="118953886" />
  <Point X="105" Y="190" T="118953904" />
  <Point X="103" Y="192" T="118953921" />
  <Point X="102" Y="194" T="118953922" />
  <Point X="100" Y="196" T="118953941" />
  <Point X="98" Y="199" T="118953959" />
  <Point X="95" Y="203" T="118953981" />
  <Point X="93" Y="208" T="118954000" />
  <Point X="90" Y="213" T="118954019" />
  <Point X="89" Y="217" T="118954038" />
  <Point X="88" Y="219" T="118954057" />
  <Point X="86" Y="226" T="118954077" />
  <Point X="85" Y="230" T="118954097" />
  <Point X="84" Y="232" T="118954117" />
  <Point X="85" Y="236" T="118954137" />
  <Point X="85" Y="239" T="118954158" />
  <Point X="85" Y="241" T="118954159" />
  <Point X="86" Y="244" T="118954180" />
  <Point X="86" Y="246" T="118954201" />
  <Point X="88" Y="248" T="118954222" />
  <Point X="89" Y="250" T="118954244" />
  <Point X="92" Y="252" T="118954265" />
  <Point X="94" Y="252" T="118954266" />
  <Point X="96" Y="253" T="118954289" />
  <Point X="100" Y="252" T="118954311" />
  <Point X="103" Y="253" T="118954334" />
  <Point X="105" Y="253" T="118954335" />
  <Point X="110" Y="252" T="118954358" />
  <Point X="117" Y="251" T="118954384" />
  <Point X="121" Y="249" T="118954409" />
  <Point X="129" Y="248" T="118954433" />
  <Point X="136" Y="246" T="118954457" />
  <Point X="144" Y="245" T="118954483" />
  <Point X="153" Y="242" T="118954508" />
  <Point X="161" Y="238" T="118954533" />
  <Point X="164" Y="238" T="118954534" />
  <Point X="172" Y="235" T="118954560" />
  <Point X="180" Y="230" T="118954589" />
  <Point X="182" Y="229" T="118954591" />
</Gesture>