﻿<?xml version="1.0" encoding="utf-8" standalone="yes"?>
<Gesture Name="pigtail06" Subject="5" Speed="medium" Number="6" NumPts="99" Millseconds="1697" AppName="Gestures" AppVer="3.7.0.0" Date="Friday, March 09, 2007" TimeOfDay="9:40:46 PM">
  <Point X="50" Y="246" T="118957972" />
  <Point X="52" Y="245" T="118958016" />
  <Point X="54" Y="246" T="118958036" />
  <Point X="56" Y="245" T="118958053" />
  <Point X="58" Y="244" T="118958064" />
  <Point X="60" Y="244" T="118958077" />
  <Point X="63" Y="243" T="118958089" />
  <Point X="65" Y="241" T="118958097" />
  <Point X="67" Y="240" T="118958105" />
  <Point X="70" Y="239" T="118958113" />
  <Point X="72" Y="239" T="118958121" />
  <Point X="75" Y="237" T="118958129" />
  <Point X="77" Y="236" T="118958137" />
  <Point X="79" Y="235" T="118958146" />
  <Point X="81" Y="234" T="118958154" />
  <Point X="83" Y="233" T="118958163" />
  <Point X="85" Y="232" T="118958171" />
  <Point X="87" Y="232" T="118958180" />
  <Point X="89" Y="230" T="118958188" />
  <Point X="92" Y="229" T="118958199" />
  <Point X="94" Y="227" T="118958208" />
  <Point X="97" Y="225" T="118958219" />
  <Point X="99" Y="225" T="118958231" />
  <Point X="101" Y="224" T="118958243" />
  <Point X="103" Y="223" T="118958255" />
  <Point X="105" Y="221" T="118958275" />
  <Point X="107" Y="220" T="118958291" />
  <Point X="108" Y="217" T="118958301" />
  <Point X="110" Y="216" T="118958315" />
  <Point X="112" Y="214" T="118958330" />
  <Point X="114" Y="212" T="118958342" />
  <Point X="115" Y="210" T="118958354" />
  <Point X="117" Y="207" T="118958370" />
  <Point X="119" Y="204" T="118958390" />
  <Point X="122" Y="201" T="118958407" />
  <Point X="124" Y="199" T="118958423" />
  <Point X="125" Y="197" T="118958435" />
  <Point X="127" Y="195" T="118958451" />
  <Point X="128" Y="192" T="118958464" />
  <Point X="129" Y="190" T="118958484" />
  <Point X="130" Y="188" T="118958500" />
  <Point X="131" Y="185" T="118958513" />
  <Point X="132" Y="183" T="118958527" />
  <Point X="133" Y="181" T="118958541" />
  <Point X="134" Y="179" T="118958555" />
  <Point X="135" Y="177" T="118958569" />
  <Point X="135" Y="175" T="118958584" />
  <Point X="136" Y="172" T="118958604" />
  <Point X="136" Y="170" T="118958628" />
  <Point X="136" Y="167" T="118958644" />
  <Point X="136" Y="165" T="118958689" />
  <Point X="134" Y="165" T="118958725" />
  <Point X="132" Y="164" T="118958750" />
  <Point X="130" Y="164" T="118958767" />
  <Point X="127" Y="165" T="118958783" />
  <Point X="125" Y="166" T="118958802" />
  <Point X="123" Y="168" T="118958820" />
  <Point X="121" Y="168" T="118958837" />
  <Point X="117" Y="171" T="118958854" />
  <Point X="115" Y="172" T="118958872" />
  <Point X="110" Y="176" T="118958890" />
  <Point X="106" Y="179" T="118958908" />
  <Point X="104" Y="181" T="118958925" />
  <Point X="101" Y="185" T="118958943" />
  <Point X="98" Y="187" T="118958962" />
  <Point X="95" Y="192" T="118958983" />
  <Point X="91" Y="197" T="118959001" />
  <Point X="89" Y="201" T="118959020" />
  <Point X="87" Y="205" T="118959040" />
  <Point X="84" Y="211" T="118959059" />
  <Point X="83" Y="216" T="118959080" />
  <Point X="81" Y="220" T="118959100" />
  <Point X="79" Y="225" T="118959120" />
  <Point X="78" Y="231" T="118959140" />
  <Point X="78" Y="235" T="118959161" />
  <Point X="78" Y="238" T="118959182" />
  <Point X="79" Y="245" T="118959204" />
  <Point X="80" Y="247" T="118959225" />
  <Point X="81" Y="251" T="118959246" />
  <Point X="83" Y="254" T="118959270" />
  <Point X="84" Y="256" T="118959292" />
  <Point X="86" Y="257" T="118959313" />
  <Point X="88" Y="257" T="118959314" />
  <Point X="90" Y="257" T="118959337" />
  <Point X="95" Y="258" T="118959359" />
  <Point X="102" Y="259" T="118959383" />
  <Point X="108" Y="258" T="118959406" />
  <Point X="113" Y="258" T="118959430" />
  <Point X="116" Y="257" T="118959431" />
  <Point X="123" Y="254" T="118959455" />
  <Point X="131" Y="252" T="118959485" />
  <Point X="133" Y="252" T="118959486" />
  <Point X="142" Y="248" T="118959511" />
  <Point X="151" Y="245" T="118959536" />
  <Point X="161" Y="241" T="118959561" />
  <Point X="173" Y="237" T="118959591" />
  <Point X="181" Y="234" T="118959617" />
  <Point X="189" Y="231" T="118959643" />
  <Point X="193" Y="229" T="118959669" />
</Gesture>