﻿<?xml version="1.0" encoding="utf-8" standalone="yes"?>
<Gesture Name="pigtail10" Subject="5" Speed="medium" Number="10" NumPts="106" Millseconds="1791" AppName="Gestures" AppVer="3.7.0.0" Date="Friday, March 09, 2007" TimeOfDay="9:40:55 PM">
  <Point X="55" Y="248" T="118967507" />
  <Point X="57" Y="249" T="118967556" />
  <Point X="59" Y="248" T="118967576" />
  <Point X="61" Y="247" T="118967600" />
  <Point X="64" Y="247" T="118967615" />
  <Point X="66" Y="247" T="118967631" />
  <Point X="68" Y="245" T="118967643" />
  <Point X="71" Y="246" T="118967655" />
  <Point X="73" Y="244" T="118967667" />
  <Point X="76" Y="244" T="118967680" />
  <Point X="78" Y="242" T="118967688" />
  <Point X="81" Y="241" T="118967700" />
  <Point X="83" Y="239" T="118967708" />
  <Point X="86" Y="238" T="118967717" />
  <Point X="88" Y="237" T="118967725" />
  <Point X="90" Y="236" T="118967732" />
  <Point X="92" Y="235" T="118967741" />
  <Point X="94" Y="234" T="118967749" />
  <Point X="97" Y="233" T="118967757" />
  <Point X="100" Y="232" T="118967768" />
  <Point X="102" Y="230" T="118967777" />
  <Point X="104" Y="230" T="118967786" />
  <Point X="106" Y="229" T="118967795" />
  <Point X="108" Y="226" T="118967805" />
  <Point X="111" Y="225" T="118967815" />
  <Point X="113" Y="224" T="118967825" />
  <Point X="115" Y="223" T="118967835" />
  <Point X="116" Y="221" T="118967845" />
  <Point X="119" Y="219" T="118967856" />
  <Point X="121" Y="217" T="118967867" />
  <Point X="124" Y="215" T="118967877" />
  <Point X="126" Y="213" T="118967889" />
  <Point X="128" Y="211" T="118967900" />
  <Point X="131" Y="208" T="118967912" />
  <Point X="133" Y="206" T="118967923" />
  <Point X="135" Y="204" T="118967936" />
  <Point X="137" Y="201" T="118967948" />
  <Point X="139" Y="200" T="118967961" />
  <Point X="140" Y="198" T="118967974" />
  <Point X="142" Y="196" T="118967987" />
  <Point X="143" Y="193" T="118968000" />
  <Point X="144" Y="191" T="118968014" />
  <Point X="145" Y="189" T="118968027" />
  <Point X="146" Y="186" T="118968041" />
  <Point X="147" Y="184" T="118968055" />
  <Point X="148" Y="181" T="118968071" />
  <Point X="149" Y="179" T="118968086" />
  <Point X="150" Y="177" T="118968100" />
  <Point X="150" Y="174" T="118968115" />
  <Point X="151" Y="172" T="118968130" />
  <Point X="152" Y="170" T="118968145" />
  <Point X="152" Y="168" T="118968160" />
  <Point X="152" Y="166" T="118968177" />
  <Point X="151" Y="164" T="118968193" />
  <Point X="150" Y="162" T="118968212" />
  <Point X="148" Y="161" T="118968241" />
  <Point X="145" Y="159" T="118968265" />
  <Point X="143" Y="159" T="118968285" />
  <Point X="141" Y="159" T="118968305" />
  <Point X="139" Y="160" T="118968325" />
  <Point X="137" Y="160" T="118968342" />
  <Point X="134" Y="161" T="118968359" />
  <Point X="132" Y="162" T="118968377" />
  <Point X="130" Y="163" T="118968395" />
  <Point X="128" Y="164" T="118968413" />
  <Point X="126" Y="166" T="118968432" />
  <Point X="123" Y="167" T="118968450" />
  <Point X="119" Y="169" T="118968469" />
  <Point X="117" Y="172" T="118968488" />
  <Point X="114" Y="173" T="118968508" />
  <Point X="112" Y="177" T="118968530" />
  <Point X="108" Y="181" T="118968550" />
  <Point X="106" Y="183" T="118968569" />
  <Point X="104" Y="188" T="118968590" />
  <Point X="102" Y="192" T="118968610" />
  <Point X="98" Y="196" T="118968631" />
  <Point X="96" Y="201" T="118968652" />
  <Point X="95" Y="203" T="118968673" />
  <Point X="94" Y="206" T="118968674" />
  <Point X="94" Y="211" T="118968695" />
  <Point X="93" Y="214" T="118968716" />
  <Point X="93" Y="218" T="118968739" />
  <Point X="93" Y="221" T="118968761" />
  <Point X="94" Y="225" T="118968784" />
  <Point X="94" Y="229" T="118968806" />
  <Point X="94" Y="231" T="118968829" />
  <Point X="95" Y="233" T="118968830" />
  <Point X="95" Y="235" T="118968856" />
  <Point X="96" Y="239" T="118968883" />
  <Point X="98" Y="242" T="118968910" />
  <Point X="100" Y="245" T="118968937" />
  <Point X="105" Y="244" T="118968962" />
  <Point X="109" Y="245" T="118968986" />
  <Point X="114" Y="247" T="118969010" />
  <Point X="119" Y="246" T="118969035" />
  <Point X="124" Y="246" T="118969060" />
  <Point X="133" Y="246" T="118969086" />
  <Point X="139" Y="245" T="118969111" />
  <Point X="144" Y="245" T="118969136" />
  <Point X="146" Y="245" T="118969137" />
  <Point X="153" Y="242" T="118969164" />
  <Point X="160" Y="240" T="118969190" />
  <Point X="167" Y="238" T="118969216" />
  <Point X="176" Y="234" T="118969244" />
  <Point X="183" Y="231" T="118969271" />
  <Point X="188" Y="229" T="118969298" />
</Gesture>