﻿<?xml version="1.0" encoding="utf-8" standalone="yes"?>
<Gesture Name="pigtail09" Subject="5" Speed="medium" Number="9" NumPts="92" Millseconds="1405" AppName="Gestures" AppVer="3.7.0.0" Date="Friday, March 09, 2007" TimeOfDay="9:40:53 PM">
  <Point X="54" Y="248" T="118965143" />
  <Point X="56" Y="248" T="118965166" />
  <Point X="59" Y="249" T="118965182" />
  <Point X="61" Y="248" T="118965195" />
  <Point X="63" Y="249" T="118965207" />
  <Point X="66" Y="247" T="118965218" />
  <Point X="68" Y="246" T="118965225" />
  <Point X="70" Y="245" T="118965233" />
  <Point X="72" Y="245" T="118965241" />
  <Point X="75" Y="243" T="118965249" />
  <Point X="78" Y="242" T="118965257" />
  <Point X="80" Y="241" T="118965265" />
  <Point X="83" Y="239" T="118965273" />
  <Point X="86" Y="237" T="118965282" />
  <Point X="89" Y="236" T="118965290" />
  <Point X="91" Y="235" T="118965298" />
  <Point X="94" Y="234" T="118965306" />
  <Point X="97" Y="231" T="118965316" />
  <Point X="99" Y="230" T="118965325" />
  <Point X="101" Y="230" T="118965334" />
  <Point X="103" Y="228" T="118965343" />
  <Point X="106" Y="227" T="118965352" />
  <Point X="108" Y="225" T="118965361" />
  <Point X="110" Y="224" T="118965371" />
  <Point X="113" Y="221" T="118965381" />
  <Point X="116" Y="220" T="118965391" />
  <Point X="118" Y="217" T="118965402" />
  <Point X="121" Y="215" T="118965413" />
  <Point X="123" Y="213" T="118965425" />
  <Point X="125" Y="211" T="118965436" />
  <Point X="127" Y="209" T="118965447" />
  <Point X="129" Y="207" T="118965458" />
  <Point X="133" Y="202" T="118965470" />
  <Point X="134" Y="200" T="118965481" />
  <Point X="137" Y="198" T="118965493" />
  <Point X="138" Y="195" T="118965506" />
  <Point X="140" Y="192" T="118965527" />
  <Point X="142" Y="189" T="118965543" />
  <Point X="144" Y="186" T="118965559" />
  <Point X="146" Y="184" T="118965575" />
  <Point X="147" Y="182" T="118965588" />
  <Point X="148" Y="179" T="118965602" />
  <Point X="149" Y="175" T="118965616" />
  <Point X="150" Y="173" T="118965635" />
  <Point X="150" Y="171" T="118965649" />
  <Point X="151" Y="169" T="118965663" />
  <Point X="151" Y="166" T="118965679" />
  <Point X="151" Y="164" T="118965703" />
  <Point X="149" Y="163" T="118965759" />
  <Point X="147" Y="163" T="118965779" />
  <Point X="144" Y="163" T="118965799" />
  <Point X="142" Y="164" T="118965814" />
  <Point X="140" Y="165" T="118965830" />
  <Point X="138" Y="167" T="118965846" />
  <Point X="134" Y="170" T="118965862" />
  <Point X="131" Y="170" T="118965878" />
  <Point X="129" Y="173" T="118965895" />
  <Point X="127" Y="174" T="118965896" />
  <Point X="124" Y="176" T="118965913" />
  <Point X="119" Y="178" T="118965930" />
  <Point X="115" Y="182" T="118965947" />
  <Point X="111" Y="186" T="118965965" />
  <Point X="109" Y="188" T="118965983" />
  <Point X="107" Y="191" T="118965984" />
  <Point X="105" Y="194" T="118966002" />
  <Point X="104" Y="196" T="118966003" />
  <Point X="103" Y="199" T="118966022" />
  <Point X="100" Y="204" T="118966041" />
  <Point X="97" Y="209" T="118966060" />
  <Point X="96" Y="212" T="118966079" />
  <Point X="93" Y="217" T="118966098" />
  <Point X="91" Y="222" T="118966119" />
  <Point X="89" Y="227" T="118966139" />
  <Point X="88" Y="229" T="118966159" />
  <Point X="87" Y="232" T="118966160" />
  <Point X="87" Y="234" T="118966180" />
  <Point X="86" Y="239" T="118966201" />
  <Point X="86" Y="242" T="118966222" />
  <Point X="87" Y="247" T="118966243" />
  <Point X="88" Y="249" T="118966268" />
  <Point X="89" Y="251" T="118966289" />
  <Point X="91" Y="251" T="118966311" />
  <Point X="95" Y="253" T="118966333" />
  <Point X="101" Y="252" T="118966355" />
  <Point X="108" Y="249" T="118966378" />
  <Point X="118" Y="247" T="118966401" />
  <Point X="129" Y="244" T="118966425" />
  <Point X="141" Y="239" T="118966450" />
  <Point X="154" Y="234" T="118966475" />
  <Point X="166" Y="228" T="118966499" />
  <Point X="175" Y="226" T="118966524" />
  <Point X="180" Y="223" T="118966548" />
</Gesture>