﻿<?xml version="1.0" encoding="utf-8" standalone="yes"?>
<Gesture Name="pigtail08" Subject="5" Speed="medium" Number="8" NumPts="95" Millseconds="1593" AppName="Gestures" AppVer="3.7.0.0" Date="Friday, March 09, 2007" TimeOfDay="9:40:51 PM">
  <Point X="57" Y="246" T="118962828" />
  <Point X="59" Y="247" T="118962848" />
  <Point X="61" Y="247" T="118962868" />
  <Point X="63" Y="245" T="118962885" />
  <Point X="65" Y="244" T="118962897" />
  <Point X="68" Y="245" T="118962909" />
  <Point X="70" Y="243" T="118962921" />
  <Point X="73" Y="242" T="118962933" />
  <Point X="76" Y="241" T="118962945" />
  <Point X="78" Y="240" T="118962953" />
  <Point X="80" Y="239" T="118962966" />
  <Point X="82" Y="238" T="118962974" />
  <Point X="84" Y="237" T="118962982" />
  <Point X="86" Y="236" T="118962991" />
  <Point X="88" Y="234" T="118962998" />
  <Point X="91" Y="233" T="118963010" />
  <Point X="93" Y="233" T="118963018" />
  <Point X="95" Y="233" T="118963026" />
  <Point X="97" Y="230" T="118963038" />
  <Point X="99" Y="230" T="118963047" />
  <Point X="101" Y="227" T="118963056" />
  <Point X="103" Y="226" T="118963065" />
  <Point X="106" Y="225" T="118963075" />
  <Point X="108" Y="223" T="118963086" />
  <Point X="110" Y="222" T="118963096" />
  <Point X="113" Y="220" T="118963107" />
  <Point X="115" Y="220" T="118963118" />
  <Point X="118" Y="218" T="118963130" />
  <Point X="120" Y="216" T="118963142" />
  <Point X="123" Y="214" T="118963154" />
  <Point X="125" Y="212" T="118963166" />
  <Point X="127" Y="210" T="118963177" />
  <Point X="129" Y="207" T="118963189" />
  <Point X="131" Y="206" T="118963202" />
  <Point X="132" Y="203" T="118963214" />
  <Point X="134" Y="200" T="118963227" />
  <Point X="136" Y="197" T="118963246" />
  <Point X="137" Y="194" T="118963259" />
  <Point X="138" Y="192" T="118963272" />
  <Point X="139" Y="190" T="118963285" />
  <Point X="140" Y="188" T="118963299" />
  <Point X="141" Y="186" T="118963313" />
  <Point X="142" Y="183" T="118963326" />
  <Point X="143" Y="180" T="118963340" />
  <Point X="143" Y="178" T="118963358" />
  <Point X="143" Y="176" T="118963386" />
  <Point X="143" Y="174" T="118963406" />
  <Point X="142" Y="172" T="118963430" />
  <Point X="140" Y="171" T="118963470" />
  <Point X="138" Y="170" T="118963494" />
  <Point X="136" Y="170" T="118963514" />
  <Point X="133" Y="171" T="118963538" />
  <Point X="131" Y="171" T="118963563" />
  <Point X="129" Y="173" T="118963587" />
  <Point X="127" Y="174" T="118963607" />
  <Point X="124" Y="175" T="118963627" />
  <Point X="122" Y="177" T="118963643" />
  <Point X="120" Y="179" T="118963660" />
  <Point X="117" Y="180" T="118963677" />
  <Point X="115" Y="183" T="118963694" />
  <Point X="113" Y="184" T="118963712" />
  <Point X="111" Y="186" T="118963729" />
  <Point X="108" Y="190" T="118963747" />
  <Point X="106" Y="192" T="118963765" />
  <Point X="103" Y="196" T="118963783" />
  <Point X="100" Y="200" T="118963802" />
  <Point X="98" Y="204" T="118963821" />
  <Point X="96" Y="208" T="118963840" />
  <Point X="94" Y="211" T="118963859" />
  <Point X="92" Y="217" T="118963879" />
  <Point X="90" Y="221" T="118963899" />
  <Point X="89" Y="224" T="118963919" />
  <Point X="88" Y="227" T="118963920" />
  <Point X="87" Y="232" T="118963941" />
  <Point X="86" Y="239" T="118963962" />
  <Point X="85" Y="244" T="118963982" />
  <Point X="86" Y="249" T="118964003" />
  <Point X="87" Y="251" T="118964024" />
  <Point X="89" Y="253" T="118964046" />
  <Point X="91" Y="254" T="118964068" />
  <Point X="93" Y="255" T="118964089" />
  <Point X="98" Y="254" T="118964112" />
  <Point X="100" Y="255" T="118964133" />
  <Point X="105" Y="253" T="118964156" />
  <Point X="112" Y="251" T="118964178" />
  <Point X="117" Y="250" T="118964201" />
  <Point X="123" Y="247" T="118964224" />
  <Point X="130" Y="245" T="118964248" />
  <Point X="137" Y="242" T="118964272" />
  <Point X="146" Y="238" T="118964296" />
  <Point X="155" Y="235" T="118964320" />
  <Point X="169" Y="229" T="118964347" />
  <Point X="178" Y="226" T="118964372" />
  <Point X="186" Y="223" T="118964397" />
  <Point X="188" Y="222" T="118964421" />
</Gesture>