﻿<?xml version="1.0" encoding="utf-8" standalone="yes"?>
<Gesture Name="pigtail05" Subject="5" Speed="medium" Number="5" NumPts="104" Millseconds="1769" AppName="Gestures" AppVer="3.7.0.0" Date="Friday, March 09, 2007" TimeOfDay="9:40:43 PM">
  <Point X="46" Y="244" T="118955506" />
  <Point X="49" Y="243" T="118955562" />
  <Point X="51" Y="243" T="118955583" />
  <Point X="53" Y="243" T="118955602" />
  <Point X="56" Y="243" T="118955614" />
  <Point X="58" Y="242" T="118955622" />
  <Point X="60" Y="242" T="118955630" />
  <Point X="62" Y="241" T="118955638" />
  <Point X="64" Y="240" T="118955646" />
  <Point X="66" Y="239" T="118955654" />
  <Point X="68" Y="239" T="118955662" />
  <Point X="71" Y="238" T="118955674" />
  <Point X="73" Y="238" T="118955683" />
  <Point X="76" Y="236" T="118955694" />
  <Point X="78" Y="235" T="118955703" />
  <Point X="80" Y="233" T="118955711" />
  <Point X="83" Y="233" T="118955722" />
  <Point X="85" Y="232" T="118955730" />
  <Point X="87" Y="231" T="118955742" />
  <Point X="89" Y="230" T="118955754" />
  <Point X="92" Y="229" T="118955766" />
  <Point X="93" Y="227" T="118955775" />
  <Point X="96" Y="226" T="118955786" />
  <Point X="98" Y="225" T="118955799" />
  <Point X="100" Y="223" T="118955810" />
  <Point X="103" Y="221" T="118955821" />
  <Point X="105" Y="220" T="118955833" />
  <Point X="108" Y="218" T="118955845" />
  <Point X="110" Y="216" T="118955857" />
  <Point X="112" Y="215" T="118955869" />
  <Point X="114" Y="214" T="118955881" />
  <Point X="116" Y="211" T="118955894" />
  <Point X="118" Y="211" T="118955905" />
  <Point X="120" Y="209" T="118955917" />
  <Point X="122" Y="208" T="118955930" />
  <Point X="124" Y="206" T="118955943" />
  <Point X="126" Y="204" T="118955959" />
  <Point X="127" Y="202" T="118955976" />
  <Point X="129" Y="199" T="118955992" />
  <Point X="131" Y="197" T="118956008" />
  <Point X="132" Y="195" T="118956021" />
  <Point X="134" Y="192" T="118956036" />
  <Point X="135" Y="190" T="118956051" />
  <Point X="136" Y="187" T="118956065" />
  <Point X="138" Y="185" T="118956078" />
  <Point X="139" Y="183" T="118956093" />
  <Point X="140" Y="181" T="118956107" />
  <Point X="141" Y="178" T="118956108" />
  <Point X="142" Y="175" T="118956124" />
  <Point X="143" Y="173" T="118956144" />
  <Point X="144" Y="171" T="118956159" />
  <Point X="144" Y="168" T="118956174" />
  <Point X="144" Y="166" T="118956196" />
  <Point X="144" Y="163" T="118956217" />
  <Point X="143" Y="161" T="118956262" />
  <Point X="141" Y="161" T="118956287" />
  <Point X="139" Y="161" T="118956307" />
  <Point X="136" Y="160" T="118956323" />
  <Point X="134" Y="161" T="118956340" />
  <Point X="132" Y="161" T="118956357" />
  <Point X="130" Y="162" T="118956375" />
  <Point X="127" Y="164" T="118956376" />
  <Point X="123" Y="167" T="118956394" />
  <Point X="119" Y="169" T="118956412" />
  <Point X="114" Y="171" T="118956431" />
  <Point X="110" Y="175" T="118956449" />
  <Point X="107" Y="177" T="118956468" />
  <Point X="103" Y="182" T="118956488" />
  <Point X="99" Y="188" T="118956507" />
  <Point X="96" Y="190" T="118956527" />
  <Point X="93" Y="196" T="118956547" />
  <Point X="91" Y="198" T="118956567" />
  <Point X="89" Y="204" T="118956587" />
  <Point X="88" Y="208" T="118956610" />
  <Point X="87" Y="215" T="118956630" />
  <Point X="86" Y="221" T="118956651" />
  <Point X="85" Y="225" T="118956672" />
  <Point X="86" Y="230" T="118956693" />
  <Point X="86" Y="235" T="118956715" />
  <Point X="87" Y="237" T="118956737" />
  <Point X="87" Y="242" T="118956758" />
  <Point X="88" Y="244" T="118956780" />
  <Point X="89" Y="246" T="118956802" />
  <Point X="92" Y="251" T="118956824" />
  <Point X="94" Y="252" T="118956846" />
  <Point X="96" Y="254" T="118956868" />
  <Point X="100" Y="255" T="118956891" />
  <Point X="104" Y="255" T="118956916" />
  <Point X="109" Y="255" T="118956940" />
  <Point X="113" Y="254" T="118956965" />
  <Point X="120" Y="254" T="118956989" />
  <Point X="125" Y="252" T="118957014" />
  <Point X="130" Y="250" T="118957038" />
  <Point X="132" Y="249" T="118957039" />
  <Point X="138" Y="246" T="118957064" />
  <Point X="145" Y="244" T="118957089" />
  <Point X="152" Y="241" T="118957115" />
  <Point X="160" Y="237" T="118957141" />
  <Point X="167" Y="233" T="118957167" />
  <Point X="169" Y="233" T="118957168" />
  <Point X="176" Y="230" T="118957194" />
  <Point X="182" Y="228" T="118957222" />
  <Point X="189" Y="225" T="118957248" />
  <Point X="194" Y="221" T="118957275" />
</Gesture>