﻿<?xml version="1.0" encoding="utf-8" standalone="yes"?>
<Gesture Name="question_mark05" Subject="5" Speed="medium" Number="5" NumPts="61" Millseconds="1018" AppName="Gestures" AppVer="3.7.0.0" Date="Friday, March 09, 2007" TimeOfDay="9:31:27 PM">
  <Point X="69" Y="174" T="118399005" />
  <Point X="70" Y="172" T="118399017" />
  <Point X="71" Y="170" T="118399045" />
  <Point X="73" Y="168" T="118399062" />
  <Point X="75" Y="166" T="118399082" />
  <Point X="77" Y="164" T="118399102" />
  <Point X="78" Y="162" T="118399118" />
  <Point X="81" Y="161" T="118399142" />
  <Point X="82" Y="158" T="118399162" />
  <Point X="84" Y="157" T="118399179" />
  <Point X="86" Y="156" T="118399195" />
  <Point X="89" Y="154" T="118399211" />
  <Point X="91" Y="153" T="118399228" />
  <Point X="93" Y="151" T="118399240" />
  <Point X="96" Y="150" T="118399256" />
  <Point X="98" Y="150" T="118399273" />
  <Point X="100" Y="149" T="118399290" />
  <Point X="102" Y="149" T="118399302" />
  <Point X="105" Y="148" T="118399317" />
  <Point X="107" Y="148" T="118399334" />
  <Point X="109" Y="147" T="118399350" />
  <Point X="111" Y="149" T="118399366" />
  <Point X="114" Y="149" T="118399381" />
  <Point X="116" Y="150" T="118399402" />
  <Point X="118" Y="151" T="118399418" />
  <Point X="119" Y="153" T="118399430" />
  <Point X="120" Y="155" T="118399451" />
  <Point X="121" Y="157" T="118399471" />
  <Point X="122" Y="159" T="118399484" />
  <Point X="123" Y="161" T="118399504" />
  <Point X="123" Y="164" T="118399520" />
  <Point X="124" Y="166" T="118399532" />
  <Point X="124" Y="168" T="118399545" />
  <Point X="125" Y="170" T="118399568" />
  <Point X="125" Y="172" T="118399581" />
  <Point X="124" Y="175" T="118399593" />
  <Point X="124" Y="177" T="118399612" />
  <Point X="124" Y="179" T="118399625" />
  <Point X="123" Y="181" T="118399637" />
  <Point X="123" Y="183" T="118399650" />
  <Point X="122" Y="185" T="118399665" />
  <Point X="120" Y="187" T="118399691" />
  <Point X="118" Y="190" T="118399708" />
  <Point X="116" Y="191" T="118399732" />
  <Point X="115" Y="193" T="118399748" />
  <Point X="112" Y="195" T="118399769" />
  <Point X="110" Y="195" T="118399789" />
  <Point X="108" Y="196" T="118399805" />
  <Point X="106" Y="197" T="118399821" />
  <Point X="104" Y="199" T="118399841" />
  <Point X="102" Y="200" T="118399857" />
  <Point X="101" Y="202" T="118399872" />
  <Point X="99" Y="202" T="118399888" />
  <Point X="97" Y="204" T="118399904" />
  <Point X="96" Y="207" T="118399921" />
  <Point X="95" Y="209" T="118399938" />
  <Point X="94" Y="212" T="118399954" />
  <Point X="94" Y="217" T="118399971" />
  <Point X="94" Y="222" T="118399988" />
  <Point X="95" Y="229" T="118400005" />
  <Point X="96" Y="236" T="118400023" />
</Gesture>