﻿<?xml version="1.0" encoding="utf-8" standalone="yes"?>
<Gesture Name="question_mark10" Subject="5" Speed="medium" Number="10" NumPts="71" Millseconds="1197" AppName="Gestures" AppVer="3.7.0.0" Date="Friday, March 09, 2007" TimeOfDay="9:31:38 PM">
  <Point X="65" Y="190" T="118409131" />
  <Point X="65" Y="187" T="118409166" />
  <Point X="66" Y="185" T="118409186" />
  <Point X="67" Y="183" T="118409199" />
  <Point X="68" Y="180" T="118409215" />
  <Point X="69" Y="178" T="118409228" />
  <Point X="70" Y="176" T="118409236" />
  <Point X="71" Y="174" T="118409248" />
  <Point X="71" Y="171" T="118409264" />
  <Point X="72" Y="169" T="118409277" />
  <Point X="73" Y="167" T="118409285" />
  <Point X="74" Y="165" T="118409293" />
  <Point X="75" Y="163" T="118409309" />
  <Point X="76" Y="161" T="118409317" />
  <Point X="79" Y="159" T="118409334" />
  <Point X="81" Y="156" T="118409351" />
  <Point X="83" Y="154" T="118409364" />
  <Point X="84" Y="152" T="118409372" />
  <Point X="87" Y="151" T="118409387" />
  <Point X="89" Y="149" T="118409403" />
  <Point X="91" Y="147" T="118409419" />
  <Point X="93" Y="146" T="118409434" />
  <Point X="96" Y="146" T="118409454" />
  <Point X="98" Y="145" T="118409473" />
  <Point X="100" Y="144" T="118409490" />
  <Point X="102" Y="145" T="118409506" />
  <Point X="104" Y="145" T="118409522" />
  <Point X="107" Y="145" T="118409541" />
  <Point X="109" Y="146" T="118409561" />
  <Point X="111" Y="146" T="118409577" />
  <Point X="113" Y="146" T="118409594" />
  <Point X="115" Y="147" T="118409610" />
  <Point X="117" Y="148" T="118409627" />
  <Point X="119" Y="149" T="118409643" />
  <Point X="121" Y="149" T="118409659" />
  <Point X="123" Y="150" T="118409676" />
  <Point X="125" Y="153" T="118409697" />
  <Point X="127" Y="155" T="118409721" />
  <Point X="129" Y="156" T="118409745" />
  <Point X="130" Y="159" T="118409765" />
  <Point X="130" Y="161" T="118409794" />
  <Point X="130" Y="163" T="118409807" />
  <Point X="130" Y="166" T="118409821" />
  <Point X="130" Y="168" T="118409843" />
  <Point X="130" Y="171" T="118409857" />
  <Point X="129" Y="173" T="118409876" />
  <Point X="129" Y="175" T="118409892" />
  <Point X="129" Y="177" T="118409916" />
  <Point X="128" Y="180" T="118409931" />
  <Point X="128" Y="182" T="118409946" />
  <Point X="126" Y="184" T="118409961" />
  <Point X="125" Y="186" T="118409977" />
  <Point X="123" Y="189" T="118409993" />
  <Point X="121" Y="191" T="118410012" />
  <Point X="119" Y="193" T="118410028" />
  <Point X="117" Y="194" T="118410044" />
  <Point X="115" Y="194" T="118410060" />
  <Point X="113" Y="194" T="118410077" />
  <Point X="111" Y="194" T="118410093" />
  <Point X="109" Y="196" T="118410111" />
  <Point X="107" Y="196" T="118410130" />
  <Point X="104" Y="196" T="118410148" />
  <Point X="102" Y="197" T="118410165" />
  <Point X="101" Y="199" T="118410183" />
  <Point X="99" Y="201" T="118410212" />
  <Point X="99" Y="204" T="118410232" />
  <Point X="99" Y="206" T="118410251" />
  <Point X="98" Y="209" T="118410269" />
  <Point X="98" Y="213" T="118410289" />
  <Point X="98" Y="222" T="118410308" />
  <Point X="97" Y="226" T="118410328" />
</Gesture>