﻿<?xml version="1.0" encoding="utf-8" standalone="yes"?>
<Gesture Name="question_mark09" Subject="5" Speed="medium" Number="9" NumPts="63" Millseconds="1036" AppName="Gestures" AppVer="3.7.0.0" Date="Friday, March 09, 2007" TimeOfDay="9:31:35 PM">
  <Point X="70" Y="186" T="118407165" />
  <Point X="72" Y="185" T="118407193" />
  <Point X="73" Y="183" T="118407206" />
  <Point X="75" Y="181" T="118407222" />
  <Point X="76" Y="179" T="118407234" />
  <Point X="77" Y="176" T="118407242" />
  <Point X="79" Y="174" T="118407258" />
  <Point X="80" Y="172" T="118407270" />
  <Point X="81" Y="169" T="118407282" />
  <Point X="82" Y="167" T="118407290" />
  <Point X="84" Y="166" T="118407307" />
  <Point X="85" Y="163" T="118407315" />
  <Point X="86" Y="161" T="118407327" />
  <Point X="89" Y="158" T="118407343" />
  <Point X="91" Y="156" T="118407360" />
  <Point X="94" Y="154" T="118407376" />
  <Point X="96" Y="152" T="118407393" />
  <Point X="98" Y="151" T="118407408" />
  <Point X="100" Y="149" T="118407421" />
  <Point X="102" Y="148" T="118407433" />
  <Point X="105" Y="148" T="118407449" />
  <Point X="107" Y="147" T="118407465" />
  <Point X="109" Y="145" T="118407482" />
  <Point X="111" Y="146" T="118407493" />
  <Point X="113" Y="145" T="118407509" />
  <Point X="115" Y="146" T="118407529" />
  <Point X="117" Y="147" T="118407545" />
  <Point X="119" Y="147" T="118407560" />
  <Point X="121" Y="149" T="118407572" />
  <Point X="123" Y="150" T="118407588" />
  <Point X="124" Y="152" T="118407599" />
  <Point X="126" Y="153" T="118407616" />
  <Point X="128" Y="155" T="118407641" />
  <Point X="130" Y="158" T="118407662" />
  <Point X="130" Y="160" T="118407679" />
  <Point X="131" Y="163" T="118407692" />
  <Point X="132" Y="165" T="118407716" />
  <Point X="132" Y="168" T="118407733" />
  <Point X="133" Y="171" T="118407748" />
  <Point X="133" Y="173" T="118407764" />
  <Point X="133" Y="176" T="118407781" />
  <Point X="132" Y="179" T="118407797" />
  <Point X="132" Y="181" T="118407813" />
  <Point X="131" Y="184" T="118407829" />
  <Point X="129" Y="186" T="118407857" />
  <Point X="127" Y="188" T="118407873" />
  <Point X="125" Y="190" T="118407901" />
  <Point X="123" Y="192" T="118407921" />
  <Point X="121" Y="192" T="118407941" />
  <Point X="118" Y="192" T="118407957" />
  <Point X="116" Y="192" T="118407974" />
  <Point X="114" Y="194" T="118407990" />
  <Point X="112" Y="194" T="118408006" />
  <Point X="110" Y="195" T="118408021" />
  <Point X="108" Y="195" T="118408037" />
  <Point X="106" Y="197" T="118408076" />
  <Point X="106" Y="199" T="118408092" />
  <Point X="106" Y="201" T="118408109" />
  <Point X="105" Y="204" T="118408126" />
  <Point X="105" Y="208" T="118408143" />
  <Point X="104" Y="217" T="118408161" />
  <Point X="103" Y="226" T="118408183" />
  <Point X="103" Y="228" T="118408201" />
</Gesture>