﻿<?xml version="1.0" encoding="utf-8" standalone="yes"?>
<Gesture Name="question_mark02" Subject="5" Speed="medium" Number="2" NumPts="68" Millseconds="1183" AppName="Gestures" AppVer="3.7.0.0" Date="Friday, March 09, 2007" TimeOfDay="9:31:21 PM">
  <Point X="69" Y="181" T="118392885" />
  <Point X="69" Y="179" T="118392917" />
  <Point X="71" Y="177" T="118392952" />
  <Point X="72" Y="175" T="118392969" />
  <Point X="75" Y="174" T="118392985" />
  <Point X="76" Y="172" T="118392993" />
  <Point X="78" Y="170" T="118393010" />
  <Point X="80" Y="168" T="118393026" />
  <Point X="81" Y="166" T="118393038" />
  <Point X="84" Y="164" T="118393058" />
  <Point X="85" Y="162" T="118393070" />
  <Point X="87" Y="160" T="118393098" />
  <Point X="89" Y="159" T="118393122" />
  <Point X="91" Y="157" T="118393147" />
  <Point X="93" Y="155" T="118393167" />
  <Point X="95" Y="154" T="118393184" />
  <Point X="97" Y="152" T="118393204" />
  <Point X="99" Y="150" T="118393220" />
  <Point X="101" Y="150" T="118393236" />
  <Point X="103" Y="148" T="118393248" />
  <Point X="105" Y="148" T="118393264" />
  <Point X="107" Y="147" T="118393284" />
  <Point X="109" Y="147" T="118393300" />
  <Point X="111" Y="146" T="118393317" />
  <Point X="113" Y="146" T="118393335" />
  <Point X="115" Y="146" T="118393355" />
  <Point X="118" Y="146" T="118393375" />
  <Point X="119" Y="148" T="118393392" />
  <Point X="121" Y="147" T="118393408" />
  <Point X="122" Y="149" T="118393420" />
  <Point X="124" Y="150" T="118393441" />
  <Point X="126" Y="152" T="118393465" />
  <Point X="127" Y="154" T="118393485" />
  <Point X="128" Y="156" T="118393502" />
  <Point X="128" Y="158" T="118393515" />
  <Point X="129" Y="160" T="118393532" />
  <Point X="129" Y="162" T="118393553" />
  <Point X="129" Y="165" T="118393566" />
  <Point X="128" Y="168" T="118393588" />
  <Point X="128" Y="170" T="118393601" />
  <Point X="128" Y="172" T="118393614" />
  <Point X="127" Y="174" T="118393627" />
  <Point X="126" Y="176" T="118393641" />
  <Point X="126" Y="178" T="118393655" />
  <Point X="124" Y="180" T="118393677" />
  <Point X="123" Y="182" T="118393693" />
  <Point X="121" Y="184" T="118393717" />
  <Point X="119" Y="186" T="118393737" />
  <Point X="117" Y="187" T="118393757" />
  <Point X="115" Y="188" T="118393773" />
  <Point X="113" Y="189" T="118393789" />
  <Point X="111" Y="190" T="118393805" />
  <Point X="109" Y="191" T="118393821" />
  <Point X="107" Y="192" T="118393837" />
  <Point X="105" Y="193" T="118393853" />
  <Point X="103" Y="194" T="118393869" />
  <Point X="101" Y="196" T="118393886" />
  <Point X="98" Y="197" T="118393903" />
  <Point X="96" Y="199" T="118393920" />
  <Point X="95" Y="201" T="118393937" />
  <Point X="94" Y="203" T="118393954" />
  <Point X="95" Y="208" T="118393972" />
  <Point X="95" Y="210" T="118393974" />
  <Point X="95" Y="212" T="118393992" />
  <Point X="96" Y="222" T="118394011" />
  <Point X="97" Y="230" T="118394030" />
  <Point X="97" Y="236" T="118394048" />
  <Point X="96" Y="241" T="118394068" />
</Gesture>