﻿<?xml version="1.0" encoding="utf-8" standalone="yes"?>
<Gesture Name="question_mark04" Subject="5" Speed="medium" Number="4" NumPts="69" Millseconds="1149" AppName="Gestures" AppVer="3.7.0.0" Date="Friday, March 09, 2007" TimeOfDay="9:31:25 PM">
  <Point X="70" Y="176" T="118397007" />
  <Point X="73" Y="174" T="118397076" />
  <Point X="74" Y="172" T="118397104" />
  <Point X="75" Y="170" T="118397120" />
  <Point X="76" Y="167" T="118397131" />
  <Point X="77" Y="164" T="118397144" />
  <Point X="79" Y="161" T="118397160" />
  <Point X="79" Y="159" T="118397168" />
  <Point X="81" Y="157" T="118397188" />
  <Point X="81" Y="155" T="118397196" />
  <Point X="82" Y="153" T="118397213" />
  <Point X="84" Y="150" T="118397225" />
  <Point X="85" Y="148" T="118397241" />
  <Point X="87" Y="145" T="118397261" />
  <Point X="87" Y="143" T="118397270" />
  <Point X="89" Y="142" T="118397293" />
  <Point X="91" Y="140" T="118397310" />
  <Point X="93" Y="138" T="118397330" />
  <Point X="95" Y="136" T="118397350" />
  <Point X="97" Y="135" T="118397371" />
  <Point X="99" Y="133" T="118397383" />
  <Point X="101" Y="134" T="118397395" />
  <Point X="103" Y="133" T="118397407" />
  <Point X="105" Y="132" T="118397419" />
  <Point X="107" Y="133" T="118397435" />
  <Point X="109" Y="132" T="118397451" />
  <Point X="111" Y="134" T="118397463" />
  <Point X="113" Y="135" T="118397479" />
  <Point X="115" Y="135" T="118397495" />
  <Point X="116" Y="138" T="118397507" />
  <Point X="118" Y="141" T="118397523" />
  <Point X="119" Y="143" T="118397543" />
  <Point X="120" Y="145" T="118397560" />
  <Point X="121" Y="148" T="118397572" />
  <Point X="122" Y="150" T="118397589" />
  <Point X="123" Y="153" T="118397606" />
  <Point X="124" Y="155" T="118397618" />
  <Point X="125" Y="157" T="118397634" />
  <Point X="125" Y="159" T="118397647" />
  <Point X="126" Y="161" T="118397659" />
  <Point X="126" Y="164" T="118397673" />
  <Point X="126" Y="167" T="118397686" />
  <Point X="126" Y="169" T="118397700" />
  <Point X="127" Y="172" T="118397715" />
  <Point X="127" Y="174" T="118397729" />
  <Point X="126" Y="176" T="118397743" />
  <Point X="126" Y="178" T="118397757" />
  <Point X="126" Y="180" T="118397772" />
  <Point X="125" Y="184" T="118397787" />
  <Point X="124" Y="187" T="118397802" />
  <Point X="123" Y="189" T="118397817" />
  <Point X="122" Y="191" T="118397832" />
  <Point X="120" Y="193" T="118397851" />
  <Point X="118" Y="195" T="118397871" />
  <Point X="116" Y="196" T="118397888" />
  <Point X="114" Y="198" T="118397905" />
  <Point X="112" Y="199" T="118397921" />
  <Point X="110" Y="201" T="118397938" />
  <Point X="108" Y="202" T="118397954" />
  <Point X="106" Y="202" T="118397971" />
  <Point X="104" Y="203" T="118397989" />
  <Point X="101" Y="204" T="118398006" />
  <Point X="99" Y="203" T="118398024" />
  <Point X="98" Y="206" T="118398042" />
  <Point X="97" Y="208" T="118398081" />
  <Point X="96" Y="210" T="118398099" />
  <Point X="96" Y="215" T="118398118" />
  <Point X="95" Y="220" T="118398137" />
  <Point X="96" Y="227" T="118398156" />
</Gesture>