﻿<?xml version="1.0" encoding="utf-8" standalone="yes"?>
<Gesture Name="question_mark07" Subject="5" Speed="medium" Number="7" NumPts="60" Millseconds="1032" AppName="Gestures" AppVer="3.7.0.0" Date="Friday, March 09, 2007" TimeOfDay="9:31:31 PM">
  <Point X="68" Y="178" T="118403189" />
  <Point X="69" Y="176" T="118403222" />
  <Point X="71" Y="174" T="118403250" />
  <Point X="72" Y="171" T="118403271" />
  <Point X="73" Y="169" T="118403291" />
  <Point X="74" Y="167" T="118403307" />
  <Point X="74" Y="165" T="118403315" />
  <Point X="75" Y="163" T="118403335" />
  <Point X="76" Y="161" T="118403343" />
  <Point X="78" Y="160" T="118403363" />
  <Point X="79" Y="158" T="118403375" />
  <Point X="82" Y="157" T="118403392" />
  <Point X="84" Y="155" T="118403408" />
  <Point X="86" Y="153" T="118403420" />
  <Point X="89" Y="151" T="118403436" />
  <Point X="91" Y="149" T="118403453" />
  <Point X="93" Y="148" T="118403468" />
  <Point X="96" Y="148" T="118403485" />
  <Point X="98" Y="147" T="118403500" />
  <Point X="100" Y="147" T="118403521" />
  <Point X="102" Y="147" T="118403537" />
  <Point X="104" Y="146" T="118403557" />
  <Point X="106" Y="147" T="118403576" />
  <Point X="108" Y="147" T="118403597" />
  <Point X="111" Y="149" T="118403612" />
  <Point X="113" Y="149" T="118403628" />
  <Point X="115" Y="149" T="118403640" />
  <Point X="117" Y="151" T="118403656" />
  <Point X="119" Y="153" T="118403672" />
  <Point X="121" Y="154" T="118403693" />
  <Point X="122" Y="157" T="118403705" />
  <Point X="124" Y="159" T="118403729" />
  <Point X="125" Y="161" T="118403753" />
  <Point X="125" Y="163" T="118403770" />
  <Point X="126" Y="166" T="118403790" />
  <Point X="126" Y="169" T="118403803" />
  <Point X="126" Y="171" T="118403823" />
  <Point X="126" Y="173" T="118403839" />
  <Point X="125" Y="176" T="118403859" />
  <Point X="124" Y="178" T="118403884" />
  <Point X="124" Y="180" T="118403897" />
  <Point X="124" Y="182" T="118403911" />
  <Point X="123" Y="184" T="118403928" />
  <Point X="121" Y="187" T="118403952" />
  <Point X="121" Y="190" T="118403966" />
  <Point X="118" Y="191" T="118403981" />
  <Point X="116" Y="192" T="118404001" />
  <Point X="114" Y="194" T="118404015" />
  <Point X="112" Y="194" T="118404030" />
  <Point X="110" Y="196" T="118404045" />
  <Point X="108" Y="196" T="118404060" />
  <Point X="105" Y="196" T="118404075" />
  <Point X="103" Y="198" T="118404091" />
  <Point X="100" Y="200" T="118404106" />
  <Point X="98" Y="200" T="118404122" />
  <Point X="96" Y="203" T="118404142" />
  <Point X="95" Y="205" T="118404170" />
  <Point X="95" Y="208" T="118404187" />
  <Point X="95" Y="214" T="118404204" />
  <Point X="96" Y="220" T="118404221" />
</Gesture>