﻿<?xml version="1.0" encoding="utf-8" standalone="yes"?>
<Gesture Name="question_mark06" Subject="5" Speed="medium" Number="6" NumPts="71" Millseconds="1273" AppName="Gestures" AppVer="3.7.0.0" Date="Friday, March 09, 2007" TimeOfDay="9:31:29 PM">
  <Point X="69" Y="172" T="118400871" />
  <Point X="69" Y="170" T="118400926" />
  <Point X="70" Y="168" T="118400946" />
  <Point X="71" Y="166" T="118400974" />
  <Point X="72" Y="163" T="118400991" />
  <Point X="73" Y="161" T="118401003" />
  <Point X="73" Y="159" T="118401019" />
  <Point X="75" Y="156" T="118401040" />
  <Point X="75" Y="154" T="118401052" />
  <Point X="77" Y="153" T="118401068" />
  <Point X="79" Y="151" T="118401084" />
  <Point X="80" Y="148" T="118401096" />
  <Point X="82" Y="147" T="118401112" />
  <Point X="84" Y="145" T="118401132" />
  <Point X="87" Y="142" T="118401153" />
  <Point X="89" Y="141" T="118401170" />
  <Point X="91" Y="139" T="118401189" />
  <Point X="93" Y="139" T="118401205" />
  <Point X="95" Y="137" T="118401226" />
  <Point X="97" Y="138" T="118401242" />
  <Point X="99" Y="138" T="118401258" />
  <Point X="102" Y="137" T="118401274" />
  <Point X="104" Y="137" T="118401290" />
  <Point X="106" Y="136" T="118401305" />
  <Point X="108" Y="137" T="118401322" />
  <Point X="111" Y="137" T="118401339" />
  <Point X="113" Y="138" T="118401355" />
  <Point X="115" Y="138" T="118401371" />
  <Point X="117" Y="138" T="118401388" />
  <Point X="119" Y="140" T="118401411" />
  <Point X="122" Y="142" T="118401435" />
  <Point X="124" Y="143" T="118401455" />
  <Point X="126" Y="145" T="118401475" />
  <Point X="127" Y="147" T="118401492" />
  <Point X="129" Y="149" T="118401512" />
  <Point X="130" Y="151" T="118401529" />
  <Point X="131" Y="153" T="118401541" />
  <Point X="132" Y="155" T="118401557" />
  <Point X="133" Y="158" T="118401573" />
  <Point X="134" Y="161" T="118401598" />
  <Point X="135" Y="163" T="118401614" />
  <Point X="136" Y="165" T="118401627" />
  <Point X="136" Y="167" T="118401642" />
  <Point X="136" Y="169" T="118401658" />
  <Point X="136" Y="172" T="118401672" />
  <Point X="136" Y="174" T="118401686" />
  <Point X="136" Y="176" T="118401700" />
  <Point X="135" Y="178" T="118401715" />
  <Point X="135" Y="180" T="118401730" />
  <Point X="134" Y="183" T="118401745" />
  <Point X="133" Y="185" T="118401760" />
  <Point X="131" Y="187" T="118401775" />
  <Point X="131" Y="189" T="118401791" />
  <Point X="129" Y="190" T="118401807" />
  <Point X="127" Y="192" T="118401823" />
  <Point X="125" Y="194" T="118401839" />
  <Point X="123" Y="195" T="118401856" />
  <Point X="120" Y="195" T="118401875" />
  <Point X="119" Y="197" T="118401892" />
  <Point X="116" Y="197" T="118401909" />
  <Point X="114" Y="197" T="118401927" />
  <Point X="110" Y="197" T="118401944" />
  <Point X="107" Y="198" T="118401962" />
  <Point X="105" Y="199" T="118401980" />
  <Point X="103" Y="199" T="118401998" />
  <Point X="101" Y="199" T="118402017" />
  <Point X="99" Y="201" T="118402067" />
  <Point X="99" Y="204" T="118402085" />
  <Point X="98" Y="208" T="118402104" />
  <Point X="98" Y="212" T="118402124" />
  <Point X="97" Y="220" T="118402144" />
</Gesture>