﻿<?xml version="1.0" encoding="utf-8" standalone="yes"?>
<Gesture Name="question_mark08" Subject="5" Speed="medium" Number="8" NumPts="69" Millseconds="1167" AppName="Gestures" AppVer="3.7.0.0" Date="Friday, March 09, 2007" TimeOfDay="9:31:34 PM">
  <Point X="69" Y="180" T="118405100" />
  <Point X="69" Y="178" T="118405136" />
  <Point X="71" Y="175" T="118405165" />
  <Point X="71" Y="173" T="118405173" />
  <Point X="73" Y="170" T="118405193" />
  <Point X="74" Y="168" T="118405211" />
  <Point X="75" Y="166" T="118405223" />
  <Point X="76" Y="164" T="118405255" />
  <Point X="77" Y="161" T="118405271" />
  <Point X="79" Y="159" T="118405296" />
  <Point X="81" Y="158" T="118405315" />
  <Point X="83" Y="156" T="118405332" />
  <Point X="85" Y="155" T="118405348" />
  <Point X="87" Y="152" T="118405364" />
  <Point X="89" Y="150" T="118405376" />
  <Point X="92" Y="149" T="118405391" />
  <Point X="94" Y="148" T="118405404" />
  <Point X="96" Y="148" T="118405417" />
  <Point X="99" Y="147" T="118405429" />
  <Point X="101" Y="147" T="118405441" />
  <Point X="103" Y="145" T="118405453" />
  <Point X="106" Y="145" T="118405469" />
  <Point X="108" Y="144" T="118405482" />
  <Point X="110" Y="144" T="118405495" />
  <Point X="112" Y="144" T="118405506" />
  <Point X="114" Y="144" T="118405522" />
  <Point X="116" Y="144" T="118405543" />
  <Point X="119" Y="146" T="118405563" />
  <Point X="121" Y="146" T="118405579" />
  <Point X="123" Y="148" T="118405599" />
  <Point X="124" Y="150" T="118405611" />
  <Point X="127" Y="150" T="118405631" />
  <Point X="128" Y="152" T="118405644" />
  <Point X="129" Y="154" T="118405659" />
  <Point X="131" Y="156" T="118405680" />
  <Point X="132" Y="159" T="118405700" />
  <Point X="132" Y="161" T="118405712" />
  <Point X="132" Y="163" T="118405725" />
  <Point X="133" Y="165" T="118405737" />
  <Point X="133" Y="167" T="118405751" />
  <Point X="133" Y="169" T="118405765" />
  <Point X="133" Y="172" T="118405778" />
  <Point X="131" Y="175" T="118405793" />
  <Point X="130" Y="177" T="118405816" />
  <Point X="128" Y="179" T="118405833" />
  <Point X="127" Y="181" T="118405847" />
  <Point X="125" Y="182" T="118405868" />
  <Point X="124" Y="184" T="118405882" />
  <Point X="122" Y="186" T="118405900" />
  <Point X="120" Y="188" T="118405920" />
  <Point X="118" Y="190" T="118405935" />
  <Point X="115" Y="191" T="118405951" />
  <Point X="113" Y="192" T="118405966" />
  <Point X="111" Y="194" T="118405981" />
  <Point X="109" Y="194" T="118405997" />
  <Point X="108" Y="196" T="118406013" />
  <Point X="106" Y="197" T="118406030" />
  <Point X="104" Y="197" T="118406046" />
  <Point X="103" Y="199" T="118406076" />
  <Point X="102" Y="201" T="118406104" />
  <Point X="101" Y="204" T="118406121" />
  <Point X="101" Y="206" T="118406139" />
  <Point X="101" Y="211" T="118406156" />
  <Point X="103" Y="219" T="118406175" />
  <Point X="104" Y="226" T="118406193" />
  <Point X="105" Y="232" T="118406211" />
  <Point X="105" Y="238" T="118406230" />
  <Point X="105" Y="243" T="118406249" />
  <Point X="105" Y="245" T="118406267" />
</Gesture>