﻿<?xml version="1.0" encoding="utf-8" standalone="yes"?>
<Gesture Name="question_mark03" Subject="5" Speed="medium" Number="3" NumPts="70" Millseconds="1120" AppName="Gestures" AppVer="3.7.0.0" Date="Friday, March 09, 2007" TimeOfDay="9:31:23 PM">
  <Point X="63" Y="181" T="118395048" />
  <Point X="65" Y="180" T="118395064" />
  <Point X="67" Y="179" T="118395080" />
  <Point X="69" Y="177" T="118395091" />
  <Point X="72" Y="175" T="118395107" />
  <Point X="74" Y="172" T="118395119" />
  <Point X="76" Y="171" T="118395131" />
  <Point X="78" Y="168" T="118395144" />
  <Point X="79" Y="166" T="118395152" />
  <Point X="81" Y="163" T="118395172" />
  <Point X="83" Y="162" T="118395193" />
  <Point X="85" Y="160" T="118395209" />
  <Point X="86" Y="158" T="118395222" />
  <Point X="88" Y="156" T="118395238" />
  <Point X="89" Y="154" T="118395251" />
  <Point X="92" Y="152" T="118395268" />
  <Point X="94" Y="151" T="118395281" />
  <Point X="96" Y="149" T="118395293" />
  <Point X="98" Y="148" T="118395309" />
  <Point X="100" Y="146" T="118395322" />
  <Point X="102" Y="146" T="118395334" />
  <Point X="104" Y="145" T="118395346" />
  <Point X="106" Y="143" T="118395357" />
  <Point X="109" Y="143" T="118395373" />
  <Point X="111" Y="142" T="118395385" />
  <Point X="113" Y="142" T="118395401" />
  <Point X="115" Y="143" T="118395421" />
  <Point X="117" Y="144" T="118395441" />
  <Point X="119" Y="146" T="118395461" />
  <Point X="121" Y="148" T="118395485" />
  <Point X="122" Y="150" T="118395497" />
  <Point X="123" Y="152" T="118395521" />
  <Point X="123" Y="154" T="118395532" />
  <Point X="124" Y="156" T="118395544" />
  <Point X="125" Y="159" T="118395561" />
  <Point X="125" Y="161" T="118395573" />
  <Point X="125" Y="164" T="118395594" />
  <Point X="125" Y="167" T="118395609" />
  <Point X="125" Y="170" T="118395626" />
  <Point X="125" Y="172" T="118395639" />
  <Point X="125" Y="174" T="118395652" />
  <Point X="125" Y="177" T="118395667" />
  <Point X="124" Y="179" T="118395680" />
  <Point X="123" Y="181" T="118395694" />
  <Point X="123" Y="183" T="118395707" />
  <Point X="122" Y="185" T="118395722" />
  <Point X="120" Y="187" T="118395742" />
  <Point X="118" Y="189" T="118395758" />
  <Point X="116" Y="191" T="118395782" />
  <Point X="115" Y="193" T="118395797" />
  <Point X="113" Y="194" T="118395812" />
  <Point X="111" Y="195" T="118395827" />
  <Point X="108" Y="195" T="118395843" />
  <Point X="106" Y="194" T="118395859" />
  <Point X="104" Y="195" T="118395875" />
  <Point X="102" Y="196" T="118395891" />
  <Point X="100" Y="196" T="118395908" />
  <Point X="98" Y="198" T="118395925" />
  <Point X="96" Y="199" T="118395941" />
  <Point X="94" Y="198" T="118395959" />
  <Point X="91" Y="199" T="118395976" />
  <Point X="89" Y="200" T="118395993" />
  <Point X="88" Y="202" T="118396031" />
  <Point X="87" Y="205" T="118396055" />
  <Point X="87" Y="207" T="118396073" />
  <Point X="87" Y="214" T="118396092" />
  <Point X="87" Y="221" T="118396110" />
  <Point X="87" Y="227" T="118396130" />
  <Point X="88" Y="236" T="118396149" />
  <Point X="88" Y="239" T="118396168" />
</Gesture>