﻿<?xml version="1.0" encoding="utf-8" standalone="yes"?>
<Gesture Name="question_mark01" Subject="5" Speed="medium" Number="1" NumPts="68" Millseconds="1000" AppName="Gestures" AppVer="3.7.0.0" Date="Friday, March 09, 2007" TimeOfDay="9:31:19 PM">
  <Point X="70" Y="184" T="118390762" />
  <Point X="71" Y="182" T="118390876" />
  <Point X="73" Y="180" T="118390888" />
  <Point X="73" Y="177" T="118390896" />
  <Point X="74" Y="175" T="118390909" />
  <Point X="76" Y="173" T="118390920" />
  <Point X="77" Y="171" T="118390928" />
  <Point X="78" Y="168" T="118390940" />
  <Point X="79" Y="166" T="118390948" />
  <Point X="80" Y="164" T="118390956" />
  <Point X="82" Y="163" T="118390969" />
  <Point X="84" Y="161" T="118390977" />
  <Point X="86" Y="158" T="118390986" />
  <Point X="88" Y="157" T="118390999" />
  <Point X="90" Y="154" T="118391007" />
  <Point X="92" Y="153" T="118391016" />
  <Point X="94" Y="151" T="118391024" />
  <Point X="97" Y="150" T="118391037" />
  <Point X="99" Y="148" T="118391049" />
  <Point X="101" Y="147" T="118391058" />
  <Point X="104" Y="147" T="118391069" />
  <Point X="106" Y="145" T="118391081" />
  <Point X="108" Y="144" T="118391090" />
  <Point X="111" Y="144" T="118391101" />
  <Point X="113" Y="144" T="118391113" />
  <Point X="116" Y="143" T="118391125" />
  <Point X="118" Y="143" T="118391135" />
  <Point X="120" Y="142" T="118391146" />
  <Point X="122" Y="144" T="118391157" />
  <Point X="124" Y="144" T="118391169" />
  <Point X="126" Y="146" T="118391193" />
  <Point X="127" Y="148" T="118391214" />
  <Point X="128" Y="151" T="118391226" />
  <Point X="128" Y="153" T="118391243" />
  <Point X="128" Y="155" T="118391255" />
  <Point X="128" Y="157" T="118391267" />
  <Point X="127" Y="160" T="118391280" />
  <Point X="127" Y="162" T="118391292" />
  <Point X="126" Y="164" T="118391305" />
  <Point X="126" Y="167" T="118391318" />
  <Point X="125" Y="169" T="118391319" />
  <Point X="124" Y="171" T="118391333" />
  <Point X="122" Y="173" T="118391351" />
  <Point X="121" Y="175" T="118391365" />
  <Point X="120" Y="177" T="118391379" />
  <Point X="118" Y="180" T="118391394" />
  <Point X="116" Y="181" T="118391408" />
  <Point X="115" Y="183" T="118391422" />
  <Point X="113" Y="185" T="118391437" />
  <Point X="111" Y="187" T="118391459" />
  <Point X="108" Y="188" T="118391479" />
  <Point X="107" Y="190" T="118391495" />
  <Point X="105" Y="192" T="118391515" />
  <Point X="103" Y="194" T="118391535" />
  <Point X="103" Y="196" T="118391551" />
  <Point X="102" Y="198" T="118391567" />
  <Point X="101" Y="200" T="118391584" />
  <Point X="101" Y="203" T="118391600" />
  <Point X="101" Y="205" T="118391617" />
  <Point X="101" Y="210" T="118391634" />
  <Point X="102" Y="212" T="118391652" />
  <Point X="103" Y="215" T="118391669" />
  <Point X="104" Y="220" T="118391687" />
  <Point X="105" Y="224" T="118391705" />
  <Point X="107" Y="230" T="118391724" />
  <Point X="108" Y="235" T="118391742" />
  <Point X="109" Y="238" T="118391744" />
  <Point X="110" Y="240" T="118391762" />
</Gesture>