﻿<?xml version="1.0" encoding="utf-8" standalone="yes"?>
<Gesture Name="rectangle07" Subject="5" Speed="medium" Number="7" NumPts="127" Millseconds="2676" AppName="Gestures" AppVer="3.7.0.0" Date="Friday, March 09, 2007" TimeOfDay="9:56:05 PM">
  <Point X="80" Y="145" T="119878510" />
  <Point X="80" Y="147" T="119878563" />
  <Point X="80" Y="149" T="119878580" />
  <Point X="79" Y="152" T="119878596" />
  <Point X="79" Y="154" T="119878610" />
  <Point X="80" Y="157" T="119878616" />
  <Point X="80" Y="160" T="119878625" />
  <Point X="80" Y="163" T="119878640" />
  <Point X="80" Y="166" T="119878648" />
  <Point X="80" Y="169" T="119878661" />
  <Point X="80" Y="171" T="119878669" />
  <Point X="80" Y="173" T="119878677" />
  <Point X="80" Y="176" T="119878685" />
  <Point X="80" Y="179" T="119878693" />
  <Point X="80" Y="182" T="119878702" />
  <Point X="80" Y="184" T="119878710" />
  <Point X="79" Y="187" T="119878720" />
  <Point X="80" Y="189" T="119878732" />
  <Point X="80" Y="192" T="119878740" />
  <Point X="80" Y="195" T="119878752" />
  <Point X="80" Y="198" T="119878762" />
  <Point X="80" Y="200" T="119878772" />
  <Point X="80" Y="203" T="119878782" />
  <Point X="80" Y="205" T="119878793" />
  <Point X="80" Y="207" T="119878803" />
  <Point X="80" Y="209" T="119878814" />
  <Point X="80" Y="212" T="119878825" />
  <Point X="80" Y="214" T="119878837" />
  <Point X="80" Y="216" T="119878852" />
  <Point X="80" Y="219" T="119878868" />
  <Point X="79" Y="221" T="119878884" />
  <Point X="79" Y="223" T="119878896" />
  <Point X="79" Y="225" T="119878921" />
  <Point X="79" Y="227" T="119878953" />
  <Point X="79" Y="229" T="119878970" />
  <Point X="79" Y="232" T="119878990" />
  <Point X="79" Y="234" T="119879018" />
  <Point X="81" Y="235" T="119879139" />
  <Point X="83" Y="234" T="119879163" />
  <Point X="85" Y="234" T="119879177" />
  <Point X="87" Y="233" T="119879191" />
  <Point X="89" Y="233" T="119879205" />
  <Point X="92" Y="232" T="119879219" />
  <Point X="94" Y="233" T="119879234" />
  <Point X="96" Y="233" T="119879249" />
  <Point X="101" Y="232" T="119879263" />
  <Point X="104" Y="233" T="119879278" />
  <Point X="106" Y="233" T="119879294" />
  <Point X="111" Y="233" T="119879310" />
  <Point X="114" Y="232" T="119879326" />
  <Point X="116" Y="232" T="119879342" />
  <Point X="122" Y="231" T="119879358" />
  <Point X="124" Y="232" T="119879374" />
  <Point X="127" Y="232" T="119879376" />
  <Point X="131" Y="230" T="119879393" />
  <Point X="133" Y="232" T="119879410" />
  <Point X="136" Y="232" T="119879412" />
  <Point X="138" Y="232" T="119879430" />
  <Point X="143" Y="231" T="119879448" />
  <Point X="145" Y="232" T="119879466" />
  <Point X="150" Y="231" T="119879484" />
  <Point X="153" Y="232" T="119879502" />
  <Point X="155" Y="232" T="119879504" />
  <Point X="157" Y="233" T="119879523" />
  <Point X="161" Y="232" T="119879542" />
  <Point X="163" Y="231" T="119879561" />
  <Point X="167" Y="232" T="119879581" />
  <Point X="171" Y="233" T="119879603" />
  <Point X="174" Y="232" T="119879623" />
  <Point X="176" Y="233" T="119879643" />
  <Point X="178" Y="232" T="119879663" />
  <Point X="180" Y="233" T="119879684" />
  <Point X="182" Y="231" T="119879704" />
  <Point X="184" Y="231" T="119879725" />
  <Point X="186" Y="232" T="119879747" />
  <Point X="188" Y="230" T="119879771" />
  <Point X="190" Y="230" T="119879831" />
  <Point X="191" Y="228" T="119879887" />
  <Point X="192" Y="226" T="119879930" />
  <Point X="191" Y="223" T="119879952" />
  <Point X="191" Y="221" T="119879974" />
  <Point X="191" Y="219" T="119879996" />
  <Point X="190" Y="215" T="119880019" />
  <Point X="190" Y="213" T="119880044" />
  <Point X="190" Y="208" T="119880067" />
  <Point X="190" Y="205" T="119880090" />
  <Point X="190" Y="201" T="119880113" />
  <Point X="190" Y="197" T="119880138" />
  <Point X="190" Y="195" T="119880163" />
  <Point X="190" Y="190" T="119880187" />
  <Point X="190" Y="187" T="119880212" />
  <Point X="190" Y="184" T="119880237" />
  <Point X="190" Y="181" T="119880261" />
  <Point X="190" Y="179" T="119880263" />
  <Point X="189" Y="177" T="119880288" />
  <Point X="189" Y="172" T="119880314" />
  <Point X="189" Y="170" T="119880339" />
  <Point X="189" Y="168" T="119880365" />
  <Point X="189" Y="161" T="119880391" />
  <Point X="189" Y="159" T="119880417" />
  <Point X="188" Y="156" T="119880443" />
  <Point X="188" Y="153" T="119880469" />
  <Point X="186" Y="149" T="119880496" />
  <Point X="185" Y="147" T="119880527" />
  <Point X="184" Y="145" T="119880564" />
  <Point X="182" Y="143" T="119880600" />
  <Point X="180" Y="143" T="119880636" />
  <Point X="178" Y="140" T="119880665" />
  <Point X="176" Y="141" T="119880694" />
  <Point X="174" Y="140" T="119880722" />
  <Point X="169" Y="141" T="119880751" />
  <Point X="165" Y="141" T="119880780" />
  <Point X="162" Y="141" T="119880782" />
  <Point X="158" Y="141" T="119880811" />
  <Point X="151" Y="142" T="119880840" />
  <Point X="149" Y="142" T="119880842" />
  <Point X="144" Y="143" T="119880873" />
  <Point X="139" Y="144" T="119880902" />
  <Point X="135" Y="143" T="119880933" />
  <Point X="130" Y="143" T="119880963" />
  <Point X="123" Y="141" T="119880995" />
  <Point X="118" Y="141" T="119881026" />
  <Point X="111" Y="141" T="119881057" />
  <Point X="104" Y="142" T="119881091" />
  <Point X="99" Y="143" T="119881122" />
  <Point X="94" Y="145" T="119881154" />
  <Point X="92" Y="145" T="119881186" />
</Gesture>