﻿<?xml version="1.0" encoding="utf-8" standalone="yes"?>
<Gesture Name="rectangle05" Subject="5" Speed="medium" Number="5" NumPts="117" Millseconds="2293" AppName="Gestures" AppVer="3.7.0.0" Date="Friday, March 09, 2007" TimeOfDay="9:55:59 PM">
  <Point X="57" Y="147" T="119872472" />
  <Point X="58" Y="149" T="119872585" />
  <Point X="58" Y="151" T="119872601" />
  <Point X="58" Y="154" T="119872609" />
  <Point X="59" Y="156" T="119872621" />
  <Point X="59" Y="160" T="119872633" />
  <Point X="59" Y="163" T="119872641" />
  <Point X="59" Y="165" T="119872649" />
  <Point X="59" Y="167" T="119872661" />
  <Point X="59" Y="170" T="119872669" />
  <Point X="60" Y="174" T="119872677" />
  <Point X="60" Y="177" T="119872685" />
  <Point X="60" Y="179" T="119872693" />
  <Point X="61" Y="182" T="119872701" />
  <Point X="61" Y="185" T="119872710" />
  <Point X="61" Y="187" T="119872718" />
  <Point X="61" Y="190" T="119872726" />
  <Point X="61" Y="192" T="119872734" />
  <Point X="61" Y="196" T="119872742" />
  <Point X="61" Y="198" T="119872751" />
  <Point X="61" Y="201" T="119872760" />
  <Point X="61" Y="203" T="119872769" />
  <Point X="61" Y="205" T="119872770" />
  <Point X="61" Y="207" T="119872779" />
  <Point X="61" Y="213" T="119872789" />
  <Point X="61" Y="215" T="119872801" />
  <Point X="61" Y="218" T="119872811" />
  <Point X="61" Y="221" T="119872821" />
  <Point X="62" Y="223" T="119872832" />
  <Point X="62" Y="225" T="119872843" />
  <Point X="62" Y="229" T="119872854" />
  <Point X="63" Y="231" T="119872869" />
  <Point X="63" Y="233" T="119872889" />
  <Point X="64" Y="236" T="119872906" />
  <Point X="64" Y="238" T="119872922" />
  <Point X="65" Y="241" T="119872943" />
  <Point X="65" Y="243" T="119872984" />
  <Point X="66" Y="245" T="119873048" />
  <Point X="68" Y="244" T="119873081" />
  <Point X="70" Y="245" T="119873097" />
  <Point X="72" Y="245" T="119873110" />
  <Point X="74" Y="243" T="119873123" />
  <Point X="77" Y="243" T="119873136" />
  <Point X="79" Y="243" T="119873137" />
  <Point X="81" Y="242" T="119873151" />
  <Point X="86" Y="242" T="119873165" />
  <Point X="91" Y="243" T="119873180" />
  <Point X="96" Y="243" T="119873194" />
  <Point X="100" Y="242" T="119873209" />
  <Point X="102" Y="244" T="119873224" />
  <Point X="104" Y="245" T="119873225" />
  <Point X="108" Y="245" T="119873241" />
  <Point X="110" Y="245" T="119873257" />
  <Point X="112" Y="245" T="119873258" />
  <Point X="114" Y="245" T="119873274" />
  <Point X="120" Y="246" T="119873290" />
  <Point X="122" Y="245" T="119873307" />
  <Point X="127" Y="245" T="119873323" />
  <Point X="129" Y="245" T="119873340" />
  <Point X="131" Y="244" T="119873341" />
  <Point X="134" Y="244" T="119873358" />
  <Point X="136" Y="244" T="119873376" />
  <Point X="141" Y="243" T="119873393" />
  <Point X="143" Y="243" T="119873412" />
  <Point X="145" Y="243" T="119873430" />
  <Point X="147" Y="242" T="119873448" />
  <Point X="149" Y="243" T="119873467" />
  <Point X="152" Y="244" T="119873485" />
  <Point X="154" Y="243" T="119873507" />
  <Point X="156" Y="243" T="119873526" />
  <Point X="158" Y="242" T="119873546" />
  <Point X="160" Y="240" T="119873566" />
  <Point X="162" Y="241" T="119873585" />
  <Point X="164" Y="240" T="119873610" />
  <Point X="166" Y="240" T="119873630" />
  <Point X="168" Y="240" T="119873651" />
  <Point X="171" Y="240" T="119873671" />
  <Point X="173" Y="239" T="119873692" />
  <Point X="175" Y="239" T="119873746" />
  <Point X="175" Y="236" T="119873782" />
  <Point X="174" Y="234" T="119873806" />
  <Point X="174" Y="231" T="119873827" />
  <Point X="173" Y="229" T="119873849" />
  <Point X="172" Y="223" T="119873871" />
  <Point X="171" Y="220" T="119873893" />
  <Point X="170" Y="216" T="119873916" />
  <Point X="169" Y="211" T="119873939" />
  <Point X="168" Y="206" T="119873962" />
  <Point X="167" Y="200" T="119873985" />
  <Point X="167" Y="193" T="119874012" />
  <Point X="167" Y="187" T="119874039" />
  <Point X="166" Y="180" T="119874067" />
  <Point X="165" Y="176" T="119874091" />
  <Point X="165" Y="173" T="119874116" />
  <Point X="164" Y="168" T="119874141" />
  <Point X="164" Y="164" T="119874165" />
  <Point X="163" Y="162" T="119874190" />
  <Point X="162" Y="159" T="119874223" />
  <Point X="161" Y="157" T="119874283" />
  <Point X="160" Y="155" T="119874315" />
  <Point X="158" Y="155" T="119874347" />
  <Point X="156" Y="156" T="119874372" />
  <Point X="154" Y="156" T="119874398" />
  <Point X="149" Y="155" T="119874424" />
  <Point X="144" Y="156" T="119874451" />
  <Point X="139" Y="156" T="119874478" />
  <Point X="134" Y="155" T="119874504" />
  <Point X="128" Y="155" T="119874532" />
  <Point X="124" Y="154" T="119874562" />
  <Point X="119" Y="153" T="119874589" />
  <Point X="112" Y="154" T="119874617" />
  <Point X="106" Y="154" T="119874646" />
  <Point X="104" Y="153" T="119874647" />
  <Point X="99" Y="152" T="119874677" />
  <Point X="91" Y="150" T="119874706" />
  <Point X="84" Y="149" T="119874736" />
  <Point X="79" Y="150" T="119874765" />
</Gesture>