﻿<?xml version="1.0" encoding="utf-8" standalone="yes"?>
<Gesture Name="rectangle04" Subject="5" Speed="medium" Number="4" NumPts="125" Millseconds="2717" AppName="Gestures" AppVer="3.7.0.0" Date="Friday, March 09, 2007" TimeOfDay="9:55:56 PM">
  <Point X="51" Y="150" T="119869154" />
  <Point X="51" Y="152" T="119869202" />
  <Point X="51" Y="154" T="119869222" />
  <Point X="51" Y="156" T="119869242" />
  <Point X="50" Y="159" T="119869258" />
  <Point X="50" Y="162" T="119869269" />
  <Point X="50" Y="165" T="119869285" />
  <Point X="50" Y="168" T="119869301" />
  <Point X="50" Y="170" T="119869309" />
  <Point X="50" Y="173" T="119869325" />
  <Point X="50" Y="175" T="119869333" />
  <Point X="50" Y="177" T="119869345" />
  <Point X="50" Y="180" T="119869357" />
  <Point X="50" Y="182" T="119869365" />
  <Point X="50" Y="184" T="119869378" />
  <Point X="50" Y="187" T="119869387" />
  <Point X="50" Y="190" T="119869395" />
  <Point X="50" Y="192" T="119869403" />
  <Point X="50" Y="195" T="119869418" />
  <Point X="50" Y="197" T="119869430" />
  <Point X="50" Y="199" T="119869439" />
  <Point X="50" Y="202" T="119869451" />
  <Point X="51" Y="204" T="119869463" />
  <Point X="51" Y="206" T="119869473" />
  <Point X="51" Y="208" T="119869482" />
  <Point X="51" Y="210" T="119869492" />
  <Point X="51" Y="212" T="119869502" />
  <Point X="51" Y="214" T="119869504" />
  <Point X="51" Y="217" T="119869514" />
  <Point X="51" Y="219" T="119869525" />
  <Point X="51" Y="221" T="119869539" />
  <Point X="51" Y="223" T="119869550" />
  <Point X="51" Y="225" T="119869562" />
  <Point X="51" Y="228" T="119869575" />
  <Point X="51" Y="230" T="119869587" />
  <Point X="51" Y="233" T="119869600" />
  <Point X="51" Y="236" T="119869614" />
  <Point X="51" Y="238" T="119869632" />
  <Point X="51" Y="240" T="119869648" />
  <Point X="50" Y="242" T="119869684" />
  <Point X="51" Y="244" T="119869789" />
  <Point X="51" Y="246" T="119869841" />
  <Point X="51" Y="248" T="119869899" />
  <Point X="51" Y="250" T="119869947" />
  <Point X="53" Y="250" T="119870042" />
  <Point X="55" Y="251" T="119870062" />
  <Point X="57" Y="251" T="119870078" />
  <Point X="59" Y="250" T="119870092" />
  <Point X="62" Y="250" T="119870107" />
  <Point X="64" Y="250" T="119870122" />
  <Point X="66" Y="248" T="119870137" />
  <Point X="68" Y="248" T="119870153" />
  <Point X="70" Y="249" T="119870168" />
  <Point X="75" Y="249" T="119870184" />
  <Point X="77" Y="250" T="119870201" />
  <Point X="79" Y="250" T="119870217" />
  <Point X="84" Y="251" T="119870236" />
  <Point X="87" Y="251" T="119870253" />
  <Point X="89" Y="252" T="119870270" />
  <Point X="92" Y="253" T="119870271" />
  <Point X="94" Y="253" T="119870288" />
  <Point X="97" Y="253" T="119870305" />
  <Point X="101" Y="253" T="119870323" />
  <Point X="106" Y="252" T="119870341" />
  <Point X="111" Y="252" T="119870359" />
  <Point X="115" Y="252" T="119870378" />
  <Point X="119" Y="250" T="119870397" />
  <Point X="124" Y="250" T="119870415" />
  <Point X="130" Y="248" T="119870435" />
  <Point X="134" Y="247" T="119870454" />
  <Point X="136" Y="247" T="119870474" />
  <Point X="141" Y="247" T="119870493" />
  <Point X="143" Y="246" T="119870513" />
  <Point X="147" Y="246" T="119870534" />
  <Point X="151" Y="247" T="119870554" />
  <Point X="153" Y="247" T="119870575" />
  <Point X="156" Y="247" T="119870595" />
  <Point X="158" Y="247" T="119870616" />
  <Point X="163" Y="246" T="119870638" />
  <Point X="165" Y="247" T="119870659" />
  <Point X="167" Y="246" T="119870681" />
  <Point X="169" Y="246" T="119870711" />
  <Point X="172" Y="246" T="119870748" />
  <Point X="173" Y="244" T="119870848" />
  <Point X="173" Y="242" T="119870870" />
  <Point X="172" Y="238" T="119870893" />
  <Point X="171" Y="233" T="119870915" />
  <Point X="171" Y="231" T="119870916" />
  <Point X="170" Y="227" T="119870939" />
  <Point X="170" Y="224" T="119870963" />
  <Point X="168" Y="216" T="119870987" />
  <Point X="168" Y="212" T="119871010" />
  <Point X="168" Y="206" T="119871034" />
  <Point X="167" Y="201" T="119871059" />
  <Point X="167" Y="194" T="119871083" />
  <Point X="167" Y="187" T="119871108" />
  <Point X="167" Y="182" T="119871133" />
  <Point X="167" Y="175" T="119871160" />
  <Point X="167" Y="173" T="119871185" />
  <Point X="167" Y="171" T="119871210" />
  <Point X="166" Y="168" T="119871236" />
  <Point X="165" Y="166" T="119871262" />
  <Point X="164" Y="164" T="119871296" />
  <Point X="162" Y="162" T="119871323" />
  <Point X="161" Y="160" T="119871349" />
  <Point X="160" Y="157" T="119871375" />
  <Point X="158" Y="155" T="119871407" />
  <Point X="156" Y="154" T="119871435" />
  <Point X="154" Y="154" T="119871462" />
  <Point X="152" Y="154" T="119871489" />
  <Point X="150" Y="154" T="119871516" />
  <Point X="144" Y="153" T="119871545" />
  <Point X="139" Y="153" T="119871573" />
  <Point X="134" Y="152" T="119871601" />
  <Point X="127" Y="152" T="119871629" />
  <Point X="124" Y="152" T="119871658" />
  <Point X="122" Y="152" T="119871660" />
  <Point X="120" Y="151" T="119871688" />
  <Point X="115" Y="151" T="119871717" />
  <Point X="110" Y="151" T="119871749" />
  <Point X="101" Y="150" T="119871779" />
  <Point X="94" Y="150" T="119871810" />
  <Point X="85" Y="149" T="119871840" />
  <Point X="83" Y="149" T="119871870" />
  <Point X="81" Y="148" T="119871871" />
</Gesture>