﻿<?xml version="1.0" encoding="utf-8" standalone="yes"?>
<Gesture Name="rectangle06" Subject="5" Speed="medium" Number="6" NumPts="117" Millseconds="2488" AppName="Gestures" AppVer="3.7.0.0" Date="Friday, March 09, 2007" TimeOfDay="9:56:02 PM">
  <Point X="76" Y="149" T="119875378" />
  <Point X="71" Y="146" T="119875384" />
  <Point X="71" Y="148" T="119875485" />
  <Point X="71" Y="151" T="119875496" />
  <Point X="71" Y="154" T="119875505" />
  <Point X="71" Y="156" T="119875513" />
  <Point X="71" Y="158" T="119875522" />
  <Point X="71" Y="160" T="119875530" />
  <Point X="71" Y="163" T="119875538" />
  <Point X="71" Y="167" T="119875546" />
  <Point X="71" Y="170" T="119875554" />
  <Point X="71" Y="173" T="119875562" />
  <Point X="71" Y="175" T="119875570" />
  <Point X="71" Y="178" T="119875579" />
  <Point X="71" Y="180" T="119875587" />
  <Point X="71" Y="183" T="119875595" />
  <Point X="71" Y="185" T="119875603" />
  <Point X="71" Y="188" T="119875612" />
  <Point X="71" Y="191" T="119875620" />
  <Point X="71" Y="193" T="119875629" />
  <Point X="71" Y="195" T="119875638" />
  <Point X="71" Y="198" T="119875639" />
  <Point X="71" Y="201" T="119875649" />
  <Point X="71" Y="204" T="119875659" />
  <Point X="71" Y="209" T="119875669" />
  <Point X="71" Y="214" T="119875679" />
  <Point X="71" Y="216" T="119875689" />
  <Point X="71" Y="219" T="119875699" />
  <Point X="71" Y="221" T="119875710" />
  <Point X="71" Y="224" T="119875721" />
  <Point X="72" Y="226" T="119875731" />
  <Point X="72" Y="228" T="119875743" />
  <Point X="72" Y="231" T="119875754" />
  <Point X="72" Y="233" T="119875765" />
  <Point X="73" Y="235" T="119875782" />
  <Point X="75" Y="234" T="119875866" />
  <Point X="77" Y="234" T="119875891" />
  <Point X="79" Y="234" T="119875908" />
  <Point X="82" Y="233" T="119875923" />
  <Point X="84" Y="233" T="119875936" />
  <Point X="86" Y="232" T="119875949" />
  <Point X="89" Y="232" T="119875962" />
  <Point X="91" Y="232" T="119875963" />
  <Point X="93" Y="232" T="119875978" />
  <Point X="96" Y="232" T="119875993" />
  <Point X="102" Y="233" T="119876007" />
  <Point X="104" Y="233" T="119876022" />
  <Point X="106" Y="234" T="119876023" />
  <Point X="108" Y="234" T="119876040" />
  <Point X="113" Y="235" T="119876055" />
  <Point X="115" Y="234" T="119876070" />
  <Point X="117" Y="234" T="119876072" />
  <Point X="120" Y="234" T="119876089" />
  <Point X="124" Y="234" T="119876105" />
  <Point X="126" Y="234" T="119876121" />
  <Point X="132" Y="234" T="119876137" />
  <Point X="134" Y="235" T="119876154" />
  <Point X="136" Y="235" T="119876170" />
  <Point X="139" Y="236" T="119876172" />
  <Point X="141" Y="236" T="119876190" />
  <Point X="143" Y="236" T="119876208" />
  <Point X="145" Y="236" T="119876226" />
  <Point X="148" Y="236" T="119876244" />
  <Point X="150" Y="236" T="119876262" />
  <Point X="155" Y="235" T="119876280" />
  <Point X="157" Y="235" T="119876298" />
  <Point X="159" Y="236" T="119876317" />
  <Point X="161" Y="235" T="119876335" />
  <Point X="163" Y="235" T="119876355" />
  <Point X="165" Y="235" T="119876395" />
  <Point X="167" Y="233" T="119876456" />
  <Point X="168" Y="231" T="119876492" />
  <Point X="168" Y="229" T="119876533" />
  <Point X="168" Y="226" T="119876564" />
  <Point X="168" Y="224" T="119876589" />
  <Point X="168" Y="222" T="119876609" />
  <Point X="168" Y="220" T="119876630" />
  <Point X="168" Y="217" T="119876650" />
  <Point X="168" Y="215" T="119876671" />
  <Point X="168" Y="210" T="119876693" />
  <Point X="168" Y="205" T="119876714" />
  <Point X="168" Y="202" T="119876736" />
  <Point X="167" Y="197" T="119876758" />
  <Point X="167" Y="192" T="119876780" />
  <Point X="166" Y="187" T="119876803" />
  <Point X="166" Y="183" T="119876825" />
  <Point X="166" Y="176" T="119876848" />
  <Point X="166" Y="174" T="119876871" />
  <Point X="166" Y="170" T="119876896" />
  <Point X="165" Y="167" T="119876920" />
  <Point X="165" Y="165" T="119876943" />
  <Point X="164" Y="163" T="119876966" />
  <Point X="163" Y="161" T="119876990" />
  <Point X="162" Y="159" T="119877017" />
  <Point X="162" Y="157" T="119877041" />
  <Point X="162" Y="155" T="119877202" />
  <Point X="162" Y="153" T="119877286" />
  <Point X="160" Y="152" T="119877350" />
  <Point X="158" Y="153" T="119877375" />
  <Point X="156" Y="154" T="119877400" />
  <Point X="154" Y="155" T="119877426" />
  <Point X="150" Y="154" T="119877454" />
  <Point X="148" Y="153" T="119877480" />
  <Point X="143" Y="153" T="119877506" />
  <Point X="141" Y="154" T="119877532" />
  <Point X="137" Y="153" T="119877559" />
  <Point X="132" Y="155" T="119877586" />
  <Point X="128" Y="156" T="119877613" />
  <Point X="126" Y="155" T="119877640" />
  <Point X="122" Y="154" T="119877668" />
  <Point X="120" Y="154" T="119877695" />
  <Point X="113" Y="153" T="119877723" />
  <Point X="111" Y="152" T="119877751" />
  <Point X="106" Y="152" T="119877779" />
  <Point X="102" Y="150" T="119877808" />
  <Point X="97" Y="148" T="119877837" />
  <Point X="95" Y="148" T="119877866" />
</Gesture>