﻿<?xml version="1.0" encoding="utf-8" standalone="yes"?>
<Gesture Name="rectangle10" Subject="5" Speed="medium" Number="10" NumPts="118" Millseconds="2578" AppName="Gestures" AppVer="3.7.0.0" Date="Friday, March 09, 2007" TimeOfDay="9:56:15 PM">
  <Point X="87" Y="139" T="119887996" />
  <Point X="87" Y="141" T="119888062" />
  <Point X="87" Y="143" T="119888087" />
  <Point X="86" Y="145" T="119888099" />
  <Point X="86" Y="147" T="119888111" />
  <Point X="86" Y="149" T="119888127" />
  <Point X="86" Y="151" T="119888135" />
  <Point X="86" Y="154" T="119888143" />
  <Point X="86" Y="157" T="119888155" />
  <Point X="86" Y="159" T="119888163" />
  <Point X="86" Y="161" T="119888171" />
  <Point X="86" Y="164" T="119888179" />
  <Point X="87" Y="166" T="119888187" />
  <Point X="87" Y="168" T="119888200" />
  <Point X="87" Y="171" T="119888208" />
  <Point X="87" Y="174" T="119888221" />
  <Point X="87" Y="176" T="119888230" />
  <Point X="87" Y="178" T="119888238" />
  <Point X="87" Y="181" T="119888247" />
  <Point X="88" Y="183" T="119888259" />
  <Point X="88" Y="186" T="119888275" />
  <Point X="88" Y="188" T="119888285" />
  <Point X="88" Y="191" T="119888307" />
  <Point X="88" Y="194" T="119888317" />
  <Point X="88" Y="196" T="119888328" />
  <Point X="88" Y="198" T="119888340" />
  <Point X="88" Y="201" T="119888351" />
  <Point X="88" Y="203" T="119888364" />
  <Point X="88" Y="205" T="119888376" />
  <Point X="88" Y="207" T="119888388" />
  <Point X="88" Y="210" T="119888404" />
  <Point X="88" Y="212" T="119888420" />
  <Point X="88" Y="215" T="119888437" />
  <Point X="88" Y="217" T="119888453" />
  <Point X="88" Y="219" T="119888482" />
  <Point X="88" Y="221" T="119888503" />
  <Point X="90" Y="222" T="119888621" />
  <Point X="92" Y="222" T="119888640" />
  <Point X="94" Y="221" T="119888655" />
  <Point X="96" Y="222" T="119888668" />
  <Point X="99" Y="222" T="119888684" />
  <Point X="101" Y="222" T="119888698" />
  <Point X="105" Y="223" T="119888713" />
  <Point X="108" Y="222" T="119888727" />
  <Point X="111" Y="222" T="119888742" />
  <Point X="115" Y="223" T="119888757" />
  <Point X="117" Y="223" T="119888773" />
  <Point X="122" Y="223" T="119888789" />
  <Point X="124" Y="221" T="119888805" />
  <Point X="127" Y="222" T="119888820" />
  <Point X="131" Y="221" T="119888837" />
  <Point X="134" Y="221" T="119888853" />
  <Point X="138" Y="221" T="119888869" />
  <Point X="142" Y="221" T="119888889" />
  <Point X="145" Y="220" T="119888890" />
  <Point X="149" Y="221" T="119888909" />
  <Point X="154" Y="220" T="119888926" />
  <Point X="158" Y="220" T="119888944" />
  <Point X="163" Y="221" T="119888962" />
  <Point X="165" Y="220" T="119888980" />
  <Point X="167" Y="221" T="119889002" />
  <Point X="170" Y="221" T="119889020" />
  <Point X="172" Y="221" T="119889038" />
  <Point X="174" Y="221" T="119889057" />
  <Point X="176" Y="220" T="119889076" />
  <Point X="178" Y="221" T="119889098" />
  <Point X="180" Y="221" T="119889118" />
  <Point X="182" Y="221" T="119889137" />
  <Point X="184" Y="221" T="119889157" />
  <Point X="187" Y="220" T="119889178" />
  <Point X="189" Y="219" T="119889201" />
  <Point X="191" Y="218" T="119889239" />
  <Point X="193" Y="216" T="119889292" />
  <Point X="193" Y="214" T="119889372" />
  <Point X="193" Y="211" T="119889393" />
  <Point X="193" Y="209" T="119889418" />
  <Point X="193" Y="207" T="119889439" />
  <Point X="193" Y="202" T="119889461" />
  <Point X="193" Y="198" T="119889483" />
  <Point X="192" Y="193" T="119889506" />
  <Point X="192" Y="188" T="119889529" />
  <Point X="193" Y="183" T="119889551" />
  <Point X="193" Y="179" T="119889574" />
  <Point X="193" Y="173" T="119889597" />
  <Point X="193" Y="168" T="119889621" />
  <Point X="194" Y="163" T="119889644" />
  <Point X="194" Y="159" T="119889668" />
  <Point X="194" Y="155" T="119889692" />
  <Point X="194" Y="151" T="119889715" />
  <Point X="194" Y="148" T="119889739" />
  <Point X="194" Y="146" T="119889764" />
  <Point X="194" Y="144" T="119889788" />
  <Point X="194" Y="141" T="119889814" />
  <Point X="193" Y="139" T="119889839" />
  <Point X="194" Y="137" T="119889864" />
  <Point X="194" Y="135" T="119889890" />
  <Point X="192" Y="133" T="119889999" />
  <Point X="190" Y="133" T="119890028" />
  <Point X="188" Y="132" T="119890054" />
  <Point X="186" Y="133" T="119890081" />
  <Point X="181" Y="132" T="119890112" />
  <Point X="177" Y="133" T="119890139" />
  <Point X="174" Y="132" T="119890141" />
  <Point X="170" Y="133" T="119890168" />
  <Point X="165" Y="134" T="119890196" />
  <Point X="161" Y="134" T="119890223" />
  <Point X="157" Y="134" T="119890251" />
  <Point X="152" Y="134" T="119890279" />
  <Point X="148" Y="135" T="119890307" />
  <Point X="143" Y="136" T="119890336" />
  <Point X="139" Y="135" T="119890365" />
  <Point X="135" Y="135" T="119890394" />
  <Point X="130" Y="137" T="119890423" />
  <Point X="124" Y="136" T="119890452" />
  <Point X="119" Y="137" T="119890482" />
  <Point X="112" Y="137" T="119890512" />
  <Point X="105" Y="138" T="119890544" />
  <Point X="103" Y="139" T="119890574" />
</Gesture>