﻿<?xml version="1.0" encoding="utf-8" standalone="yes"?>
<Gesture Name="rectangle02" Subject="5" Speed="medium" Number="2" NumPts="115" Millseconds="2224" AppName="Gestures" AppVer="3.7.0.0" Date="Friday, March 09, 2007" TimeOfDay="9:55:47 PM">
  <Point X="61" Y="144" T="119860523" />
  <Point X="61" Y="146" T="119860567" />
  <Point X="60" Y="148" T="119860595" />
  <Point X="60" Y="150" T="119860604" />
  <Point X="60" Y="153" T="119860619" />
  <Point X="60" Y="156" T="119860627" />
  <Point X="60" Y="158" T="119860635" />
  <Point X="60" Y="161" T="119860643" />
  <Point X="60" Y="163" T="119860651" />
  <Point X="60" Y="166" T="119860659" />
  <Point X="60" Y="168" T="119860667" />
  <Point X="59" Y="171" T="119860679" />
  <Point X="59" Y="173" T="119860686" />
  <Point X="59" Y="176" T="119860695" />
  <Point X="59" Y="178" T="119860703" />
  <Point X="59" Y="180" T="119860712" />
  <Point X="59" Y="183" T="119860720" />
  <Point X="58" Y="185" T="119860731" />
  <Point X="58" Y="187" T="119860740" />
  <Point X="58" Y="189" T="119860752" />
  <Point X="58" Y="192" T="119860764" />
  <Point X="58" Y="194" T="119860776" />
  <Point X="58" Y="197" T="119860788" />
  <Point X="58" Y="199" T="119860797" />
  <Point X="58" Y="202" T="119860812" />
  <Point X="57" Y="204" T="119860824" />
  <Point X="57" Y="207" T="119860844" />
  <Point X="57" Y="209" T="119860856" />
  <Point X="57" Y="211" T="119860873" />
  <Point X="57" Y="213" T="119860889" />
  <Point X="57" Y="216" T="119860909" />
  <Point X="57" Y="218" T="119860920" />
  <Point X="57" Y="221" T="119860933" />
  <Point X="57" Y="224" T="119860949" />
  <Point X="57" Y="226" T="119860962" />
  <Point X="57" Y="229" T="119860978" />
  <Point X="57" Y="233" T="119860998" />
  <Point X="56" Y="235" T="119861017" />
  <Point X="56" Y="237" T="119861033" />
  <Point X="56" Y="240" T="119861057" />
  <Point X="58" Y="240" T="119861105" />
  <Point X="60" Y="242" T="119861125" />
  <Point X="62" Y="242" T="119861145" />
  <Point X="64" Y="244" T="119861159" />
  <Point X="66" Y="244" T="119861173" />
  <Point X="68" Y="243" T="119861187" />
  <Point X="71" Y="244" T="119861201" />
  <Point X="75" Y="243" T="119861216" />
  <Point X="77" Y="242" T="119861230" />
  <Point X="82" Y="242" T="119861246" />
  <Point X="87" Y="240" T="119861261" />
  <Point X="91" Y="240" T="119861276" />
  <Point X="95" Y="239" T="119861292" />
  <Point X="98" Y="238" T="119861308" />
  <Point X="102" Y="238" T="119861324" />
  <Point X="104" Y="237" T="119861340" />
  <Point X="106" Y="237" T="119861341" />
  <Point X="109" Y="237" T="119861358" />
  <Point X="111" Y="237" T="119861375" />
  <Point X="116" Y="237" T="119861392" />
  <Point X="118" Y="238" T="119861410" />
  <Point X="122" Y="238" T="119861427" />
  <Point X="124" Y="238" T="119861444" />
  <Point X="129" Y="239" T="119861465" />
  <Point X="132" Y="237" T="119861482" />
  <Point X="136" Y="238" T="119861500" />
  <Point X="138" Y="237" T="119861519" />
  <Point X="141" Y="238" T="119861537" />
  <Point X="143" Y="236" T="119861555" />
  <Point X="145" Y="237" T="119861574" />
  <Point X="147" Y="236" T="119861596" />
  <Point X="149" Y="235" T="119861631" />
  <Point X="151" Y="233" T="119861682" />
  <Point X="151" Y="231" T="119861702" />
  <Point X="151" Y="228" T="119861723" />
  <Point X="151" Y="226" T="119861743" />
  <Point X="151" Y="222" T="119861764" />
  <Point X="151" Y="218" T="119861785" />
  <Point X="151" Y="215" T="119861806" />
  <Point X="151" Y="210" T="119861827" />
  <Point X="151" Y="206" T="119861848" />
  <Point X="151" Y="204" T="119861870" />
  <Point X="151" Y="199" T="119861892" />
  <Point X="151" Y="194" T="119861914" />
  <Point X="151" Y="192" T="119861936" />
  <Point X="151" Y="183" T="119861959" />
  <Point X="151" Y="178" T="119861982" />
  <Point X="151" Y="174" T="119862004" />
  <Point X="152" Y="169" T="119862028" />
  <Point X="152" Y="165" T="119862052" />
  <Point X="152" Y="161" T="119862075" />
  <Point X="152" Y="157" T="119862099" />
  <Point X="152" Y="155" T="119862123" />
  <Point X="151" Y="150" T="119862147" />
  <Point X="151" Y="148" T="119862172" />
  <Point X="151" Y="146" T="119862196" />
  <Point X="150" Y="144" T="119862223" />
  <Point X="148" Y="142" T="119862272" />
  <Point X="146" Y="140" T="119862299" />
  <Point X="144" Y="139" T="119862330" />
  <Point X="142" Y="138" T="119862355" />
  <Point X="140" Y="138" T="119862382" />
  <Point X="138" Y="139" T="119862408" />
  <Point X="136" Y="138" T="119862434" />
  <Point X="134" Y="140" T="119862461" />
  <Point X="130" Y="139" T="119862491" />
  <Point X="126" Y="139" T="119862523" />
  <Point X="123" Y="137" T="119862550" />
  <Point X="120" Y="136" T="119862577" />
  <Point X="115" Y="136" T="119862605" />
  <Point X="110" Y="135" T="119862632" />
  <Point X="106" Y="134" T="119862660" />
  <Point X="102" Y="134" T="119862691" />
  <Point X="97" Y="135" T="119862719" />
  <Point X="95" Y="135" T="119862747" />
</Gesture>