﻿<?xml version="1.0" encoding="utf-8" standalone="yes"?>
<Gesture Name="rectangle08" Subject="5" Speed="medium" Number="8" NumPts="119" Millseconds="2534" AppName="Gestures" AppVer="3.7.0.0" Date="Friday, March 09, 2007" TimeOfDay="9:56:08 PM">
  <Point X="82" Y="142" T="119881713" />
  <Point X="82" Y="144" T="119881801" />
  <Point X="83" Y="146" T="119881814" />
  <Point X="83" Y="148" T="119881826" />
  <Point X="83" Y="151" T="119881834" />
  <Point X="83" Y="153" T="119881847" />
  <Point X="84" Y="156" T="119881855" />
  <Point X="84" Y="159" T="119881863" />
  <Point X="84" Y="161" T="119881870" />
  <Point X="84" Y="164" T="119881878" />
  <Point X="84" Y="167" T="119881885" />
  <Point X="84" Y="169" T="119881893" />
  <Point X="84" Y="171" T="119881901" />
  <Point X="84" Y="174" T="119881909" />
  <Point X="84" Y="176" T="119881919" />
  <Point X="84" Y="178" T="119881928" />
  <Point X="84" Y="181" T="119881937" />
  <Point X="85" Y="183" T="119881947" />
  <Point X="85" Y="186" T="119881955" />
  <Point X="86" Y="189" T="119881965" />
  <Point X="86" Y="192" T="119881975" />
  <Point X="87" Y="194" T="119881985" />
  <Point X="87" Y="197" T="119881995" />
  <Point X="88" Y="199" T="119881996" />
  <Point X="88" Y="202" T="119882008" />
  <Point X="88" Y="204" T="119882019" />
  <Point X="88" Y="206" T="119882031" />
  <Point X="89" Y="209" T="119882042" />
  <Point X="89" Y="211" T="119882054" />
  <Point X="89" Y="215" T="119882066" />
  <Point X="89" Y="217" T="119882079" />
  <Point X="89" Y="220" T="119882091" />
  <Point X="89" Y="223" T="119882104" />
  <Point X="89" Y="225" T="119882120" />
  <Point X="89" Y="227" T="119882136" />
  <Point X="89" Y="230" T="119882149" />
  <Point X="89" Y="232" T="119882210" />
  <Point X="91" Y="230" T="119882258" />
  <Point X="93" Y="228" T="119882279" />
  <Point X="96" Y="229" T="119882299" />
  <Point X="98" Y="230" T="119882315" />
  <Point X="100" Y="228" T="119882329" />
  <Point X="103" Y="229" T="119882343" />
  <Point X="106" Y="228" T="119882358" />
  <Point X="110" Y="228" T="119882373" />
  <Point X="114" Y="228" T="119882388" />
  <Point X="119" Y="227" T="119882403" />
  <Point X="121" Y="227" T="119882419" />
  <Point X="123" Y="228" T="119882420" />
  <Point X="128" Y="229" T="119882438" />
  <Point X="132" Y="228" T="119882454" />
  <Point X="135" Y="228" T="119882471" />
  <Point X="137" Y="228" T="119882472" />
  <Point X="139" Y="228" T="119882489" />
  <Point X="144" Y="227" T="119882506" />
  <Point X="148" Y="226" T="119882525" />
  <Point X="153" Y="226" T="119882542" />
  <Point X="158" Y="226" T="119882560" />
  <Point X="161" Y="226" T="119882578" />
  <Point X="163" Y="225" T="119882580" />
  <Point X="165" Y="225" T="119882598" />
  <Point X="167" Y="225" T="119882617" />
  <Point X="169" Y="224" T="119882636" />
  <Point X="171" Y="225" T="119882654" />
  <Point X="174" Y="225" T="119882673" />
  <Point X="176" Y="225" T="119882693" />
  <Point X="178" Y="225" T="119882715" />
  <Point X="180" Y="225" T="119882747" />
  <Point X="182" Y="223" T="119882771" />
  <Point X="184" Y="223" T="119882807" />
  <Point X="186" Y="221" T="119882847" />
  <Point X="188" Y="220" T="119882887" />
  <Point X="189" Y="218" T="119882912" />
  <Point X="191" Y="216" T="119882997" />
  <Point X="191" Y="214" T="119883017" />
  <Point X="191" Y="211" T="119883038" />
  <Point X="191" Y="207" T="119883060" />
  <Point X="191" Y="204" T="119883082" />
  <Point X="191" Y="200" T="119883103" />
  <Point X="190" Y="194" T="119883126" />
  <Point X="190" Y="189" T="119883148" />
  <Point X="190" Y="184" T="119883171" />
  <Point X="189" Y="180" T="119883194" />
  <Point X="188" Y="172" T="119883217" />
  <Point X="188" Y="169" T="119883240" />
  <Point X="187" Y="165" T="119883264" />
  <Point X="187" Y="162" T="119883287" />
  <Point X="186" Y="156" T="119883312" />
  <Point X="186" Y="152" T="119883336" />
  <Point X="186" Y="150" T="119883361" />
  <Point X="185" Y="148" T="119883386" />
  <Point X="185" Y="144" T="119883411" />
  <Point X="185" Y="141" T="119883445" />
  <Point X="183" Y="140" T="119883547" />
  <Point X="181" Y="140" T="119883583" />
  <Point X="179" Y="140" T="119883617" />
  <Point X="177" Y="138" T="119883647" />
  <Point X="175" Y="139" T="119883673" />
  <Point X="172" Y="138" T="119883698" />
  <Point X="168" Y="137" T="119883725" />
  <Point X="163" Y="137" T="119883754" />
  <Point X="161" Y="137" T="119883780" />
  <Point X="159" Y="137" T="119883807" />
  <Point X="157" Y="136" T="119883834" />
  <Point X="155" Y="137" T="119883836" />
  <Point X="153" Y="136" T="119883864" />
  <Point X="148" Y="137" T="119883892" />
  <Point X="142" Y="139" T="119883920" />
  <Point X="138" Y="139" T="119883948" />
  <Point X="134" Y="141" T="119883977" />
  <Point X="129" Y="140" T="119884008" />
  <Point X="125" Y="140" T="119884038" />
  <Point X="120" Y="140" T="119884068" />
  <Point X="116" Y="139" T="119884097" />
  <Point X="109" Y="138" T="119884128" />
  <Point X="105" Y="139" T="119884157" />
  <Point X="98" Y="138" T="119884188" />
  <Point X="96" Y="139" T="119884218" />
  <Point X="94" Y="139" T="119884247" />
</Gesture>