﻿<?xml version="1.0" encoding="utf-8" standalone="yes"?>
<Gesture Name="rectangle01" Subject="5" Speed="medium" Number="1" NumPts="149" Millseconds="3430" AppName="Gestures" AppVer="3.7.0.0" Date="Friday, March 09, 2007" TimeOfDay="9:55:44 PM">
  <Point X="36" Y="151" T="119856162" />
  <Point X="36" Y="153" T="119856217" />
  <Point X="36" Y="155" T="119856238" />
  <Point X="37" Y="158" T="119856257" />
  <Point X="37" Y="160" T="119856278" />
  <Point X="37" Y="162" T="119856298" />
  <Point X="37" Y="165" T="119856306" />
  <Point X="37" Y="167" T="119856314" />
  <Point X="37" Y="169" T="119856334" />
  <Point X="38" Y="171" T="119856342" />
  <Point X="38" Y="173" T="119856350" />
  <Point X="38" Y="176" T="119856358" />
  <Point X="38" Y="178" T="119856370" />
  <Point X="38" Y="181" T="119856377" />
  <Point X="38" Y="183" T="119856385" />
  <Point X="38" Y="185" T="119856394" />
  <Point X="38" Y="188" T="119856403" />
  <Point X="38" Y="190" T="119856411" />
  <Point X="38" Y="192" T="119856420" />
  <Point X="39" Y="194" T="119856431" />
  <Point X="39" Y="196" T="119856440" />
  <Point X="39" Y="199" T="119856449" />
  <Point X="39" Y="201" T="119856459" />
  <Point X="39" Y="203" T="119856471" />
  <Point X="39" Y="206" T="119856483" />
  <Point X="39" Y="209" T="119856495" />
  <Point X="39" Y="212" T="119856513" />
  <Point X="39" Y="214" T="119856529" />
  <Point X="39" Y="216" T="119856539" />
  <Point X="38" Y="218" T="119856550" />
  <Point X="38" Y="221" T="119856566" />
  <Point X="38" Y="223" T="119856577" />
  <Point X="38" Y="225" T="119856590" />
  <Point X="39" Y="227" T="119856603" />
  <Point X="39" Y="229" T="119856614" />
  <Point X="39" Y="232" T="119856626" />
  <Point X="39" Y="234" T="119856639" />
  <Point X="39" Y="236" T="119856652" />
  <Point X="40" Y="238" T="119856666" />
  <Point X="40" Y="240" T="119856679" />
  <Point X="40" Y="243" T="119856698" />
  <Point X="40" Y="245" T="119856711" />
  <Point X="40" Y="247" T="119856725" />
  <Point X="41" Y="249" T="119856738" />
  <Point X="41" Y="251" T="119856754" />
  <Point X="41" Y="253" T="119856774" />
  <Point X="43" Y="254" T="119856896" />
  <Point X="45" Y="254" T="119856920" />
  <Point X="47" Y="254" T="119856936" />
  <Point X="50" Y="255" T="119856952" />
  <Point X="52" Y="254" T="119856967" />
  <Point X="54" Y="255" T="119856983" />
  <Point X="56" Y="254" T="119856998" />
  <Point X="58" Y="254" T="119857014" />
  <Point X="61" Y="253" T="119857029" />
  <Point X="63" Y="252" T="119857045" />
  <Point X="65" Y="252" T="119857062" />
  <Point X="67" Y="252" T="119857078" />
  <Point X="70" Y="252" T="119857095" />
  <Point X="72" Y="252" T="119857112" />
  <Point X="74" Y="252" T="119857129" />
  <Point X="77" Y="252" T="119857147" />
  <Point X="79" Y="253" T="119857167" />
  <Point X="81" Y="252" T="119857185" />
  <Point X="83" Y="252" T="119857203" />
  <Point X="85" Y="252" T="119857221" />
  <Point X="87" Y="252" T="119857240" />
  <Point X="92" Y="251" T="119857260" />
  <Point X="94" Y="252" T="119857279" />
  <Point X="96" Y="252" T="119857297" />
  <Point X="98" Y="252" T="119857317" />
  <Point X="100" Y="251" T="119857336" />
  <Point X="102" Y="252" T="119857355" />
  <Point X="104" Y="252" T="119857376" />
  <Point X="106" Y="252" T="119857396" />
  <Point X="109" Y="251" T="119857421" />
  <Point X="111" Y="251" T="119857441" />
  <Point X="113" Y="251" T="119857462" />
  <Point X="115" Y="250" T="119857482" />
  <Point X="117" Y="250" T="119857504" />
  <Point X="121" Y="250" T="119857526" />
  <Point X="123" Y="250" T="119857549" />
  <Point X="126" Y="249" T="119857571" />
  <Point X="128" Y="249" T="119857593" />
  <Point X="130" Y="250" T="119857615" />
  <Point X="132" Y="250" T="119857637" />
  <Point X="134" Y="249" T="119857662" />
  <Point X="136" Y="249" T="119857686" />
  <Point X="138" Y="249" T="119857709" />
  <Point X="140" Y="249" T="119857732" />
  <Point X="142" Y="249" T="119857755" />
  <Point X="144" Y="249" T="119857779" />
  <Point X="147" Y="248" T="119857804" />
  <Point X="149" Y="248" T="119857830" />
  <Point X="151" Y="248" T="119857859" />
  <Point X="153" Y="248" T="119857899" />
  <Point X="153" Y="246" T="119858052" />
  <Point X="153" Y="243" T="119858077" />
  <Point X="153" Y="241" T="119858101" />
  <Point X="154" Y="237" T="119858127" />
  <Point X="154" Y="235" T="119858155" />
  <Point X="155" Y="230" T="119858181" />
  <Point X="154" Y="227" T="119858207" />
  <Point X="154" Y="223" T="119858233" />
  <Point X="154" Y="218" T="119858260" />
  <Point X="154" Y="216" T="119858287" />
  <Point X="154" Y="211" T="119858314" />
  <Point X="154" Y="207" T="119858341" />
  <Point X="154" Y="202" T="119858369" />
  <Point X="154" Y="199" T="119858396" />
  <Point X="154" Y="197" T="119858397" />
  <Point X="154" Y="193" T="119858425" />
  <Point X="154" Y="188" T="119858453" />
  <Point X="155" Y="186" T="119858481" />
  <Point X="155" Y="181" T="119858514" />
  <Point X="156" Y="175" T="119858547" />
  <Point X="157" Y="170" T="119858589" />
  <Point X="157" Y="166" T="119858619" />
  <Point X="157" Y="164" T="119858648" />
  <Point X="157" Y="161" T="119858678" />
  <Point X="156" Y="157" T="119858708" />
  <Point X="156" Y="155" T="119858738" />
  <Point X="155" Y="151" T="119858769" />
  <Point X="155" Y="149" T="119858798" />
  <Point X="154" Y="146" T="119858828" />
  <Point X="153" Y="144" T="119858858" />
  <Point X="152" Y="142" T="119858889" />
  <Point X="150" Y="141" T="119858920" />
  <Point X="148" Y="139" T="119858951" />
  <Point X="146" Y="139" T="119858982" />
  <Point X="144" Y="140" T="119859013" />
  <Point X="140" Y="139" T="119859045" />
  <Point X="138" Y="139" T="119859077" />
  <Point X="134" Y="140" T="119859109" />
  <Point X="129" Y="139" T="119859141" />
  <Point X="125" Y="138" T="119859177" />
  <Point X="121" Y="138" T="119859211" />
  <Point X="116" Y="138" T="119859244" />
  <Point X="114" Y="137" T="119859279" />
  <Point X="108" Y="138" T="119859312" />
  <Point X="103" Y="138" T="119859346" />
  <Point X="99" Y="138" T="119859381" />
  <Point X="94" Y="138" T="119859415" />
  <Point X="92" Y="138" T="119859416" />
  <Point X="88" Y="138" T="119859451" />
  <Point X="83" Y="137" T="119859486" />
  <Point X="76" Y="136" T="119859521" />
  <Point X="69" Y="135" T="119859556" />
  <Point X="64" Y="134" T="119859592" />
</Gesture>