﻿<?xml version="1.0" encoding="utf-8" standalone="yes"?>
<Gesture Name="rectangle09" Subject="5" Speed="medium" Number="9" NumPts="117" Millseconds="2470" AppName="Gestures" AppVer="3.7.0.0" Date="Friday, March 09, 2007" TimeOfDay="9:56:11 PM">
  <Point X="82" Y="142" T="119884900" />
  <Point X="82" Y="145" T="119884978" />
  <Point X="82" Y="147" T="119884991" />
  <Point X="82" Y="150" T="119884999" />
  <Point X="82" Y="152" T="119885008" />
  <Point X="82" Y="155" T="119885015" />
  <Point X="82" Y="157" T="119885026" />
  <Point X="82" Y="159" T="119885034" />
  <Point X="82" Y="162" T="119885042" />
  <Point X="82" Y="164" T="119885050" />
  <Point X="82" Y="167" T="119885062" />
  <Point X="82" Y="169" T="119885070" />
  <Point X="82" Y="172" T="119885078" />
  <Point X="82" Y="175" T="119885091" />
  <Point X="82" Y="177" T="119885103" />
  <Point X="82" Y="180" T="119885112" />
  <Point X="83" Y="182" T="119885120" />
  <Point X="82" Y="185" T="119885128" />
  <Point X="83" Y="187" T="119885147" />
  <Point X="83" Y="190" T="119885156" />
  <Point X="83" Y="192" T="119885168" />
  <Point X="83" Y="195" T="119885184" />
  <Point X="83" Y="197" T="119885193" />
  <Point X="84" Y="199" T="119885203" />
  <Point X="84" Y="201" T="119885213" />
  <Point X="84" Y="203" T="119885224" />
  <Point X="84" Y="205" T="119885234" />
  <Point X="84" Y="208" T="119885245" />
  <Point X="84" Y="210" T="119885256" />
  <Point X="84" Y="213" T="119885272" />
  <Point X="84" Y="215" T="119885288" />
  <Point X="84" Y="217" T="119885300" />
  <Point X="85" Y="219" T="119885324" />
  <Point X="85" Y="221" T="119885345" />
  <Point X="85" Y="223" T="119885368" />
  <Point X="84" Y="225" T="119885410" />
  <Point X="87" Y="226" T="119885511" />
  <Point X="89" Y="226" T="119885535" />
  <Point X="91" Y="226" T="119885548" />
  <Point X="93" Y="226" T="119885560" />
  <Point X="96" Y="225" T="119885573" />
  <Point X="99" Y="225" T="119885587" />
  <Point X="103" Y="226" T="119885600" />
  <Point X="105" Y="226" T="119885614" />
  <Point X="108" Y="226" T="119885615" />
  <Point X="110" Y="226" T="119885630" />
  <Point X="112" Y="228" T="119885632" />
  <Point X="117" Y="228" T="119885648" />
  <Point X="121" Y="229" T="119885663" />
  <Point X="123" Y="229" T="119885678" />
  <Point X="125" Y="230" T="119885679" />
  <Point X="129" Y="229" T="119885696" />
  <Point X="133" Y="228" T="119885712" />
  <Point X="137" Y="228" T="119885728" />
  <Point X="141" Y="227" T="119885745" />
  <Point X="144" Y="227" T="119885761" />
  <Point X="148" Y="226" T="119885778" />
  <Point X="150" Y="225" T="119885795" />
  <Point X="155" Y="225" T="119885812" />
  <Point X="158" Y="224" T="119885830" />
  <Point X="162" Y="224" T="119885848" />
  <Point X="164" Y="224" T="119885865" />
  <Point X="166" Y="224" T="119885883" />
  <Point X="170" Y="223" T="119885904" />
  <Point X="173" Y="223" T="119885925" />
  <Point X="175" Y="224" T="119885944" />
  <Point X="178" Y="224" T="119885963" />
  <Point X="180" Y="224" T="119885982" />
  <Point X="182" Y="223" T="119886001" />
  <Point X="184" Y="223" T="119886020" />
  <Point X="186" Y="222" T="119886056" />
  <Point X="188" Y="222" T="119886097" />
  <Point X="190" Y="220" T="119886138" />
  <Point X="192" Y="220" T="119886191" />
  <Point X="192" Y="218" T="119886228" />
  <Point X="193" Y="216" T="119886260" />
  <Point X="193" Y="213" T="119886289" />
  <Point X="193" Y="211" T="119886310" />
  <Point X="193" Y="209" T="119886331" />
  <Point X="193" Y="204" T="119886352" />
  <Point X="193" Y="200" T="119886374" />
  <Point X="193" Y="198" T="119886395" />
  <Point X="193" Y="191" T="119886418" />
  <Point X="193" Y="186" T="119886440" />
  <Point X="193" Y="181" T="119886463" />
  <Point X="192" Y="173" T="119886486" />
  <Point X="192" Y="169" T="119886509" />
  <Point X="192" Y="167" T="119886532" />
  <Point X="190" Y="161" T="119886555" />
  <Point X="190" Y="157" T="119886579" />
  <Point X="189" Y="154" T="119886603" />
  <Point X="189" Y="152" T="119886627" />
  <Point X="189" Y="149" T="119886651" />
  <Point X="188" Y="147" T="119886674" />
  <Point X="188" Y="144" T="119886699" />
  <Point X="188" Y="142" T="119886723" />
  <Point X="187" Y="140" T="119886748" />
  <Point X="186" Y="138" T="119886786" />
  <Point X="186" Y="136" T="119886814" />
  <Point X="184" Y="135" T="119886918" />
  <Point X="182" Y="135" T="119886950" />
  <Point X="180" Y="136" T="119886976" />
  <Point X="177" Y="136" T="119887002" />
  <Point X="175" Y="137" T="119887003" />
  <Point X="168" Y="137" T="119887031" />
  <Point X="162" Y="137" T="119887059" />
  <Point X="157" Y="136" T="119887086" />
  <Point X="153" Y="136" T="119887113" />
  <Point X="148" Y="134" T="119887141" />
  <Point X="144" Y="134" T="119887169" />
  <Point X="139" Y="135" T="119887197" />
  <Point X="131" Y="135" T="119887225" />
  <Point X="126" Y="135" T="119887254" />
  <Point X="119" Y="135" T="119887283" />
  <Point X="115" Y="136" T="119887311" />
  <Point X="108" Y="137" T="119887340" />
  <Point X="104" Y="137" T="119887370" />
</Gesture>