﻿<?xml version="1.0" encoding="utf-8" standalone="yes"?>
<Gesture Name="rectangle03" Subject="5" Speed="medium" Number="3" NumPts="108" Millseconds="1914" AppName="Gestures" AppVer="3.7.0.0" Date="Friday, March 09, 2007" TimeOfDay="9:55:50 PM">
  <Point X="73" Y="133" T="119863588" />
  <Point X="73" Y="135" T="119863631" />
  <Point X="73" Y="137" T="119863651" />
  <Point X="73" Y="140" T="119863663" />
  <Point X="73" Y="143" T="119863671" />
  <Point X="73" Y="146" T="119863678" />
  <Point X="73" Y="148" T="119863686" />
  <Point X="73" Y="151" T="119863698" />
  <Point X="73" Y="154" T="119863706" />
  <Point X="73" Y="157" T="119863714" />
  <Point X="73" Y="160" T="119863722" />
  <Point X="73" Y="163" T="119863730" />
  <Point X="73" Y="165" T="119863738" />
  <Point X="73" Y="168" T="119863746" />
  <Point X="72" Y="170" T="119863755" />
  <Point X="72" Y="173" T="119863763" />
  <Point X="72" Y="176" T="119863771" />
  <Point X="71" Y="179" T="119863783" />
  <Point X="71" Y="181" T="119863792" />
  <Point X="71" Y="183" T="119863800" />
  <Point X="71" Y="186" T="119863809" />
  <Point X="71" Y="188" T="119863818" />
  <Point X="71" Y="191" T="119863828" />
  <Point X="71" Y="194" T="119863837" />
  <Point X="71" Y="196" T="119863847" />
  <Point X="71" Y="198" T="119863857" />
  <Point X="71" Y="200" T="119863867" />
  <Point X="71" Y="202" T="119863877" />
  <Point X="71" Y="205" T="119863888" />
  <Point X="72" Y="207" T="119863898" />
  <Point X="72" Y="209" T="119863909" />
  <Point X="73" Y="211" T="119863921" />
  <Point X="73" Y="213" T="119863932" />
  <Point X="74" Y="215" T="119863944" />
  <Point X="74" Y="218" T="119863955" />
  <Point X="75" Y="220" T="119863967" />
  <Point X="75" Y="222" T="119863983" />
  <Point X="76" Y="224" T="119864003" />
  <Point X="78" Y="227" T="119864027" />
  <Point X="78" Y="229" T="119864040" />
  <Point X="79" Y="231" T="119864068" />
  <Point X="82" Y="233" T="119864113" />
  <Point X="84" Y="233" T="119864132" />
  <Point X="86" Y="234" T="119864149" />
  <Point X="88" Y="233" T="119864163" />
  <Point X="90" Y="233" T="119864177" />
  <Point X="93" Y="233" T="119864192" />
  <Point X="95" Y="233" T="119864207" />
  <Point X="100" Y="234" T="119864222" />
  <Point X="102" Y="234" T="119864236" />
  <Point X="105" Y="235" T="119864252" />
  <Point X="110" Y="235" T="119864268" />
  <Point X="113" Y="236" T="119864283" />
  <Point X="117" Y="237" T="119864299" />
  <Point X="120" Y="237" T="119864315" />
  <Point X="124" Y="239" T="119864331" />
  <Point X="127" Y="238" T="119864348" />
  <Point X="129" Y="239" T="119864365" />
  <Point X="131" Y="239" T="119864366" />
  <Point X="133" Y="239" T="119864382" />
  <Point X="136" Y="240" T="119864400" />
  <Point X="138" Y="241" T="119864417" />
  <Point X="140" Y="240" T="119864435" />
  <Point X="142" Y="240" T="119864453" />
  <Point X="144" Y="240" T="119864473" />
  <Point X="146" Y="239" T="119864497" />
  <Point X="148" Y="239" T="119864521" />
  <Point X="150" Y="239" T="119864545" />
  <Point X="152" Y="239" T="119864570" />
  <Point X="154" Y="237" T="119864593" />
  <Point X="156" Y="234" T="119864638" />
  <Point X="156" Y="231" T="119864657" />
  <Point X="156" Y="227" T="119864677" />
  <Point X="156" Y="222" T="119864697" />
  <Point X="156" Y="218" T="119864718" />
  <Point X="155" Y="211" T="119864739" />
  <Point X="155" Y="207" T="119864759" />
  <Point X="155" Y="202" T="119864780" />
  <Point X="155" Y="196" T="119864801" />
  <Point X="155" Y="194" T="119864802" />
  <Point X="155" Y="189" T="119864823" />
  <Point X="155" Y="183" T="119864845" />
  <Point X="155" Y="175" T="119864868" />
  <Point X="155" Y="170" T="119864890" />
  <Point X="155" Y="168" T="119864891" />
  <Point X="155" Y="163" T="119864913" />
  <Point X="155" Y="158" T="119864936" />
  <Point X="155" Y="151" T="119864959" />
  <Point X="154" Y="146" T="119864982" />
  <Point X="154" Y="144" T="119865005" />
  <Point X="154" Y="141" T="119865034" />
  <Point X="152" Y="141" T="119865115" />
  <Point X="149" Y="140" T="119865147" />
  <Point X="147" Y="140" T="119865171" />
  <Point X="145" Y="139" T="119865195" />
  <Point X="141" Y="139" T="119865219" />
  <Point X="139" Y="137" T="119865244" />
  <Point X="134" Y="135" T="119865269" />
  <Point X="130" Y="134" T="119865294" />
  <Point X="128" Y="133" T="119865319" />
  <Point X="124" Y="132" T="119865345" />
  <Point X="122" Y="132" T="119865370" />
  <Point X="120" Y="131" T="119865371" />
  <Point X="117" Y="129" T="119865397" />
  <Point X="113" Y="128" T="119865423" />
  <Point X="108" Y="127" T="119865449" />
  <Point X="104" Y="126" T="119865475" />
  <Point X="102" Y="126" T="119865502" />
</Gesture>