﻿<?xml version="1.0" encoding="utf-8" standalone="yes"?>
<Gesture Name="right_sq_bracket07" Subject="5" Speed="medium" Number="7" NumPts="80" Millseconds="1905" AppName="Gestures" AppVer="3.7.0.0" Date="Friday, March 09, 2007" TimeOfDay="9:34:38 PM">
  <Point X="115" Y="151" T="118589525" />
  <Point X="117" Y="152" T="118589581" />
  <Point X="119" Y="152" T="118589605" />
  <Point X="121" Y="153" T="118589629" />
  <Point X="123" Y="151" T="118589653" />
  <Point X="125" Y="151" T="118589677" />
  <Point X="127" Y="152" T="118589701" />
  <Point X="129" Y="151" T="118589721" />
  <Point X="132" Y="153" T="118589745" />
  <Point X="134" Y="151" T="118589765" />
  <Point X="136" Y="151" T="118589789" />
  <Point X="138" Y="151" T="118589810" />
  <Point X="140" Y="152" T="118589837" />
  <Point X="142" Y="152" T="118589866" />
  <Point X="144" Y="152" T="118589903" />
  <Point X="146" Y="153" T="118589936" />
  <Point X="148" Y="152" T="118589965" />
  <Point X="150" Y="153" T="118589997" />
  <Point X="152" Y="152" T="118590021" />
  <Point X="154" Y="151" T="118590061" />
  <Point X="156" Y="153" T="118590117" />
  <Point X="158" Y="152" T="118590158" />
  <Point X="160" Y="153" T="118590207" />
  <Point X="162" Y="154" T="118590259" />
  <Point X="163" Y="156" T="118590323" />
  <Point X="164" Y="158" T="118590351" />
  <Point X="164" Y="160" T="118590376" />
  <Point X="164" Y="163" T="118590393" />
  <Point X="164" Y="165" T="118590405" />
  <Point X="164" Y="167" T="118590422" />
  <Point X="163" Y="169" T="118590437" />
  <Point X="163" Y="171" T="118590449" />
  <Point X="163" Y="174" T="118590470" />
  <Point X="162" Y="177" T="118590490" />
  <Point X="162" Y="179" T="118590511" />
  <Point X="161" Y="181" T="118590532" />
  <Point X="161" Y="184" T="118590552" />
  <Point X="161" Y="186" T="118590568" />
  <Point X="161" Y="189" T="118590584" />
  <Point X="160" Y="191" T="118590601" />
  <Point X="160" Y="193" T="118590614" />
  <Point X="159" Y="196" T="118590633" />
  <Point X="158" Y="198" T="118590657" />
  <Point X="157" Y="200" T="118590685" />
  <Point X="155" Y="203" T="118590714" />
  <Point X="154" Y="205" T="118590730" />
  <Point X="152" Y="206" T="118590758" />
  <Point X="151" Y="208" T="118590773" />
  <Point X="150" Y="210" T="118590794" />
  <Point X="148" Y="212" T="118590822" />
  <Point X="147" Y="214" T="118590838" />
  <Point X="145" Y="216" T="118590862" />
  <Point X="144" Y="218" T="118590878" />
  <Point X="142" Y="220" T="118590893" />
  <Point X="141" Y="222" T="118590911" />
  <Point X="139" Y="225" T="118590937" />
  <Point X="137" Y="227" T="118590961" />
  <Point X="136" Y="230" T="118590985" />
  <Point X="135" Y="232" T="118591006" />
  <Point X="135" Y="234" T="118591026" />
  <Point X="134" Y="236" T="118591046" />
  <Point X="133" Y="238" T="118591064" />
  <Point X="133" Y="240" T="118591082" />
  <Point X="132" Y="242" T="118591100" />
  <Point X="131" Y="245" T="118591118" />
  <Point X="131" Y="247" T="118591136" />
  <Point X="131" Y="249" T="118591155" />
  <Point X="131" Y="251" T="118591174" />
  <Point X="130" Y="253" T="118591193" />
  <Point X="129" Y="255" T="118591214" />
  <Point X="127" Y="257" T="118591259" />
  <Point X="125" Y="259" T="118591283" />
  <Point X="123" Y="260" T="118591303" />
  <Point X="120" Y="260" T="118591323" />
  <Point X="118" Y="260" T="118591324" />
  <Point X="114" Y="260" T="118591344" />
  <Point X="105" Y="259" T="118591366" />
  <Point X="96" Y="260" T="118591387" />
  <Point X="91" Y="260" T="118591408" />
  <Point X="87" Y="260" T="118591430" />
</Gesture>