﻿<?xml version="1.0" encoding="utf-8" standalone="yes"?>
<Gesture Name="right_sq_bracket06" Subject="5" Speed="medium" Number="6" NumPts="82" Millseconds="1984" AppName="Gestures" AppVer="3.7.0.0" Date="Friday, March 09, 2007" TimeOfDay="9:34:36 PM">
  <Point X="119" Y="159" T="118586766" />
  <Point X="116" Y="155" T="118586771" />
  <Point X="113" Y="154" T="118586777" />
  <Point X="113" Y="152" T="118586799" />
  <Point X="115" Y="151" T="118586828" />
  <Point X="117" Y="151" T="118586852" />
  <Point X="119" Y="150" T="118586872" />
  <Point X="121" Y="151" T="118586892" />
  <Point X="123" Y="150" T="118586912" />
  <Point X="125" Y="150" T="118586932" />
  <Point X="127" Y="151" T="118586953" />
  <Point X="130" Y="150" T="118586974" />
  <Point X="132" Y="151" T="118586994" />
  <Point X="134" Y="151" T="118587010" />
  <Point X="136" Y="151" T="118587031" />
  <Point X="138" Y="152" T="118587056" />
  <Point X="140" Y="152" T="118587080" />
  <Point X="142" Y="152" T="118587101" />
  <Point X="144" Y="153" T="118587124" />
  <Point X="146" Y="153" T="118587149" />
  <Point X="148" Y="154" T="118587181" />
  <Point X="150" Y="153" T="118587213" />
  <Point X="152" Y="153" T="118587241" />
  <Point X="154" Y="153" T="118587273" />
  <Point X="156" Y="153" T="118587321" />
  <Point X="158" Y="152" T="118587390" />
  <Point X="159" Y="154" T="118587507" />
  <Point X="159" Y="157" T="118587609" />
  <Point X="159" Y="159" T="118587640" />
  <Point X="160" Y="161" T="118587660" />
  <Point X="160" Y="163" T="118587684" />
  <Point X="160" Y="165" T="118587695" />
  <Point X="160" Y="168" T="118587720" />
  <Point X="160" Y="170" T="118587740" />
  <Point X="160" Y="172" T="118587756" />
  <Point X="160" Y="174" T="118587776" />
  <Point X="160" Y="177" T="118587800" />
  <Point X="160" Y="179" T="118587816" />
  <Point X="160" Y="181" T="118587833" />
  <Point X="160" Y="184" T="118587861" />
  <Point X="159" Y="186" T="118587885" />
  <Point X="159" Y="188" T="118587906" />
  <Point X="158" Y="190" T="118587945" />
  <Point X="157" Y="193" T="118587970" />
  <Point X="155" Y="195" T="118587997" />
  <Point X="153" Y="197" T="118588025" />
  <Point X="152" Y="199" T="118588041" />
  <Point X="150" Y="202" T="118588077" />
  <Point X="149" Y="204" T="118588097" />
  <Point X="148" Y="206" T="118588113" />
  <Point X="147" Y="208" T="118588128" />
  <Point X="145" Y="210" T="118588144" />
  <Point X="144" Y="213" T="118588159" />
  <Point X="142" Y="215" T="118588189" />
  <Point X="141" Y="217" T="118588206" />
  <Point X="140" Y="219" T="118588224" />
  <Point X="139" Y="222" T="118588241" />
  <Point X="137" Y="225" T="118588257" />
  <Point X="136" Y="227" T="118588277" />
  <Point X="135" Y="229" T="118588294" />
  <Point X="135" Y="231" T="118588311" />
  <Point X="134" Y="233" T="118588328" />
  <Point X="133" Y="235" T="118588329" />
  <Point X="133" Y="237" T="118588348" />
  <Point X="133" Y="240" T="118588366" />
  <Point X="133" Y="242" T="118588384" />
  <Point X="132" Y="246" T="118588403" />
  <Point X="132" Y="249" T="118588422" />
  <Point X="132" Y="251" T="118588441" />
  <Point X="132" Y="254" T="118588473" />
  <Point X="130" Y="256" T="118588561" />
  <Point X="128" Y="257" T="118588580" />
  <Point X="126" Y="257" T="118588600" />
  <Point X="121" Y="257" T="118588621" />
  <Point X="119" Y="257" T="118588622" />
  <Point X="114" Y="258" T="118588642" />
  <Point X="105" Y="256" T="118588663" />
  <Point X="98" Y="256" T="118588684" />
  <Point X="96" Y="256" T="118588685" />
  <Point X="91" Y="255" T="118588706" />
  <Point X="86" Y="255" T="118588728" />
  <Point X="81" Y="255" T="118588750" />
</Gesture>