﻿<?xml version="1.0" encoding="utf-8" standalone="yes"?>
<Gesture Name="right_curly_brace04" Subject="5" Speed="medium" Number="4" NumPts="90" Millseconds="2054" AppName="Gestures" AppVer="3.7.0.0" Date="Friday, March 09, 2007" TimeOfDay="9:46:30 PM">
  <Point X="106" Y="146" T="119302877" />
  <Point X="104" Y="144" T="119302883" />
  <Point X="102" Y="143" T="119302890" />
  <Point X="104" Y="143" T="119302965" />
  <Point X="106" Y="144" T="119302984" />
  <Point X="108" Y="144" T="119303001" />
  <Point X="110" Y="144" T="119303013" />
  <Point X="113" Y="145" T="119303029" />
  <Point X="116" Y="145" T="119303045" />
  <Point X="118" Y="145" T="119303061" />
  <Point X="120" Y="147" T="119303077" />
  <Point X="122" Y="148" T="119303093" />
  <Point X="124" Y="149" T="119303112" />
  <Point X="126" Y="152" T="119303132" />
  <Point X="128" Y="154" T="119303159" />
  <Point X="129" Y="156" T="119303176" />
  <Point X="129" Y="159" T="119303205" />
  <Point X="129" Y="161" T="119303221" />
  <Point X="129" Y="163" T="119303229" />
  <Point X="129" Y="165" T="119303242" />
  <Point X="128" Y="167" T="119303258" />
  <Point X="127" Y="169" T="119303274" />
  <Point X="126" Y="173" T="119303295" />
  <Point X="125" Y="175" T="119303315" />
  <Point X="124" Y="177" T="119303332" />
  <Point X="123" Y="179" T="119303347" />
  <Point X="121" Y="182" T="119303367" />
  <Point X="120" Y="184" T="119303379" />
  <Point X="119" Y="186" T="119303391" />
  <Point X="117" Y="189" T="119303415" />
  <Point X="116" Y="191" T="119303431" />
  <Point X="115" Y="194" T="119303452" />
  <Point X="115" Y="196" T="119303468" />
  <Point X="114" Y="198" T="119303481" />
  <Point X="114" Y="201" T="119303492" />
  <Point X="113" Y="203" T="119303504" />
  <Point X="113" Y="205" T="119303519" />
  <Point X="113" Y="207" T="119303532" />
  <Point X="114" Y="209" T="119303547" />
  <Point X="114" Y="211" T="119303563" />
  <Point X="115" Y="214" T="119303587" />
  <Point X="117" Y="216" T="119303611" />
  <Point X="118" Y="218" T="119303631" />
  <Point X="120" Y="220" T="119303648" />
  <Point X="122" Y="221" T="119303668" />
  <Point X="124" Y="222" T="119303692" />
  <Point X="126" Y="224" T="119303712" />
  <Point X="127" Y="226" T="119303726" />
  <Point X="129" Y="226" T="119303745" />
  <Point X="131" Y="227" T="119303769" />
  <Point X="133" Y="226" T="119303793" />
  <Point X="135" Y="226" T="119303825" />
  <Point X="133" Y="226" T="119303971" />
  <Point X="131" Y="226" T="119303988" />
  <Point X="129" Y="227" T="119304006" />
  <Point X="127" Y="227" T="119304027" />
  <Point X="125" Y="226" T="119304054" />
  <Point X="123" Y="226" T="119304082" />
  <Point X="121" Y="227" T="119304114" />
  <Point X="119" Y="228" T="119304146" />
  <Point X="117" Y="230" T="119304199" />
  <Point X="116" Y="232" T="119304222" />
  <Point X="115" Y="235" T="119304243" />
  <Point X="113" Y="237" T="119304298" />
  <Point X="113" Y="239" T="119304318" />
  <Point X="113" Y="241" T="119304366" />
  <Point X="113" Y="243" T="119304386" />
  <Point X="114" Y="245" T="119304439" />
  <Point X="114" Y="247" T="119304466" />
  <Point X="115" Y="250" T="119304486" />
  <Point X="115" Y="252" T="119304515" />
  <Point X="116" Y="255" T="119304543" />
  <Point X="116" Y="257" T="119304564" />
  <Point X="115" Y="259" T="119304600" />
  <Point X="115" Y="261" T="119304621" />
  <Point X="113" Y="263" T="119304641" />
  <Point X="112" Y="265" T="119304666" />
  <Point X="110" Y="267" T="119304687" />
  <Point X="107" Y="269" T="119304707" />
  <Point X="103" Y="272" T="119304729" />
  <Point X="100" Y="273" T="119304750" />
  <Point X="95" Y="276" T="119304773" />
  <Point X="90" Y="278" T="119304795" />
  <Point X="88" Y="278" T="119304817" />
  <Point X="83" Y="277" T="119304839" />
  <Point X="78" Y="275" T="119304861" />
  <Point X="74" Y="274" T="119304884" />
  <Point X="70" Y="272" T="119304907" />
  <Point X="68" Y="270" T="119304930" />
  <Point X="66" Y="267" T="119304931" />
</Gesture>