﻿<?xml version="1.0" encoding="utf-8" standalone="yes"?>
<Gesture Name="right_sq_bracket01" Subject="5" Speed="medium" Number="1" NumPts="88" Millseconds="2499" AppName="Gestures" AppVer="3.7.0.0" Date="Friday, March 09, 2007" TimeOfDay="9:34:22 PM">
  <Point X="94" Y="150" T="118572990" />
  <Point X="96" Y="148" T="118573067" />
  <Point X="98" Y="149" T="118573100" />
  <Point X="100" Y="148" T="118573128" />
  <Point X="102" Y="148" T="118573148" />
  <Point X="104" Y="147" T="118573164" />
  <Point X="106" Y="148" T="118573181" />
  <Point X="108" Y="147" T="118573201" />
  <Point X="110" Y="148" T="118573221" />
  <Point X="112" Y="147" T="118573245" />
  <Point X="115" Y="147" T="118573265" />
  <Point X="117" Y="148" T="118573281" />
  <Point X="119" Y="147" T="118573297" />
  <Point X="121" Y="147" T="118573317" />
  <Point X="123" Y="147" T="118573338" />
  <Point X="125" Y="148" T="118573362" />
  <Point X="127" Y="147" T="118573382" />
  <Point X="129" Y="149" T="118573410" />
  <Point X="132" Y="148" T="118573438" />
  <Point X="134" Y="147" T="118573467" />
  <Point X="136" Y="148" T="118573496" />
  <Point X="138" Y="149" T="118573540" />
  <Point X="139" Y="147" T="118573565" />
  <Point X="141" Y="149" T="118573641" />
  <Point X="143" Y="150" T="118573697" />
  <Point X="144" Y="152" T="118573752" />
  <Point X="145" Y="154" T="118573785" />
  <Point X="145" Y="156" T="118573813" />
  <Point X="144" Y="159" T="118573849" />
  <Point X="144" Y="161" T="118573877" />
  <Point X="144" Y="163" T="118573909" />
  <Point X="143" Y="165" T="118573965" />
  <Point X="143" Y="168" T="118573993" />
  <Point X="142" Y="170" T="118574030" />
  <Point X="142" Y="172" T="118574055" />
  <Point X="141" Y="174" T="118574120" />
  <Point X="140" Y="176" T="118574155" />
  <Point X="139" Y="179" T="118574196" />
  <Point X="138" Y="181" T="118574216" />
  <Point X="136" Y="184" T="118574248" />
  <Point X="136" Y="186" T="118574277" />
  <Point X="134" Y="188" T="118574310" />
  <Point X="133" Y="190" T="118574326" />
  <Point X="132" Y="192" T="118574359" />
  <Point X="131" Y="195" T="118574373" />
  <Point X="130" Y="197" T="118574399" />
  <Point X="130" Y="199" T="118574423" />
  <Point X="129" Y="201" T="118574459" />
  <Point X="128" Y="203" T="118574482" />
  <Point X="127" Y="205" T="118574506" />
  <Point X="126" Y="207" T="118574522" />
  <Point X="126" Y="210" T="118574546" />
  <Point X="125" Y="212" T="118574579" />
  <Point X="125" Y="214" T="118574603" />
  <Point X="124" Y="216" T="118574632" />
  <Point X="124" Y="219" T="118574663" />
  <Point X="124" Y="221" T="118574696" />
  <Point X="124" Y="223" T="118574720" />
  <Point X="124" Y="225" T="118574737" />
  <Point X="124" Y="227" T="118574760" />
  <Point X="124" Y="229" T="118574781" />
  <Point X="123" Y="231" T="118574816" />
  <Point X="123" Y="233" T="118574837" />
  <Point X="122" Y="235" T="118574873" />
  <Point X="122" Y="237" T="118574897" />
  <Point X="122" Y="239" T="118574915" />
  <Point X="122" Y="241" T="118574946" />
  <Point X="121" Y="243" T="118574979" />
  <Point X="121" Y="245" T="118575015" />
  <Point X="119" Y="246" T="118575099" />
  <Point X="117" Y="247" T="118575135" />
  <Point X="115" Y="246" T="118575154" />
  <Point X="113" Y="247" T="118575174" />
  <Point X="110" Y="247" T="118575194" />
  <Point X="108" Y="247" T="118575195" />
  <Point X="106" Y="246" T="118575216" />
  <Point X="101" Y="247" T="118575237" />
  <Point X="96" Y="248" T="118575259" />
  <Point X="91" Y="249" T="118575280" />
  <Point X="89" Y="249" T="118575302" />
  <Point X="84" Y="249" T="118575327" />
  <Point X="80" Y="249" T="118575354" />
  <Point X="75" Y="249" T="118575376" />
  <Point X="70" Y="249" T="118575398" />
  <Point X="68" Y="249" T="118575420" />
  <Point X="63" Y="251" T="118575443" />
  <Point X="61" Y="250" T="118575466" />
  <Point X="59" Y="250" T="118575489" />
</Gesture>