﻿<?xml version="1.0" encoding="utf-8" standalone="yes"?>
<Gesture Name="right_sq_bracket03" Subject="5" Speed="medium" Number="3" NumPts="85" Millseconds="2087" AppName="Gestures" AppVer="3.7.0.0" Date="Friday, March 09, 2007" TimeOfDay="9:34:28 PM">
  <Point X="103" Y="149" T="118579050" />
  <Point X="106" Y="149" T="118579146" />
  <Point X="108" Y="148" T="118579175" />
  <Point X="110" Y="148" T="118579208" />
  <Point X="112" Y="147" T="118579239" />
  <Point X="114" Y="147" T="118579267" />
  <Point X="116" Y="148" T="118579291" />
  <Point X="118" Y="148" T="118579307" />
  <Point X="120" Y="146" T="118579327" />
  <Point X="122" Y="147" T="118579347" />
  <Point X="124" Y="147" T="118579363" />
  <Point X="126" Y="147" T="118579384" />
  <Point X="128" Y="148" T="118579401" />
  <Point X="130" Y="147" T="118579417" />
  <Point X="133" Y="147" T="118579437" />
  <Point X="135" Y="148" T="118579457" />
  <Point X="137" Y="147" T="118579477" />
  <Point X="139" Y="148" T="118579493" />
  <Point X="141" Y="148" T="118579517" />
  <Point X="143" Y="149" T="118579541" />
  <Point X="146" Y="149" T="118579569" />
  <Point X="148" Y="149" T="118579602" />
  <Point X="150" Y="150" T="118579638" />
  <Point X="152" Y="150" T="118579686" />
  <Point X="152" Y="152" T="118579836" />
  <Point X="152" Y="155" T="118579860" />
  <Point X="151" Y="157" T="118579876" />
  <Point X="151" Y="159" T="118579900" />
  <Point X="151" Y="161" T="118579911" />
  <Point X="151" Y="163" T="118579928" />
  <Point X="151" Y="165" T="118579944" />
  <Point X="151" Y="167" T="118579973" />
  <Point X="151" Y="169" T="118579994" />
  <Point X="151" Y="171" T="118580026" />
  <Point X="151" Y="173" T="118580041" />
  <Point X="151" Y="176" T="118580070" />
  <Point X="150" Y="178" T="118580106" />
  <Point X="149" Y="180" T="118580126" />
  <Point X="148" Y="182" T="118580170" />
  <Point X="148" Y="184" T="118580190" />
  <Point X="147" Y="187" T="118580218" />
  <Point X="145" Y="189" T="118580237" />
  <Point X="144" Y="191" T="118580254" />
  <Point X="144" Y="194" T="118580273" />
  <Point X="143" Y="197" T="118580306" />
  <Point X="142" Y="199" T="118580322" />
  <Point X="141" Y="201" T="118580350" />
  <Point X="140" Y="203" T="118580366" />
  <Point X="140" Y="205" T="118580381" />
  <Point X="139" Y="208" T="118580396" />
  <Point X="138" Y="210" T="118580419" />
  <Point X="137" Y="213" T="118580446" />
  <Point X="137" Y="215" T="118580461" />
  <Point X="136" Y="217" T="118580477" />
  <Point X="135" Y="219" T="118580493" />
  <Point X="135" Y="221" T="118580494" />
  <Point X="134" Y="224" T="118580522" />
  <Point X="133" Y="226" T="118580539" />
  <Point X="133" Y="228" T="118580555" />
  <Point X="133" Y="230" T="118580575" />
  <Point X="133" Y="232" T="118580594" />
  <Point X="133" Y="234" T="118580614" />
  <Point X="133" Y="237" T="118580632" />
  <Point X="133" Y="240" T="118580650" />
  <Point X="133" Y="242" T="118580675" />
  <Point X="134" Y="245" T="118580695" />
  <Point X="134" Y="247" T="118580727" />
  <Point X="134" Y="249" T="118580760" />
  <Point X="132" Y="251" T="118580831" />
  <Point X="130" Y="249" T="118580859" />
  <Point X="127" Y="249" T="118580879" />
  <Point X="125" Y="250" T="118580899" />
  <Point X="123" Y="249" T="118580918" />
  <Point X="120" Y="249" T="118580938" />
  <Point X="118" Y="249" T="118580940" />
  <Point X="115" Y="250" T="118580960" />
  <Point X="113" Y="249" T="118580980" />
  <Point X="109" Y="249" T="118581002" />
  <Point X="104" Y="248" T="118581023" />
  <Point X="98" Y="248" T="118581045" />
  <Point X="95" Y="248" T="118581067" />
  <Point X="93" Y="248" T="118581068" />
  <Point X="89" Y="248" T="118581093" />
  <Point X="84" Y="247" T="118581115" />
  <Point X="81" Y="246" T="118581137" />
</Gesture>