﻿<?xml version="1.0" encoding="utf-8" standalone="yes"?>
<Gesture Name="right_curly_brace09" Subject="5" Speed="medium" Number="9" NumPts="86" Millseconds="2051" AppName="Gestures" AppVer="3.7.0.0" Date="Friday, March 09, 2007" TimeOfDay="9:46:43 PM">
  <Point X="109" Y="178" T="119315901" />
  <Point X="111" Y="179" T="119315990" />
  <Point X="114" Y="178" T="119316006" />
  <Point X="116" Y="177" T="119316018" />
  <Point X="118" Y="178" T="119316030" />
  <Point X="120" Y="178" T="119316042" />
  <Point X="122" Y="178" T="119316059" />
  <Point X="124" Y="179" T="119316079" />
  <Point X="125" Y="181" T="119316095" />
  <Point X="127" Y="183" T="119316115" />
  <Point X="128" Y="185" T="119316136" />
  <Point X="130" Y="187" T="119316156" />
  <Point X="131" Y="190" T="119316192" />
  <Point X="132" Y="192" T="119316208" />
  <Point X="132" Y="194" T="119316228" />
  <Point X="131" Y="197" T="119316252" />
  <Point X="131" Y="199" T="119316273" />
  <Point X="129" Y="201" T="119316298" />
  <Point X="128" Y="203" T="119316322" />
  <Point X="126" Y="206" T="119316347" />
  <Point X="126" Y="208" T="119316362" />
  <Point X="125" Y="210" T="119316378" />
  <Point X="123" Y="212" T="119316398" />
  <Point X="122" Y="214" T="119316423" />
  <Point X="121" Y="216" T="119316439" />
  <Point X="119" Y="219" T="119316455" />
  <Point X="118" Y="221" T="119316479" />
  <Point X="117" Y="223" T="119316495" />
  <Point X="116" Y="225" T="119316515" />
  <Point X="116" Y="228" T="119316543" />
  <Point X="116" Y="230" T="119316554" />
  <Point X="117" Y="232" T="119316575" />
  <Point X="120" Y="233" T="119316603" />
  <Point X="122" Y="235" T="119316624" />
  <Point X="123" Y="237" T="119316637" />
  <Point X="126" Y="237" T="119316654" />
  <Point X="129" Y="238" T="119316666" />
  <Point X="131" Y="239" T="119316679" />
  <Point X="134" Y="238" T="119316691" />
  <Point X="136" Y="239" T="119316704" />
  <Point X="138" Y="239" T="119316718" />
  <Point X="140" Y="239" T="119316737" />
  <Point X="140" Y="241" T="119316750" />
  <Point X="142" Y="242" T="119316798" />
  <Point X="140" Y="242" T="119316895" />
  <Point X="138" Y="240" T="119316916" />
  <Point X="136" Y="240" T="119316937" />
  <Point X="134" Y="239" T="119316953" />
  <Point X="132" Y="238" T="119316973" />
  <Point X="130" Y="239" T="119316993" />
  <Point X="128" Y="239" T="119317009" />
  <Point X="126" Y="239" T="119317033" />
  <Point X="123" Y="238" T="119317062" />
  <Point X="121" Y="240" T="119317099" />
  <Point X="121" Y="242" T="119317120" />
  <Point X="120" Y="244" T="119317156" />
  <Point X="120" Y="246" T="119317176" />
  <Point X="121" Y="248" T="119317221" />
  <Point X="122" Y="251" T="119317249" />
  <Point X="124" Y="253" T="119317302" />
  <Point X="124" Y="255" T="119317319" />
  <Point X="125" Y="257" T="119317346" />
  <Point X="125" Y="259" T="119317377" />
  <Point X="126" Y="261" T="119317398" />
  <Point X="126" Y="263" T="119317434" />
  <Point X="128" Y="265" T="119317470" />
  <Point X="130" Y="267" T="119317530" />
  <Point X="130" Y="270" T="119317554" />
  <Point X="129" Y="272" T="119317595" />
  <Point X="128" Y="274" T="119317619" />
  <Point X="126" Y="275" T="119317647" />
  <Point X="124" Y="277" T="119317671" />
  <Point X="122" Y="279" T="119317695" />
  <Point X="120" Y="281" T="119317716" />
  <Point X="118" Y="281" T="119317736" />
  <Point X="116" Y="282" T="119317756" />
  <Point X="111" Y="282" T="119317777" />
  <Point X="107" Y="284" T="119317798" />
  <Point X="102" Y="283" T="119317820" />
  <Point X="97" Y="282" T="119317841" />
  <Point X="96" Y="279" T="119317862" />
  <Point X="94" Y="278" T="119317863" />
  <Point X="92" Y="276" T="119317885" />
  <Point X="89" Y="271" T="119317907" />
  <Point X="88" Y="269" T="119317930" />
  <Point X="88" Y="267" T="119317952" />
</Gesture>