﻿<?xml version="1.0" encoding="utf-8" standalone="yes"?>
<Gesture Name="right_curly_brace08" Subject="5" Speed="medium" Number="8" NumPts="83" Millseconds="1811" AppName="Gestures" AppVer="3.7.0.0" Date="Friday, March 09, 2007" TimeOfDay="9:46:40 PM">
  <Point X="110" Y="160" T="119313241" />
  <Point X="112" Y="160" T="119313268" />
  <Point X="114" Y="159" T="119313288" />
  <Point X="117" Y="158" T="119313304" />
  <Point X="119" Y="158" T="119313325" />
  <Point X="121" Y="159" T="119313349" />
  <Point X="123" Y="159" T="119313369" />
  <Point X="125" Y="159" T="119313389" />
  <Point X="127" Y="160" T="119313409" />
  <Point X="129" Y="161" T="119313425" />
  <Point X="132" Y="162" T="119313445" />
  <Point X="134" Y="164" T="119313465" />
  <Point X="136" Y="166" T="119313485" />
  <Point X="138" Y="168" T="119313506" />
  <Point X="138" Y="171" T="119313518" />
  <Point X="140" Y="174" T="119313556" />
  <Point X="140" Y="176" T="119313573" />
  <Point X="140" Y="178" T="119313585" />
  <Point X="140" Y="180" T="119313601" />
  <Point X="140" Y="183" T="119313610" />
  <Point X="140" Y="185" T="119313629" />
  <Point X="139" Y="187" T="119313650" />
  <Point X="139" Y="190" T="119313662" />
  <Point X="138" Y="192" T="119313673" />
  <Point X="138" Y="194" T="119313685" />
  <Point X="137" Y="196" T="119313697" />
  <Point X="136" Y="198" T="119313713" />
  <Point X="135" Y="200" T="119313725" />
  <Point X="134" Y="203" T="119313737" />
  <Point X="132" Y="205" T="119313757" />
  <Point X="131" Y="207" T="119313773" />
  <Point X="129" Y="209" T="119313789" />
  <Point X="127" Y="211" T="119313809" />
  <Point X="126" Y="214" T="119313822" />
  <Point X="125" Y="216" T="119313837" />
  <Point X="124" Y="218" T="119313862" />
  <Point X="124" Y="220" T="119313874" />
  <Point X="124" Y="222" T="119313887" />
  <Point X="124" Y="224" T="119313899" />
  <Point X="125" Y="226" T="119313926" />
  <Point X="126" Y="229" T="119313939" />
  <Point X="126" Y="231" T="119313954" />
  <Point X="128" Y="233" T="119313991" />
  <Point X="130" Y="235" T="119314019" />
  <Point X="133" Y="235" T="119314047" />
  <Point X="135" Y="237" T="119314067" />
  <Point X="137" Y="237" T="119314087" />
  <Point X="139" Y="237" T="119314111" />
  <Point X="140" Y="239" T="119314168" />
  <Point X="138" Y="238" T="119314269" />
  <Point X="136" Y="238" T="119314293" />
  <Point X="134" Y="237" T="119314313" />
  <Point X="132" Y="237" T="119314334" />
  <Point X="130" Y="236" T="119314362" />
  <Point X="128" Y="236" T="119314391" />
  <Point X="126" Y="235" T="119314423" />
  <Point X="124" Y="237" T="119314451" />
  <Point X="123" Y="239" T="119314467" />
  <Point X="122" Y="242" T="119314499" />
  <Point X="121" Y="244" T="119314516" />
  <Point X="120" Y="246" T="119314539" />
  <Point X="119" Y="248" T="119314559" />
  <Point X="119" Y="250" T="119314576" />
  <Point X="119" Y="252" T="119314608" />
  <Point X="119" Y="254" T="119314627" />
  <Point X="120" Y="256" T="119314645" />
  <Point X="122" Y="257" T="119314676" />
  <Point X="124" Y="258" T="119314713" />
  <Point X="126" Y="261" T="119314745" />
  <Point X="126" Y="263" T="119314768" />
  <Point X="126" Y="265" T="119314801" />
  <Point X="124" Y="268" T="119314821" />
  <Point X="122" Y="271" T="119314842" />
  <Point X="121" Y="273" T="119314862" />
  <Point X="119" Y="275" T="119314882" />
  <Point X="114" Y="277" T="119314902" />
  <Point X="110" Y="278" T="119314923" />
  <Point X="105" Y="280" T="119314944" />
  <Point X="98" Y="279" T="119314966" />
  <Point X="94" Y="278" T="119314987" />
  <Point X="89" Y="275" T="119315008" />
  <Point X="87" Y="274" T="119315030" />
  <Point X="86" Y="271" T="119315052" />
</Gesture>