﻿<?xml version="1.0" encoding="utf-8" standalone="yes"?>
<Gesture Name="right_sq_bracket02" Subject="5" Speed="medium" Number="2" NumPts="83" Millseconds="2178" AppName="Gestures" AppVer="3.7.0.0" Date="Friday, March 09, 2007" TimeOfDay="9:34:25 PM">
  <Point X="99" Y="151" T="118576226" />
  <Point X="101" Y="152" T="118576286" />
  <Point X="103" Y="150" T="118576319" />
  <Point X="105" Y="152" T="118576342" />
  <Point X="107" Y="152" T="118576366" />
  <Point X="110" Y="151" T="118576387" />
  <Point X="112" Y="152" T="118576407" />
  <Point X="114" Y="151" T="118576427" />
  <Point X="116" Y="151" T="118576450" />
  <Point X="118" Y="152" T="118576471" />
  <Point X="120" Y="151" T="118576491" />
  <Point X="122" Y="151" T="118576516" />
  <Point X="124" Y="152" T="118576549" />
  <Point X="126" Y="152" T="118576586" />
  <Point X="128" Y="151" T="118576610" />
  <Point X="130" Y="151" T="118576634" />
  <Point X="132" Y="152" T="118576670" />
  <Point X="134" Y="151" T="118576711" />
  <Point X="136" Y="152" T="118576743" />
  <Point X="138" Y="153" T="118576780" />
  <Point X="140" Y="153" T="118576816" />
  <Point X="142" Y="153" T="118576876" />
  <Point X="144" Y="155" T="118576970" />
  <Point X="144" Y="157" T="118577019" />
  <Point X="143" Y="159" T="118577039" />
  <Point X="143" Y="162" T="118577063" />
  <Point X="142" Y="164" T="118577075" />
  <Point X="142" Y="166" T="118577095" />
  <Point X="141" Y="168" T="118577107" />
  <Point X="141" Y="170" T="118577135" />
  <Point X="141" Y="172" T="118577155" />
  <Point X="141" Y="174" T="118577179" />
  <Point X="141" Y="176" T="118577199" />
  <Point X="141" Y="179" T="118577214" />
  <Point X="140" Y="181" T="118577235" />
  <Point X="140" Y="183" T="118577272" />
  <Point X="140" Y="185" T="118577292" />
  <Point X="140" Y="187" T="118577321" />
  <Point X="140" Y="189" T="118577341" />
  <Point X="140" Y="191" T="118577365" />
  <Point X="139" Y="194" T="118577405" />
  <Point X="138" Y="196" T="118577438" />
  <Point X="136" Y="198" T="118577474" />
  <Point X="135" Y="200" T="118577505" />
  <Point X="134" Y="203" T="118577538" />
  <Point X="132" Y="205" T="118577575" />
  <Point X="131" Y="207" T="118577599" />
  <Point X="130" Y="209" T="118577613" />
  <Point X="128" Y="211" T="118577639" />
  <Point X="127" Y="214" T="118577659" />
  <Point X="125" Y="216" T="118577683" />
  <Point X="124" Y="218" T="118577706" />
  <Point X="124" Y="220" T="118577723" />
  <Point X="123" Y="223" T="118577759" />
  <Point X="122" Y="225" T="118577775" />
  <Point X="121" Y="227" T="118577804" />
  <Point X="121" Y="229" T="118577820" />
  <Point X="120" Y="231" T="118577844" />
  <Point X="120" Y="233" T="118577861" />
  <Point X="119" Y="235" T="118577885" />
  <Point X="119" Y="237" T="118577909" />
  <Point X="118" Y="240" T="118577926" />
  <Point X="118" Y="242" T="118577961" />
  <Point X="117" Y="244" T="118577979" />
  <Point X="117" Y="246" T="118578001" />
  <Point X="117" Y="248" T="118578021" />
  <Point X="115" Y="251" T="118578057" />
  <Point X="113" Y="251" T="118578101" />
  <Point X="111" Y="251" T="118578133" />
  <Point X="109" Y="251" T="118578152" />
  <Point X="106" Y="251" T="118578171" />
  <Point X="104" Y="251" T="118578191" />
  <Point X="102" Y="251" T="118578211" />
  <Point X="97" Y="251" T="118578231" />
  <Point X="92" Y="251" T="118578254" />
  <Point X="88" Y="250" T="118578275" />
  <Point X="83" Y="250" T="118578296" />
  <Point X="79" Y="250" T="118578316" />
  <Point X="76" Y="251" T="118578317" />
  <Point X="72" Y="251" T="118578339" />
  <Point X="67" Y="252" T="118578361" />
  <Point X="65" Y="252" T="118578382" />
  <Point X="63" Y="252" T="118578404" />
</Gesture>