﻿<?xml version="1.0" encoding="utf-8" standalone="yes"?>
<Gesture Name="right_curly_brace10" Subject="5" Speed="medium" Number="10" NumPts="75" Millseconds="1815" AppName="Gestures" AppVer="3.7.0.0" Date="Friday, March 09, 2007" TimeOfDay="9:46:46 PM">
  <Point X="108" Y="180" T="119318480" />
  <Point X="106" Y="179" T="119318505" />
  <Point X="108" Y="178" T="119318573" />
  <Point X="110" Y="178" T="119318586" />
  <Point X="113" Y="178" T="119318602" />
  <Point X="115" Y="177" T="119318614" />
  <Point X="117" Y="177" T="119318631" />
  <Point X="119" Y="178" T="119318643" />
  <Point X="122" Y="179" T="119318660" />
  <Point X="124" Y="180" T="119318687" />
  <Point X="126" Y="180" T="119318694" />
  <Point X="128" Y="180" T="119318708" />
  <Point X="130" Y="182" T="119318725" />
  <Point X="132" Y="182" T="119318742" />
  <Point X="133" Y="184" T="119318750" />
  <Point X="135" Y="186" T="119318770" />
  <Point X="136" Y="188" T="119318782" />
  <Point X="136" Y="190" T="119318798" />
  <Point X="137" Y="192" T="119318815" />
  <Point X="137" Y="195" T="119318834" />
  <Point X="136" Y="197" T="119318865" />
  <Point X="135" Y="199" T="119318881" />
  <Point X="134" Y="201" T="119318897" />
  <Point X="133" Y="203" T="119318916" />
  <Point X="131" Y="206" T="119318936" />
  <Point X="130" Y="208" T="119318960" />
  <Point X="129" Y="211" T="119318980" />
  <Point X="127" Y="213" T="119319008" />
  <Point X="126" Y="215" T="119319032" />
  <Point X="126" Y="217" T="119319043" />
  <Point X="125" Y="219" T="119319057" />
  <Point X="125" Y="221" T="119319073" />
  <Point X="125" Y="223" T="119319085" />
  <Point X="125" Y="226" T="119319113" />
  <Point X="126" Y="228" T="119319142" />
  <Point X="128" Y="230" T="119319162" />
  <Point X="129" Y="232" T="119319190" />
  <Point X="131" Y="234" T="119319218" />
  <Point X="133" Y="235" T="119319242" />
  <Point X="135" Y="237" T="119319266" />
  <Point X="137" Y="238" T="119319302" />
  <Point X="139" Y="239" T="119319374" />
  <Point X="137" Y="239" T="119319468" />
  <Point X="136" Y="236" T="119319482" />
  <Point X="134" Y="236" T="119319503" />
  <Point X="132" Y="235" T="119319531" />
  <Point X="130" Y="235" T="119319572" />
  <Point X="128" Y="236" T="119319613" />
  <Point X="126" Y="238" T="119319642" />
  <Point X="125" Y="240" T="119319678" />
  <Point X="123" Y="242" T="119319735" />
  <Point X="122" Y="244" T="119319751" />
  <Point X="121" Y="246" T="119319768" />
  <Point X="120" Y="248" T="119319798" />
  <Point X="119" Y="250" T="119319815" />
  <Point X="118" Y="252" T="119319848" />
  <Point X="117" Y="255" T="119319872" />
  <Point X="116" Y="257" T="119319913" />
  <Point X="116" Y="259" T="119319938" />
  <Point X="117" Y="261" T="119319962" />
  <Point X="117" Y="263" T="119319994" />
  <Point X="117" Y="265" T="119320027" />
  <Point X="116" Y="267" T="119320060" />
  <Point X="114" Y="270" T="119320083" />
  <Point X="112" Y="271" T="119320101" />
  <Point X="108" Y="274" T="119320119" />
  <Point X="106" Y="275" T="119320138" />
  <Point X="101" Y="276" T="119320157" />
  <Point X="99" Y="276" T="119320176" />
  <Point X="97" Y="277" T="119320195" />
  <Point X="93" Y="275" T="119320214" />
  <Point X="90" Y="275" T="119320234" />
  <Point X="86" Y="275" T="119320254" />
  <Point X="82" Y="274" T="119320274" />
  <Point X="80" Y="273" T="119320295" />
</Gesture>