﻿<?xml version="1.0" encoding="utf-8" standalone="yes"?>
<Gesture Name="right_curly_brace02" Subject="5" Speed="medium" Number="2" NumPts="100" Millseconds="2645" AppName="Gestures" AppVer="3.7.0.0" Date="Friday, March 09, 2007" TimeOfDay="9:46:25 PM">
  <Point X="94" Y="136" T="119296854" />
  <Point X="96" Y="136" T="119296959" />
  <Point X="98" Y="138" T="119296991" />
  <Point X="100" Y="137" T="119297011" />
  <Point X="102" Y="137" T="119297027" />
  <Point X="104" Y="137" T="119297048" />
  <Point X="106" Y="136" T="119297069" />
  <Point X="108" Y="137" T="119297089" />
  <Point X="111" Y="138" T="119297109" />
  <Point X="113" Y="138" T="119297128" />
  <Point X="115" Y="139" T="119297148" />
  <Point X="117" Y="139" T="119297172" />
  <Point X="118" Y="142" T="119297197" />
  <Point X="120" Y="144" T="119297221" />
  <Point X="122" Y="147" T="119297254" />
  <Point X="123" Y="149" T="119297283" />
  <Point X="124" Y="152" T="119297305" />
  <Point X="125" Y="154" T="119297325" />
  <Point X="125" Y="156" T="119297336" />
  <Point X="126" Y="158" T="119297364" />
  <Point X="126" Y="160" T="119297385" />
  <Point X="127" Y="162" T="119297409" />
  <Point X="127" Y="165" T="119297421" />
  <Point X="128" Y="167" T="119297446" />
  <Point X="128" Y="169" T="119297466" />
  <Point X="128" Y="171" T="119297483" />
  <Point X="128" Y="173" T="119297503" />
  <Point X="128" Y="175" T="119297535" />
  <Point X="128" Y="177" T="119297560" />
  <Point X="127" Y="180" T="119297576" />
  <Point X="126" Y="182" T="119297593" />
  <Point X="125" Y="184" T="119297609" />
  <Point X="124" Y="186" T="119297633" />
  <Point X="123" Y="189" T="119297674" />
  <Point X="123" Y="191" T="119297694" />
  <Point X="122" Y="193" T="119297711" />
  <Point X="121" Y="195" T="119297731" />
  <Point X="121" Y="197" T="119297747" />
  <Point X="120" Y="199" T="119297768" />
  <Point X="119" Y="202" T="119297800" />
  <Point X="119" Y="204" T="119297813" />
  <Point X="119" Y="206" T="119297828" />
  <Point X="120" Y="209" T="119297844" />
  <Point X="121" Y="211" T="119297860" />
  <Point X="122" Y="213" T="119297881" />
  <Point X="122" Y="215" T="119297897" />
  <Point X="124" Y="217" T="119297921" />
  <Point X="125" Y="220" T="119297936" />
  <Point X="126" Y="222" T="119297960" />
  <Point X="128" Y="223" T="119297988" />
  <Point X="130" Y="224" T="119298016" />
  <Point X="132" Y="225" T="119298044" />
  <Point X="134" Y="226" T="119298077" />
  <Point X="136" Y="227" T="119298106" />
  <Point X="138" Y="226" T="119298138" />
  <Point X="140" Y="229" T="119298167" />
  <Point X="142" Y="227" T="119298216" />
  <Point X="142" Y="229" T="119298251" />
  <Point X="141" Y="227" T="119298363" />
  <Point X="139" Y="228" T="119298391" />
  <Point X="138" Y="226" T="119298408" />
  <Point X="136" Y="228" T="119298435" />
  <Point X="134" Y="227" T="119298467" />
  <Point X="132" Y="229" T="119298499" />
  <Point X="130" Y="228" T="119298539" />
  <Point X="129" Y="230" T="119298559" />
  <Point X="127" Y="231" T="119298599" />
  <Point X="126" Y="233" T="119298639" />
  <Point X="125" Y="235" T="119298663" />
  <Point X="124" Y="237" T="119298703" />
  <Point X="124" Y="239" T="119298731" />
  <Point X="123" Y="241" T="119298771" />
  <Point X="123" Y="243" T="119298804" />
  <Point X="122" Y="245" T="119298828" />
  <Point X="121" Y="247" T="119298856" />
  <Point X="121" Y="249" T="119298876" />
  <Point X="121" Y="252" T="119298897" />
  <Point X="121" Y="254" T="119298937" />
  <Point X="121" Y="256" T="119298965" />
  <Point X="121" Y="258" T="119299005" />
  <Point X="121" Y="260" T="119299029" />
  <Point X="121" Y="262" T="119299054" />
  <Point X="120" Y="265" T="119299077" />
  <Point X="120" Y="267" T="119299106" />
  <Point X="120" Y="269" T="119299134" />
  <Point X="118" Y="271" T="119299166" />
  <Point X="117" Y="273" T="119299198" />
  <Point X="115" Y="275" T="119299222" />
  <Point X="112" Y="276" T="119299250" />
  <Point X="110" Y="278" T="119299274" />
  <Point X="108" Y="279" T="119299297" />
  <Point X="106" Y="279" T="119299321" />
  <Point X="102" Y="282" T="119299345" />
  <Point X="100" Y="283" T="119299369" />
  <Point X="98" Y="283" T="119299370" />
  <Point X="94" Y="284" T="119299398" />
  <Point X="89" Y="283" T="119299423" />
  <Point X="82" Y="280" T="119299449" />
  <Point X="78" Y="278" T="119299474" />
  <Point X="77" Y="274" T="119299499" />
</Gesture>