﻿<?xml version="1.0" encoding="utf-8" standalone="yes"?>
<Gesture Name="right_sq_bracket10" Subject="5" Speed="medium" Number="10" NumPts="77" Millseconds="1640" AppName="Gestures" AppVer="3.7.0.0" Date="Friday, March 09, 2007" TimeOfDay="9:34:46 PM">
  <Point X="115" Y="171" T="118597847" />
  <Point X="108" Y="167" T="118597852" />
  <Point X="110" Y="167" T="118597912" />
  <Point X="112" Y="167" T="118597935" />
  <Point X="114" Y="166" T="118597951" />
  <Point X="117" Y="166" T="118597967" />
  <Point X="119" Y="165" T="118597983" />
  <Point X="121" Y="167" T="118597999" />
  <Point X="124" Y="166" T="118598016" />
  <Point X="126" Y="166" T="118598033" />
  <Point X="128" Y="166" T="118598054" />
  <Point X="130" Y="166" T="118598070" />
  <Point X="132" Y="165" T="118598090" />
  <Point X="134" Y="165" T="118598110" />
  <Point X="136" Y="165" T="118598131" />
  <Point X="138" Y="165" T="118598156" />
  <Point X="140" Y="165" T="118598179" />
  <Point X="143" Y="165" T="118598208" />
  <Point X="145" Y="165" T="118598233" />
  <Point X="147" Y="164" T="118598252" />
  <Point X="149" Y="164" T="118598280" />
  <Point X="151" Y="164" T="118598333" />
  <Point X="153" Y="164" T="118598373" />
  <Point X="155" Y="163" T="118598429" />
  <Point X="155" Y="165" T="118598449" />
  <Point X="156" Y="167" T="118598486" />
  <Point X="156" Y="170" T="118598502" />
  <Point X="156" Y="172" T="118598518" />
  <Point X="156" Y="174" T="118598535" />
  <Point X="155" Y="176" T="118598551" />
  <Point X="155" Y="179" T="118598567" />
  <Point X="155" Y="181" T="118598583" />
  <Point X="154" Y="183" T="118598594" />
  <Point X="153" Y="185" T="118598615" />
  <Point X="153" Y="187" T="118598635" />
  <Point X="152" Y="189" T="118598647" />
  <Point X="152" Y="192" T="118598668" />
  <Point X="152" Y="194" T="118598683" />
  <Point X="152" Y="196" T="118598696" />
  <Point X="151" Y="198" T="118598716" />
  <Point X="151" Y="200" T="118598732" />
  <Point X="151" Y="202" T="118598745" />
  <Point X="150" Y="204" T="118598768" />
  <Point X="149" Y="206" T="118598782" />
  <Point X="148" Y="208" T="118598800" />
  <Point X="146" Y="210" T="118598820" />
  <Point X="145" Y="212" T="118598840" />
  <Point X="144" Y="214" T="118598854" />
  <Point X="143" Y="216" T="118598876" />
  <Point X="142" Y="218" T="118598909" />
  <Point X="141" Y="221" T="118598933" />
  <Point X="140" Y="223" T="118598949" />
  <Point X="139" Y="226" T="118598973" />
  <Point X="138" Y="228" T="118598990" />
  <Point X="137" Y="230" T="118599006" />
  <Point X="137" Y="232" T="118599022" />
  <Point X="136" Y="235" T="118599038" />
  <Point X="136" Y="238" T="118599057" />
  <Point X="135" Y="240" T="118599074" />
  <Point X="135" Y="242" T="118599092" />
  <Point X="134" Y="244" T="118599109" />
  <Point X="134" Y="246" T="118599127" />
  <Point X="134" Y="248" T="118599152" />
  <Point X="133" Y="251" T="118599176" />
  <Point X="133" Y="253" T="118599212" />
  <Point X="132" Y="255" T="118599236" />
  <Point X="130" Y="256" T="118599284" />
  <Point X="128" Y="256" T="118599308" />
  <Point X="125" Y="256" T="118599327" />
  <Point X="121" Y="256" T="118599346" />
  <Point X="118" Y="256" T="118599365" />
  <Point X="114" Y="255" T="118599385" />
  <Point X="106" Y="255" T="118599405" />
  <Point X="101" Y="255" T="118599425" />
  <Point X="94" Y="254" T="118599446" />
  <Point X="90" Y="254" T="118599466" />
  <Point X="86" Y="254" T="118599487" />
</Gesture>