﻿<?xml version="1.0" encoding="utf-8" standalone="yes"?>
<Gesture Name="right_sq_bracket04" Subject="5" Speed="medium" Number="4" NumPts="74" Millseconds="1799" AppName="Gestures" AppVer="3.7.0.0" Date="Friday, March 09, 2007" TimeOfDay="9:34:30 PM">
  <Point X="106" Y="147" T="118581718" />
  <Point X="108" Y="147" T="118581818" />
  <Point X="110" Y="147" T="118581839" />
  <Point X="112" Y="147" T="118581854" />
  <Point X="114" Y="148" T="118581871" />
  <Point X="117" Y="147" T="118581887" />
  <Point X="119" Y="147" T="118581903" />
  <Point X="121" Y="146" T="118581919" />
  <Point X="123" Y="146" T="118581935" />
  <Point X="126" Y="145" T="118581955" />
  <Point X="128" Y="146" T="118581979" />
  <Point X="130" Y="147" T="118582000" />
  <Point X="132" Y="146" T="118582026" />
  <Point X="134" Y="147" T="118582046" />
  <Point X="136" Y="147" T="118582071" />
  <Point X="138" Y="147" T="118582092" />
  <Point X="140" Y="148" T="118582112" />
  <Point X="142" Y="147" T="118582132" />
  <Point X="144" Y="147" T="118582161" />
  <Point X="146" Y="148" T="118582189" />
  <Point X="148" Y="148" T="118582258" />
  <Point X="151" Y="149" T="118582289" />
  <Point X="153" Y="148" T="118582326" />
  <Point X="155" Y="148" T="118582366" />
  <Point X="155" Y="150" T="118582475" />
  <Point X="154" Y="153" T="118582499" />
  <Point X="154" Y="155" T="118582519" />
  <Point X="154" Y="158" T="118582535" />
  <Point X="154" Y="160" T="118582556" />
  <Point X="154" Y="162" T="118582572" />
  <Point X="154" Y="165" T="118582593" />
  <Point X="154" Y="167" T="118582605" />
  <Point X="154" Y="169" T="118582621" />
  <Point X="154" Y="172" T="118582634" />
  <Point X="154" Y="174" T="118582661" />
  <Point X="154" Y="177" T="118582678" />
  <Point X="154" Y="179" T="118582693" />
  <Point X="153" Y="181" T="118582706" />
  <Point X="153" Y="183" T="118582725" />
  <Point X="153" Y="186" T="118582742" />
  <Point X="152" Y="188" T="118582766" />
  <Point X="151" Y="190" T="118582790" />
  <Point X="151" Y="192" T="118582815" />
  <Point X="150" Y="194" T="118582829" />
  <Point X="149" Y="197" T="118582855" />
  <Point X="149" Y="199" T="118582875" />
  <Point X="148" Y="201" T="118582895" />
  <Point X="147" Y="203" T="118582923" />
  <Point X="146" Y="206" T="118582948" />
  <Point X="145" Y="208" T="118582963" />
  <Point X="144" Y="211" T="118582978" />
  <Point X="142" Y="214" T="118582995" />
  <Point X="142" Y="216" T="118583012" />
  <Point X="140" Y="218" T="118583035" />
  <Point X="140" Y="220" T="118583051" />
  <Point X="138" Y="222" T="118583072" />
  <Point X="137" Y="224" T="118583088" />
  <Point X="136" Y="226" T="118583105" />
  <Point X="136" Y="229" T="118583128" />
  <Point X="135" Y="231" T="118583145" />
  <Point X="134" Y="233" T="118583176" />
  <Point X="134" Y="236" T="118583201" />
  <Point X="134" Y="238" T="118583219" />
  <Point X="134" Y="240" T="118583237" />
  <Point X="134" Y="243" T="118583257" />
  <Point X="134" Y="245" T="118583275" />
  <Point X="134" Y="247" T="118583294" />
  <Point X="134" Y="250" T="118583322" />
  <Point X="134" Y="252" T="118583341" />
  <Point X="134" Y="254" T="118583362" />
  <Point X="132" Y="255" T="118583453" />
  <Point X="129" Y="255" T="118583477" />
  <Point X="127" Y="255" T="118583497" />
  <Point X="125" Y="254" T="118583517" />
</Gesture>