﻿<?xml version="1.0" encoding="utf-8" standalone="yes"?>
<Gesture Name="right_sq_bracket05" Subject="5" Speed="medium" Number="5" NumPts="88" Millseconds="1872" AppName="Gestures" AppVer="3.7.0.0" Date="Friday, March 09, 2007" TimeOfDay="9:34:33 PM">
  <Point X="110" Y="150" T="118584272" />
  <Point X="108" Y="150" T="118584292" />
  <Point X="106" Y="148" T="118584308" />
  <Point X="109" Y="146" T="118584397" />
  <Point X="111" Y="146" T="118584413" />
  <Point X="113" Y="146" T="118584428" />
  <Point X="115" Y="147" T="118584443" />
  <Point X="117" Y="146" T="118584455" />
  <Point X="119" Y="146" T="118584471" />
  <Point X="122" Y="147" T="118584488" />
  <Point X="124" Y="147" T="118584500" />
  <Point X="126" Y="146" T="118584512" />
  <Point X="128" Y="147" T="118584528" />
  <Point X="130" Y="146" T="118584540" />
  <Point X="132" Y="147" T="118584557" />
  <Point X="134" Y="146" T="118584578" />
  <Point X="136" Y="146" T="118584594" />
  <Point X="138" Y="146" T="118584614" />
  <Point X="141" Y="146" T="118584634" />
  <Point X="143" Y="146" T="118584650" />
  <Point X="145" Y="145" T="118584670" />
  <Point X="147" Y="146" T="118584691" />
  <Point X="149" Y="146" T="118584743" />
  <Point X="150" Y="148" T="118584771" />
  <Point X="152" Y="148" T="118584811" />
  <Point X="154" Y="146" T="118584863" />
  <Point X="155" Y="148" T="118584915" />
  <Point X="155" Y="150" T="118584943" />
  <Point X="155" Y="152" T="118584962" />
  <Point X="154" Y="154" T="118584979" />
  <Point X="154" Y="157" T="118584990" />
  <Point X="154" Y="159" T="118585003" />
  <Point X="154" Y="162" T="118585020" />
  <Point X="154" Y="164" T="118585032" />
  <Point X="153" Y="167" T="118585045" />
  <Point X="153" Y="169" T="118585057" />
  <Point X="153" Y="171" T="118585069" />
  <Point X="153" Y="173" T="118585088" />
  <Point X="153" Y="175" T="118585104" />
  <Point X="152" Y="177" T="118585120" />
  <Point X="152" Y="180" T="118585140" />
  <Point X="152" Y="182" T="118585160" />
  <Point X="152" Y="184" T="118585189" />
  <Point X="152" Y="186" T="118585205" />
  <Point X="151" Y="188" T="118585221" />
  <Point X="151" Y="190" T="118585241" />
  <Point X="150" Y="192" T="118585258" />
  <Point X="150" Y="195" T="118585272" />
  <Point X="148" Y="197" T="118585314" />
  <Point X="148" Y="199" T="118585335" />
  <Point X="147" Y="202" T="118585363" />
  <Point X="146" Y="204" T="118585383" />
  <Point X="145" Y="206" T="118585407" />
  <Point X="144" Y="208" T="118585428" />
  <Point X="143" Y="210" T="118585449" />
  <Point X="142" Y="213" T="118585465" />
  <Point X="141" Y="215" T="118585482" />
  <Point X="141" Y="217" T="118585498" />
  <Point X="140" Y="219" T="118585521" />
  <Point X="139" Y="222" T="118585538" />
  <Point X="139" Y="224" T="118585555" />
  <Point X="138" Y="226" T="118585577" />
  <Point X="138" Y="229" T="118585595" />
  <Point X="138" Y="231" T="118585613" />
  <Point X="138" Y="233" T="118585631" />
  <Point X="137" Y="235" T="118585649" />
  <Point X="137" Y="239" T="118585668" />
  <Point X="137" Y="241" T="118585687" />
  <Point X="137" Y="244" T="118585706" />
  <Point X="137" Y="246" T="118585725" />
  <Point X="137" Y="249" T="118585744" />
  <Point X="137" Y="251" T="118585765" />
  <Point X="137" Y="253" T="118585790" />
  <Point X="136" Y="255" T="118585838" />
  <Point X="133" Y="254" T="118585883" />
  <Point X="131" Y="254" T="118585903" />
  <Point X="129" Y="254" T="118585924" />
  <Point X="124" Y="253" T="118585944" />
  <Point X="119" Y="252" T="118585965" />
  <Point X="115" Y="254" T="118585987" />
  <Point X="113" Y="253" T="118585988" />
  <Point X="108" Y="253" T="118586010" />
  <Point X="102" Y="252" T="118586032" />
  <Point X="95" Y="250" T="118586054" />
  <Point X="87" Y="250" T="118586077" />
  <Point X="81" Y="248" T="118586100" />
  <Point X="79" Y="247" T="118586122" />
  <Point X="77" Y="247" T="118586144" />
</Gesture>