﻿<?xml version="1.0" encoding="utf-8" standalone="yes"?>
<Gesture Name="right_sq_bracket08" Subject="5" Speed="medium" Number="8" NumPts="80" Millseconds="1944" AppName="Gestures" AppVer="3.7.0.0" Date="Friday, March 09, 2007" TimeOfDay="9:34:41 PM">
  <Point X="111" Y="151" T="118592312" />
  <Point X="113" Y="151" T="118592351" />
  <Point X="115" Y="151" T="118592372" />
  <Point X="116" Y="149" T="118592385" />
  <Point X="118" Y="150" T="118592397" />
  <Point X="120" Y="150" T="118592417" />
  <Point X="122" Y="150" T="118592434" />
  <Point X="124" Y="150" T="118592452" />
  <Point X="126" Y="149" T="118592471" />
  <Point X="128" Y="150" T="118592484" />
  <Point X="130" Y="151" T="118592503" />
  <Point X="133" Y="150" T="118592520" />
  <Point X="135" Y="149" T="118592536" />
  <Point X="137" Y="150" T="118592560" />
  <Point X="139" Y="150" T="118592581" />
  <Point X="141" Y="150" T="118592606" />
  <Point X="143" Y="150" T="118592630" />
  <Point X="145" Y="152" T="118592662" />
  <Point X="147" Y="151" T="118592694" />
  <Point X="149" Y="153" T="118592748" />
  <Point X="151" Y="152" T="118592804" />
  <Point X="153" Y="151" T="118592877" />
  <Point X="154" Y="154" T="118592985" />
  <Point X="154" Y="156" T="118593025" />
  <Point X="153" Y="158" T="118593066" />
  <Point X="153" Y="161" T="118593086" />
  <Point X="154" Y="163" T="118593110" />
  <Point X="154" Y="165" T="118593130" />
  <Point X="154" Y="167" T="118593146" />
  <Point X="154" Y="169" T="118593158" />
  <Point X="154" Y="171" T="118593178" />
  <Point X="153" Y="173" T="118593195" />
  <Point X="153" Y="175" T="118593207" />
  <Point X="153" Y="178" T="118593232" />
  <Point X="152" Y="180" T="118593264" />
  <Point X="151" Y="183" T="118593285" />
  <Point X="149" Y="185" T="118593321" />
  <Point X="148" Y="187" T="118593344" />
  <Point X="147" Y="189" T="118593364" />
  <Point X="147" Y="192" T="118593385" />
  <Point X="146" Y="194" T="118593405" />
  <Point X="145" Y="196" T="118593418" />
  <Point X="144" Y="198" T="118593445" />
  <Point X="144" Y="200" T="118593458" />
  <Point X="143" Y="203" T="118593494" />
  <Point X="142" Y="205" T="118593514" />
  <Point X="141" Y="207" T="118593535" />
  <Point X="140" Y="209" T="118593549" />
  <Point X="140" Y="211" T="118593574" />
  <Point X="139" Y="213" T="118593594" />
  <Point X="139" Y="216" T="118593610" />
  <Point X="139" Y="218" T="118593631" />
  <Point X="139" Y="220" T="118593647" />
  <Point X="138" Y="223" T="118593671" />
  <Point X="138" Y="225" T="118593696" />
  <Point X="137" Y="227" T="118593724" />
  <Point X="137" Y="229" T="118593740" />
  <Point X="136" Y="231" T="118593757" />
  <Point X="136" Y="234" T="118593776" />
  <Point X="136" Y="236" T="118593793" />
  <Point X="136" Y="238" T="118593810" />
  <Point X="136" Y="240" T="118593837" />
  <Point X="136" Y="243" T="118593854" />
  <Point X="136" Y="245" T="118593873" />
  <Point X="136" Y="247" T="118593897" />
  <Point X="135" Y="249" T="118593945" />
  <Point X="133" Y="249" T="118593993" />
  <Point X="131" Y="250" T="118594013" />
  <Point X="129" Y="249" T="118594033" />
  <Point X="127" Y="249" T="118594052" />
  <Point X="124" Y="249" T="118594072" />
  <Point X="120" Y="249" T="118594091" />
  <Point X="115" Y="249" T="118594111" />
  <Point X="108" Y="250" T="118594131" />
  <Point X="104" Y="250" T="118594152" />
  <Point X="97" Y="252" T="118594173" />
  <Point X="90" Y="253" T="118594194" />
  <Point X="86" Y="254" T="118594214" />
  <Point X="81" Y="254" T="118594236" />
  <Point X="79" Y="253" T="118594256" />
</Gesture>