﻿<?xml version="1.0" encoding="utf-8" standalone="yes"?>
<Gesture Name="right_sq_bracket09" Subject="5" Speed="medium" Number="9" NumPts="87" Millseconds="2106" AppName="Gestures" AppVer="3.7.0.0" Date="Friday, March 09, 2007" TimeOfDay="9:34:44 PM">
  <Point X="108" Y="153" T="118595010" />
  <Point X="110" Y="154" T="118595090" />
  <Point X="112" Y="155" T="118595114" />
  <Point X="115" Y="155" T="118595135" />
  <Point X="117" Y="154" T="118595151" />
  <Point X="119" Y="154" T="118595171" />
  <Point X="121" Y="154" T="118595192" />
  <Point X="123" Y="154" T="118595216" />
  <Point X="125" Y="155" T="118595240" />
  <Point X="127" Y="156" T="118595268" />
  <Point X="129" Y="155" T="118595292" />
  <Point X="131" Y="155" T="118595316" />
  <Point X="133" Y="155" T="118595340" />
  <Point X="135" Y="156" T="118595365" />
  <Point X="137" Y="156" T="118595389" />
  <Point X="139" Y="155" T="118595410" />
  <Point X="142" Y="155" T="118595435" />
  <Point X="144" Y="154" T="118595455" />
  <Point X="146" Y="154" T="118595475" />
  <Point X="148" Y="154" T="118595500" />
  <Point X="150" Y="155" T="118595528" />
  <Point X="152" Y="155" T="118595564" />
  <Point X="154" Y="155" T="118595596" />
  <Point X="156" Y="155" T="118595632" />
  <Point X="158" Y="155" T="118595673" />
  <Point X="159" Y="153" T="118595705" />
  <Point X="159" Y="155" T="118595738" />
  <Point X="159" Y="153" T="118595770" />
  <Point X="159" Y="155" T="118595787" />
  <Point X="161" Y="158" T="118595856" />
  <Point X="161" Y="160" T="118595880" />
  <Point X="161" Y="162" T="118595897" />
  <Point X="161" Y="164" T="118595909" />
  <Point X="161" Y="166" T="118595938" />
  <Point X="161" Y="169" T="118595959" />
  <Point X="161" Y="171" T="118595972" />
  <Point X="160" Y="173" T="118595992" />
  <Point X="160" Y="176" T="118596012" />
  <Point X="160" Y="178" T="118596027" />
  <Point X="159" Y="180" T="118596051" />
  <Point X="159" Y="183" T="118596067" />
  <Point X="159" Y="185" T="118596084" />
  <Point X="158" Y="187" T="118596104" />
  <Point X="157" Y="189" T="118596128" />
  <Point X="156" Y="192" T="118596145" />
  <Point X="155" Y="194" T="118596169" />
  <Point X="154" Y="196" T="118596193" />
  <Point X="152" Y="199" T="118596220" />
  <Point X="152" Y="201" T="118596244" />
  <Point X="151" Y="203" T="118596264" />
  <Point X="150" Y="205" T="118596288" />
  <Point X="149" Y="208" T="118596303" />
  <Point X="148" Y="210" T="118596320" />
  <Point X="147" Y="213" T="118596356" />
  <Point X="146" Y="215" T="118596376" />
  <Point X="146" Y="217" T="118596393" />
  <Point X="145" Y="219" T="118596409" />
  <Point X="144" Y="221" T="118596433" />
  <Point X="144" Y="223" T="118596450" />
  <Point X="143" Y="225" T="118596467" />
  <Point X="142" Y="227" T="118596484" />
  <Point X="142" Y="229" T="118596502" />
  <Point X="141" Y="231" T="118596520" />
  <Point X="141" Y="233" T="118596537" />
  <Point X="140" Y="236" T="118596557" />
  <Point X="140" Y="238" T="118596576" />
  <Point X="140" Y="240" T="118596594" />
  <Point X="140" Y="242" T="118596617" />
  <Point X="140" Y="244" T="118596636" />
  <Point X="139" Y="246" T="118596661" />
  <Point X="139" Y="248" T="118596689" />
  <Point X="139" Y="251" T="118596741" />
  <Point X="138" Y="253" T="118596786" />
  <Point X="136" Y="253" T="118596843" />
  <Point X="133" Y="253" T="118596872" />
  <Point X="131" Y="253" T="118596892" />
  <Point X="127" Y="253" T="118596913" />
  <Point X="123" Y="252" T="118596934" />
  <Point X="116" Y="252" T="118596956" />
  <Point X="108" Y="251" T="118596977" />
  <Point X="103" Y="250" T="118596999" />
  <Point X="100" Y="250" T="118597000" />
  <Point X="95" Y="250" T="118597023" />
  <Point X="88" Y="250" T="118597045" />
  <Point X="81" Y="248" T="118597068" />
  <Point X="76" Y="249" T="118597093" />
  <Point X="72" Y="248" T="118597116" />
</Gesture>