﻿<?xml version="1.0" encoding="utf-8" standalone="yes"?>
<Gesture Name="right_curly_brace01" Subject="5" Speed="medium" Number="1" NumPts="108" Millseconds="2893" AppName="Gestures" AppVer="3.7.0.0" Date="Friday, March 09, 2007" TimeOfDay="9:46:22 PM">
  <Point X="87" Y="132" T="119293253" />
  <Point X="89" Y="132" T="119293369" />
  <Point X="91" Y="132" T="119293406" />
  <Point X="93" Y="132" T="119293442" />
  <Point X="95" Y="132" T="119293487" />
  <Point X="97" Y="133" T="119293510" />
  <Point X="99" Y="134" T="119293534" />
  <Point X="101" Y="135" T="119293555" />
  <Point X="103" Y="134" T="119293571" />
  <Point X="105" Y="134" T="119293591" />
  <Point X="107" Y="134" T="119293615" />
  <Point X="109" Y="134" T="119293643" />
  <Point X="111" Y="134" T="119293667" />
  <Point X="113" Y="135" T="119293692" />
  <Point X="115" Y="135" T="119293724" />
  <Point X="117" Y="138" T="119293756" />
  <Point X="119" Y="138" T="119293792" />
  <Point X="120" Y="140" T="119293816" />
  <Point X="121" Y="143" T="119293842" />
  <Point X="122" Y="145" T="119293862" />
  <Point X="124" Y="147" T="119293885" />
  <Point X="125" Y="149" T="119293912" />
  <Point X="126" Y="152" T="119293940" />
  <Point X="126" Y="154" T="119293965" />
  <Point X="127" Y="156" T="119293985" />
  <Point X="127" Y="159" T="119294009" />
  <Point X="128" Y="161" T="119294042" />
  <Point X="128" Y="163" T="119294058" />
  <Point X="128" Y="166" T="119294078" />
  <Point X="128" Y="168" T="119294099" />
  <Point X="127" Y="170" T="119294110" />
  <Point X="127" Y="172" T="119294131" />
  <Point X="127" Y="175" T="119294152" />
  <Point X="126" Y="177" T="119294172" />
  <Point X="125" Y="179" T="119294193" />
  <Point X="124" Y="181" T="119294210" />
  <Point X="123" Y="184" T="119294226" />
  <Point X="123" Y="186" T="119294238" />
  <Point X="122" Y="188" T="119294262" />
  <Point X="122" Y="190" T="119294275" />
  <Point X="122" Y="192" T="119294290" />
  <Point X="122" Y="194" T="119294309" />
  <Point X="122" Y="196" T="119294326" />
  <Point X="122" Y="198" T="119294340" />
  <Point X="122" Y="201" T="119294362" />
  <Point X="123" Y="203" T="119294376" />
  <Point X="123" Y="205" T="119294399" />
  <Point X="125" Y="207" T="119294424" />
  <Point X="126" Y="209" T="119294440" />
  <Point X="128" Y="210" T="119294460" />
  <Point X="130" Y="211" T="119294480" />
  <Point X="132" Y="212" T="119294500" />
  <Point X="134" Y="212" T="119294520" />
  <Point X="136" Y="213" T="119294540" />
  <Point X="138" Y="213" T="119294557" />
  <Point X="140" Y="215" T="119294573" />
  <Point X="142" Y="215" T="119294600" />
  <Point X="144" Y="217" T="119294632" />
  <Point X="146" Y="217" T="119294661" />
  <Point X="144" Y="217" T="119294808" />
  <Point X="142" Y="218" T="119294832" />
  <Point X="140" Y="217" T="119294861" />
  <Point X="138" Y="216" T="119294885" />
  <Point X="136" Y="216" T="119294904" />
  <Point X="134" Y="215" T="119294924" />
  <Point X="132" Y="214" T="119294956" />
  <Point X="130" Y="214" T="119294992" />
  <Point X="128" Y="214" T="119295020" />
  <Point X="126" Y="214" T="119295056" />
  <Point X="124" Y="215" T="119295097" />
  <Point X="122" Y="217" T="119295137" />
  <Point X="121" Y="219" T="119295185" />
  <Point X="121" Y="221" T="119295234" />
  <Point X="120" Y="223" T="119295255" />
  <Point X="120" Y="226" T="119295282" />
  <Point X="120" Y="228" T="119295307" />
  <Point X="120" Y="231" T="119295352" />
  <Point X="121" Y="233" T="119295400" />
  <Point X="121" Y="235" T="119295424" />
  <Point X="121" Y="237" T="119295460" />
  <Point X="122" Y="240" T="119295488" />
  <Point X="122" Y="242" T="119295521" />
  <Point X="122" Y="244" T="119295545" />
  <Point X="122" Y="247" T="119295573" />
  <Point X="122" Y="249" T="119295597" />
  <Point X="122" Y="251" T="119295625" />
  <Point X="121" Y="253" T="119295648" />
  <Point X="121" Y="255" T="119295670" />
  <Point X="120" Y="258" T="119295693" />
  <Point X="120" Y="260" T="119295716" />
  <Point X="119" Y="262" T="119295739" />
  <Point X="118" Y="264" T="119295762" />
  <Point X="117" Y="266" T="119295786" />
  <Point X="115" Y="268" T="119295814" />
  <Point X="114" Y="271" T="119295838" />
  <Point X="112" Y="273" T="119295862" />
  <Point X="110" Y="275" T="119295886" />
  <Point X="106" Y="276" T="119295911" />
  <Point X="103" Y="278" T="119295936" />
  <Point X="99" Y="280" T="119295961" />
  <Point X="94" Y="279" T="119295987" />
  <Point X="89" Y="281" T="119296012" />
  <Point X="87" Y="280" T="119296013" />
  <Point X="82" Y="279" T="119296039" />
  <Point X="77" Y="279" T="119296066" />
  <Point X="72" Y="277" T="119296092" />
  <Point X="68" Y="275" T="119296120" />
  <Point X="66" Y="273" T="119296146" />
</Gesture>