﻿<?xml version="1.0" encoding="utf-8" standalone="yes"?>
<Gesture Name="right_curly_brace06" Subject="5" Speed="medium" Number="6" NumPts="90" Millseconds="2100" AppName="Gestures" AppVer="3.7.0.0" Date="Friday, March 09, 2007" TimeOfDay="9:46:36 PM">
  <Point X="110" Y="150" T="119308117" />
  <Point X="112" Y="150" T="119308213" />
  <Point X="114" Y="151" T="119308225" />
  <Point X="117" Y="152" T="119308238" />
  <Point X="119" Y="152" T="119308250" />
  <Point X="121" Y="153" T="119308262" />
  <Point X="123" Y="153" T="119308275" />
  <Point X="126" Y="154" T="119308291" />
  <Point X="128" Y="153" T="119308307" />
  <Point X="130" Y="154" T="119308323" />
  <Point X="132" Y="154" T="119308343" />
  <Point X="134" Y="156" T="119308360" />
  <Point X="136" Y="157" T="119308380" />
  <Point X="138" Y="158" T="119308404" />
  <Point X="140" Y="160" T="119308425" />
  <Point X="141" Y="162" T="119308437" />
  <Point X="141" Y="164" T="119308445" />
  <Point X="142" Y="167" T="119308457" />
  <Point X="142" Y="169" T="119308478" />
  <Point X="142" Y="171" T="119308493" />
  <Point X="142" Y="173" T="119308509" />
  <Point X="142" Y="175" T="119308529" />
  <Point X="141" Y="177" T="119308542" />
  <Point X="141" Y="180" T="119308553" />
  <Point X="139" Y="182" T="119308574" />
  <Point X="139" Y="184" T="119308584" />
  <Point X="138" Y="186" T="119308598" />
  <Point X="136" Y="188" T="119308614" />
  <Point X="135" Y="190" T="119308630" />
  <Point X="134" Y="193" T="119308649" />
  <Point X="132" Y="195" T="119308678" />
  <Point X="131" Y="198" T="119308690" />
  <Point X="129" Y="200" T="119308706" />
  <Point X="128" Y="202" T="119308719" />
  <Point X="127" Y="204" T="119308730" />
  <Point X="126" Y="206" T="119308742" />
  <Point X="126" Y="208" T="119308767" />
  <Point X="126" Y="210" T="119308782" />
  <Point X="126" Y="212" T="119308799" />
  <Point X="126" Y="215" T="119308814" />
  <Point X="127" Y="217" T="119308835" />
  <Point X="128" Y="219" T="119308859" />
  <Point X="130" Y="221" T="119308879" />
  <Point X="132" Y="223" T="119308903" />
  <Point X="134" Y="223" T="119308924" />
  <Point X="136" Y="224" T="119308944" />
  <Point X="138" Y="226" T="119308964" />
  <Point X="140" Y="226" T="119308984" />
  <Point X="142" Y="226" T="119309004" />
  <Point X="143" Y="228" T="119309028" />
  <Point X="145" Y="229" T="119309076" />
  <Point X="143" Y="230" T="119309213" />
  <Point X="141" Y="228" T="119309246" />
  <Point X="139" Y="226" T="119309275" />
  <Point X="137" Y="227" T="119309303" />
  <Point X="135" Y="226" T="119309327" />
  <Point X="133" Y="226" T="119309352" />
  <Point X="131" Y="226" T="119309384" />
  <Point X="130" Y="229" T="119309409" />
  <Point X="128" Y="231" T="119309436" />
  <Point X="126" Y="234" T="119309481" />
  <Point X="126" Y="236" T="119309505" />
  <Point X="126" Y="239" T="119309558" />
  <Point X="127" Y="241" T="119309611" />
  <Point X="127" Y="243" T="119309639" />
  <Point X="127" Y="245" T="119309667" />
  <Point X="127" Y="247" T="119309696" />
  <Point X="126" Y="249" T="119309724" />
  <Point X="125" Y="252" T="119309742" />
  <Point X="125" Y="254" T="119309761" />
  <Point X="125" Y="256" T="119309781" />
  <Point X="125" Y="258" T="119309815" />
  <Point X="125" Y="261" T="119309835" />
  <Point X="125" Y="263" T="119309856" />
  <Point X="125" Y="265" T="119309887" />
  <Point X="125" Y="267" T="119309908" />
  <Point X="124" Y="269" T="119309928" />
  <Point X="123" Y="271" T="119309948" />
  <Point X="121" Y="273" T="119309969" />
  <Point X="119" Y="275" T="119309991" />
  <Point X="117" Y="276" T="119310012" />
  <Point X="113" Y="277" T="119310034" />
  <Point X="107" Y="278" T="119310056" />
  <Point X="105" Y="278" T="119310078" />
  <Point X="100" Y="278" T="119310100" />
  <Point X="96" Y="276" T="119310123" />
  <Point X="90" Y="274" T="119310146" />
  <Point X="87" Y="270" T="119310168" />
  <Point X="85" Y="267" T="119310194" />
  <Point X="85" Y="265" T="119310217" />
</Gesture>