﻿<?xml version="1.0" encoding="utf-8" standalone="yes"?>
<Gesture Name="right_curly_brace07" Subject="5" Speed="medium" Number="7" NumPts="81" Millseconds="2028" AppName="Gestures" AppVer="3.7.0.0" Date="Friday, March 09, 2007" TimeOfDay="9:46:38 PM">
  <Point X="114" Y="156" T="119310664" />
  <Point X="117" Y="156" T="119310774" />
  <Point X="119" Y="157" T="119310786" />
  <Point X="121" Y="157" T="119310795" />
  <Point X="124" Y="157" T="119310807" />
  <Point X="126" Y="157" T="119310819" />
  <Point X="128" Y="159" T="119310832" />
  <Point X="130" Y="159" T="119310848" />
  <Point X="132" Y="161" T="119310867" />
  <Point X="133" Y="164" T="119310883" />
  <Point X="135" Y="166" T="119310903" />
  <Point X="136" Y="168" T="119310923" />
  <Point X="137" Y="170" T="119310943" />
  <Point X="137" Y="173" T="119310964" />
  <Point X="137" Y="175" T="119310976" />
  <Point X="138" Y="177" T="119310993" />
  <Point X="137" Y="180" T="119311010" />
  <Point X="137" Y="182" T="119311022" />
  <Point X="136" Y="184" T="119311030" />
  <Point X="135" Y="186" T="119311050" />
  <Point X="135" Y="188" T="119311062" />
  <Point X="134" Y="190" T="119311074" />
  <Point X="133" Y="192" T="119311090" />
  <Point X="132" Y="195" T="119311109" />
  <Point X="131" Y="197" T="119311126" />
  <Point X="130" Y="199" T="119311141" />
  <Point X="129" Y="201" T="119311153" />
  <Point X="127" Y="204" T="119311177" />
  <Point X="126" Y="206" T="119311196" />
  <Point X="125" Y="208" T="119311212" />
  <Point X="124" Y="210" T="119311233" />
  <Point X="124" Y="212" T="119311249" />
  <Point X="123" Y="214" T="119311260" />
  <Point X="123" Y="216" T="119311277" />
  <Point X="123" Y="219" T="119311294" />
  <Point X="124" Y="221" T="119311319" />
  <Point X="124" Y="223" T="119311332" />
  <Point X="126" Y="224" T="119311368" />
  <Point X="128" Y="226" T="119311387" />
  <Point X="130" Y="227" T="119311408" />
  <Point X="133" Y="228" T="119311433" />
  <Point X="133" Y="230" T="119311446" />
  <Point X="135" Y="230" T="119311465" />
  <Point X="137" Y="230" T="119311498" />
  <Point X="138" Y="233" T="119311517" />
  <Point X="139" Y="235" T="119311634" />
  <Point X="137" Y="233" T="119311864" />
  <Point X="135" Y="233" T="119311908" />
  <Point X="133" Y="233" T="119311932" />
  <Point X="130" Y="232" T="119311959" />
  <Point X="128" Y="232" T="119311981" />
  <Point X="126" Y="233" T="119312008" />
  <Point X="124" Y="234" T="119312057" />
  <Point X="124" Y="236" T="119312074" />
  <Point X="123" Y="239" T="119312101" />
  <Point X="122" Y="241" T="119312136" />
  <Point X="122" Y="244" T="119312156" />
  <Point X="121" Y="246" T="119312180" />
  <Point X="121" Y="248" T="119312215" />
  <Point X="122" Y="250" T="119312236" />
  <Point X="122" Y="253" T="119312264" />
  <Point X="122" Y="255" T="119312287" />
  <Point X="122" Y="258" T="119312319" />
  <Point X="121" Y="260" T="119312343" />
  <Point X="119" Y="262" T="119312364" />
  <Point X="119" Y="264" T="119312382" />
  <Point X="117" Y="266" T="119312411" />
  <Point X="116" Y="268" T="119312430" />
  <Point X="115" Y="271" T="119312448" />
  <Point X="113" Y="272" T="119312476" />
  <Point X="110" Y="274" T="119312504" />
  <Point X="108" Y="275" T="119312523" />
  <Point X="106" Y="276" T="119312543" />
  <Point X="103" Y="274" T="119312544" />
  <Point X="98" Y="275" T="119312565" />
  <Point X="94" Y="274" T="119312585" />
  <Point X="90" Y="275" T="119312606" />
  <Point X="85" Y="273" T="119312627" />
  <Point X="82" Y="271" T="119312649" />
  <Point X="80" Y="269" T="119312670" />
  <Point X="79" Y="267" T="119312692" />
</Gesture>