﻿<?xml version="1.0" encoding="utf-8" standalone="yes"?>
<Gesture Name="right_curly_brace05" Subject="5" Speed="medium" Number="5" NumPts="95" Millseconds="2128" AppName="Gestures" AppVer="3.7.0.0" Date="Friday, March 09, 2007" TimeOfDay="9:46:33 PM">
  <Point X="109" Y="146" T="119305457" />
  <Point X="111" Y="145" T="119305542" />
  <Point X="113" Y="145" T="119305558" />
  <Point X="116" Y="145" T="119305575" />
  <Point X="118" Y="146" T="119305586" />
  <Point X="120" Y="147" T="119305603" />
  <Point X="122" Y="147" T="119305619" />
  <Point X="124" Y="147" T="119305635" />
  <Point X="126" Y="148" T="119305654" />
  <Point X="128" Y="148" T="119305674" />
  <Point X="130" Y="150" T="119305686" />
  <Point X="132" Y="150" T="119305702" />
  <Point X="134" Y="153" T="119305722" />
  <Point X="136" Y="155" T="119305742" />
  <Point X="137" Y="157" T="119305758" />
  <Point X="138" Y="159" T="119305778" />
  <Point X="139" Y="162" T="119305795" />
  <Point X="140" Y="164" T="119305812" />
  <Point X="140" Y="166" T="119305824" />
  <Point X="141" Y="169" T="119305836" />
  <Point X="141" Y="171" T="119305848" />
  <Point X="141" Y="173" T="119305861" />
  <Point X="141" Y="175" T="119305877" />
  <Point X="141" Y="177" T="119305893" />
  <Point X="141" Y="179" T="119305910" />
  <Point X="141" Y="182" T="119305926" />
  <Point X="140" Y="184" T="119305938" />
  <Point X="140" Y="186" T="119305954" />
  <Point X="139" Y="188" T="119305966" />
  <Point X="138" Y="191" T="119305982" />
  <Point X="137" Y="193" T="119305998" />
  <Point X="136" Y="195" T="119306013" />
  <Point X="134" Y="198" T="119306037" />
  <Point X="133" Y="200" T="119306057" />
  <Point X="132" Y="203" T="119306070" />
  <Point X="130" Y="204" T="119306102" />
  <Point X="128" Y="206" T="119306122" />
  <Point X="127" Y="209" T="119306134" />
  <Point X="125" Y="210" T="119306158" />
  <Point X="124" Y="212" T="119306174" />
  <Point X="122" Y="214" T="119306198" />
  <Point X="120" Y="217" T="119306227" />
  <Point X="120" Y="219" T="119306251" />
  <Point X="119" Y="221" T="119306264" />
  <Point X="120" Y="223" T="119306283" />
  <Point X="120" Y="225" T="119306308" />
  <Point X="121" Y="227" T="119306327" />
  <Point X="123" Y="229" T="119306355" />
  <Point X="125" Y="231" T="119306387" />
  <Point X="127" Y="233" T="119306411" />
  <Point X="129" Y="233" T="119306440" />
  <Point X="131" Y="233" T="119306464" />
  <Point X="133" Y="235" T="119306484" />
  <Point X="135" Y="235" T="119306508" />
  <Point X="137" Y="235" T="119306541" />
  <Point X="139" Y="236" T="119306590" />
  <Point X="137" Y="236" T="119306671" />
  <Point X="135" Y="235" T="119306691" />
  <Point X="133" Y="235" T="119306711" />
  <Point X="131" Y="235" T="119306731" />
  <Point X="129" Y="235" T="119306752" />
  <Point X="127" Y="233" T="119306780" />
  <Point X="125" Y="233" T="119306821" />
  <Point X="123" Y="235" T="119306845" />
  <Point X="122" Y="237" T="119306873" />
  <Point X="121" Y="239" T="119306898" />
  <Point X="121" Y="242" T="119306939" />
  <Point X="121" Y="244" T="119306974" />
  <Point X="122" Y="246" T="119307006" />
  <Point X="123" Y="249" T="119307037" />
  <Point X="123" Y="251" T="119307061" />
  <Point X="123" Y="253" T="119307081" />
  <Point X="123" Y="256" T="119307102" />
  <Point X="122" Y="258" T="119307122" />
  <Point X="121" Y="260" T="119307142" />
  <Point X="120" Y="263" T="119307162" />
  <Point X="119" Y="265" T="119307190" />
  <Point X="118" Y="267" T="119307213" />
  <Point X="118" Y="269" T="119307234" />
  <Point X="117" Y="271" T="119307255" />
  <Point X="116" Y="273" T="119307277" />
  <Point X="115" Y="275" T="119307299" />
  <Point X="114" Y="277" T="119307321" />
  <Point X="112" Y="282" T="119307343" />
  <Point X="109" Y="284" T="119307371" />
  <Point X="108" Y="286" T="119307393" />
  <Point X="106" Y="286" T="119307416" />
  <Point X="104" Y="287" T="119307439" />
  <Point X="99" Y="287" T="119307462" />
  <Point X="94" Y="286" T="119307485" />
  <Point X="88" Y="284" T="119307509" />
  <Point X="81" Y="282" T="119307534" />
  <Point X="77" Y="279" T="119307558" />
  <Point X="77" Y="277" T="119307559" />
  <Point X="75" Y="274" T="119307585" />
</Gesture>