﻿<?xml version="1.0" encoding="utf-8" standalone="yes"?>
<Gesture Name="right_curly_brace03" Subject="5" Speed="medium" Number="3" NumPts="91" Millseconds="2312" AppName="Gestures" AppVer="3.7.0.0" Date="Friday, March 09, 2007" TimeOfDay="9:46:28 PM">
  <Point X="103" Y="150" T="119299980" />
  <Point X="101" Y="148" T="119299986" />
  <Point X="99" Y="147" T="119300000" />
  <Point X="101" Y="147" T="119300074" />
  <Point X="103" Y="147" T="119300089" />
  <Point X="105" Y="148" T="119300104" />
  <Point X="107" Y="148" T="119300120" />
  <Point X="109" Y="149" T="119300136" />
  <Point X="111" Y="149" T="119300152" />
  <Point X="113" Y="148" T="119300168" />
  <Point X="115" Y="149" T="119300188" />
  <Point X="117" Y="149" T="119300208" />
  <Point X="119" Y="149" T="119300232" />
  <Point X="121" Y="148" T="119300256" />
  <Point X="124" Y="150" T="119300281" />
  <Point X="125" Y="152" T="119300306" />
  <Point X="126" Y="154" T="119300325" />
  <Point X="128" Y="156" T="119300341" />
  <Point X="130" Y="157" T="119300365" />
  <Point X="131" Y="160" T="119300382" />
  <Point X="133" Y="162" T="119300406" />
  <Point X="134" Y="164" T="119300427" />
  <Point X="134" Y="167" T="119300446" />
  <Point X="135" Y="169" T="119300467" />
  <Point X="136" Y="171" T="119300479" />
  <Point X="136" Y="173" T="119300499" />
  <Point X="137" Y="176" T="119300523" />
  <Point X="138" Y="178" T="119300547" />
  <Point X="138" Y="180" T="119300563" />
  <Point X="138" Y="183" T="119300584" />
  <Point X="138" Y="185" T="119300600" />
  <Point X="137" Y="188" T="119300616" />
  <Point X="137" Y="190" T="119300627" />
  <Point X="136" Y="192" T="119300644" />
  <Point X="136" Y="194" T="119300665" />
  <Point X="135" Y="196" T="119300678" />
  <Point X="134" Y="199" T="119300697" />
  <Point X="134" Y="202" T="119300717" />
  <Point X="133" Y="204" T="119300741" />
  <Point X="132" Y="206" T="119300762" />
  <Point X="131" Y="209" T="119300782" />
  <Point X="129" Y="211" T="119300810" />
  <Point X="129" Y="213" T="119300823" />
  <Point X="127" Y="215" T="119300846" />
  <Point X="126" Y="217" T="119300866" />
  <Point X="125" Y="219" T="119300887" />
  <Point X="125" Y="222" T="119300919" />
  <Point X="125" Y="224" T="119300947" />
  <Point X="126" Y="226" T="119300983" />
  <Point X="127" Y="229" T="119301003" />
  <Point X="129" Y="231" T="119301031" />
  <Point X="131" Y="233" T="119301067" />
  <Point X="133" Y="234" T="119301099" />
  <Point X="135" Y="236" T="119301123" />
  <Point X="137" Y="237" T="119301152" />
  <Point X="139" Y="239" T="119301184" />
  <Point X="141" Y="239" T="119301253" />
  <Point X="139" Y="239" T="119301364" />
  <Point X="136" Y="239" T="119301393" />
  <Point X="134" Y="237" T="119301426" />
  <Point X="132" Y="236" T="119301463" />
  <Point X="130" Y="237" T="119301514" />
  <Point X="128" Y="238" T="119301562" />
  <Point X="126" Y="240" T="119301590" />
  <Point X="125" Y="242" T="119301630" />
  <Point X="123" Y="244" T="119301691" />
  <Point X="123" Y="246" T="119301715" />
  <Point X="123" Y="248" T="119301747" />
  <Point X="124" Y="250" T="119301771" />
  <Point X="124" Y="252" T="119301819" />
  <Point X="124" Y="254" T="119301844" />
  <Point X="125" Y="257" T="119301876" />
  <Point X="125" Y="259" T="119301895" />
  <Point X="125" Y="261" T="119301917" />
  <Point X="125" Y="263" T="119301939" />
  <Point X="124" Y="265" T="119301972" />
  <Point X="123" Y="267" T="119302001" />
  <Point X="122" Y="270" T="119302022" />
  <Point X="120" Y="271" T="119302042" />
  <Point X="118" Y="272" T="119302063" />
  <Point X="116" Y="274" T="119302085" />
  <Point X="113" Y="275" T="119302107" />
  <Point X="109" Y="277" T="119302129" />
  <Point X="104" Y="276" T="119302151" />
  <Point X="96" Y="278" T="119302174" />
  <Point X="92" Y="277" T="119302196" />
  <Point X="89" Y="277" T="119302198" />
  <Point X="82" Y="275" T="119302221" />
  <Point X="77" Y="275" T="119302245" />
  <Point X="73" Y="274" T="119302268" />
  <Point X="71" Y="275" T="119302292" />
</Gesture>