﻿<?xml version="1.0" encoding="utf-8" standalone="yes"?>
<Gesture Name="star06" Subject="5" Speed="medium" Number="6" NumPts="135" Millseconds="2950" AppName="Gestures" AppVer="3.7.0.0" Date="Friday, March 09, 2007" TimeOfDay="9:42:52 PM">
  <Point X="62" Y="252" T="119083130" />
  <Point X="64" Y="250" T="119083158" />
  <Point X="66" Y="248" T="119083178" />
  <Point X="67" Y="246" T="119083191" />
  <Point X="69" Y="243" T="119083203" />
  <Point X="70" Y="241" T="119083216" />
  <Point X="71" Y="238" T="119083224" />
  <Point X="73" Y="236" T="119083236" />
  <Point X="74" Y="234" T="119083244" />
  <Point X="77" Y="232" T="119083260" />
  <Point X="79" Y="228" T="119083276" />
  <Point X="80" Y="226" T="119083292" />
  <Point X="81" Y="224" T="119083300" />
  <Point X="83" Y="222" T="119083317" />
  <Point X="84" Y="220" T="119083329" />
  <Point X="86" Y="218" T="119083338" />
  <Point X="87" Y="215" T="119083353" />
  <Point X="88" Y="212" T="119083363" />
  <Point X="90" Y="210" T="119083375" />
  <Point X="91" Y="208" T="119083389" />
  <Point X="92" Y="206" T="119083398" />
  <Point X="94" Y="203" T="119083407" />
  <Point X="95" Y="200" T="119083418" />
  <Point X="96" Y="198" T="119083429" />
  <Point X="98" Y="195" T="119083439" />
  <Point X="99" Y="193" T="119083451" />
  <Point X="100" Y="190" T="119083463" />
  <Point X="102" Y="187" T="119083478" />
  <Point X="103" Y="185" T="119083490" />
  <Point X="104" Y="183" T="119083503" />
  <Point X="106" Y="180" T="119083514" />
  <Point X="107" Y="178" T="119083525" />
  <Point X="108" Y="176" T="119083537" />
  <Point X="110" Y="174" T="119083548" />
  <Point X="111" Y="171" T="119083560" />
  <Point X="112" Y="169" T="119083572" />
  <Point X="114" Y="167" T="119083588" />
  <Point X="115" Y="165" T="119083600" />
  <Point X="116" Y="163" T="119083613" />
  <Point X="117" Y="160" T="119083632" />
  <Point X="118" Y="158" T="119083645" />
  <Point X="120" Y="156" T="119083660" />
  <Point X="121" Y="154" T="119083677" />
  <Point X="123" Y="152" T="119083692" />
  <Point X="125" Y="149" T="119083716" />
  <Point X="126" Y="147" T="119083740" />
  <Point X="127" Y="150" T="119083841" />
  <Point X="126" Y="152" T="119083861" />
  <Point X="126" Y="155" T="119083882" />
  <Point X="126" Y="157" T="119083897" />
  <Point X="126" Y="159" T="119083898" />
  <Point X="126" Y="161" T="119083914" />
  <Point X="125" Y="164" T="119083929" />
  <Point X="126" Y="167" T="119083930" />
  <Point X="126" Y="171" T="119083947" />
  <Point X="126" Y="176" T="119083963" />
  <Point X="126" Y="181" T="119083980" />
  <Point X="126" Y="186" T="119083998" />
  <Point X="126" Y="191" T="119084015" />
  <Point X="126" Y="193" T="119084032" />
  <Point X="126" Y="201" T="119084050" />
  <Point X="126" Y="205" T="119084069" />
  <Point X="126" Y="212" T="119084087" />
  <Point X="126" Y="217" T="119084106" />
  <Point X="126" Y="222" T="119084125" />
  <Point X="126" Y="226" T="119084143" />
  <Point X="126" Y="231" T="119084162" />
  <Point X="126" Y="236" T="119084181" />
  <Point X="126" Y="242" T="119084203" />
  <Point X="126" Y="244" T="119084222" />
  <Point X="126" Y="247" T="119084223" />
  <Point X="126" Y="252" T="119084242" />
  <Point X="126" Y="254" T="119084262" />
  <Point X="126" Y="256" T="119084282" />
  <Point X="125" Y="258" T="119084283" />
  <Point X="125" Y="260" T="119084303" />
  <Point X="125" Y="262" T="119084324" />
  <Point X="125" Y="265" T="119084346" />
  <Point X="125" Y="267" T="119084370" />
  <Point X="123" Y="265" T="119084443" />
  <Point X="121" Y="263" T="119084465" />
  <Point X="120" Y="260" T="119084487" />
  <Point X="115" Y="253" T="119084510" />
  <Point X="113" Y="249" T="119084533" />
  <Point X="110" Y="242" T="119084556" />
  <Point X="107" Y="236" T="119084579" />
  <Point X="103" Y="232" T="119084602" />
  <Point X="99" Y="226" T="119084626" />
  <Point X="94" Y="223" T="119084652" />
  <Point X="91" Y="218" T="119084676" />
  <Point X="84" Y="213" T="119084700" />
  <Point X="80" Y="209" T="119084724" />
  <Point X="79" Y="207" T="119084748" />
  <Point X="74" Y="203" T="119084772" />
  <Point X="73" Y="201" T="119084797" />
  <Point X="69" Y="197" T="119084821" />
  <Point X="67" Y="195" T="119084846" />
  <Point X="65" Y="193" T="119084887" />
  <Point X="64" Y="191" T="119084989" />
  <Point X="66" Y="192" T="119085014" />
  <Point X="68" Y="192" T="119085040" />
  <Point X="75" Y="195" T="119085066" />
  <Point X="80" Y="196" T="119085093" />
  <Point X="87" Y="197" T="119085120" />
  <Point X="94" Y="196" T="119085147" />
  <Point X="100" Y="196" T="119085175" />
  <Point X="109" Y="195" T="119085206" />
  <Point X="116" Y="194" T="119085234" />
  <Point X="125" Y="195" T="119085262" />
  <Point X="131" Y="194" T="119085291" />
  <Point X="138" Y="193" T="119085319" />
  <Point X="143" Y="194" T="119085348" />
  <Point X="149" Y="194" T="119085376" />
  <Point X="151" Y="194" T="119085377" />
  <Point X="156" Y="194" T="119085407" />
  <Point X="160" Y="193" T="119085436" />
  <Point X="165" Y="193" T="119085465" />
  <Point X="167" Y="193" T="119085495" />
  <Point X="169" Y="193" T="119085524" />
  <Point X="167" Y="194" T="119085598" />
  <Point X="162" Y="196" T="119085629" />
  <Point X="157" Y="199" T="119085659" />
  <Point X="149" Y="203" T="119085691" />
  <Point X="142" Y="209" T="119085724" />
  <Point X="134" Y="214" T="119085755" />
  <Point X="128" Y="218" T="119085787" />
  <Point X="121" Y="224" T="119085819" />
  <Point X="113" Y="227" T="119085851" />
  <Point X="109" Y="231" T="119085884" />
  <Point X="104" Y="234" T="119085915" />
  <Point X="99" Y="238" T="119085948" />
  <Point X="93" Y="243" T="119085981" />
  <Point X="86" Y="247" T="119086014" />
  <Point X="82" Y="250" T="119086047" />
  <Point X="81" Y="252" T="119086080" />
</Gesture>