﻿<?xml version="1.0" encoding="utf-8" standalone="yes"?>
<Gesture Name="star09" Subject="5" Speed="medium" Number="9" NumPts="137" Millseconds="2937" AppName="Gestures" AppVer="3.7.0.0" Date="Friday, March 09, 2007" TimeOfDay="9:43:02 PM">
  <Point X="68" Y="253" T="119093472" />
  <Point X="69" Y="251" T="119093488" />
  <Point X="71" Y="249" T="119093513" />
  <Point X="71" Y="247" T="119093520" />
  <Point X="73" Y="245" T="119093545" />
  <Point X="75" Y="243" T="119093561" />
  <Point X="75" Y="241" T="119093569" />
  <Point X="76" Y="238" T="119093586" />
  <Point X="77" Y="236" T="119093598" />
  <Point X="78" Y="233" T="119093606" />
  <Point X="79" Y="231" T="119093614" />
  <Point X="80" Y="229" T="119093622" />
  <Point X="81" Y="227" T="119093634" />
  <Point X="84" Y="224" T="119093650" />
  <Point X="85" Y="222" T="119093667" />
  <Point X="86" Y="220" T="119093675" />
  <Point X="87" Y="218" T="119093686" />
  <Point X="88" Y="216" T="119093694" />
  <Point X="89" Y="214" T="119093706" />
  <Point X="91" Y="212" T="119093718" />
  <Point X="92" Y="210" T="119093727" />
  <Point X="94" Y="208" T="119093742" />
  <Point X="94" Y="206" T="119093751" />
  <Point X="96" Y="204" T="119093770" />
  <Point X="97" Y="202" T="119093780" />
  <Point X="98" Y="199" T="119093790" />
  <Point X="99" Y="197" T="119093802" />
  <Point X="100" Y="195" T="119093814" />
  <Point X="101" Y="193" T="119093825" />
  <Point X="102" Y="190" T="119093835" />
  <Point X="104" Y="188" T="119093846" />
  <Point X="105" Y="186" T="119093858" />
  <Point X="106" Y="183" T="119093869" />
  <Point X="108" Y="181" T="119093881" />
  <Point X="109" Y="179" T="119093893" />
  <Point X="110" Y="177" T="119093904" />
  <Point X="112" Y="175" T="119093917" />
  <Point X="113" Y="173" T="119093929" />
  <Point X="113" Y="171" T="119093942" />
  <Point X="115" Y="169" T="119093955" />
  <Point X="116" Y="166" T="119093968" />
  <Point X="117" Y="164" T="119093983" />
  <Point X="118" Y="162" T="119093997" />
  <Point X="118" Y="160" T="119094011" />
  <Point X="120" Y="158" T="119094034" />
  <Point X="121" Y="156" T="119094048" />
  <Point X="123" Y="153" T="119094062" />
  <Point X="125" Y="152" T="119094106" />
  <Point X="124" Y="154" T="119094169" />
  <Point X="124" Y="157" T="119094202" />
  <Point X="124" Y="160" T="119094226" />
  <Point X="124" Y="162" T="119094242" />
  <Point X="124" Y="164" T="119094259" />
  <Point X="124" Y="167" T="119094279" />
  <Point X="124" Y="170" T="119094295" />
  <Point X="124" Y="172" T="119094311" />
  <Point X="125" Y="178" T="119094328" />
  <Point X="125" Y="182" T="119094345" />
  <Point X="126" Y="188" T="119094362" />
  <Point X="126" Y="193" T="119094380" />
  <Point X="127" Y="195" T="119094397" />
  <Point X="127" Y="200" T="119094415" />
  <Point X="128" Y="206" T="119094433" />
  <Point X="128" Y="214" T="119094451" />
  <Point X="128" Y="219" T="119094470" />
  <Point X="129" Y="224" T="119094488" />
  <Point X="129" Y="227" T="119094507" />
  <Point X="129" Y="229" T="119094508" />
  <Point X="130" Y="232" T="119094527" />
  <Point X="130" Y="237" T="119094546" />
  <Point X="130" Y="240" T="119094565" />
  <Point X="130" Y="242" T="119094586" />
  <Point X="131" Y="248" T="119094605" />
  <Point X="131" Y="250" T="119094625" />
  <Point X="132" Y="254" T="119094646" />
  <Point X="132" Y="256" T="119094666" />
  <Point X="132" Y="258" T="119094686" />
  <Point X="132" Y="260" T="119094707" />
  <Point X="132" Y="263" T="119094728" />
  <Point X="129" Y="263" T="119094801" />
  <Point X="127" Y="261" T="119094823" />
  <Point X="125" Y="259" T="119094844" />
  <Point X="121" Y="254" T="119094866" />
  <Point X="117" Y="251" T="119094889" />
  <Point X="112" Y="244" T="119094911" />
  <Point X="108" Y="240" T="119094934" />
  <Point X="102" Y="234" T="119094957" />
  <Point X="99" Y="230" T="119094980" />
  <Point X="94" Y="228" T="119095006" />
  <Point X="90" Y="224" T="119095029" />
  <Point X="85" Y="221" T="119095054" />
  <Point X="81" Y="217" T="119095078" />
  <Point X="77" Y="213" T="119095107" />
  <Point X="74" Y="211" T="119095109" />
  <Point X="70" Y="206" T="119095140" />
  <Point X="68" Y="205" T="119095169" />
  <Point X="66" Y="202" T="119095194" />
  <Point X="62" Y="198" T="119095219" />
  <Point X="60" Y="198" T="119095244" />
  <Point X="58" Y="196" T="119095289" />
  <Point X="58" Y="194" T="119095365" />
  <Point X="61" Y="195" T="119095390" />
  <Point X="67" Y="196" T="119095417" />
  <Point X="74" Y="196" T="119095444" />
  <Point X="83" Y="196" T="119095474" />
  <Point X="89" Y="196" T="119095501" />
  <Point X="96" Y="196" T="119095528" />
  <Point X="103" Y="195" T="119095556" />
  <Point X="112" Y="196" T="119095584" />
  <Point X="119" Y="196" T="119095613" />
  <Point X="121" Y="195" T="119095614" />
  <Point X="128" Y="194" T="119095644" />
  <Point X="137" Y="195" T="119095683" />
  <Point X="142" Y="194" T="119095712" />
  <Point X="146" Y="194" T="119095740" />
  <Point X="149" Y="193" T="119095741" />
  <Point X="153" Y="192" T="119095771" />
  <Point X="160" Y="192" T="119095802" />
  <Point X="162" Y="193" T="119095833" />
  <Point X="164" Y="192" T="119095863" />
  <Point X="166" Y="191" T="119095894" />
  <Point X="164" Y="194" T="119095973" />
  <Point X="162" Y="195" T="119096004" />
  <Point X="154" Y="200" T="119096036" />
  <Point X="145" Y="207" T="119096069" />
  <Point X="143" Y="208" T="119096070" />
  <Point X="137" Y="214" T="119096104" />
  <Point X="133" Y="216" T="119096137" />
  <Point X="127" Y="221" T="119096170" />
  <Point X="123" Y="223" T="119096203" />
  <Point X="119" Y="226" T="119096236" />
  <Point X="117" Y="229" T="119096238" />
  <Point X="113" Y="232" T="119096272" />
  <Point X="106" Y="237" T="119096306" />
  <Point X="101" Y="239" T="119096340" />
  <Point X="95" Y="245" T="119096374" />
  <Point X="89" Y="248" T="119096409" />
</Gesture>