﻿<?xml version="1.0" encoding="utf-8" standalone="yes"?>
<Gesture Name="star10" Subject="5" Speed="medium" Number="10" NumPts="124" Millseconds="2686" AppName="Gestures" AppVer="3.7.0.0" Date="Friday, March 09, 2007" TimeOfDay="9:43:06 PM">
  <Point X="60" Y="249" T="119097333" />
  <Point X="60" Y="252" T="119097358" />
  <Point X="62" Y="250" T="119097419" />
  <Point X="64" Y="247" T="119097432" />
  <Point X="65" Y="245" T="119097439" />
  <Point X="67" Y="243" T="119097451" />
  <Point X="69" Y="241" T="119097460" />
  <Point X="71" Y="239" T="119097468" />
  <Point X="73" Y="237" T="119097476" />
  <Point X="75" Y="234" T="119097488" />
  <Point X="77" Y="231" T="119097496" />
  <Point X="79" Y="228" T="119097504" />
  <Point X="81" Y="225" T="119097512" />
  <Point X="83" Y="222" T="119097524" />
  <Point X="85" Y="219" T="119097533" />
  <Point X="86" Y="217" T="119097541" />
  <Point X="88" Y="215" T="119097549" />
  <Point X="89" Y="212" T="119097557" />
  <Point X="90" Y="210" T="119097566" />
  <Point X="92" Y="207" T="119097576" />
  <Point X="93" Y="205" T="119097585" />
  <Point X="94" Y="203" T="119097595" />
  <Point X="96" Y="200" T="119097597" />
  <Point X="97" Y="198" T="119097609" />
  <Point X="98" Y="196" T="119097619" />
  <Point X="99" Y="194" T="119097621" />
  <Point X="101" Y="191" T="119097633" />
  <Point X="103" Y="190" T="119097644" />
  <Point X="105" Y="187" T="119097656" />
  <Point X="106" Y="185" T="119097667" />
  <Point X="107" Y="183" T="119097679" />
  <Point X="108" Y="181" T="119097681" />
  <Point X="109" Y="179" T="119097694" />
  <Point X="111" Y="176" T="119097707" />
  <Point X="112" Y="174" T="119097719" />
  <Point X="115" Y="172" T="119097733" />
  <Point X="117" Y="169" T="119097746" />
  <Point X="119" Y="167" T="119097764" />
  <Point X="120" Y="164" T="119097784" />
  <Point X="122" Y="162" T="119097800" />
  <Point X="123" Y="160" T="119097817" />
  <Point X="124" Y="158" T="119097833" />
  <Point X="126" Y="157" T="119097862" />
  <Point X="127" Y="155" T="119097877" />
  <Point X="128" Y="152" T="119097906" />
  <Point X="129" Y="150" T="119097930" />
  <Point X="130" Y="148" T="119097971" />
  <Point X="130" Y="150" T="119098068" />
  <Point X="130" Y="153" T="119098092" />
  <Point X="130" Y="155" T="119098108" />
  <Point X="129" Y="159" T="119098125" />
  <Point X="129" Y="161" T="119098141" />
  <Point X="129" Y="166" T="119098158" />
  <Point X="129" Y="173" T="119098175" />
  <Point X="129" Y="177" T="119098192" />
  <Point X="129" Y="182" T="119098210" />
  <Point X="129" Y="188" T="119098228" />
  <Point X="130" Y="192" T="119098246" />
  <Point X="130" Y="198" T="119098264" />
  <Point X="130" Y="203" T="119098285" />
  <Point X="130" Y="208" T="119098306" />
  <Point X="130" Y="217" T="119098325" />
  <Point X="131" Y="220" T="119098343" />
  <Point X="131" Y="222" T="119098345" />
  <Point X="131" Y="227" T="119098364" />
  <Point X="131" Y="232" T="119098384" />
  <Point X="131" Y="238" T="119098407" />
  <Point X="131" Y="240" T="119098426" />
  <Point X="131" Y="245" T="119098446" />
  <Point X="131" Y="247" T="119098466" />
  <Point X="132" Y="250" T="119098486" />
  <Point X="131" Y="252" T="119098507" />
  <Point X="129" Y="253" T="119098572" />
  <Point X="127" Y="252" T="119098593" />
  <Point X="125" Y="251" T="119098614" />
  <Point X="121" Y="247" T="119098635" />
  <Point X="117" Y="243" T="119098657" />
  <Point X="112" Y="238" T="119098679" />
  <Point X="107" Y="233" T="119098701" />
  <Point X="100" Y="230" T="119098724" />
  <Point X="93" Y="224" T="119098747" />
  <Point X="90" Y="221" T="119098770" />
  <Point X="85" Y="218" T="119098793" />
  <Point X="80" Y="213" T="119098817" />
  <Point X="76" Y="211" T="119098841" />
  <Point X="71" Y="209" T="119098865" />
  <Point X="67" Y="206" T="119098889" />
  <Point X="64" Y="204" T="119098912" />
  <Point X="63" Y="202" T="119098949" />
  <Point X="65" Y="201" T="119099018" />
  <Point X="67" Y="201" T="119099043" />
  <Point X="71" Y="202" T="119099067" />
  <Point X="79" Y="202" T="119099093" />
  <Point X="87" Y="201" T="119099119" />
  <Point X="96" Y="201" T="119099145" />
  <Point X="107" Y="198" T="119099171" />
  <Point X="114" Y="197" T="119099198" />
  <Point X="121" Y="196" T="119099225" />
  <Point X="128" Y="194" T="119099251" />
  <Point X="133" Y="193" T="119099278" />
  <Point X="138" Y="193" T="119099305" />
  <Point X="143" Y="192" T="119099333" />
  <Point X="151" Y="190" T="119099361" />
  <Point X="156" Y="188" T="119099388" />
  <Point X="161" Y="188" T="119099416" />
  <Point X="165" Y="185" T="119099447" />
  <Point X="169" Y="184" T="119099475" />
  <Point X="171" Y="184" T="119099502" />
  <Point X="173" Y="184" T="119099555" />
  <Point X="171" Y="185" T="119099591" />
  <Point X="166" Y="190" T="119099620" />
  <Point X="162" Y="193" T="119099649" />
  <Point X="155" Y="199" T="119099678" />
  <Point X="148" Y="203" T="119099708" />
  <Point X="142" Y="207" T="119099738" />
  <Point X="134" Y="213" T="119099768" />
  <Point X="127" Y="216" T="119099800" />
  <Point X="118" Y="221" T="119099832" />
  <Point X="112" Y="227" T="119099862" />
  <Point X="104" Y="233" T="119099894" />
  <Point X="100" Y="236" T="119099924" />
  <Point X="92" Y="241" T="119099955" />
  <Point X="88" Y="243" T="119099986" />
  <Point X="86" Y="245" T="119100019" />
</Gesture>