﻿<?xml version="1.0" encoding="utf-8" standalone="yes"?>
<Gesture Name="star08" Subject="5" Speed="medium" Number="8" NumPts="128" Millseconds="2694" AppName="Gestures" AppVer="3.7.0.0" Date="Friday, March 09, 2007" TimeOfDay="9:42:59 PM">
  <Point X="64" Y="256" T="119090198" />
  <Point X="66" Y="255" T="119090234" />
  <Point X="67" Y="253" T="119090251" />
  <Point X="69" Y="250" T="119090263" />
  <Point X="70" Y="248" T="119090271" />
  <Point X="72" Y="246" T="119090283" />
  <Point X="74" Y="244" T="119090292" />
  <Point X="75" Y="241" T="119090300" />
  <Point X="77" Y="239" T="119090312" />
  <Point X="79" Y="237" T="119090320" />
  <Point X="80" Y="233" T="119090332" />
  <Point X="82" Y="231" T="119090344" />
  <Point X="83" Y="229" T="119090352" />
  <Point X="84" Y="226" T="119090360" />
  <Point X="85" Y="223" T="119090369" />
  <Point X="87" Y="221" T="119090380" />
  <Point X="89" Y="219" T="119090393" />
  <Point X="90" Y="217" T="119090402" />
  <Point X="91" Y="214" T="119090413" />
  <Point X="92" Y="211" T="119090422" />
  <Point X="94" Y="210" T="119090434" />
  <Point X="95" Y="208" T="119090443" />
  <Point X="98" Y="205" T="119090454" />
  <Point X="99" Y="202" T="119090464" />
  <Point X="100" Y="199" T="119090473" />
  <Point X="102" Y="197" T="119090483" />
  <Point X="104" Y="195" T="119090495" />
  <Point X="106" Y="193" T="119090506" />
  <Point X="107" Y="190" T="119090518" />
  <Point X="109" Y="187" T="119090530" />
  <Point X="110" Y="185" T="119090542" />
  <Point X="112" Y="183" T="119090557" />
  <Point X="113" Y="181" T="119090568" />
  <Point X="114" Y="178" T="119090580" />
  <Point X="115" Y="176" T="119090592" />
  <Point X="117" Y="172" T="119090604" />
  <Point X="118" Y="170" T="119090617" />
  <Point X="120" Y="167" T="119090629" />
  <Point X="121" Y="165" T="119090642" />
  <Point X="123" Y="160" T="119090655" />
  <Point X="125" Y="159" T="119090671" />
  <Point X="126" Y="157" T="119090685" />
  <Point X="128" Y="154" T="119090699" />
  <Point X="129" Y="152" T="119090717" />
  <Point X="131" Y="150" T="119090750" />
  <Point X="131" Y="152" T="119090811" />
  <Point X="131" Y="154" T="119090826" />
  <Point X="129" Y="159" T="119090841" />
  <Point X="127" Y="166" T="119090856" />
  <Point X="124" Y="172" T="119090871" />
  <Point X="122" Y="180" T="119090887" />
  <Point X="120" Y="189" T="119090904" />
  <Point X="119" Y="196" T="119090920" />
  <Point X="119" Y="201" T="119090938" />
  <Point X="118" Y="206" T="119090956" />
  <Point X="118" Y="215" T="119090976" />
  <Point X="118" Y="221" T="119090993" />
  <Point X="118" Y="227" T="119091010" />
  <Point X="117" Y="232" T="119091027" />
  <Point X="117" Y="235" T="119091028" />
  <Point X="117" Y="239" T="119091045" />
  <Point X="117" Y="243" T="119091063" />
  <Point X="116" Y="250" T="119091082" />
  <Point X="116" Y="257" T="119091100" />
  <Point X="117" Y="259" T="119091118" />
  <Point X="117" Y="264" T="119091137" />
  <Point X="118" Y="266" T="119091155" />
  <Point X="116" Y="265" T="119091259" />
  <Point X="115" Y="263" T="119091278" />
  <Point X="113" Y="261" T="119091297" />
  <Point X="109" Y="256" T="119091317" />
  <Point X="107" Y="254" T="119091336" />
  <Point X="104" Y="250" T="119091356" />
  <Point X="100" Y="246" T="119091377" />
  <Point X="97" Y="242" T="119091397" />
  <Point X="94" Y="238" T="119091418" />
  <Point X="92" Y="235" T="119091439" />
  <Point X="90" Y="233" T="119091440" />
  <Point X="89" Y="231" T="119091461" />
  <Point X="87" Y="226" T="119091483" />
  <Point X="84" Y="221" T="119091505" />
  <Point X="82" Y="219" T="119091527" />
  <Point X="79" Y="215" T="119091550" />
  <Point X="75" Y="211" T="119091572" />
  <Point X="72" Y="207" T="119091595" />
  <Point X="70" Y="205" T="119091618" />
  <Point X="69" Y="203" T="119091640" />
  <Point X="65" Y="200" T="119091664" />
  <Point X="64" Y="197" T="119091703" />
  <Point X="63" Y="195" T="119091731" />
  <Point X="66" Y="195" T="119091791" />
  <Point X="68" Y="196" T="119091815" />
  <Point X="74" Y="197" T="119091839" />
  <Point X="81" Y="197" T="119091864" />
  <Point X="88" Y="197" T="119091889" />
  <Point X="95" Y="197" T="119091915" />
  <Point X="102" Y="195" T="119091940" />
  <Point X="108" Y="196" T="119091966" />
  <Point X="117" Y="196" T="119091992" />
  <Point X="124" Y="196" T="119092019" />
  <Point X="132" Y="196" T="119092045" />
  <Point X="138" Y="196" T="119092072" />
  <Point X="143" Y="195" T="119092098" />
  <Point X="147" Y="195" T="119092125" />
  <Point X="151" Y="195" T="119092152" />
  <Point X="156" Y="194" T="119092179" />
  <Point X="158" Y="195" T="119092207" />
  <Point X="160" Y="193" T="119092234" />
  <Point X="162" Y="194" T="119092261" />
  <Point X="163" Y="196" T="119092372" />
  <Point X="161" Y="199" T="119092400" />
  <Point X="157" Y="202" T="119092428" />
  <Point X="153" Y="205" T="119092457" />
  <Point X="149" Y="207" T="119092485" />
  <Point X="144" Y="210" T="119092515" />
  <Point X="135" Y="215" T="119092544" />
  <Point X="128" Y="220" T="119092574" />
  <Point X="123" Y="223" T="119092603" />
  <Point X="118" Y="226" T="119092633" />
  <Point X="111" Y="230" T="119092663" />
  <Point X="105" Y="236" T="119092697" />
  <Point X="101" Y="238" T="119092727" />
  <Point X="96" Y="242" T="119092758" />
  <Point X="92" Y="246" T="119092795" />
  <Point X="90" Y="247" T="119092826" />
  <Point X="88" Y="249" T="119092857" />
  <Point X="86" Y="251" T="119092858" />
  <Point X="84" Y="252" T="119092892" />
</Gesture>