﻿<?xml version="1.0" encoding="utf-8" standalone="yes"?>
<Gesture Name="star01" Subject="5" Speed="medium" Number="1" NumPts="148" Millseconds="3502" AppName="Gestures" AppVer="3.7.0.0" Date="Friday, March 09, 2007" TimeOfDay="9:42:33 PM">
  <Point X="41" Y="251" T="119063076" />
  <Point X="43" Y="250" T="119063108" />
  <Point X="44" Y="248" T="119063136" />
  <Point X="45" Y="246" T="119063160" />
  <Point X="47" Y="244" T="119063180" />
  <Point X="48" Y="241" T="119063192" />
  <Point X="50" Y="239" T="119063212" />
  <Point X="52" Y="237" T="119063228" />
  <Point X="53" Y="234" T="119063240" />
  <Point X="55" Y="232" T="119063257" />
  <Point X="56" Y="230" T="119063265" />
  <Point X="58" Y="228" T="119063277" />
  <Point X="60" Y="225" T="119063289" />
  <Point X="62" Y="223" T="119063305" />
  <Point X="63" Y="221" T="119063314" />
  <Point X="66" Y="219" T="119063329" />
  <Point X="68" Y="217" T="119063346" />
  <Point X="69" Y="214" T="119063357" />
  <Point X="71" Y="212" T="119063377" />
  <Point X="72" Y="210" T="119063387" />
  <Point X="74" Y="208" T="119063397" />
  <Point X="75" Y="205" T="119063414" />
  <Point X="77" Y="203" T="119063429" />
  <Point X="80" Y="201" T="119063450" />
  <Point X="81" Y="199" T="119063462" />
  <Point X="83" Y="196" T="119063478" />
  <Point X="84" Y="194" T="119063490" />
  <Point X="86" Y="191" T="119063502" />
  <Point X="88" Y="189" T="119063518" />
  <Point X="89" Y="186" T="119063530" />
  <Point X="91" Y="185" T="119063554" />
  <Point X="93" Y="182" T="119063570" />
  <Point X="94" Y="180" T="119063582" />
  <Point X="95" Y="177" T="119063598" />
  <Point X="97" Y="175" T="119063611" />
  <Point X="99" Y="172" T="119063626" />
  <Point X="100" Y="170" T="119063639" />
  <Point X="102" Y="167" T="119063653" />
  <Point X="103" Y="165" T="119063666" />
  <Point X="105" Y="163" T="119063680" />
  <Point X="106" Y="161" T="119063694" />
  <Point X="107" Y="159" T="119063710" />
  <Point X="108" Y="157" T="119063724" />
  <Point X="109" Y="154" T="119063739" />
  <Point X="111" Y="152" T="119063759" />
  <Point X="111" Y="150" T="119063774" />
  <Point X="113" Y="148" T="119063799" />
  <Point X="115" Y="146" T="119063827" />
  <Point X="116" Y="148" T="119063952" />
  <Point X="116" Y="150" T="119063968" />
  <Point X="116" Y="152" T="119063984" />
  <Point X="116" Y="157" T="119064001" />
  <Point X="115" Y="160" T="119064017" />
  <Point X="115" Y="164" T="119064034" />
  <Point X="115" Y="166" T="119064051" />
  <Point X="115" Y="171" T="119064072" />
  <Point X="115" Y="176" T="119064090" />
  <Point X="116" Y="180" T="119064107" />
  <Point X="116" Y="185" T="119064125" />
  <Point X="116" Y="188" T="119064143" />
  <Point X="117" Y="192" T="119064162" />
  <Point X="117" Y="194" T="119064181" />
  <Point X="117" Y="199" T="119064200" />
  <Point X="117" Y="201" T="119064201" />
  <Point X="117" Y="206" T="119064221" />
  <Point X="117" Y="209" T="119064240" />
  <Point X="117" Y="211" T="119064241" />
  <Point X="117" Y="214" T="119064261" />
  <Point X="118" Y="218" T="119064281" />
  <Point X="119" Y="222" T="119064302" />
  <Point X="119" Y="227" T="119064322" />
  <Point X="119" Y="232" T="119064343" />
  <Point X="120" Y="239" T="119064364" />
  <Point X="120" Y="241" T="119064385" />
  <Point X="120" Y="246" T="119064407" />
  <Point X="120" Y="248" T="119064428" />
  <Point X="120" Y="251" T="119064450" />
  <Point X="121" Y="255" T="119064473" />
  <Point X="120" Y="258" T="119064496" />
  <Point X="120" Y="260" T="119064518" />
  <Point X="121" Y="262" T="119064541" />
  <Point X="121" Y="264" T="119064568" />
  <Point X="120" Y="261" T="119064654" />
  <Point X="119" Y="259" T="119064677" />
  <Point X="118" Y="254" T="119064701" />
  <Point X="114" Y="252" T="119064724" />
  <Point X="111" Y="248" T="119064749" />
  <Point X="107" Y="244" T="119064773" />
  <Point X="105" Y="242" T="119064775" />
  <Point X="102" Y="239" T="119064800" />
  <Point X="98" Y="235" T="119064825" />
  <Point X="93" Y="231" T="119064850" />
  <Point X="90" Y="228" T="119064875" />
  <Point X="86" Y="224" T="119064900" />
  <Point X="84" Y="222" T="119064926" />
  <Point X="81" Y="221" T="119064927" />
  <Point X="77" Y="218" T="119064955" />
  <Point X="74" Y="215" T="119064982" />
  <Point X="71" Y="212" T="119065008" />
  <Point X="64" Y="208" T="119065039" />
  <Point X="60" Y="205" T="119065073" />
  <Point X="58" Y="204" T="119065075" />
  <Point X="53" Y="201" T="119065104" />
  <Point X="47" Y="197" T="119065132" />
  <Point X="45" Y="194" T="119065160" />
  <Point X="41" Y="193" T="119065187" />
  <Point X="39" Y="192" T="119065215" />
  <Point X="37" Y="190" T="119065243" />
  <Point X="40" Y="189" T="119065343" />
  <Point X="46" Y="189" T="119065372" />
  <Point X="56" Y="188" T="119065401" />
  <Point X="64" Y="189" T="119065430" />
  <Point X="78" Y="191" T="119065468" />
  <Point X="89" Y="188" T="119065498" />
  <Point X="100" Y="187" T="119065528" />
  <Point X="109" Y="186" T="119065558" />
  <Point X="120" Y="186" T="119065587" />
  <Point X="130" Y="184" T="119065617" />
  <Point X="138" Y="183" T="119065648" />
  <Point X="145" Y="183" T="119065681" />
  <Point X="150" Y="184" T="119065711" />
  <Point X="155" Y="183" T="119065741" />
  <Point X="157" Y="182" T="119065772" />
  <Point X="159" Y="182" T="119065803" />
  <Point X="157" Y="184" T="119065876" />
  <Point X="155" Y="186" T="119065907" />
  <Point X="149" Y="190" T="119065939" />
  <Point X="143" Y="193" T="119065971" />
  <Point X="138" Y="198" T="119066003" />
  <Point X="133" Y="200" T="119066035" />
  <Point X="131" Y="201" T="119066036" />
  <Point X="127" Y="204" T="119066071" />
  <Point X="125" Y="205" T="119066072" />
  <Point X="118" Y="211" T="119066110" />
  <Point X="113" Y="214" T="119066144" />
  <Point X="111" Y="215" T="119066145" />
  <Point X="105" Y="220" T="119066181" />
  <Point X="101" Y="223" T="119066215" />
  <Point X="97" Y="225" T="119066249" />
  <Point X="90" Y="230" T="119066284" />
  <Point X="86" Y="234" T="119066319" />
  <Point X="82" Y="236" T="119066354" />
  <Point X="78" Y="238" T="119066390" />
  <Point X="72" Y="241" T="119066425" />
  <Point X="70" Y="243" T="119066459" />
  <Point X="68" Y="244" T="119066500" />
  <Point X="66" Y="245" T="119066540" />
  <Point X="64" Y="247" T="119066578" />
</Gesture>