﻿<?xml version="1.0" encoding="utf-8" standalone="yes"?>
<Gesture Name="star05" Subject="5" Speed="medium" Number="5" NumPts="140" Millseconds="3152" AppName="Gestures" AppVer="3.7.0.0" Date="Friday, March 09, 2007" TimeOfDay="9:42:48 PM">
  <Point X="55" Y="253" T="119079349" />
  <Point X="57" Y="251" T="119079434" />
  <Point X="59" Y="249" T="119079466" />
  <Point X="60" Y="247" T="119079490" />
  <Point X="62" Y="244" T="119079515" />
  <Point X="64" Y="242" T="119079527" />
  <Point X="66" Y="240" T="119079543" />
  <Point X="67" Y="238" T="119079555" />
  <Point X="69" Y="236" T="119079571" />
  <Point X="70" Y="234" T="119079584" />
  <Point X="71" Y="231" T="119079601" />
  <Point X="73" Y="229" T="119079613" />
  <Point X="74" Y="226" T="119079621" />
  <Point X="76" Y="224" T="119079633" />
  <Point X="78" Y="221" T="119079649" />
  <Point X="79" Y="219" T="119079658" />
  <Point X="81" Y="216" T="119079671" />
  <Point X="81" Y="214" T="119079679" />
  <Point X="84" Y="211" T="119079695" />
  <Point X="85" Y="209" T="119079707" />
  <Point X="86" Y="206" T="119079716" />
  <Point X="87" Y="204" T="119079725" />
  <Point X="89" Y="202" T="119079739" />
  <Point X="90" Y="199" T="119079749" />
  <Point X="91" Y="197" T="119079759" />
  <Point X="92" Y="194" T="119079772" />
  <Point X="93" Y="192" T="119079782" />
  <Point X="95" Y="189" T="119079793" />
  <Point X="96" Y="187" T="119079804" />
  <Point X="97" Y="185" T="119079816" />
  <Point X="99" Y="183" T="119079828" />
  <Point X="100" Y="181" T="119079841" />
  <Point X="101" Y="178" T="119079852" />
  <Point X="103" Y="176" T="119079865" />
  <Point X="104" Y="174" T="119079878" />
  <Point X="105" Y="172" T="119079890" />
  <Point X="106" Y="170" T="119079902" />
  <Point X="107" Y="167" T="119079915" />
  <Point X="108" Y="165" T="119079928" />
  <Point X="110" Y="163" T="119079945" />
  <Point X="111" Y="161" T="119079959" />
  <Point X="112" Y="158" T="119079973" />
  <Point X="113" Y="156" T="119079987" />
  <Point X="115" Y="154" T="119080001" />
  <Point X="116" Y="152" T="119080015" />
  <Point X="118" Y="150" T="119080029" />
  <Point X="119" Y="147" T="119080044" />
  <Point X="120" Y="145" T="119080058" />
  <Point X="122" Y="142" T="119080073" />
  <Point X="123" Y="140" T="119080088" />
  <Point X="124" Y="137" T="119080104" />
  <Point X="125" Y="135" T="119080140" />
  <Point X="126" Y="138" T="119080252" />
  <Point X="125" Y="140" T="119080268" />
  <Point X="125" Y="142" T="119080284" />
  <Point X="124" Y="148" T="119080301" />
  <Point X="124" Y="152" T="119080317" />
  <Point X="124" Y="156" T="119080335" />
  <Point X="124" Y="161" T="119080352" />
  <Point X="124" Y="163" T="119080353" />
  <Point X="124" Y="168" T="119080373" />
  <Point X="124" Y="175" T="119080391" />
  <Point X="124" Y="180" T="119080409" />
  <Point X="125" Y="187" T="119080428" />
  <Point X="125" Y="189" T="119080429" />
  <Point X="125" Y="192" T="119080447" />
  <Point X="126" Y="194" T="119080448" />
  <Point X="126" Y="196" T="119080467" />
  <Point X="126" Y="199" T="119080468" />
  <Point X="127" Y="203" T="119080488" />
  <Point X="127" Y="208" T="119080508" />
  <Point X="127" Y="213" T="119080528" />
  <Point X="128" Y="218" T="119080549" />
  <Point X="129" Y="223" T="119080569" />
  <Point X="130" Y="228" T="119080590" />
  <Point X="131" Y="233" T="119080611" />
  <Point X="131" Y="236" T="119080632" />
  <Point X="132" Y="243" T="119080653" />
  <Point X="133" Y="248" T="119080678" />
  <Point X="133" Y="253" T="119080700" />
  <Point X="133" Y="256" T="119080721" />
  <Point X="134" Y="258" T="119080743" />
  <Point X="134" Y="264" T="119080765" />
  <Point X="132" Y="263" T="119080841" />
  <Point X="131" Y="261" T="119080865" />
  <Point X="129" Y="259" T="119080866" />
  <Point X="125" Y="254" T="119080889" />
  <Point X="120" Y="250" T="119080912" />
  <Point X="115" Y="246" T="119080936" />
  <Point X="109" Y="240" T="119080960" />
  <Point X="103" Y="233" T="119080984" />
  <Point X="97" Y="226" T="119081008" />
  <Point X="91" Y="220" T="119081033" />
  <Point X="86" Y="217" T="119081058" />
  <Point X="81" Y="214" T="119081082" />
  <Point X="76" Y="209" T="119081108" />
  <Point X="69" Y="204" T="119081134" />
  <Point X="65" Y="202" T="119081160" />
  <Point X="61" Y="198" T="119081185" />
  <Point X="57" Y="194" T="119081211" />
  <Point X="53" Y="191" T="119081237" />
  <Point X="51" Y="189" T="119081263" />
  <Point X="49" Y="187" T="119081289" />
  <Point X="52" Y="187" T="119081354" />
  <Point X="54" Y="187" T="119081381" />
  <Point X="63" Y="188" T="119081408" />
  <Point X="69" Y="189" T="119081435" />
  <Point X="79" Y="190" T="119081463" />
  <Point X="86" Y="191" T="119081491" />
  <Point X="97" Y="190" T="119081520" />
  <Point X="105" Y="190" T="119081548" />
  <Point X="114" Y="189" T="119081578" />
  <Point X="124" Y="187" T="119081607" />
  <Point X="131" Y="188" T="119081636" />
  <Point X="137" Y="188" T="119081665" />
  <Point X="145" Y="189" T="119081695" />
  <Point X="150" Y="189" T="119081724" />
  <Point X="155" Y="188" T="119081753" />
  <Point X="157" Y="188" T="119081754" />
  <Point X="159" Y="188" T="119081785" />
  <Point X="163" Y="187" T="119081815" />
  <Point X="165" Y="186" T="119081846" />
  <Point X="167" Y="188" T="119081942" />
  <Point X="165" Y="190" T="119081974" />
  <Point X="163" Y="191" T="119082005" />
  <Point X="157" Y="195" T="119082036" />
  <Point X="150" Y="199" T="119082068" />
  <Point X="142" Y="203" T="119082100" />
  <Point X="136" Y="208" T="119082132" />
  <Point X="126" Y="215" T="119082164" />
  <Point X="118" Y="221" T="119082197" />
  <Point X="110" Y="226" T="119082230" />
  <Point X="106" Y="230" T="119082263" />
  <Point X="99" Y="234" T="119082297" />
  <Point X="93" Y="238" T="119082330" />
  <Point X="88" Y="240" T="119082363" />
  <Point X="82" Y="244" T="119082397" />
  <Point X="78" Y="248" T="119082431" />
  <Point X="76" Y="250" T="119082465" />
  <Point X="75" Y="252" T="119082501" />
</Gesture>