﻿<?xml version="1.0" encoding="utf-8" standalone="yes"?>
<Gesture Name="star04" Subject="5" Speed="medium" Number="4" NumPts="135" Millseconds="3027" AppName="Gestures" AppVer="3.7.0.0" Date="Friday, March 09, 2007" TimeOfDay="9:42:44 PM">
  <Point X="54" Y="251" T="119075530" />
  <Point X="56" Y="250" T="119075565" />
  <Point X="57" Y="248" T="119075578" />
  <Point X="59" Y="246" T="119075593" />
  <Point X="61" Y="243" T="119075610" />
  <Point X="62" Y="241" T="119075618" />
  <Point X="64" Y="239" T="119075626" />
  <Point X="66" Y="237" T="119075638" />
  <Point X="68" Y="235" T="119075650" />
  <Point X="70" Y="233" T="119075658" />
  <Point X="71" Y="230" T="119075666" />
  <Point X="73" Y="228" T="119075674" />
  <Point X="75" Y="226" T="119075686" />
  <Point X="76" Y="223" T="119075694" />
  <Point X="78" Y="221" T="119075707" />
  <Point X="80" Y="218" T="119075720" />
  <Point X="81" Y="215" T="119075728" />
  <Point X="82" Y="213" T="119075736" />
  <Point X="84" Y="211" T="119075745" />
  <Point X="86" Y="208" T="119075756" />
  <Point X="87" Y="206" T="119075765" />
  <Point X="89" Y="203" T="119075776" />
  <Point X="91" Y="201" T="119075788" />
  <Point X="93" Y="199" T="119075801" />
  <Point X="94" Y="197" T="119075813" />
  <Point X="96" Y="194" T="119075825" />
  <Point X="98" Y="192" T="119075837" />
  <Point X="99" Y="190" T="119075849" />
  <Point X="101" Y="187" T="119075861" />
  <Point X="103" Y="185" T="119075877" />
  <Point X="104" Y="183" T="119075889" />
  <Point X="106" Y="180" T="119075910" />
  <Point X="108" Y="178" T="119075926" />
  <Point X="109" Y="176" T="119075938" />
  <Point X="111" Y="174" T="119075950" />
  <Point X="112" Y="171" T="119075963" />
  <Point X="114" Y="169" T="119075984" />
  <Point X="116" Y="166" T="119075996" />
  <Point X="118" Y="164" T="119076011" />
  <Point X="119" Y="161" T="119076024" />
  <Point X="121" Y="159" T="119076042" />
  <Point X="121" Y="157" T="119076055" />
  <Point X="124" Y="154" T="119076070" />
  <Point X="125" Y="152" T="119076095" />
  <Point X="126" Y="149" T="119076134" />
  <Point X="128" Y="148" T="119076166" />
  <Point X="130" Y="146" T="119076195" />
  <Point X="131" Y="148" T="119076267" />
  <Point X="130" Y="151" T="119076282" />
  <Point X="130" Y="154" T="119076297" />
  <Point X="129" Y="159" T="119076312" />
  <Point X="129" Y="165" T="119076328" />
  <Point X="128" Y="172" T="119076344" />
  <Point X="127" Y="177" T="119076360" />
  <Point X="126" Y="184" T="119076376" />
  <Point X="126" Y="188" T="119076393" />
  <Point X="126" Y="193" T="119076409" />
  <Point X="125" Y="198" T="119076426" />
  <Point X="125" Y="205" T="119076444" />
  <Point X="124" Y="209" T="119076461" />
  <Point X="124" Y="214" T="119076478" />
  <Point X="124" Y="218" T="119076496" />
  <Point X="124" Y="223" T="119076514" />
  <Point X="124" Y="226" T="119076516" />
  <Point X="124" Y="229" T="119076534" />
  <Point X="124" Y="233" T="119076553" />
  <Point X="124" Y="237" T="119076574" />
  <Point X="124" Y="239" T="119076593" />
  <Point X="124" Y="244" T="119076612" />
  <Point X="124" Y="246" T="119076632" />
  <Point X="123" Y="251" T="119076651" />
  <Point X="123" Y="253" T="119076672" />
  <Point X="123" Y="255" T="119076692" />
  <Point X="123" Y="257" T="119076712" />
  <Point X="121" Y="256" T="119076819" />
  <Point X="120" Y="254" T="119076839" />
  <Point X="119" Y="252" T="119076860" />
  <Point X="115" Y="247" T="119076881" />
  <Point X="113" Y="243" T="119076903" />
  <Point X="110" Y="238" T="119076924" />
  <Point X="106" Y="233" T="119076946" />
  <Point X="104" Y="231" T="119076947" />
  <Point X="100" Y="225" T="119076970" />
  <Point X="94" Y="219" T="119076992" />
  <Point X="90" Y="215" T="119077016" />
  <Point X="83" Y="209" T="119077041" />
  <Point X="79" Y="205" T="119077065" />
  <Point X="75" Y="201" T="119077088" />
  <Point X="71" Y="199" T="119077112" />
  <Point X="66" Y="196" T="119077135" />
  <Point X="64" Y="194" T="119077159" />
  <Point X="63" Y="192" T="119077183" />
  <Point X="61" Y="190" T="119077207" />
  <Point X="59" Y="190" T="119077232" />
  <Point X="58" Y="188" T="119077256" />
  <Point X="60" Y="187" T="119077376" />
  <Point X="62" Y="187" T="119077403" />
  <Point X="72" Y="189" T="119077432" />
  <Point X="79" Y="189" T="119077463" />
  <Point X="90" Y="190" T="119077493" />
  <Point X="101" Y="190" T="119077524" />
  <Point X="108" Y="189" T="119077551" />
  <Point X="116" Y="189" T="119077581" />
  <Point X="123" Y="190" T="119077607" />
  <Point X="130" Y="188" T="119077635" />
  <Point X="138" Y="189" T="119077662" />
  <Point X="145" Y="189" T="119077690" />
  <Point X="151" Y="190" T="119077718" />
  <Point X="157" Y="190" T="119077745" />
  <Point X="164" Y="189" T="119077773" />
  <Point X="168" Y="187" T="119077802" />
  <Point X="170" Y="187" T="119077830" />
  <Point X="171" Y="189" T="119077896" />
  <Point X="169" Y="190" T="119077925" />
  <Point X="167" Y="190" T="119077954" />
  <Point X="162" Y="193" T="119077983" />
  <Point X="155" Y="196" T="119078013" />
  <Point X="147" Y="200" T="119078045" />
  <Point X="142" Y="203" T="119078075" />
  <Point X="135" Y="206" T="119078105" />
  <Point X="128" Y="210" T="119078137" />
  <Point X="123" Y="211" T="119078168" />
  <Point X="117" Y="215" T="119078198" />
  <Point X="110" Y="219" T="119078230" />
  <Point X="105" Y="222" T="119078261" />
  <Point X="101" Y="224" T="119078292" />
  <Point X="97" Y="227" T="119078324" />
  <Point X="92" Y="231" T="119078356" />
  <Point X="90" Y="233" T="119078357" />
  <Point X="85" Y="235" T="119078390" />
  <Point X="81" Y="239" T="119078422" />
  <Point X="74" Y="244" T="119078455" />
  <Point X="72" Y="246" T="119078488" />
  <Point X="69" Y="249" T="119078521" />
  <Point X="69" Y="246" T="119078557" />
</Gesture>