﻿<?xml version="1.0" encoding="utf-8" standalone="yes"?>
<Gesture Name="star02" Subject="5" Speed="medium" Number="2" NumPts="144" Millseconds="3270" AppName="Gestures" AppVer="3.7.0.0" Date="Friday, March 09, 2007" TimeOfDay="9:42:36 PM">
  <Point X="44" Y="251" T="119067193" />
  <Point X="46" Y="249" T="119067229" />
  <Point X="49" Y="247" T="119067253" />
  <Point X="50" Y="245" T="119067261" />
  <Point X="52" Y="242" T="119067273" />
  <Point X="53" Y="240" T="119067282" />
  <Point X="55" Y="238" T="119067294" />
  <Point X="58" Y="236" T="119067310" />
  <Point X="59" Y="233" T="119067322" />
  <Point X="61" Y="231" T="119067334" />
  <Point X="62" Y="228" T="119067346" />
  <Point X="63" Y="226" T="119067354" />
  <Point X="65" Y="224" T="119067363" />
  <Point X="66" Y="222" T="119067370" />
  <Point X="68" Y="220" T="119067382" />
  <Point X="69" Y="218" T="119067391" />
  <Point X="70" Y="216" T="119067400" />
  <Point X="71" Y="213" T="119067410" />
  <Point X="73" Y="211" T="119067426" />
  <Point X="76" Y="208" T="119067447" />
  <Point X="77" Y="205" T="119067457" />
  <Point X="79" Y="203" T="119067470" />
  <Point X="80" Y="201" T="119067480" />
  <Point X="81" Y="199" T="119067491" />
  <Point X="83" Y="195" T="119067506" />
  <Point X="85" Y="193" T="119067522" />
  <Point X="87" Y="191" T="119067543" />
  <Point X="88" Y="188" T="119067554" />
  <Point X="89" Y="186" T="119067568" />
  <Point X="91" Y="183" T="119067580" />
  <Point X="93" Y="181" T="119067596" />
  <Point X="94" Y="179" T="119067608" />
  <Point X="96" Y="177" T="119067620" />
  <Point X="97" Y="175" T="119067633" />
  <Point X="99" Y="172" T="119067644" />
  <Point X="100" Y="170" T="119067656" />
  <Point X="101" Y="168" T="119067669" />
  <Point X="104" Y="165" T="119067685" />
  <Point X="106" Y="162" T="119067700" />
  <Point X="107" Y="160" T="119067714" />
  <Point X="108" Y="158" T="119067728" />
  <Point X="110" Y="155" T="119067743" />
  <Point X="111" Y="153" T="119067757" />
  <Point X="113" Y="151" T="119067772" />
  <Point X="114" Y="149" T="119067787" />
  <Point X="116" Y="147" T="119067802" />
  <Point X="118" Y="145" T="119067816" />
  <Point X="118" Y="143" T="119067831" />
  <Point X="119" Y="145" T="119067949" />
  <Point X="118" Y="147" T="119067965" />
  <Point X="117" Y="152" T="119067982" />
  <Point X="116" Y="157" T="119067999" />
  <Point X="115" Y="161" T="119068016" />
  <Point X="115" Y="163" T="119068032" />
  <Point X="115" Y="165" T="119068034" />
  <Point X="115" Y="168" T="119068052" />
  <Point X="115" Y="173" T="119068069" />
  <Point X="115" Y="177" T="119068087" />
  <Point X="114" Y="182" T="119068106" />
  <Point X="114" Y="189" T="119068124" />
  <Point X="114" Y="193" T="119068143" />
  <Point X="115" Y="198" T="119068161" />
  <Point X="115" Y="201" T="119068180" />
  <Point X="115" Y="205" T="119068199" />
  <Point X="115" Y="213" T="119068218" />
  <Point X="116" Y="218" T="119068238" />
  <Point X="116" Y="223" T="119068258" />
  <Point X="117" Y="228" T="119068278" />
  <Point X="117" Y="232" T="119068298" />
  <Point X="118" Y="234" T="119068319" />
  <Point X="118" Y="239" T="119068339" />
  <Point X="119" Y="244" T="119068360" />
  <Point X="119" Y="248" T="119068382" />
  <Point X="119" Y="250" T="119068402" />
  <Point X="119" Y="253" T="119068424" />
  <Point X="119" Y="255" T="119068445" />
  <Point X="119" Y="257" T="119068446" />
  <Point X="119" Y="260" T="119068485" />
  <Point X="118" Y="262" T="119068576" />
  <Point X="118" Y="260" T="119068645" />
  <Point X="117" Y="258" T="119068674" />
  <Point X="115" Y="256" T="119068697" />
  <Point X="113" Y="253" T="119068720" />
  <Point X="110" Y="249" T="119068743" />
  <Point X="108" Y="247" T="119068767" />
  <Point X="103" Y="242" T="119068794" />
  <Point X="99" Y="239" T="119068821" />
  <Point X="98" Y="237" T="119068823" />
  <Point X="94" Y="233" T="119068848" />
  <Point X="90" Y="227" T="119068877" />
  <Point X="89" Y="225" T="119068902" />
  <Point X="83" Y="219" T="119068927" />
  <Point X="81" Y="217" T="119068951" />
  <Point X="77" Y="214" T="119068977" />
  <Point X="73" Y="209" T="119069003" />
  <Point X="70" Y="205" T="119069029" />
  <Point X="66" Y="201" T="119069055" />
  <Point X="64" Y="199" T="119069081" />
  <Point X="60" Y="195" T="119069108" />
  <Point X="59" Y="193" T="119069134" />
  <Point X="56" Y="191" T="119069135" />
  <Point X="54" Y="189" T="119069163" />
  <Point X="52" Y="188" T="119069190" />
  <Point X="50" Y="187" T="119069219" />
  <Point X="49" Y="184" T="119069303" />
  <Point X="51" Y="184" T="119069350" />
  <Point X="53" Y="185" T="119069378" />
  <Point X="55" Y="185" T="119069379" />
  <Point X="60" Y="185" T="119069408" />
  <Point X="67" Y="184" T="119069438" />
  <Point X="70" Y="185" T="119069439" />
  <Point X="79" Y="185" T="119069470" />
  <Point X="85" Y="184" T="119069500" />
  <Point X="94" Y="183" T="119069530" />
  <Point X="102" Y="183" T="119069560" />
  <Point X="112" Y="183" T="119069591" />
  <Point X="119" Y="182" T="119069621" />
  <Point X="121" Y="182" T="119069623" />
  <Point X="128" Y="182" T="119069655" />
  <Point X="135" Y="182" T="119069686" />
  <Point X="140" Y="183" T="119069717" />
  <Point X="142" Y="183" T="119069719" />
  <Point X="147" Y="183" T="119069753" />
  <Point X="154" Y="182" T="119069785" />
  <Point X="156" Y="182" T="119069816" />
  <Point X="158" Y="181" T="119069848" />
  <Point X="156" Y="182" T="119069907" />
  <Point X="154" Y="184" T="119069939" />
  <Point X="148" Y="187" T="119069972" />
  <Point X="138" Y="194" T="119070005" />
  <Point X="132" Y="199" T="119070039" />
  <Point X="124" Y="204" T="119070073" />
  <Point X="115" Y="211" T="119070108" />
  <Point X="106" Y="216" T="119070142" />
  <Point X="96" Y="221" T="119070176" />
  <Point X="92" Y="224" T="119070214" />
  <Point X="90" Y="225" T="119070216" />
  <Point X="88" Y="226" T="119070251" />
  <Point X="83" Y="231" T="119070286" />
  <Point X="77" Y="236" T="119070321" />
  <Point X="73" Y="239" T="119070356" />
  <Point X="70" Y="242" T="119070392" />
  <Point X="68" Y="243" T="119070427" />
  <Point X="64" Y="247" T="119070463" />
</Gesture>