﻿<?xml version="1.0" encoding="utf-8" standalone="yes"?>
<Gesture Name="star03" Subject="5" Speed="medium" Number="3" NumPts="147" Millseconds="3439" AppName="Gestures" AppVer="3.7.0.0" Date="Friday, March 09, 2007" TimeOfDay="9:42:40 PM">
  <Point X="52" Y="251" T="119071112" />
  <Point X="53" Y="249" T="119071145" />
  <Point X="55" Y="246" T="119071161" />
  <Point X="57" Y="245" T="119071181" />
  <Point X="59" Y="242" T="119071190" />
  <Point X="60" Y="240" T="119071202" />
  <Point X="62" Y="238" T="119071209" />
  <Point X="63" Y="236" T="119071221" />
  <Point X="64" Y="234" T="119071229" />
  <Point X="66" Y="230" T="119071237" />
  <Point X="68" Y="228" T="119071249" />
  <Point X="69" Y="225" T="119071257" />
  <Point X="70" Y="223" T="119071265" />
  <Point X="72" Y="220" T="119071278" />
  <Point X="73" Y="218" T="119071286" />
  <Point X="74" Y="216" T="119071294" />
  <Point X="75" Y="214" T="119071302" />
  <Point X="76" Y="212" T="119071315" />
  <Point X="77" Y="210" T="119071327" />
  <Point X="79" Y="208" T="119071340" />
  <Point X="80" Y="206" T="119071352" />
  <Point X="81" Y="203" T="119071364" />
  <Point X="82" Y="201" T="119071374" />
  <Point X="84" Y="199" T="119071385" />
  <Point X="86" Y="197" T="119071396" />
  <Point X="87" Y="194" T="119071407" />
  <Point X="88" Y="192" T="119071418" />
  <Point X="89" Y="190" T="119071429" />
  <Point X="91" Y="187" T="119071441" />
  <Point X="93" Y="185" T="119071457" />
  <Point X="95" Y="183" T="119071473" />
  <Point X="96" Y="181" T="119071485" />
  <Point X="97" Y="179" T="119071498" />
  <Point X="98" Y="176" T="119071511" />
  <Point X="100" Y="174" T="119071526" />
  <Point X="101" Y="171" T="119071538" />
  <Point X="102" Y="169" T="119071551" />
  <Point X="103" Y="167" T="119071565" />
  <Point X="105" Y="165" T="119071582" />
  <Point X="106" Y="162" T="119071595" />
  <Point X="107" Y="160" T="119071614" />
  <Point X="108" Y="157" T="119071628" />
  <Point X="109" Y="155" T="119071643" />
  <Point X="111" Y="153" T="119071658" />
  <Point X="112" Y="151" T="119071677" />
  <Point X="114" Y="149" T="119071705" />
  <Point X="115" Y="147" T="119071734" />
  <Point X="117" Y="145" T="119071770" />
  <Point X="119" Y="143" T="119071815" />
  <Point X="120" Y="146" T="119071938" />
  <Point X="120" Y="148" T="119071954" />
  <Point X="119" Y="152" T="119071971" />
  <Point X="119" Y="154" T="119071987" />
  <Point X="119" Y="160" T="119072005" />
  <Point X="118" Y="165" T="119072022" />
  <Point X="118" Y="167" T="119072023" />
  <Point X="118" Y="169" T="119072041" />
  <Point X="118" Y="172" T="119072043" />
  <Point X="118" Y="176" T="119072061" />
  <Point X="119" Y="179" T="119072079" />
  <Point X="119" Y="184" T="119072098" />
  <Point X="120" Y="189" T="119072117" />
  <Point X="120" Y="193" T="119072136" />
  <Point X="120" Y="198" T="119072158" />
  <Point X="120" Y="200" T="119072159" />
  <Point X="120" Y="205" T="119072179" />
  <Point X="120" Y="210" T="119072199" />
  <Point X="120" Y="214" T="119072219" />
  <Point X="120" Y="220" T="119072239" />
  <Point X="121" Y="222" T="119072259" />
  <Point X="122" Y="228" T="119072280" />
  <Point X="123" Y="231" T="119072301" />
  <Point X="124" Y="235" T="119072321" />
  <Point X="124" Y="238" T="119072323" />
  <Point X="125" Y="241" T="119072345" />
  <Point X="126" Y="246" T="119072367" />
  <Point X="126" Y="250" T="119072389" />
  <Point X="126" Y="252" T="119072411" />
  <Point X="126" Y="256" T="119072433" />
  <Point X="126" Y="258" T="119072466" />
  <Point X="124" Y="257" T="119072560" />
  <Point X="123" Y="255" T="119072582" />
  <Point X="120" Y="253" T="119072605" />
  <Point X="116" Y="249" T="119072629" />
  <Point X="114" Y="247" T="119072652" />
  <Point X="111" Y="245" T="119072653" />
  <Point X="107" Y="240" T="119072678" />
  <Point X="103" Y="236" T="119072703" />
  <Point X="99" Y="232" T="119072727" />
  <Point X="97" Y="230" T="119072751" />
  <Point X="95" Y="228" T="119072753" />
  <Point X="92" Y="224" T="119072781" />
  <Point X="90" Y="222" T="119072806" />
  <Point X="85" Y="220" T="119072832" />
  <Point X="83" Y="219" T="119072833" />
  <Point X="80" Y="215" T="119072860" />
  <Point X="75" Y="212" T="119072887" />
  <Point X="68" Y="207" T="119072913" />
  <Point X="64" Y="203" T="119072940" />
  <Point X="60" Y="199" T="119072967" />
  <Point X="55" Y="196" T="119072993" />
  <Point X="51" Y="193" T="119073020" />
  <Point X="47" Y="190" T="119073048" />
  <Point X="45" Y="190" T="119073075" />
  <Point X="44" Y="187" T="119073105" />
  <Point X="46" Y="187" T="119073200" />
  <Point X="49" Y="186" T="119073228" />
  <Point X="56" Y="187" T="119073256" />
  <Point X="63" Y="188" T="119073285" />
  <Point X="70" Y="188" T="119073315" />
  <Point X="79" Y="187" T="119073345" />
  <Point X="89" Y="186" T="119073374" />
  <Point X="98" Y="185" T="119073409" />
  <Point X="107" Y="185" T="119073444" />
  <Point X="115" Y="184" T="119073475" />
  <Point X="124" Y="183" T="119073506" />
  <Point X="132" Y="183" T="119073537" />
  <Point X="136" Y="182" T="119073567" />
  <Point X="144" Y="182" T="119073598" />
  <Point X="151" Y="181" T="119073629" />
  <Point X="157" Y="180" T="119073660" />
  <Point X="161" Y="180" T="119073691" />
  <Point X="163" Y="179" T="119073693" />
  <Point X="168" Y="179" T="119073728" />
  <Point X="170" Y="178" T="119073759" />
  <Point X="171" Y="180" T="119073817" />
  <Point X="169" Y="181" T="119073849" />
  <Point X="163" Y="184" T="119073882" />
  <Point X="157" Y="187" T="119073915" />
  <Point X="150" Y="192" T="119073950" />
  <Point X="145" Y="196" T="119073983" />
  <Point X="139" Y="200" T="119074017" />
  <Point X="132" Y="204" T="119074053" />
  <Point X="125" Y="208" T="119074087" />
  <Point X="120" Y="213" T="119074125" />
  <Point X="115" Y="215" T="119074160" />
  <Point X="109" Y="220" T="119074194" />
  <Point X="105" Y="222" T="119074230" />
  <Point X="101" Y="225" T="119074265" />
  <Point X="97" Y="228" T="119074300" />
  <Point X="90" Y="232" T="119074337" />
  <Point X="85" Y="237" T="119074373" />
  <Point X="81" Y="241" T="119074408" />
  <Point X="78" Y="242" T="119074444" />
  <Point X="77" Y="244" T="119074479" />
  <Point X="75" Y="246" T="119074515" />
  <Point X="73" Y="247" T="119074551" />
</Gesture>