﻿<?xml version="1.0" encoding="utf-8" standalone="yes"?>
<Gesture Name="star07" Subject="5" Speed="medium" Number="7" NumPts="128" Millseconds="2709" AppName="Gestures" AppVer="3.7.0.0" Date="Friday, March 09, 2007" TimeOfDay="9:42:55 PM">
  <Point X="66" Y="255" T="119086808" />
  <Point X="67" Y="253" T="119086821" />
  <Point X="69" Y="251" T="119086845" />
  <Point X="70" Y="249" T="119086857" />
  <Point X="71" Y="247" T="119086869" />
  <Point X="73" Y="244" T="119086885" />
  <Point X="75" Y="242" T="119086893" />
  <Point X="76" Y="240" T="119086905" />
  <Point X="77" Y="238" T="119086913" />
  <Point X="78" Y="236" T="119086921" />
  <Point X="80" Y="233" T="119086937" />
  <Point X="81" Y="230" T="119086949" />
  <Point X="82" Y="228" T="119086957" />
  <Point X="83" Y="225" T="119086966" />
  <Point X="85" Y="223" T="119086977" />
  <Point X="86" Y="221" T="119086986" />
  <Point X="88" Y="218" T="119086997" />
  <Point X="89" Y="216" T="119087005" />
  <Point X="91" Y="212" T="119087017" />
  <Point X="92" Y="210" T="119087026" />
  <Point X="94" Y="208" T="119087035" />
  <Point X="95" Y="205" T="119087044" />
  <Point X="96" Y="203" T="119087054" />
  <Point X="97" Y="201" T="119087064" />
  <Point X="98" Y="199" T="119087075" />
  <Point X="99" Y="196" T="119087086" />
  <Point X="100" Y="194" T="119087097" />
  <Point X="101" Y="192" T="119087108" />
  <Point X="103" Y="190" T="119087119" />
  <Point X="104" Y="187" T="119087130" />
  <Point X="105" Y="185" T="119087141" />
  <Point X="107" Y="183" T="119087152" />
  <Point X="108" Y="181" T="119087164" />
  <Point X="109" Y="179" T="119087176" />
  <Point X="110" Y="177" T="119087189" />
  <Point X="111" Y="175" T="119087201" />
  <Point X="112" Y="172" T="119087213" />
  <Point X="114" Y="170" T="119087229" />
  <Point X="115" Y="167" T="119087245" />
  <Point X="116" Y="165" T="119087261" />
  <Point X="118" Y="162" T="119087274" />
  <Point X="119" Y="160" T="119087300" />
  <Point X="121" Y="158" T="119087321" />
  <Point X="122" Y="155" T="119087335" />
  <Point X="124" Y="153" T="119087370" />
  <Point X="125" Y="155" T="119087507" />
  <Point X="124" Y="158" T="119087527" />
  <Point X="124" Y="161" T="119087543" />
  <Point X="123" Y="164" T="119087563" />
  <Point X="123" Y="167" T="119087578" />
  <Point X="123" Y="169" T="119087579" />
  <Point X="123" Y="172" T="119087595" />
  <Point X="122" Y="174" T="119087596" />
  <Point X="122" Y="180" T="119087612" />
  <Point X="122" Y="184" T="119087628" />
  <Point X="122" Y="189" T="119087645" />
  <Point X="122" Y="195" T="119087662" />
  <Point X="121" Y="201" T="119087679" />
  <Point X="121" Y="208" T="119087697" />
  <Point X="121" Y="213" T="119087714" />
  <Point X="121" Y="219" T="119087732" />
  <Point X="122" Y="223" T="119087750" />
  <Point X="122" Y="228" T="119087768" />
  <Point X="122" Y="230" T="119087787" />
  <Point X="122" Y="236" T="119087806" />
  <Point X="121" Y="241" T="119087824" />
  <Point X="121" Y="246" T="119087843" />
  <Point X="121" Y="251" T="119087862" />
  <Point X="121" Y="255" T="119087884" />
  <Point X="121" Y="258" T="119087903" />
  <Point X="121" Y="262" T="119087923" />
  <Point X="121" Y="264" T="119087942" />
  <Point X="121" Y="268" T="119087962" />
  <Point X="121" Y="270" T="119087983" />
  <Point X="121" Y="272" T="119088003" />
  <Point X="120" Y="270" T="119088063" />
  <Point X="119" Y="268" T="119088086" />
  <Point X="117" Y="265" T="119088107" />
  <Point X="114" Y="261" T="119088128" />
  <Point X="111" Y="255" T="119088150" />
  <Point X="109" Y="253" T="119088171" />
  <Point X="105" Y="248" T="119088193" />
  <Point X="100" Y="243" T="119088215" />
  <Point X="94" Y="236" T="119088238" />
  <Point X="91" Y="231" T="119088261" />
  <Point X="88" Y="226" T="119088284" />
  <Point X="84" Y="222" T="119088309" />
  <Point X="80" Y="216" T="119088333" />
  <Point X="77" Y="211" T="119088357" />
  <Point X="75" Y="209" T="119088381" />
  <Point X="71" Y="207" T="119088407" />
  <Point X="68" Y="202" T="119088431" />
  <Point X="65" Y="198" T="119088455" />
  <Point X="63" Y="196" T="119088479" />
  <Point X="65" Y="196" T="119088578" />
  <Point X="69" Y="198" T="119088603" />
  <Point X="76" Y="198" T="119088628" />
  <Point X="84" Y="200" T="119088654" />
  <Point X="86" Y="199" T="119088655" />
  <Point X="93" Y="199" T="119088680" />
  <Point X="99" Y="200" T="119088706" />
  <Point X="106" Y="199" T="119088733" />
  <Point X="117" Y="200" T="119088760" />
  <Point X="124" Y="199" T="119088787" />
  <Point X="133" Y="200" T="119088814" />
  <Point X="139" Y="199" T="119088842" />
  <Point X="146" Y="200" T="119088870" />
  <Point X="151" Y="200" T="119088902" />
  <Point X="158" Y="198" T="119088931" />
  <Point X="162" Y="198" T="119088959" />
  <Point X="164" Y="198" T="119088987" />
  <Point X="166" Y="197" T="119089015" />
  <Point X="165" Y="199" T="119089090" />
  <Point X="161" Y="202" T="119089119" />
  <Point X="153" Y="206" T="119089149" />
  <Point X="143" Y="212" T="119089178" />
  <Point X="134" Y="217" T="119089208" />
  <Point X="130" Y="221" T="119089237" />
  <Point X="127" Y="222" T="119089238" />
  <Point X="122" Y="225" T="119089269" />
  <Point X="114" Y="230" T="119089300" />
  <Point X="107" Y="235" T="119089330" />
  <Point X="103" Y="237" T="119089361" />
  <Point X="95" Y="241" T="119089392" />
  <Point X="89" Y="246" T="119089423" />
  <Point X="82" Y="251" T="119089455" />
  <Point X="81" Y="253" T="119089486" />
  <Point X="79" Y="255" T="119089517" />
</Gesture>