﻿<?xml version="1.0" encoding="utf-8" standalone="yes"?>
<Gesture Name="triangle04" Subject="5" Speed="medium" Number="4" NumPts="130" Millseconds="3294" AppName="Gestures" AppVer="3.7.0.0" Date="Friday, March 09, 2007" TimeOfDay="9:44:42 PM">
  <Point X="114" Y="175" T="119193326" />
  <Point X="111" Y="176" T="119193410" />
  <Point X="109" Y="178" T="119193429" />
  <Point X="107" Y="180" T="119193446" />
  <Point X="105" Y="181" T="119193458" />
  <Point X="103" Y="184" T="119193470" />
  <Point X="101" Y="185" T="119193483" />
  <Point X="98" Y="187" T="119193495" />
  <Point X="96" Y="189" T="119193508" />
  <Point X="94" Y="190" T="119193520" />
  <Point X="93" Y="192" T="119193532" />
  <Point X="91" Y="194" T="119193548" />
  <Point X="88" Y="196" T="119193564" />
  <Point X="86" Y="199" T="119193585" />
  <Point X="84" Y="201" T="119193601" />
  <Point X="81" Y="202" T="119193617" />
  <Point X="79" Y="205" T="119193637" />
  <Point X="77" Y="207" T="119193652" />
  <Point X="75" Y="209" T="119193669" />
  <Point X="73" Y="211" T="119193685" />
  <Point X="71" Y="213" T="119193701" />
  <Point X="69" Y="215" T="119193725" />
  <Point X="68" Y="217" T="119193749" />
  <Point X="66" Y="219" T="119193769" />
  <Point X="64" Y="220" T="119193794" />
  <Point X="62" Y="222" T="119193818" />
  <Point X="60" Y="224" T="119193850" />
  <Point X="58" Y="226" T="119193878" />
  <Point X="56" Y="228" T="119193903" />
  <Point X="54" Y="230" T="119193926" />
  <Point X="52" Y="230" T="119193961" />
  <Point X="52" Y="232" T="119193985" />
  <Point X="50" Y="234" T="119194023" />
  <Point X="48" Y="236" T="119194041" />
  <Point X="46" Y="238" T="119194078" />
  <Point X="45" Y="240" T="119194112" />
  <Point X="43" Y="242" T="119194201" />
  <Point X="43" Y="244" T="119194294" />
  <Point X="45" Y="243" T="119194329" />
  <Point X="47" Y="244" T="119194377" />
  <Point X="49" Y="243" T="119194401" />
  <Point X="52" Y="243" T="119194421" />
  <Point X="54" Y="243" T="119194441" />
  <Point X="56" Y="242" T="119194457" />
  <Point X="58" Y="242" T="119194477" />
  <Point X="60" Y="242" T="119194493" />
  <Point X="62" Y="242" T="119194509" />
  <Point X="64" Y="242" T="119194525" />
  <Point X="66" Y="243" T="119194541" />
  <Point X="69" Y="243" T="119194557" />
  <Point X="71" Y="243" T="119194573" />
  <Point X="73" Y="244" T="119194589" />
  <Point X="75" Y="244" T="119194606" />
  <Point X="77" Y="244" T="119194622" />
  <Point X="79" Y="243" T="119194638" />
  <Point X="81" Y="244" T="119194655" />
  <Point X="83" Y="243" T="119194672" />
  <Point X="85" Y="244" T="119194690" />
  <Point X="88" Y="244" T="119194708" />
  <Point X="90" Y="244" T="119194710" />
  <Point X="92" Y="244" T="119194728" />
  <Point X="95" Y="245" T="119194747" />
  <Point X="97" Y="244" T="119194766" />
  <Point X="99" Y="244" T="119194785" />
  <Point X="101" Y="244" T="119194804" />
  <Point X="103" Y="244" T="119194824" />
  <Point X="105" Y="244" T="119194826" />
  <Point X="107" Y="245" T="119194846" />
  <Point X="109" Y="245" T="119194866" />
  <Point X="112" Y="245" T="119194886" />
  <Point X="114" Y="244" T="119194908" />
  <Point X="116" Y="245" T="119194929" />
  <Point X="118" Y="245" T="119194949" />
  <Point X="120" Y="245" T="119194968" />
  <Point X="122" Y="246" T="119194990" />
  <Point X="124" Y="245" T="119195016" />
  <Point X="126" Y="246" T="119195066" />
  <Point X="128" Y="246" T="119195098" />
  <Point X="130" Y="246" T="119195126" />
  <Point X="132" Y="246" T="119195150" />
  <Point X="134" Y="247" T="119195178" />
  <Point X="137" Y="247" T="119195202" />
  <Point X="139" Y="248" T="119195226" />
  <Point X="141" Y="248" T="119195252" />
  <Point X="143" Y="247" T="119195277" />
  <Point X="145" Y="248" T="119195300" />
  <Point X="147" Y="247" T="119195323" />
  <Point X="149" Y="246" T="119195349" />
  <Point X="151" Y="246" T="119195372" />
  <Point X="153" Y="246" T="119195395" />
  <Point X="155" Y="247" T="119195419" />
  <Point X="157" Y="246" T="119195451" />
  <Point X="159" Y="246" T="119195476" />
  <Point X="161" Y="246" T="119195503" />
  <Point X="163" Y="246" T="119195527" />
  <Point X="165" Y="247" T="119195555" />
  <Point X="167" Y="246" T="119195580" />
  <Point X="169" Y="246" T="119195615" />
  <Point X="171" Y="246" T="119195655" />
  <Point X="173" Y="247" T="119195698" />
  <Point X="174" Y="245" T="119195827" />
  <Point X="173" Y="243" T="119195867" />
  <Point X="173" Y="241" T="119195893" />
  <Point X="172" Y="239" T="119195920" />
  <Point X="170" Y="237" T="119195946" />
  <Point X="169" Y="234" T="119195973" />
  <Point X="167" Y="232" T="119196000" />
  <Point X="166" Y="230" T="119196027" />
  <Point X="164" Y="227" T="119196028" />
  <Point X="163" Y="225" T="119196055" />
  <Point X="161" Y="223" T="119196082" />
  <Point X="160" Y="221" T="119196110" />
  <Point X="159" Y="219" T="119196138" />
  <Point X="158" Y="217" T="119196166" />
  <Point X="157" Y="215" T="119196196" />
  <Point X="156" Y="213" T="119196224" />
  <Point X="154" Y="210" T="119196253" />
  <Point X="152" Y="209" T="119196282" />
  <Point X="151" Y="207" T="119196312" />
  <Point X="149" Y="203" T="119196341" />
  <Point X="147" Y="201" T="119196374" />
  <Point X="145" Y="199" T="119196403" />
  <Point X="143" Y="195" T="119196433" />
  <Point X="139" Y="192" T="119196464" />
  <Point X="137" Y="190" T="119196494" />
  <Point X="135" Y="189" T="119196495" />
  <Point X="133" Y="187" T="119196526" />
  <Point X="129" Y="185" T="119196557" />
  <Point X="124" Y="181" T="119196589" />
  <Point X="122" Y="181" T="119196620" />
</Gesture>