﻿<?xml version="1.0" encoding="utf-8" standalone="yes"?>
<Gesture Name="triangle02" Subject="5" Speed="medium" Number="2" NumPts="117" Millseconds="2979" AppName="Gestures" AppVer="3.7.0.0" Date="Friday, March 09, 2007" TimeOfDay="9:44:35 PM">
  <Point X="115" Y="173" T="119186388" />
  <Point X="114" Y="175" T="119186429" />
  <Point X="112" Y="175" T="119186473" />
  <Point X="111" Y="178" T="119186486" />
  <Point X="109" Y="179" T="119186502" />
  <Point X="107" Y="181" T="119186523" />
  <Point X="105" Y="183" T="119186543" />
  <Point X="103" Y="184" T="119186563" />
  <Point X="101" Y="186" T="119186583" />
  <Point X="99" Y="188" T="119186600" />
  <Point X="98" Y="190" T="119186611" />
  <Point X="96" Y="193" T="119186630" />
  <Point X="94" Y="193" T="119186650" />
  <Point X="92" Y="195" T="119186671" />
  <Point X="90" Y="197" T="119186687" />
  <Point X="88" Y="199" T="119186708" />
  <Point X="87" Y="202" T="119186729" />
  <Point X="85" Y="204" T="119186746" />
  <Point X="83" Y="206" T="119186762" />
  <Point X="81" Y="207" T="119186782" />
  <Point X="79" Y="210" T="119186798" />
  <Point X="78" Y="212" T="119186810" />
  <Point X="76" Y="212" T="119186830" />
  <Point X="74" Y="214" T="119186850" />
  <Point X="72" Y="216" T="119186874" />
  <Point X="69" Y="218" T="119186902" />
  <Point X="68" Y="220" T="119186922" />
  <Point X="66" Y="222" T="119186950" />
  <Point X="64" Y="223" T="119186990" />
  <Point X="63" Y="225" T="119187015" />
  <Point X="61" Y="226" T="119187059" />
  <Point X="60" Y="229" T="119187083" />
  <Point X="58" Y="231" T="119187126" />
  <Point X="57" Y="233" T="119187147" />
  <Point X="55" Y="236" T="119187195" />
  <Point X="53" Y="238" T="119187223" />
  <Point X="51" Y="240" T="119187264" />
  <Point X="50" Y="242" T="119187297" />
  <Point X="48" Y="244" T="119187328" />
  <Point X="46" Y="246" T="119187360" />
  <Point X="44" Y="248" T="119187393" />
  <Point X="43" Y="250" T="119187436" />
  <Point X="45" Y="251" T="119187536" />
  <Point X="47" Y="251" T="119187551" />
  <Point X="49" Y="250" T="119187566" />
  <Point X="52" Y="249" T="119187581" />
  <Point X="54" Y="248" T="119187596" />
  <Point X="58" Y="247" T="119187612" />
  <Point X="61" Y="248" T="119187627" />
  <Point X="63" Y="248" T="119187643" />
  <Point X="65" Y="248" T="119187660" />
  <Point X="68" Y="249" T="119187676" />
  <Point X="73" Y="249" T="119187694" />
  <Point X="75" Y="249" T="119187711" />
  <Point X="79" Y="250" T="119187728" />
  <Point X="82" Y="249" T="119187746" />
  <Point X="86" Y="250" T="119187764" />
  <Point X="89" Y="250" T="119187781" />
  <Point X="93" Y="251" T="119187799" />
  <Point X="96" Y="250" T="119187818" />
  <Point X="100" Y="250" T="119187836" />
  <Point X="102" Y="250" T="119187855" />
  <Point X="106" Y="250" T="119187873" />
  <Point X="108" Y="250" T="119187893" />
  <Point X="112" Y="251" T="119187912" />
  <Point X="117" Y="251" T="119187931" />
  <Point X="119" Y="251" T="119187953" />
  <Point X="121" Y="251" T="119187973" />
  <Point X="123" Y="251" T="119187993" />
  <Point X="125" Y="252" T="119188013" />
  <Point X="128" Y="252" T="119188033" />
  <Point X="130" Y="252" T="119188053" />
  <Point X="132" Y="251" T="119188074" />
  <Point X="134" Y="252" T="119188095" />
  <Point X="137" Y="251" T="119188116" />
  <Point X="139" Y="251" T="119188138" />
  <Point X="141" Y="251" T="119188164" />
  <Point X="143" Y="251" T="119188188" />
  <Point X="145" Y="252" T="119188216" />
  <Point X="147" Y="251" T="119188244" />
  <Point X="149" Y="252" T="119188271" />
  <Point X="151" Y="251" T="119188303" />
  <Point X="153" Y="251" T="119188343" />
  <Point X="155" Y="252" T="119188375" />
  <Point X="157" Y="252" T="119188399" />
  <Point X="159" Y="252" T="119188443" />
  <Point X="160" Y="249" T="119188519" />
  <Point X="159" Y="247" T="119188559" />
  <Point X="159" Y="245" T="119188584" />
  <Point X="159" Y="243" T="119188608" />
  <Point X="158" Y="240" T="119188632" />
  <Point X="158" Y="238" T="119188656" />
  <Point X="157" Y="233" T="119188682" />
  <Point X="156" Y="231" T="119188708" />
  <Point X="155" Y="229" T="119188733" />
  <Point X="153" Y="224" T="119188758" />
  <Point X="152" Y="222" T="119188784" />
  <Point X="150" Y="220" T="119188810" />
  <Point X="150" Y="218" T="119188812" />
  <Point X="148" Y="216" T="119188839" />
  <Point X="147" Y="214" T="119188866" />
  <Point X="146" Y="211" T="119188896" />
  <Point X="145" Y="209" T="119188923" />
  <Point X="144" Y="205" T="119188950" />
  <Point X="142" Y="203" T="119188978" />
  <Point X="141" Y="200" T="119189005" />
  <Point X="139" Y="199" T="119189033" />
  <Point X="138" Y="195" T="119189061" />
  <Point X="136" Y="194" T="119189089" />
  <Point X="134" Y="192" T="119189118" />
  <Point X="132" Y="191" T="119189147" />
  <Point X="131" Y="189" T="119189184" />
  <Point X="130" Y="186" T="119189225" />
  <Point X="129" Y="184" T="119189261" />
  <Point X="127" Y="183" T="119189298" />
  <Point X="125" Y="181" T="119189337" />
  <Point X="124" Y="179" T="119189367" />
</Gesture>