﻿<?xml version="1.0" encoding="utf-8" standalone="yes"?>
<Gesture Name="triangle10" Subject="5" Speed="medium" Number="10" NumPts="111" Millseconds="2515" AppName="Gestures" AppVer="3.7.0.0" Date="Friday, March 09, 2007" TimeOfDay="9:45:01 PM">
  <Point X="121" Y="187" T="119212847" />
  <Point X="120" Y="185" T="119212875" />
  <Point X="118" Y="186" T="119212979" />
  <Point X="115" Y="188" T="119212999" />
  <Point X="113" Y="190" T="119213012" />
  <Point X="111" Y="191" T="119213023" />
  <Point X="109" Y="192" T="119213036" />
  <Point X="106" Y="194" T="119213047" />
  <Point X="104" Y="195" T="119213060" />
  <Point X="102" Y="197" T="119213072" />
  <Point X="99" Y="199" T="119213084" />
  <Point X="97" Y="200" T="119213100" />
  <Point X="95" Y="202" T="119213116" />
  <Point X="93" Y="204" T="119213133" />
  <Point X="91" Y="206" T="119213146" />
  <Point X="89" Y="208" T="119213163" />
  <Point X="87" Y="209" T="119213180" />
  <Point X="85" Y="211" T="119213192" />
  <Point X="83" Y="211" T="119213208" />
  <Point X="82" Y="213" T="119213217" />
  <Point X="80" Y="215" T="119213232" />
  <Point X="78" Y="217" T="119213245" />
  <Point X="76" Y="217" T="119213261" />
  <Point X="75" Y="219" T="119213270" />
  <Point X="73" Y="220" T="119213286" />
  <Point X="71" Y="222" T="119213301" />
  <Point X="69" Y="224" T="119213321" />
  <Point X="67" Y="226" T="119213341" />
  <Point X="65" Y="227" T="119213366" />
  <Point X="63" Y="230" T="119213391" />
  <Point X="61" Y="232" T="119213415" />
  <Point X="59" Y="233" T="119213435" />
  <Point X="57" Y="235" T="119213455" />
  <Point X="55" Y="237" T="119213479" />
  <Point X="53" Y="238" T="119213508" />
  <Point X="52" Y="240" T="119213534" />
  <Point X="50" Y="242" T="119213589" />
  <Point X="49" Y="244" T="119213643" />
  <Point X="49" Y="246" T="119213750" />
  <Point X="51" Y="245" T="119213787" />
  <Point X="53" Y="246" T="119213807" />
  <Point X="55" Y="244" T="119213824" />
  <Point X="58" Y="245" T="119213840" />
  <Point X="60" Y="245" T="119213854" />
  <Point X="62" Y="245" T="119213868" />
  <Point X="64" Y="245" T="119213882" />
  <Point X="66" Y="245" T="119213896" />
  <Point X="69" Y="244" T="119213911" />
  <Point X="73" Y="244" T="119213926" />
  <Point X="76" Y="245" T="119213941" />
  <Point X="78" Y="244" T="119213956" />
  <Point X="80" Y="243" T="119213957" />
  <Point X="82" Y="244" T="119213973" />
  <Point X="85" Y="243" T="119213989" />
  <Point X="90" Y="244" T="119214005" />
  <Point X="92" Y="244" T="119214022" />
  <Point X="97" Y="244" T="119214038" />
  <Point X="99" Y="245" T="119214056" />
  <Point X="104" Y="244" T="119214073" />
  <Point X="106" Y="242" T="119214091" />
  <Point X="108" Y="243" T="119214108" />
  <Point X="110" Y="243" T="119214125" />
  <Point X="113" Y="242" T="119214143" />
  <Point X="118" Y="242" T="119214161" />
  <Point X="120" Y="242" T="119214179" />
  <Point X="122" Y="242" T="119214197" />
  <Point X="125" Y="242" T="119214215" />
  <Point X="127" Y="242" T="119214233" />
  <Point X="129" Y="242" T="119214253" />
  <Point X="131" Y="242" T="119214271" />
  <Point X="134" Y="242" T="119214290" />
  <Point X="136" Y="244" T="119214310" />
  <Point X="138" Y="244" T="119214329" />
  <Point X="140" Y="244" T="119214353" />
  <Point X="141" Y="246" T="119214374" />
  <Point X="143" Y="245" T="119214395" />
  <Point X="145" Y="245" T="119214417" />
  <Point X="147" Y="244" T="119214438" />
  <Point X="149" Y="245" T="119214459" />
  <Point X="151" Y="244" T="119214481" />
  <Point X="153" Y="243" T="119214502" />
  <Point X="155" Y="244" T="119214524" />
  <Point X="157" Y="244" T="119214548" />
  <Point X="159" Y="243" T="119214580" />
  <Point X="161" Y="244" T="119214616" />
  <Point X="163" Y="243" T="119214667" />
  <Point X="164" Y="241" T="119214724" />
  <Point X="163" Y="239" T="119214772" />
  <Point X="162" Y="237" T="119214812" />
  <Point X="161" Y="235" T="119214835" />
  <Point X="159" Y="233" T="119214869" />
  <Point X="159" Y="230" T="119214893" />
  <Point X="158" Y="228" T="119214916" />
  <Point X="157" Y="226" T="119214940" />
  <Point X="156" Y="224" T="119214964" />
  <Point X="155" Y="221" T="119214990" />
  <Point X="153" Y="219" T="119215016" />
  <Point X="152" Y="217" T="119215040" />
  <Point X="149" Y="214" T="119215066" />
  <Point X="148" Y="212" T="119215094" />
  <Point X="146" Y="209" T="119215120" />
  <Point X="144" Y="208" T="119215146" />
  <Point X="143" Y="206" T="119215173" />
  <Point X="141" Y="204" T="119215199" />
  <Point X="140" Y="202" T="119215226" />
  <Point X="138" Y="202" T="119215252" />
  <Point X="136" Y="199" T="119215253" />
  <Point X="134" Y="197" T="119215280" />
  <Point X="132" Y="195" T="119215308" />
  <Point X="130" Y="193" T="119215335" />
  <Point X="128" Y="191" T="119215362" />
</Gesture>