﻿<?xml version="1.0" encoding="utf-8" standalone="yes"?>
<Gesture Name="triangle06" Subject="5" Speed="medium" Number="6" NumPts="113" Millseconds="2673" AppName="Gestures" AppVer="3.7.0.0" Date="Friday, March 09, 2007" TimeOfDay="9:44:49 PM">
  <Point X="124" Y="179" T="119200358" />
  <Point X="122" Y="180" T="119200439" />
  <Point X="120" Y="182" T="119200459" />
  <Point X="118" Y="184" T="119200475" />
  <Point X="115" Y="186" T="119200492" />
  <Point X="113" Y="187" T="119200508" />
  <Point X="111" Y="189" T="119200525" />
  <Point X="109" Y="191" T="119200541" />
  <Point X="106" Y="192" T="119200557" />
  <Point X="104" Y="194" T="119200573" />
  <Point X="102" Y="196" T="119200588" />
  <Point X="100" Y="198" T="119200604" />
  <Point X="98" Y="199" T="119200620" />
  <Point X="98" Y="201" T="119200629" />
  <Point X="96" Y="202" T="119200648" />
  <Point X="94" Y="204" T="119200665" />
  <Point X="92" Y="206" T="119200677" />
  <Point X="90" Y="208" T="119200693" />
  <Point X="88" Y="210" T="119200716" />
  <Point X="86" Y="210" T="119200741" />
  <Point X="84" Y="212" T="119200753" />
  <Point X="82" Y="214" T="119200773" />
  <Point X="80" Y="215" T="119200808" />
  <Point X="79" Y="217" T="119200829" />
  <Point X="77" Y="219" T="119200853" />
  <Point X="75" Y="221" T="119200865" />
  <Point X="73" Y="222" T="119200885" />
  <Point X="72" Y="224" T="119200910" />
  <Point X="70" Y="225" T="119200947" />
  <Point X="68" Y="227" T="119200970" />
  <Point X="66" Y="229" T="119200994" />
  <Point X="65" Y="232" T="119201022" />
  <Point X="63" Y="233" T="119201054" />
  <Point X="61" Y="235" T="119201070" />
  <Point X="60" Y="237" T="119201087" />
  <Point X="58" Y="238" T="119201120" />
  <Point X="56" Y="241" T="119201144" />
  <Point X="54" Y="242" T="119201172" />
  <Point X="54" Y="244" T="119201216" />
  <Point X="56" Y="244" T="119201283" />
  <Point X="58" Y="244" T="119201307" />
  <Point X="60" Y="245" T="119201324" />
  <Point X="63" Y="244" T="119201339" />
  <Point X="65" Y="244" T="119201355" />
  <Point X="67" Y="244" T="119201376" />
  <Point X="69" Y="245" T="119201392" />
  <Point X="71" Y="244" T="119201408" />
  <Point X="73" Y="244" T="119201422" />
  <Point X="75" Y="244" T="119201437" />
  <Point X="77" Y="244" T="119201452" />
  <Point X="80" Y="244" T="119201467" />
  <Point X="84" Y="243" T="119201482" />
  <Point X="86" Y="242" T="119201497" />
  <Point X="89" Y="243" T="119201513" />
  <Point X="91" Y="242" T="119201529" />
  <Point X="94" Y="243" T="119201545" />
  <Point X="96" Y="242" T="119201562" />
  <Point X="98" Y="242" T="119201579" />
  <Point X="100" Y="242" T="119201597" />
  <Point X="103" Y="243" T="119201615" />
  <Point X="105" Y="244" T="119201633" />
  <Point X="107" Y="244" T="119201657" />
  <Point X="109" Y="244" T="119201678" />
  <Point X="112" Y="244" T="119201697" />
  <Point X="114" Y="244" T="119201717" />
  <Point X="116" Y="245" T="119201741" />
  <Point X="118" Y="245" T="119201761" />
  <Point X="120" Y="244" T="119201781" />
  <Point X="122" Y="245" T="119201801" />
  <Point X="125" Y="245" T="119201821" />
  <Point X="127" Y="244" T="119201841" />
  <Point X="129" Y="244" T="119201863" />
  <Point X="131" Y="245" T="119201885" />
  <Point X="133" Y="244" T="119201906" />
  <Point X="135" Y="245" T="119201933" />
  <Point X="137" Y="245" T="119201953" />
  <Point X="139" Y="246" T="119201977" />
  <Point X="141" Y="245" T="119202006" />
  <Point X="144" Y="244" T="119202034" />
  <Point X="146" Y="245" T="119202058" />
  <Point X="148" Y="245" T="119202082" />
  <Point X="150" Y="246" T="119202106" />
  <Point X="152" Y="244" T="119202130" />
  <Point X="154" Y="244" T="119202154" />
  <Point X="156" Y="245" T="119202178" />
  <Point X="158" Y="244" T="119202202" />
  <Point X="160" Y="244" T="119202231" />
  <Point X="163" Y="243" T="119202263" />
  <Point X="165" Y="243" T="119202291" />
  <Point X="167" Y="243" T="119202340" />
  <Point X="167" Y="241" T="119202412" />
  <Point X="167" Y="239" T="119202457" />
  <Point X="166" Y="237" T="119202485" />
  <Point X="165" Y="235" T="119202514" />
  <Point X="164" Y="232" T="119202538" />
  <Point X="163" Y="227" T="119202563" />
  <Point X="161" Y="225" T="119202594" />
  <Point X="160" Y="223" T="119202619" />
  <Point X="159" Y="219" T="119202644" />
  <Point X="158" Y="217" T="119202669" />
  <Point X="157" Y="215" T="119202695" />
  <Point X="156" Y="213" T="119202720" />
  <Point X="154" Y="208" T="119202746" />
  <Point X="152" Y="206" T="119202772" />
  <Point X="151" Y="204" T="119202799" />
  <Point X="150" Y="202" T="119202825" />
  <Point X="149" Y="200" T="119202852" />
  <Point X="145" Y="196" T="119202879" />
  <Point X="145" Y="194" T="119202910" />
  <Point X="142" Y="192" T="119202937" />
  <Point X="139" Y="187" T="119202964" />
  <Point X="137" Y="186" T="119202994" />
  <Point X="135" Y="184" T="119203031" />
</Gesture>