﻿<?xml version="1.0" encoding="utf-8" standalone="yes"?>
<Gesture Name="triangle08" Subject="5" Speed="medium" Number="8" NumPts="110" Millseconds="2322" AppName="Gestures" AppVer="3.7.0.0" Date="Friday, March 09, 2007" TimeOfDay="9:44:55 PM">
  <Point X="135" Y="183" T="119206984" />
  <Point X="133" Y="184" T="119207080" />
  <Point X="131" Y="185" T="119207096" />
  <Point X="129" Y="187" T="119207109" />
  <Point X="127" Y="187" T="119207120" />
  <Point X="125" Y="189" T="119207127" />
  <Point X="123" Y="190" T="119207139" />
  <Point X="121" Y="191" T="119207151" />
  <Point X="119" Y="194" T="119207163" />
  <Point X="116" Y="195" T="119207175" />
  <Point X="114" Y="196" T="119207187" />
  <Point X="112" Y="198" T="119207199" />
  <Point X="110" Y="199" T="119207211" />
  <Point X="107" Y="201" T="119207224" />
  <Point X="105" Y="202" T="119207237" />
  <Point X="103" Y="204" T="119207249" />
  <Point X="101" Y="206" T="119207262" />
  <Point X="99" Y="207" T="119207274" />
  <Point X="97" Y="208" T="119207290" />
  <Point X="95" Y="210" T="119207301" />
  <Point X="92" Y="214" T="119207322" />
  <Point X="90" Y="215" T="119207338" />
  <Point X="88" Y="217" T="119207358" />
  <Point X="85" Y="219" T="119207377" />
  <Point X="83" Y="221" T="119207397" />
  <Point X="81" Y="223" T="119207413" />
  <Point X="79" Y="225" T="119207438" />
  <Point X="77" Y="226" T="119207463" />
  <Point X="76" Y="228" T="119207480" />
  <Point X="74" Y="230" T="119207499" />
  <Point X="71" Y="232" T="119207519" />
  <Point X="70" Y="234" T="119207548" />
  <Point X="68" Y="235" T="119207585" />
  <Point X="66" Y="237" T="119207609" />
  <Point X="64" Y="239" T="119207630" />
  <Point X="62" Y="240" T="119207662" />
  <Point X="60" Y="242" T="119207703" />
  <Point X="60" Y="244" T="119207754" />
  <Point X="62" Y="244" T="119207823" />
  <Point X="64" Y="243" T="119207843" />
  <Point X="66" Y="241" T="119207859" />
  <Point X="68" Y="242" T="119207872" />
  <Point X="71" Y="243" T="119207887" />
  <Point X="73" Y="243" T="119207901" />
  <Point X="75" Y="242" T="119207915" />
  <Point X="77" Y="242" T="119207929" />
  <Point X="79" Y="242" T="119207944" />
  <Point X="81" Y="242" T="119207959" />
  <Point X="84" Y="241" T="119207974" />
  <Point X="88" Y="241" T="119207992" />
  <Point X="90" Y="241" T="119208007" />
  <Point X="95" Y="241" T="119208023" />
  <Point X="97" Y="241" T="119208039" />
  <Point X="99" Y="241" T="119208055" />
  <Point X="102" Y="240" T="119208072" />
  <Point X="104" Y="241" T="119208091" />
  <Point X="106" Y="241" T="119208110" />
  <Point X="109" Y="241" T="119208111" />
  <Point X="111" Y="243" T="119208129" />
  <Point X="113" Y="241" T="119208146" />
  <Point X="118" Y="242" T="119208164" />
  <Point X="120" Y="242" T="119208182" />
  <Point X="122" Y="242" T="119208200" />
  <Point X="124" Y="244" T="119208218" />
  <Point X="126" Y="242" T="119208236" />
  <Point X="128" Y="244" T="119208254" />
  <Point X="130" Y="245" T="119208273" />
  <Point X="132" Y="244" T="119208292" />
  <Point X="137" Y="245" T="119208311" />
  <Point X="139" Y="245" T="119208330" />
  <Point X="141" Y="245" T="119208350" />
  <Point X="143" Y="245" T="119208369" />
  <Point X="145" Y="246" T="119208390" />
  <Point X="148" Y="246" T="119208411" />
  <Point X="150" Y="246" T="119208412" />
  <Point X="152" Y="247" T="119208432" />
  <Point X="154" Y="247" T="119208453" />
  <Point X="156" Y="247" T="119208474" />
  <Point X="158" Y="247" T="119208495" />
  <Point X="160" Y="249" T="119208517" />
  <Point X="163" Y="248" T="119208538" />
  <Point X="165" Y="249" T="119208539" />
  <Point X="167" Y="250" T="119208561" />
  <Point X="169" Y="249" T="119208584" />
  <Point X="171" Y="249" T="119208628" />
  <Point X="173" Y="248" T="119208692" />
  <Point X="173" Y="246" T="119208737" />
  <Point X="173" Y="244" T="119208769" />
  <Point X="172" Y="241" T="119208792" />
  <Point X="172" Y="239" T="119208816" />
  <Point X="171" Y="237" T="119208839" />
  <Point X="170" Y="235" T="119208863" />
  <Point X="170" Y="230" T="119208888" />
  <Point X="168" Y="226" T="119208912" />
  <Point X="168" Y="224" T="119208936" />
  <Point X="167" Y="222" T="119208961" />
  <Point X="165" Y="220" T="119208988" />
  <Point X="165" Y="218" T="119208990" />
  <Point X="164" Y="215" T="119209014" />
  <Point X="163" Y="213" T="119209040" />
  <Point X="162" Y="211" T="119209066" />
  <Point X="160" Y="209" T="119209092" />
  <Point X="157" Y="204" T="119209118" />
  <Point X="155" Y="203" T="119209145" />
  <Point X="154" Y="201" T="119209171" />
  <Point X="153" Y="199" T="119209198" />
  <Point X="151" Y="196" T="119209224" />
  <Point X="150" Y="194" T="119209251" />
  <Point X="147" Y="190" T="119209278" />
  <Point X="145" Y="189" T="119209306" />
</Gesture>