﻿<?xml version="1.0" encoding="utf-8" standalone="yes"?>
<Gesture Name="triangle05" Subject="5" Speed="medium" Number="5" NumPts="115" Millseconds="2530" AppName="Gestures" AppVer="3.7.0.0" Date="Friday, March 09, 2007" TimeOfDay="9:44:45 PM">
  <Point X="116" Y="182" T="119197191" />
  <Point X="114" Y="184" T="119197235" />
  <Point X="111" Y="184" T="119197263" />
  <Point X="109" Y="185" T="119197280" />
  <Point X="107" Y="186" T="119197292" />
  <Point X="105" Y="188" T="119197309" />
  <Point X="103" Y="190" T="119197316" />
  <Point X="101" Y="192" T="119197328" />
  <Point X="99" Y="192" T="119197340" />
  <Point X="97" Y="195" T="119197348" />
  <Point X="95" Y="196" T="119197360" />
  <Point X="93" Y="198" T="119197372" />
  <Point X="90" Y="199" T="119197384" />
  <Point X="88" Y="202" T="119197396" />
  <Point X="86" Y="203" T="119197412" />
  <Point X="84" Y="205" T="119197425" />
  <Point X="82" Y="207" T="119197438" />
  <Point X="80" Y="209" T="119197458" />
  <Point X="78" Y="210" T="119197474" />
  <Point X="77" Y="212" T="119197486" />
  <Point X="76" Y="214" T="119197497" />
  <Point X="73" Y="216" T="119197517" />
  <Point X="71" Y="217" T="119197533" />
  <Point X="71" Y="219" T="119197545" />
  <Point X="69" Y="221" T="119197574" />
  <Point X="67" Y="223" T="119197597" />
  <Point X="65" Y="224" T="119197625" />
  <Point X="63" Y="227" T="119197650" />
  <Point X="62" Y="229" T="119197670" />
  <Point X="60" Y="230" T="119197698" />
  <Point X="58" Y="232" T="119197722" />
  <Point X="56" Y="234" T="119197742" />
  <Point X="54" Y="236" T="119197762" />
  <Point X="52" Y="238" T="119197786" />
  <Point X="50" Y="240" T="119197811" />
  <Point X="49" Y="242" T="119197828" />
  <Point X="47" Y="243" T="119197860" />
  <Point X="46" Y="245" T="119197905" />
  <Point X="48" Y="245" T="119197969" />
  <Point X="51" Y="245" T="119197989" />
  <Point X="53" Y="245" T="119198005" />
  <Point X="55" Y="245" T="119198018" />
  <Point X="57" Y="245" T="119198032" />
  <Point X="60" Y="245" T="119198046" />
  <Point X="62" Y="245" T="119198060" />
  <Point X="66" Y="245" T="119198074" />
  <Point X="68" Y="245" T="119198088" />
  <Point X="70" Y="245" T="119198102" />
  <Point X="75" Y="245" T="119198118" />
  <Point X="78" Y="245" T="119198132" />
  <Point X="81" Y="244" T="119198148" />
  <Point X="83" Y="245" T="119198163" />
  <Point X="87" Y="245" T="119198179" />
  <Point X="90" Y="244" T="119198195" />
  <Point X="92" Y="244" T="119198214" />
  <Point X="94" Y="245" T="119198230" />
  <Point X="96" Y="245" T="119198246" />
  <Point X="98" Y="244" T="119198263" />
  <Point X="100" Y="244" T="119198280" />
  <Point X="103" Y="244" T="119198297" />
  <Point X="105" Y="244" T="119198315" />
  <Point X="107" Y="245" T="119198332" />
  <Point X="109" Y="246" T="119198350" />
  <Point X="111" Y="247" T="119198368" />
  <Point X="114" Y="247" T="119198387" />
  <Point X="116" Y="248" T="119198405" />
  <Point X="118" Y="249" T="119198429" />
  <Point X="120" Y="249" T="119198453" />
  <Point X="122" Y="249" T="119198472" />
  <Point X="125" Y="249" T="119198492" />
  <Point X="127" Y="249" T="119198511" />
  <Point X="129" Y="248" T="119198531" />
  <Point X="131" Y="249" T="119198550" />
  <Point X="133" Y="248" T="119198573" />
  <Point X="135" Y="249" T="119198597" />
  <Point X="137" Y="249" T="119198617" />
  <Point X="140" Y="248" T="119198641" />
  <Point X="142" Y="248" T="119198665" />
  <Point X="144" Y="248" T="119198686" />
  <Point X="146" Y="248" T="119198713" />
  <Point X="148" Y="248" T="119198742" />
  <Point X="150" Y="248" T="119198769" />
  <Point X="153" Y="248" T="119198798" />
  <Point X="155" Y="247" T="119198826" />
  <Point X="157" Y="248" T="119198855" />
  <Point X="159" Y="248" T="119198879" />
  <Point X="161" Y="247" T="119198902" />
  <Point X="163" Y="248" T="119198924" />
  <Point X="165" Y="248" T="119198948" />
  <Point X="167" Y="248" T="119198984" />
  <Point X="168" Y="245" T="119199105" />
  <Point X="167" Y="243" T="119199129" />
  <Point X="166" Y="240" T="119199153" />
  <Point X="165" Y="238" T="119199177" />
  <Point X="164" Y="236" T="119199202" />
  <Point X="162" Y="233" T="119199227" />
  <Point X="161" Y="231" T="119199252" />
  <Point X="160" Y="226" T="119199279" />
  <Point X="158" Y="224" T="119199305" />
  <Point X="157" Y="222" T="119199330" />
  <Point X="156" Y="220" T="119199356" />
  <Point X="154" Y="218" T="119199357" />
  <Point X="153" Y="216" T="119199384" />
  <Point X="151" Y="214" T="119199410" />
  <Point X="149" Y="211" T="119199440" />
  <Point X="147" Y="207" T="119199472" />
  <Point X="145" Y="206" T="119199499" />
  <Point X="144" Y="204" T="119199526" />
  <Point X="141" Y="200" T="119199554" />
  <Point X="138" Y="196" T="119199581" />
  <Point X="136" Y="193" T="119199608" />
  <Point X="132" Y="190" T="119199636" />
  <Point X="130" Y="190" T="119199664" />
  <Point X="128" Y="188" T="119199693" />
  <Point X="126" Y="186" T="119199721" />
</Gesture>