﻿<?xml version="1.0" encoding="utf-8" standalone="yes"?>
<Gesture Name="triangle03" Subject="5" Speed="medium" Number="3" NumPts="116" Millseconds="2763" AppName="Gestures" AppVer="3.7.0.0" Date="Friday, March 09, 2007" TimeOfDay="9:44:38 PM">
  <Point X="115" Y="173" T="119190004" />
  <Point X="115" Y="175" T="119190085" />
  <Point X="112" Y="176" T="119190110" />
  <Point X="110" Y="178" T="119190129" />
  <Point X="108" Y="179" T="119190141" />
  <Point X="105" Y="182" T="119190157" />
  <Point X="103" Y="183" T="119190173" />
  <Point X="101" Y="185" T="119190189" />
  <Point X="98" Y="187" T="119190209" />
  <Point X="96" Y="189" T="119190225" />
  <Point X="94" Y="191" T="119190242" />
  <Point X="92" Y="193" T="119190258" />
  <Point X="90" Y="194" T="119190274" />
  <Point X="88" Y="196" T="119190291" />
  <Point X="86" Y="198" T="119190311" />
  <Point X="84" Y="200" T="119190331" />
  <Point X="82" Y="201" T="119190347" />
  <Point X="80" Y="203" T="119190364" />
  <Point X="78" Y="205" T="119190379" />
  <Point X="76" Y="207" T="119190396" />
  <Point X="74" Y="209" T="119190420" />
  <Point X="73" Y="211" T="119190433" />
  <Point X="71" Y="212" T="119190453" />
  <Point X="69" Y="214" T="119190469" />
  <Point X="66" Y="216" T="119190489" />
  <Point X="64" Y="217" T="119190513" />
  <Point X="63" Y="219" T="119190525" />
  <Point X="61" Y="221" T="119190553" />
  <Point X="59" Y="223" T="119190573" />
  <Point X="57" Y="224" T="119190597" />
  <Point X="55" Y="226" T="119190618" />
  <Point X="54" Y="228" T="119190630" />
  <Point X="52" Y="230" T="119190654" />
  <Point X="51" Y="232" T="119190667" />
  <Point X="49" Y="234" T="119190711" />
  <Point X="47" Y="236" T="119190730" />
  <Point X="46" Y="238" T="119190751" />
  <Point X="44" Y="239" T="119190784" />
  <Point X="42" Y="241" T="119190828" />
  <Point X="40" Y="243" T="119190852" />
  <Point X="38" Y="243" T="119190897" />
  <Point X="40" Y="244" T="119191009" />
  <Point X="43" Y="245" T="119191029" />
  <Point X="45" Y="244" T="119191050" />
  <Point X="47" Y="243" T="119191065" />
  <Point X="49" Y="242" T="119191080" />
  <Point X="52" Y="242" T="119191095" />
  <Point X="54" Y="242" T="119191110" />
  <Point X="56" Y="242" T="119191126" />
  <Point X="58" Y="243" T="119191142" />
  <Point X="60" Y="243" T="119191158" />
  <Point X="62" Y="242" T="119191175" />
  <Point X="67" Y="242" T="119191191" />
  <Point X="69" Y="243" T="119191208" />
  <Point X="72" Y="241" T="119191225" />
  <Point X="74" Y="241" T="119191227" />
  <Point X="76" Y="242" T="119191245" />
  <Point X="79" Y="242" T="119191263" />
  <Point X="81" Y="242" T="119191281" />
  <Point X="86" Y="241" T="119191299" />
  <Point X="88" Y="241" T="119191317" />
  <Point X="92" Y="240" T="119191336" />
  <Point X="94" Y="240" T="119191355" />
  <Point X="99" Y="241" T="119191374" />
  <Point X="101" Y="242" T="119191393" />
  <Point X="106" Y="240" T="119191412" />
  <Point X="108" Y="242" T="119191432" />
  <Point X="112" Y="241" T="119191452" />
  <Point X="114" Y="241" T="119191472" />
  <Point X="116" Y="241" T="119191493" />
  <Point X="118" Y="242" T="119191513" />
  <Point X="120" Y="242" T="119191535" />
  <Point X="124" Y="242" T="119191558" />
  <Point X="126" Y="242" T="119191579" />
  <Point X="128" Y="243" T="119191601" />
  <Point X="130" Y="241" T="119191622" />
  <Point X="131" Y="243" T="119191644" />
  <Point X="133" Y="242" T="119191666" />
  <Point X="135" Y="242" T="119191688" />
  <Point X="137" Y="241" T="119191710" />
  <Point X="139" Y="241" T="119191733" />
  <Point X="141" Y="242" T="119191764" />
  <Point X="143" Y="241" T="119191786" />
  <Point X="145" Y="241" T="119191808" />
  <Point X="147" Y="241" T="119191831" />
  <Point X="149" Y="241" T="119191854" />
  <Point X="151" Y="241" T="119191909" />
  <Point X="152" Y="239" T="119192006" />
  <Point X="151" Y="237" T="119192034" />
  <Point X="151" Y="234" T="119192058" />
  <Point X="151" Y="232" T="119192091" />
  <Point X="151" Y="230" T="119192115" />
  <Point X="151" Y="228" T="119192139" />
  <Point X="150" Y="225" T="119192166" />
  <Point X="150" Y="223" T="119192191" />
  <Point X="149" Y="221" T="119192215" />
  <Point X="148" Y="219" T="119192240" />
  <Point X="147" Y="217" T="119192265" />
  <Point X="147" Y="215" T="119192266" />
  <Point X="146" Y="213" T="119192294" />
  <Point X="145" Y="211" T="119192319" />
  <Point X="144" Y="208" T="119192345" />
  <Point X="143" Y="206" T="119192372" />
  <Point X="140" Y="202" T="119192399" />
  <Point X="139" Y="200" T="119192425" />
  <Point X="138" Y="197" T="119192452" />
  <Point X="136" Y="195" T="119192479" />
  <Point X="135" Y="192" T="119192507" />
  <Point X="133" Y="190" T="119192536" />
  <Point X="132" Y="188" T="119192564" />
  <Point X="131" Y="186" T="119192594" />
  <Point X="130" Y="184" T="119192627" />
  <Point X="128" Y="182" T="119192667" />
  <Point X="126" Y="180" T="119192699" />
  <Point X="125" Y="178" T="119192727" />
  <Point X="123" Y="176" T="119192767" />
</Gesture>