﻿<?xml version="1.0" encoding="utf-8" standalone="yes"?>
<Gesture Name="triangle01" Subject="5" Speed="medium" Number="1" NumPts="128" Millseconds="3137" AppName="Gestures" AppVer="3.7.0.0" Date="Friday, March 09, 2007" TimeOfDay="9:44:31 PM">
  <Point X="124" Y="169" T="119182649" />
  <Point X="123" Y="167" T="119182661" />
  <Point X="121" Y="168" T="119182733" />
  <Point X="119" Y="170" T="119182761" />
  <Point X="118" Y="172" T="119182778" />
  <Point X="116" Y="174" T="119182802" />
  <Point X="114" Y="175" T="119182826" />
  <Point X="112" Y="177" T="119182842" />
  <Point X="110" Y="179" T="119182862" />
  <Point X="108" Y="181" T="119182885" />
  <Point X="106" Y="183" T="119182909" />
  <Point X="104" Y="184" T="119182934" />
  <Point X="103" Y="187" T="119182946" />
  <Point X="101" Y="189" T="119182966" />
  <Point X="99" Y="191" T="119182983" />
  <Point X="97" Y="193" T="119183008" />
  <Point X="95" Y="195" T="119183028" />
  <Point X="93" Y="197" T="119183052" />
  <Point X="91" Y="199" T="119183069" />
  <Point X="89" Y="200" T="119183084" />
  <Point X="88" Y="203" T="119183101" />
  <Point X="86" Y="204" T="119183125" />
  <Point X="84" Y="206" T="119183137" />
  <Point X="82" Y="208" T="119183157" />
  <Point X="80" Y="209" T="119183176" />
  <Point X="79" Y="211" T="119183193" />
  <Point X="77" Y="213" T="119183224" />
  <Point X="75" Y="215" T="119183244" />
  <Point X="73" Y="217" T="119183272" />
  <Point X="72" Y="220" T="119183292" />
  <Point X="70" Y="221" T="119183320" />
  <Point X="68" Y="223" T="119183349" />
  <Point X="66" Y="225" T="119183369" />
  <Point X="64" Y="226" T="119183394" />
  <Point X="63" Y="229" T="119183407" />
  <Point X="61" Y="230" T="119183435" />
  <Point X="59" Y="232" T="119183463" />
  <Point X="57" Y="234" T="119183487" />
  <Point X="55" Y="236" T="119183519" />
  <Point X="54" Y="238" T="119183547" />
  <Point X="52" Y="239" T="119183576" />
  <Point X="51" Y="241" T="119183605" />
  <Point X="49" Y="244" T="119183629" />
  <Point X="47" Y="245" T="119183662" />
  <Point X="46" Y="247" T="119183686" />
  <Point X="45" Y="249" T="119183729" />
  <Point X="47" Y="251" T="119183858" />
  <Point X="49" Y="250" T="119183878" />
  <Point X="51" Y="250" T="119183894" />
  <Point X="53" Y="249" T="119183910" />
  <Point X="56" Y="249" T="119183926" />
  <Point X="58" Y="249" T="119183927" />
  <Point X="61" Y="248" T="119183944" />
  <Point X="63" Y="248" T="119183961" />
  <Point X="67" Y="248" T="119183977" />
  <Point X="69" Y="248" T="119183995" />
  <Point X="72" Y="249" T="119184012" />
  <Point X="74" Y="249" T="119184030" />
  <Point X="77" Y="248" T="119184047" />
  <Point X="79" Y="248" T="119184065" />
  <Point X="81" Y="248" T="119184067" />
  <Point X="84" Y="248" T="119184085" />
  <Point X="86" Y="248" T="119184105" />
  <Point X="88" Y="248" T="119184123" />
  <Point X="90" Y="248" T="119184143" />
  <Point X="95" Y="249" T="119184163" />
  <Point X="97" Y="248" T="119184186" />
  <Point X="99" Y="249" T="119184206" />
  <Point X="101" Y="251" T="119184226" />
  <Point X="103" Y="251" T="119184246" />
  <Point X="105" Y="251" T="119184267" />
  <Point X="107" Y="252" T="119184290" />
  <Point X="112" Y="253" T="119184310" />
  <Point X="114" Y="253" T="119184331" />
  <Point X="116" Y="254" T="119184352" />
  <Point X="119" Y="254" T="119184374" />
  <Point X="121" Y="254" T="119184399" />
  <Point X="123" Y="253" T="119184430" />
  <Point X="125" Y="254" T="119184452" />
  <Point X="127" Y="254" T="119184474" />
  <Point X="129" Y="254" T="119184497" />
  <Point X="131" Y="254" T="119184524" />
  <Point X="133" Y="253" T="119184547" />
  <Point X="135" Y="254" T="119184570" />
  <Point X="137" Y="254" T="119184593" />
  <Point X="139" Y="253" T="119184621" />
  <Point X="141" Y="252" T="119184645" />
  <Point X="143" Y="252" T="119184669" />
  <Point X="145" Y="252" T="119184693" />
  <Point X="147" Y="252" T="119184718" />
  <Point X="149" Y="251" T="119184742" />
  <Point X="154" Y="251" T="119184767" />
  <Point X="156" Y="252" T="119184792" />
  <Point X="158" Y="251" T="119184817" />
  <Point X="160" Y="251" T="119184843" />
  <Point X="162" Y="250" T="119184868" />
  <Point X="164" Y="250" T="119184870" />
  <Point X="166" Y="249" T="119184897" />
  <Point X="168" Y="249" T="119184928" />
  <Point X="170" Y="249" T="119184954" />
  <Point X="172" Y="248" T="119184980" />
  <Point X="172" Y="246" T="119185069" />
  <Point X="171" Y="244" T="119185097" />
  <Point X="171" Y="242" T="119185124" />
  <Point X="170" Y="240" T="119185152" />
  <Point X="168" Y="237" T="119185179" />
  <Point X="166" Y="233" T="119185210" />
  <Point X="164" Y="229" T="119185239" />
  <Point X="163" Y="227" T="119185267" />
  <Point X="161" Y="224" T="119185295" />
  <Point X="160" Y="221" T="119185324" />
  <Point X="158" Y="219" T="119185353" />
  <Point X="156" Y="215" T="119185382" />
  <Point X="154" Y="212" T="119185411" />
  <Point X="152" Y="210" T="119185441" />
  <Point X="151" Y="208" T="119185442" />
  <Point X="150" Y="206" T="119185473" />
  <Point X="148" Y="202" T="119185504" />
  <Point X="147" Y="200" T="119185534" />
  <Point X="146" Y="197" T="119185564" />
  <Point X="145" Y="195" T="119185594" />
  <Point X="144" Y="193" T="119185626" />
  <Point X="142" Y="190" T="119185656" />
  <Point X="141" Y="188" T="119185658" />
  <Point X="140" Y="186" T="119185691" />
  <Point X="138" Y="182" T="119185723" />
  <Point X="135" Y="178" T="119185754" />
  <Point X="133" Y="177" T="119185786" />
</Gesture>