﻿<?xml version="1.0" encoding="utf-8" standalone="yes"?>
<Gesture Name="triangle07" Subject="5" Speed="medium" Number="7" NumPts="117" Millseconds="2660" AppName="Gestures" AppVer="3.7.0.0" Date="Friday, March 09, 2007" TimeOfDay="9:44:52 PM">
  <Point X="131" Y="180" T="119203630" />
  <Point X="128" Y="180" T="119203636" />
  <Point X="126" Y="180" T="119203658" />
  <Point X="124" Y="181" T="119203691" />
  <Point X="123" Y="183" T="119203715" />
  <Point X="121" Y="184" T="119203732" />
  <Point X="118" Y="185" T="119203748" />
  <Point X="116" Y="188" T="119203760" />
  <Point X="114" Y="189" T="119203772" />
  <Point X="112" Y="191" T="119203784" />
  <Point X="110" Y="192" T="119203797" />
  <Point X="107" Y="194" T="119203809" />
  <Point X="105" Y="196" T="119203825" />
  <Point X="103" Y="197" T="119203842" />
  <Point X="101" Y="200" T="119203859" />
  <Point X="99" Y="201" T="119203875" />
  <Point X="97" Y="202" T="119203895" />
  <Point X="95" Y="204" T="119203911" />
  <Point X="92" Y="206" T="119203931" />
  <Point X="91" Y="208" T="119203943" />
  <Point X="89" Y="210" T="119203964" />
  <Point X="87" Y="211" T="119203984" />
  <Point X="86" Y="213" T="119203994" />
  <Point X="83" Y="215" T="119204016" />
  <Point X="81" Y="216" T="119204038" />
  <Point X="79" Y="218" T="119204058" />
  <Point X="77" Y="221" T="119204078" />
  <Point X="75" Y="223" T="119204102" />
  <Point X="73" Y="224" T="119204126" />
  <Point X="71" Y="226" T="119204154" />
  <Point X="69" Y="228" T="119204182" />
  <Point X="68" Y="230" T="119204199" />
  <Point X="66" Y="232" T="119204227" />
  <Point X="64" Y="233" T="119204252" />
  <Point X="62" Y="235" T="119204277" />
  <Point X="61" Y="237" T="119204293" />
  <Point X="58" Y="239" T="119204330" />
  <Point X="56" Y="239" T="119204353" />
  <Point X="54" Y="242" T="119204378" />
  <Point X="52" Y="244" T="119204394" />
  <Point X="50" Y="245" T="119204426" />
  <Point X="52" Y="245" T="119204546" />
  <Point X="54" Y="245" T="119204566" />
  <Point X="56" Y="245" T="119204582" />
  <Point X="59" Y="245" T="119204598" />
  <Point X="61" Y="245" T="119204615" />
  <Point X="63" Y="245" T="119204629" />
  <Point X="65" Y="245" T="119204644" />
  <Point X="68" Y="244" T="119204659" />
  <Point X="70" Y="244" T="119204673" />
  <Point X="72" Y="243" T="119204689" />
  <Point X="74" Y="243" T="119204704" />
  <Point X="77" Y="243" T="119204720" />
  <Point X="79" Y="244" T="119204736" />
  <Point X="84" Y="243" T="119204753" />
  <Point X="86" Y="243" T="119204769" />
  <Point X="89" Y="242" T="119204785" />
  <Point X="91" Y="242" T="119204802" />
  <Point X="95" Y="243" T="119204820" />
  <Point X="98" Y="243" T="119204837" />
  <Point X="100" Y="243" T="119204854" />
  <Point X="103" Y="243" T="119204855" />
  <Point X="105" Y="243" T="119204873" />
  <Point X="109" Y="241" T="119204891" />
  <Point X="111" Y="242" T="119204909" />
  <Point X="113" Y="241" T="119204927" />
  <Point X="116" Y="242" T="119204946" />
  <Point X="118" Y="242" T="119204947" />
  <Point X="120" Y="243" T="119204965" />
  <Point X="122" Y="243" T="119204984" />
  <Point X="124" Y="244" T="119205004" />
  <Point X="126" Y="244" T="119205024" />
  <Point X="128" Y="243" T="119205044" />
  <Point X="130" Y="243" T="119205064" />
  <Point X="132" Y="244" T="119205084" />
  <Point X="135" Y="243" T="119205105" />
  <Point X="139" Y="243" T="119205129" />
  <Point X="141" Y="243" T="119205149" />
  <Point X="144" Y="243" T="119205170" />
  <Point X="146" Y="243" T="119205191" />
  <Point X="148" Y="244" T="119205214" />
  <Point X="150" Y="244" T="119205238" />
  <Point X="152" Y="244" T="119205263" />
  <Point X="154" Y="245" T="119205287" />
  <Point X="157" Y="244" T="119205311" />
  <Point X="159" Y="244" T="119205335" />
  <Point X="161" Y="244" T="119205359" />
  <Point X="163" Y="243" T="119205391" />
  <Point X="165" Y="245" T="119205423" />
  <Point X="167" Y="244" T="119205459" />
  <Point X="169" Y="243" T="119205499" />
  <Point X="171" Y="241" T="119205604" />
  <Point X="169" Y="239" T="119205647" />
  <Point X="167" Y="237" T="119205675" />
  <Point X="166" Y="235" T="119205699" />
  <Point X="164" Y="233" T="119205724" />
  <Point X="163" Y="228" T="119205748" />
  <Point X="163" Y="226" T="119205772" />
  <Point X="161" Y="224" T="119205797" />
  <Point X="160" Y="222" T="119205822" />
  <Point X="159" Y="218" T="119205849" />
  <Point X="157" Y="216" T="119205876" />
  <Point X="156" Y="214" T="119205902" />
  <Point X="155" Y="212" T="119205929" />
  <Point X="154" Y="210" T="119205956" />
  <Point X="153" Y="208" T="119205982" />
  <Point X="152" Y="205" T="119206009" />
  <Point X="151" Y="203" T="119206037" />
  <Point X="150" Y="201" T="119206064" />
  <Point X="148" Y="199" T="119206092" />
  <Point X="147" Y="197" T="119206120" />
  <Point X="146" Y="194" T="119206150" />
  <Point X="143" Y="192" T="119206178" />
  <Point X="142" Y="190" T="119206206" />
  <Point X="140" Y="188" T="119206234" />
  <Point X="138" Y="187" T="119206262" />
  <Point X="138" Y="185" T="119206290" />
</Gesture>