﻿<?xml version="1.0" encoding="utf-8" standalone="yes"?>
<Gesture Name="triangle09" Subject="5" Speed="medium" Number="9" NumPts="101" Millseconds="2022" AppName="Gestures" AppVer="3.7.0.0" Date="Friday, March 09, 2007" TimeOfDay="9:44:58 PM">
  <Point X="130" Y="184" T="119209963" />
  <Point X="128" Y="185" T="119209987" />
  <Point X="126" Y="186" T="119210007" />
  <Point X="124" Y="188" T="119210028" />
  <Point X="122" Y="190" T="119210048" />
  <Point X="120" Y="192" T="119210065" />
  <Point X="118" Y="193" T="119210081" />
  <Point X="116" Y="195" T="119210093" />
  <Point X="114" Y="196" T="119210109" />
  <Point X="112" Y="197" T="119210125" />
  <Point X="110" Y="199" T="119210141" />
  <Point X="108" Y="201" T="119210156" />
  <Point X="105" Y="202" T="119210172" />
  <Point X="103" Y="203" T="119210188" />
  <Point X="101" Y="205" T="119210201" />
  <Point X="99" Y="207" T="119210217" />
  <Point X="97" Y="209" T="119210234" />
  <Point X="95" Y="210" T="119210251" />
  <Point X="92" Y="212" T="119210267" />
  <Point X="91" Y="214" T="119210279" />
  <Point X="88" Y="215" T="119210296" />
  <Point X="87" Y="218" T="119210305" />
  <Point X="85" Y="220" T="119210320" />
  <Point X="83" Y="221" T="119210336" />
  <Point X="81" Y="222" T="119210352" />
  <Point X="79" Y="224" T="119210372" />
  <Point X="76" Y="227" T="119210396" />
  <Point X="74" Y="228" T="119210416" />
  <Point X="72" Y="231" T="119210440" />
  <Point X="70" Y="232" T="119210468" />
  <Point X="68" Y="234" T="119210496" />
  <Point X="66" Y="236" T="119210512" />
  <Point X="65" Y="238" T="119210524" />
  <Point X="63" Y="239" T="119210552" />
  <Point X="61" Y="241" T="119210584" />
  <Point X="59" Y="243" T="119210629" />
  <Point X="61" Y="244" T="119210735" />
  <Point X="63" Y="244" T="119210750" />
  <Point X="65" Y="244" T="119210763" />
  <Point X="67" Y="243" T="119210775" />
  <Point X="70" Y="244" T="119210789" />
  <Point X="72" Y="244" T="119210802" />
  <Point X="74" Y="244" T="119210815" />
  <Point X="77" Y="244" T="119210829" />
  <Point X="81" Y="243" T="119210843" />
  <Point X="84" Y="243" T="119210858" />
  <Point X="87" Y="243" T="119210872" />
  <Point X="89" Y="242" T="119210887" />
  <Point X="92" Y="243" T="119210902" />
  <Point X="94" Y="241" T="119210903" />
  <Point X="97" Y="243" T="119210918" />
  <Point X="99" Y="242" T="119210933" />
  <Point X="102" Y="241" T="119210934" />
  <Point X="104" Y="241" T="119210953" />
  <Point X="107" Y="240" T="119210955" />
  <Point X="111" Y="239" T="119210971" />
  <Point X="113" Y="239" T="119210988" />
  <Point X="116" Y="238" T="119211005" />
  <Point X="120" Y="239" T="119211022" />
  <Point X="122" Y="239" T="119211039" />
  <Point X="125" Y="239" T="119211057" />
  <Point X="127" Y="239" T="119211075" />
  <Point X="131" Y="239" T="119211093" />
  <Point X="133" Y="239" T="119211111" />
  <Point X="135" Y="240" T="119211129" />
  <Point X="137" Y="240" T="119211148" />
  <Point X="139" Y="240" T="119211167" />
  <Point X="141" Y="242" T="119211186" />
  <Point X="143" Y="242" T="119211187" />
  <Point X="145" Y="242" T="119211206" />
  <Point X="147" Y="242" T="119211226" />
  <Point X="149" Y="242" T="119211246" />
  <Point X="151" Y="243" T="119211265" />
  <Point X="153" Y="243" T="119211285" />
  <Point X="156" Y="244" T="119211306" />
  <Point X="158" Y="243" T="119211327" />
  <Point X="160" Y="243" T="119211347" />
  <Point X="162" Y="244" T="119211369" />
  <Point X="164" Y="243" T="119211390" />
  <Point X="166" Y="243" T="119211418" />
  <Point X="166" Y="240" T="119211499" />
  <Point X="166" Y="238" T="119211522" />
  <Point X="165" Y="236" T="119211544" />
  <Point X="165" Y="233" T="119211566" />
  <Point X="164" Y="231" T="119211588" />
  <Point X="163" Y="228" T="119211611" />
  <Point X="162" Y="225" T="119211633" />
  <Point X="161" Y="223" T="119211656" />
  <Point X="160" Y="221" T="119211679" />
  <Point X="159" Y="217" T="119211703" />
  <Point X="158" Y="215" T="119211735" />
  <Point X="156" Y="210" T="119211760" />
  <Point X="155" Y="208" T="119211783" />
  <Point X="154" Y="204" T="119211808" />
  <Point X="152" Y="201" T="119211832" />
  <Point X="150" Y="199" T="119211857" />
  <Point X="148" Y="197" T="119211882" />
  <Point X="145" Y="194" T="119211907" />
  <Point X="144" Y="192" T="119211933" />
  <Point X="142" Y="190" T="119211959" />
  <Point X="140" Y="188" T="119211985" />
</Gesture>