﻿<?xml version="1.0" encoding="utf-8" standalone="yes"?>
<Gesture Name="v01" Subject="5" Speed="medium" Number="1" NumPts="80" Millseconds="1694" AppName="Gestures" AppVer="3.7.0.0" Date="Friday, March 09, 2007" TimeOfDay="9:35:57 PM">
  <Point X="78" Y="159" T="118668276" />
  <Point X="76" Y="158" T="118668284" />
  <Point X="77" Y="160" T="118668405" />
  <Point X="80" Y="161" T="118668441" />
  <Point X="81" Y="163" T="118668465" />
  <Point X="83" Y="165" T="118668490" />
  <Point X="85" Y="166" T="118668522" />
  <Point X="87" Y="168" T="118668550" />
  <Point X="88" Y="170" T="118668569" />
  <Point X="90" Y="172" T="118668597" />
  <Point X="92" Y="174" T="118668613" />
  <Point X="93" Y="176" T="118668630" />
  <Point X="95" Y="178" T="118668650" />
  <Point X="97" Y="180" T="118668671" />
  <Point X="99" Y="183" T="118668687" />
  <Point X="101" Y="185" T="118668708" />
  <Point X="103" Y="187" T="118668729" />
  <Point X="104" Y="190" T="118668741" />
  <Point X="106" Y="191" T="118668761" />
  <Point X="107" Y="193" T="118668770" />
  <Point X="108" Y="195" T="118668784" />
  <Point X="110" Y="197" T="118668808" />
  <Point X="111" Y="199" T="118668825" />
  <Point X="112" Y="201" T="118668840" />
  <Point X="113" Y="203" T="118668856" />
  <Point X="115" Y="205" T="118668880" />
  <Point X="115" Y="207" T="118668890" />
  <Point X="117" Y="209" T="118668913" />
  <Point X="118" Y="211" T="118668930" />
  <Point X="118" Y="213" T="118668941" />
  <Point X="120" Y="216" T="118668966" />
  <Point X="121" Y="218" T="118668978" />
  <Point X="122" Y="220" T="118668995" />
  <Point X="122" Y="223" T="118669011" />
  <Point X="124" Y="225" T="118669040" />
  <Point X="125" Y="228" T="118669065" />
  <Point X="125" Y="230" T="118669077" />
  <Point X="126" Y="232" T="118669097" />
  <Point X="127" Y="234" T="118669125" />
  <Point X="127" Y="236" T="118669138" />
  <Point X="129" Y="238" T="118669170" />
  <Point X="130" Y="240" T="118669202" />
  <Point X="131" Y="242" T="118669222" />
  <Point X="131" Y="244" T="118669242" />
  <Point X="133" Y="247" T="118669267" />
  <Point X="133" Y="249" T="118669287" />
  <Point X="134" Y="252" T="118669335" />
  <Point X="134" Y="250" T="118669416" />
  <Point X="134" Y="248" T="118669431" />
  <Point X="135" Y="246" T="118669445" />
  <Point X="135" Y="241" T="118669461" />
  <Point X="136" Y="239" T="118669479" />
  <Point X="136" Y="236" T="118669495" />
  <Point X="136" Y="234" T="118669510" />
  <Point X="137" Y="231" T="118669526" />
  <Point X="138" Y="226" T="118669543" />
  <Point X="139" Y="224" T="118669559" />
  <Point X="140" Y="222" T="118669576" />
  <Point X="141" Y="218" T="118669594" />
  <Point X="142" Y="216" T="118669611" />
  <Point X="144" Y="210" T="118669630" />
  <Point X="144" Y="208" T="118669648" />
  <Point X="146" Y="204" T="118669666" />
  <Point X="147" Y="202" T="118669685" />
  <Point X="150" Y="197" T="118669704" />
  <Point X="151" Y="194" T="118669722" />
  <Point X="152" Y="192" T="118669740" />
  <Point X="154" Y="187" T="118669760" />
  <Point X="156" Y="185" T="118669781" />
  <Point X="158" Y="184" T="118669782" />
  <Point X="160" Y="179" T="118669802" />
  <Point X="162" Y="177" T="118669822" />
  <Point X="164" Y="175" T="118669823" />
  <Point X="167" Y="173" T="118669844" />
  <Point X="171" Y="168" T="118669864" />
  <Point X="173" Y="166" T="118669885" />
  <Point X="176" Y="162" T="118669906" />
  <Point X="180" Y="157" T="118669927" />
  <Point X="185" Y="154" T="118669948" />
  <Point X="189" Y="152" T="118669970" />
</Gesture>