﻿<?xml version="1.0" encoding="utf-8" standalone="yes"?>
<Gesture Name="v02" Subject="5" Speed="medium" Number="2" NumPts="73" Millseconds="1246" AppName="Gestures" AppVer="3.7.0.0" Date="Friday, March 09, 2007" TimeOfDay="9:35:58 PM">
  <Point X="78" Y="165" T="118670573" />
  <Point X="81" Y="167" T="118670616" />
  <Point X="83" Y="167" T="118670636" />
  <Point X="85" Y="168" T="118670657" />
  <Point X="87" Y="171" T="118670672" />
  <Point X="89" Y="172" T="118670689" />
  <Point X="91" Y="174" T="118670702" />
  <Point X="93" Y="176" T="118670717" />
  <Point X="94" Y="178" T="118670733" />
  <Point X="96" Y="180" T="118670745" />
  <Point X="98" Y="183" T="118670761" />
  <Point X="99" Y="185" T="118670777" />
  <Point X="101" Y="187" T="118670793" />
  <Point X="103" Y="189" T="118670806" />
  <Point X="105" Y="191" T="118670827" />
  <Point X="105" Y="193" T="118670835" />
  <Point X="106" Y="196" T="118670843" />
  <Point X="107" Y="198" T="118670852" />
  <Point X="109" Y="200" T="118670872" />
  <Point X="111" Y="203" T="118670891" />
  <Point X="112" Y="205" T="118670904" />
  <Point X="114" Y="207" T="118670919" />
  <Point X="115" Y="210" T="118670936" />
  <Point X="116" Y="212" T="118670952" />
  <Point X="117" Y="214" T="118670962" />
  <Point X="118" Y="216" T="118670980" />
  <Point X="119" Y="219" T="118670992" />
  <Point X="119" Y="221" T="118671004" />
  <Point X="121" Y="224" T="118671024" />
  <Point X="121" Y="226" T="118671040" />
  <Point X="122" Y="228" T="118671056" />
  <Point X="122" Y="230" T="118671072" />
  <Point X="123" Y="233" T="118671097" />
  <Point X="124" Y="235" T="118671110" />
  <Point X="124" Y="237" T="118671122" />
  <Point X="124" Y="239" T="118671133" />
  <Point X="125" Y="241" T="118671156" />
  <Point X="126" Y="243" T="118671172" />
  <Point X="126" Y="246" T="118671189" />
  <Point X="127" Y="248" T="118671213" />
  <Point X="127" Y="250" T="118671233" />
  <Point X="128" Y="252" T="118671253" />
  <Point X="128" Y="249" T="118671305" />
  <Point X="128" Y="247" T="118671325" />
  <Point X="129" Y="245" T="118671341" />
  <Point X="130" Y="243" T="118671362" />
  <Point X="130" Y="241" T="118671377" />
  <Point X="130" Y="238" T="118671392" />
  <Point X="131" Y="236" T="118671407" />
  <Point X="132" Y="231" T="118671423" />
  <Point X="133" Y="229" T="118671438" />
  <Point X="134" Y="227" T="118671454" />
  <Point X="135" Y="224" T="118671469" />
  <Point X="136" Y="222" T="118671471" />
  <Point X="137" Y="220" T="118671487" />
  <Point X="139" Y="215" T="118671504" />
  <Point X="141" Y="210" T="118671520" />
  <Point X="144" Y="204" T="118671537" />
  <Point X="147" Y="199" T="118671555" />
  <Point X="151" Y="195" T="118671575" />
  <Point X="152" Y="193" T="118671593" />
  <Point X="157" Y="187" T="118671611" />
  <Point X="158" Y="185" T="118671629" />
  <Point X="160" Y="182" T="118671647" />
  <Point X="163" Y="180" T="118671665" />
  <Point X="164" Y="178" T="118671684" />
  <Point X="168" Y="175" T="118671702" />
  <Point X="170" Y="172" T="118671721" />
  <Point X="173" Y="168" T="118671741" />
  <Point X="177" Y="166" T="118671760" />
  <Point X="179" Y="165" T="118671779" />
  <Point X="182" Y="163" T="118671799" />
  <Point X="184" Y="161" T="118671819" />
</Gesture>