﻿<?xml version="1.0" encoding="utf-8" standalone="yes"?>
<Gesture Name="v03" Subject="5" Speed="medium" Number="3" NumPts="77" Millseconds="1387" AppName="Gestures" AppVer="3.7.0.0" Date="Friday, March 09, 2007" TimeOfDay="9:36:00 PM">
  <Point X="82" Y="165" T="118672398" />
  <Point X="83" Y="167" T="118672426" />
  <Point X="85" Y="168" T="118672454" />
  <Point X="87" Y="171" T="118672475" />
  <Point X="89" Y="171" T="118672491" />
  <Point X="90" Y="173" T="118672503" />
  <Point X="92" Y="175" T="118672520" />
  <Point X="94" Y="177" T="118672540" />
  <Point X="96" Y="180" T="118672560" />
  <Point X="96" Y="182" T="118672568" />
  <Point X="98" Y="184" T="118672584" />
  <Point X="99" Y="186" T="118672600" />
  <Point X="100" Y="188" T="118672612" />
  <Point X="102" Y="189" T="118672632" />
  <Point X="103" Y="191" T="118672645" />
  <Point X="105" Y="193" T="118672658" />
  <Point X="107" Y="195" T="118672678" />
  <Point X="108" Y="197" T="118672694" />
  <Point X="109" Y="199" T="118672710" />
  <Point X="110" Y="201" T="118672722" />
  <Point X="112" Y="204" T="118672750" />
  <Point X="112" Y="206" T="118672767" />
  <Point X="112" Y="208" T="118672783" />
  <Point X="113" Y="211" T="118672803" />
  <Point X="114" Y="213" T="118672824" />
  <Point X="115" Y="217" T="118672847" />
  <Point X="116" Y="219" T="118672863" />
  <Point X="117" Y="221" T="118672879" />
  <Point X="117" Y="223" T="118672895" />
  <Point X="118" Y="225" T="118672911" />
  <Point X="119" Y="228" T="118672931" />
  <Point X="120" Y="230" T="118672943" />
  <Point X="121" Y="232" T="118672960" />
  <Point X="121" Y="234" T="118672972" />
  <Point X="122" Y="237" T="118672985" />
  <Point X="123" Y="239" T="118673010" />
  <Point X="123" Y="241" T="118673030" />
  <Point X="124" Y="244" T="118673042" />
  <Point X="124" Y="246" T="118673055" />
  <Point X="124" Y="248" T="118673068" />
  <Point X="125" Y="250" T="118673086" />
  <Point X="125" Y="252" T="118673099" />
  <Point X="125" Y="254" T="118673113" />
  <Point X="125" Y="256" T="118673138" />
  <Point X="124" Y="258" T="118673186" />
  <Point X="124" Y="256" T="118673245" />
  <Point X="124" Y="254" T="118673261" />
  <Point X="124" Y="250" T="118673278" />
  <Point X="125" Y="248" T="118673294" />
  <Point X="125" Y="246" T="118673309" />
  <Point X="126" Y="243" T="118673324" />
  <Point X="126" Y="241" T="118673340" />
  <Point X="128" Y="236" T="118673356" />
  <Point X="130" Y="234" T="118673373" />
  <Point X="130" Y="231" T="118673389" />
  <Point X="132" Y="227" T="118673406" />
  <Point X="133" Y="224" T="118673422" />
  <Point X="134" Y="222" T="118673439" />
  <Point X="135" Y="219" T="118673456" />
  <Point X="138" Y="213" T="118673475" />
  <Point X="139" Y="211" T="118673493" />
  <Point X="141" Y="209" T="118673510" />
  <Point X="143" Y="204" T="118673528" />
  <Point X="145" Y="202" T="118673546" />
  <Point X="147" Y="199" T="118673564" />
  <Point X="148" Y="197" T="118673566" />
  <Point X="150" Y="196" T="118673585" />
  <Point X="153" Y="191" T="118673604" />
  <Point X="155" Y="189" T="118673623" />
  <Point X="158" Y="185" T="118673643" />
  <Point X="160" Y="183" T="118673663" />
  <Point X="164" Y="178" T="118673683" />
  <Point X="166" Y="176" T="118673703" />
  <Point X="169" Y="174" T="118673723" />
  <Point X="173" Y="171" T="118673743" />
  <Point X="175" Y="169" T="118673764" />
  <Point X="177" Y="166" T="118673785" />
</Gesture>