﻿<?xml version="1.0" encoding="utf-8" standalone="yes"?>
<Gesture Name="v04" Subject="5" Speed="medium" Number="4" NumPts="78" Millseconds="1486" AppName="Gestures" AppVer="3.7.0.0" Date="Friday, March 09, 2007" TimeOfDay="9:36:02 PM">
  <Point X="84" Y="161" T="118674320" />
  <Point X="86" Y="162" T="118674364" />
  <Point X="89" Y="163" T="118674384" />
  <Point X="91" Y="165" T="118674404" />
  <Point X="93" Y="167" T="118674424" />
  <Point X="95" Y="169" T="118674444" />
  <Point X="96" Y="171" T="118674460" />
  <Point X="98" Y="173" T="118674480" />
  <Point X="99" Y="175" T="118674496" />
  <Point X="101" Y="178" T="118674516" />
  <Point X="102" Y="180" T="118674533" />
  <Point X="104" Y="182" T="118674549" />
  <Point X="105" Y="184" T="118674565" />
  <Point X="107" Y="186" T="118674577" />
  <Point X="109" Y="188" T="118674598" />
  <Point X="111" Y="191" T="118674615" />
  <Point X="113" Y="193" T="118674634" />
  <Point X="113" Y="195" T="118674642" />
  <Point X="115" Y="197" T="118674664" />
  <Point X="115" Y="199" T="118674673" />
  <Point X="116" Y="201" T="118674687" />
  <Point X="117" Y="203" T="118674699" />
  <Point X="118" Y="205" T="118674714" />
  <Point X="118" Y="208" T="118674724" />
  <Point X="119" Y="210" T="118674743" />
  <Point X="120" Y="212" T="118674759" />
  <Point X="121" Y="214" T="118674769" />
  <Point X="122" Y="217" T="118674791" />
  <Point X="123" Y="219" T="118674811" />
  <Point X="124" Y="221" T="118674823" />
  <Point X="125" Y="224" T="118674859" />
  <Point X="126" Y="226" T="118674883" />
  <Point X="126" Y="228" T="118674899" />
  <Point X="126" Y="230" T="118674912" />
  <Point X="127" Y="233" T="118674944" />
  <Point X="127" Y="235" T="118674961" />
  <Point X="127" Y="238" T="118674985" />
  <Point X="128" Y="240" T="118675000" />
  <Point X="128" Y="242" T="118675029" />
  <Point X="128" Y="245" T="118675052" />
  <Point X="129" Y="247" T="118675076" />
  <Point X="129" Y="249" T="118675100" />
  <Point X="129" Y="252" T="118675116" />
  <Point X="129" Y="254" T="118675165" />
  <Point X="129" Y="252" T="118675230" />
  <Point X="129" Y="250" T="118675245" />
  <Point X="129" Y="247" T="118675262" />
  <Point X="130" Y="245" T="118675277" />
  <Point X="130" Y="243" T="118675292" />
  <Point X="131" Y="241" T="118675308" />
  <Point X="131" Y="239" T="118675323" />
  <Point X="132" Y="234" T="118675339" />
  <Point X="133" Y="232" T="118675355" />
  <Point X="134" Y="228" T="118675374" />
  <Point X="136" Y="226" T="118675390" />
  <Point X="137" Y="222" T="118675406" />
  <Point X="139" Y="218" T="118675423" />
  <Point X="140" Y="216" T="118675439" />
  <Point X="142" Y="211" T="118675457" />
  <Point X="145" Y="206" T="118675474" />
  <Point X="147" Y="202" T="118675492" />
  <Point X="149" Y="199" T="118675509" />
  <Point X="151" Y="197" T="118675510" />
  <Point X="153" Y="192" T="118675530" />
  <Point X="155" Y="190" T="118675549" />
  <Point X="156" Y="188" T="118675567" />
  <Point X="159" Y="183" T="118675586" />
  <Point X="161" Y="181" T="118675605" />
  <Point X="162" Y="179" T="118675624" />
  <Point X="165" Y="176" T="118675643" />
  <Point X="169" Y="172" T="118675663" />
  <Point X="171" Y="171" T="118675682" />
  <Point X="175" Y="167" T="118675702" />
  <Point X="177" Y="164" T="118675722" />
  <Point X="180" Y="163" T="118675743" />
  <Point X="182" Y="162" T="118675763" />
  <Point X="186" Y="160" T="118675784" />
  <Point X="188" Y="158" T="118675806" />
</Gesture>