﻿<?xml version="1.0" encoding="utf-8" standalone="yes"?>
<Gesture Name="v05" Subject="5" Speed="medium" Number="5" NumPts="72" Millseconds="1363" AppName="Gestures" AppVer="3.7.0.0" Date="Friday, March 09, 2007" TimeOfDay="9:36:04 PM">
  <Point X="86" Y="163" T="118676437" />
  <Point X="88" Y="164" T="118676466" />
  <Point X="90" Y="165" T="118676490" />
  <Point X="92" Y="167" T="118676506" />
  <Point X="94" Y="169" T="118676523" />
  <Point X="96" Y="171" T="118676539" />
  <Point X="98" Y="173" T="118676555" />
  <Point X="100" Y="175" T="118676571" />
  <Point X="102" Y="176" T="118676591" />
  <Point X="103" Y="178" T="118676603" />
  <Point X="104" Y="180" T="118676615" />
  <Point X="105" Y="182" T="118676631" />
  <Point X="107" Y="185" T="118676656" />
  <Point X="109" Y="187" T="118676676" />
  <Point X="111" Y="190" T="118676697" />
  <Point X="113" Y="193" T="118676718" />
  <Point X="115" Y="195" T="118676733" />
  <Point X="117" Y="197" T="118676754" />
  <Point X="117" Y="199" T="118676763" />
  <Point X="119" Y="202" T="118676782" />
  <Point X="120" Y="204" T="118676798" />
  <Point X="121" Y="206" T="118676814" />
  <Point X="122" Y="209" T="118676827" />
  <Point X="124" Y="211" T="118676847" />
  <Point X="125" Y="214" T="118676863" />
  <Point X="126" Y="216" T="118676879" />
  <Point X="127" Y="218" T="118676895" />
  <Point X="128" Y="220" T="118676907" />
  <Point X="129" Y="222" T="118676920" />
  <Point X="130" Y="224" T="118676940" />
  <Point X="130" Y="226" T="118676952" />
  <Point X="131" Y="228" T="118676968" />
  <Point X="131" Y="230" T="118676981" />
  <Point X="132" Y="232" T="118676992" />
  <Point X="133" Y="235" T="118677016" />
  <Point X="133" Y="237" T="118677029" />
  <Point X="134" Y="239" T="118677045" />
  <Point X="134" Y="241" T="118677057" />
  <Point X="134" Y="244" T="118677081" />
  <Point X="134" Y="246" T="118677117" />
  <Point X="135" Y="248" T="118677133" />
  <Point X="135" Y="250" T="118677165" />
  <Point X="135" Y="252" T="118677217" />
  <Point X="135" Y="250" T="118677297" />
  <Point X="135" Y="248" T="118677312" />
  <Point X="136" Y="245" T="118677328" />
  <Point X="136" Y="243" T="118677343" />
  <Point X="137" Y="241" T="118677359" />
  <Point X="138" Y="236" T="118677375" />
  <Point X="139" Y="234" T="118677391" />
  <Point X="140" Y="232" T="118677407" />
  <Point X="142" Y="228" T="118677424" />
  <Point X="143" Y="225" T="118677440" />
  <Point X="145" Y="220" T="118677457" />
  <Point X="146" Y="217" T="118677474" />
  <Point X="149" Y="213" T="118677492" />
  <Point X="151" Y="209" T="118677509" />
  <Point X="153" Y="206" T="118677527" />
  <Point X="156" Y="202" T="118677545" />
  <Point X="159" Y="198" T="118677563" />
  <Point X="162" Y="194" T="118677582" />
  <Point X="163" Y="192" T="118677603" />
  <Point X="166" Y="187" T="118677622" />
  <Point X="168" Y="184" T="118677640" />
  <Point X="170" Y="180" T="118677660" />
  <Point X="173" Y="178" T="118677679" />
  <Point X="176" Y="173" T="118677699" />
  <Point X="178" Y="173" T="118677718" />
  <Point X="180" Y="171" T="118677738" />
  <Point X="182" Y="169" T="118677758" />
  <Point X="185" Y="167" T="118677778" />
  <Point X="187" Y="166" T="118677800" />
</Gesture>