﻿<?xml version="1.0" encoding="utf-8" standalone="yes"?>
<Gesture Name="v06" Subject="5" Speed="medium" Number="6" NumPts="75" Millseconds="1359" AppName="Gestures" AppVer="3.7.0.0" Date="Friday, March 09, 2007" TimeOfDay="9:36:06 PM">
  <Point X="71" Y="160" T="118678450" />
  <Point X="73" Y="160" T="118678474" />
  <Point X="75" Y="161" T="118678490" />
  <Point X="77" Y="162" T="118678506" />
  <Point X="78" Y="164" T="118678519" />
  <Point X="80" Y="166" T="118678535" />
  <Point X="81" Y="168" T="118678543" />
  <Point X="82" Y="170" T="118678551" />
  <Point X="84" Y="172" T="118678563" />
  <Point X="87" Y="174" T="118678579" />
  <Point X="88" Y="176" T="118678591" />
  <Point X="90" Y="178" T="118678607" />
  <Point X="92" Y="180" T="118678620" />
  <Point X="94" Y="182" T="118678632" />
  <Point X="95" Y="184" T="118678645" />
  <Point X="97" Y="186" T="118678666" />
  <Point X="97" Y="188" T="118678674" />
  <Point X="99" Y="190" T="118678685" />
  <Point X="101" Y="192" T="118678702" />
  <Point X="102" Y="194" T="118678714" />
  <Point X="104" Y="196" T="118678731" />
  <Point X="105" Y="198" T="118678743" />
  <Point X="106" Y="200" T="118678754" />
  <Point X="107" Y="203" T="118678774" />
  <Point X="108" Y="205" T="118678790" />
  <Point X="109" Y="207" T="118678802" />
  <Point X="111" Y="210" T="118678818" />
  <Point X="112" Y="212" T="118678839" />
  <Point X="113" Y="214" T="118678850" />
  <Point X="115" Y="216" T="118678871" />
  <Point X="116" Y="218" T="118678892" />
  <Point X="118" Y="220" T="118678908" />
  <Point X="118" Y="223" T="118678920" />
  <Point X="119" Y="225" T="118678934" />
  <Point X="121" Y="227" T="118678956" />
  <Point X="122" Y="230" T="118678976" />
  <Point X="123" Y="232" T="118678988" />
  <Point X="124" Y="234" T="118679008" />
  <Point X="125" Y="236" T="118679028" />
  <Point X="126" Y="239" T="118679042" />
  <Point X="128" Y="241" T="118679072" />
  <Point X="129" Y="244" T="118679096" />
  <Point X="130" Y="246" T="118679121" />
  <Point X="130" Y="248" T="118679141" />
  <Point X="131" Y="250" T="118679225" />
  <Point X="131" Y="247" T="118679294" />
  <Point X="131" Y="245" T="118679318" />
  <Point X="132" Y="243" T="118679334" />
  <Point X="133" Y="241" T="118679350" />
  <Point X="133" Y="238" T="118679366" />
  <Point X="134" Y="236" T="118679382" />
  <Point X="136" Y="232" T="118679399" />
  <Point X="138" Y="229" T="118679415" />
  <Point X="140" Y="225" T="118679433" />
  <Point X="141" Y="221" T="118679452" />
  <Point X="143" Y="217" T="118679469" />
  <Point X="144" Y="215" T="118679471" />
  <Point X="146" Y="213" T="118679490" />
  <Point X="149" Y="208" T="118679508" />
  <Point X="152" Y="204" T="118679526" />
  <Point X="155" Y="199" T="118679545" />
  <Point X="157" Y="197" T="118679563" />
  <Point X="160" Y="193" T="118679582" />
  <Point X="163" Y="188" T="118679602" />
  <Point X="165" Y="186" T="118679621" />
  <Point X="168" Y="182" T="118679641" />
  <Point X="171" Y="179" T="118679661" />
  <Point X="173" Y="176" T="118679663" />
  <Point X="175" Y="174" T="118679683" />
  <Point X="178" Y="170" T="118679704" />
  <Point X="181" Y="168" T="118679724" />
  <Point X="184" Y="165" T="118679745" />
  <Point X="187" Y="162" T="118679766" />
  <Point X="190" Y="159" T="118679787" />
  <Point X="193" Y="157" T="118679809" />
</Gesture>