﻿<?xml version="1.0" encoding="utf-8" standalone="yes"?>
<Gesture Name="v07" Subject="5" Speed="medium" Number="7" NumPts="67" Millseconds="1298" AppName="Gestures" AppVer="3.7.0.0" Date="Friday, March 09, 2007" TimeOfDay="9:36:08 PM">
  <Point X="81" Y="165" T="118680405" />
  <Point X="83" Y="166" T="118680425" />
  <Point X="86" Y="167" T="118680445" />
  <Point X="88" Y="169" T="118680461" />
  <Point X="90" Y="171" T="118680478" />
  <Point X="92" Y="173" T="118680493" />
  <Point X="94" Y="176" T="118680509" />
  <Point X="95" Y="178" T="118680517" />
  <Point X="97" Y="180" T="118680529" />
  <Point X="99" Y="182" T="118680546" />
  <Point X="101" Y="184" T="118680562" />
  <Point X="102" Y="186" T="118680570" />
  <Point X="104" Y="188" T="118680586" />
  <Point X="106" Y="190" T="118680606" />
  <Point X="107" Y="192" T="118680619" />
  <Point X="109" Y="194" T="118680640" />
  <Point X="111" Y="197" T="118680656" />
  <Point X="112" Y="199" T="118680668" />
  <Point X="114" Y="201" T="118680688" />
  <Point X="115" Y="204" T="118680697" />
  <Point X="117" Y="205" T="118680712" />
  <Point X="119" Y="207" T="118680729" />
  <Point X="120" Y="209" T="118680740" />
  <Point X="121" Y="211" T="118680752" />
  <Point X="123" Y="213" T="118680776" />
  <Point X="125" Y="216" T="118680796" />
  <Point X="126" Y="219" T="118680808" />
  <Point X="127" Y="222" T="118680833" />
  <Point X="129" Y="224" T="118680858" />
  <Point X="130" Y="226" T="118680874" />
  <Point X="131" Y="228" T="118680894" />
  <Point X="132" Y="230" T="118680910" />
  <Point X="133" Y="232" T="118680923" />
  <Point X="134" Y="235" T="118680950" />
  <Point X="135" Y="237" T="118680970" />
  <Point X="136" Y="239" T="118681000" />
  <Point X="138" Y="239" T="118681164" />
  <Point X="138" Y="237" T="118681181" />
  <Point X="139" Y="234" T="118681220" />
  <Point X="140" Y="232" T="118681240" />
  <Point X="141" Y="229" T="118681257" />
  <Point X="142" Y="226" T="118681272" />
  <Point X="144" Y="223" T="118681285" />
  <Point X="146" Y="219" T="118681301" />
  <Point X="148" Y="217" T="118681317" />
  <Point X="149" Y="214" T="118681332" />
  <Point X="150" Y="212" T="118681347" />
  <Point X="153" Y="207" T="118681363" />
  <Point X="156" Y="202" T="118681379" />
  <Point X="158" Y="199" T="118681395" />
  <Point X="161" Y="194" T="118681412" />
  <Point X="164" Y="190" T="118681431" />
  <Point X="166" Y="187" T="118681448" />
  <Point X="169" Y="183" T="118681465" />
  <Point X="170" Y="180" T="118681482" />
  <Point X="172" Y="178" T="118681499" />
  <Point X="174" Y="176" T="118681516" />
  <Point X="176" Y="174" T="118681535" />
  <Point X="177" Y="171" T="118681552" />
  <Point X="180" Y="169" T="118681571" />
  <Point X="182" Y="168" T="118681589" />
  <Point X="184" Y="167" T="118681607" />
  <Point X="186" Y="165" T="118681626" />
  <Point X="190" Y="161" T="118681645" />
  <Point X="192" Y="160" T="118681664" />
  <Point X="194" Y="158" T="118681684" />
  <Point X="196" Y="158" T="118681703" />
</Gesture>