﻿<?xml version="1.0" encoding="utf-8" standalone="yes"?>
<Gesture Name="v08" Subject="5" Speed="medium" Number="8" NumPts="71" Millseconds="1239" AppName="Gestures" AppVer="3.7.0.0" Date="Friday, March 09, 2007" TimeOfDay="9:36:10 PM">
  <Point X="85" Y="167" T="118682272" />
  <Point X="87" Y="168" T="118682297" />
  <Point X="90" Y="170" T="118682317" />
  <Point X="92" Y="170" T="118682329" />
  <Point X="94" Y="171" T="118682340" />
  <Point X="96" Y="173" T="118682352" />
  <Point X="98" Y="174" T="118682364" />
  <Point X="100" Y="175" T="118682380" />
  <Point X="102" Y="177" T="118682392" />
  <Point X="104" Y="179" T="118682409" />
  <Point X="105" Y="181" T="118682417" />
  <Point X="107" Y="183" T="118682433" />
  <Point X="109" Y="186" T="118682449" />
  <Point X="111" Y="188" T="118682461" />
  <Point X="112" Y="190" T="118682474" />
  <Point X="114" Y="192" T="118682486" />
  <Point X="116" Y="193" T="118682503" />
  <Point X="118" Y="195" T="118682519" />
  <Point X="119" Y="197" T="118682528" />
  <Point X="120" Y="199" T="118682540" />
  <Point X="122" Y="202" T="118682556" />
  <Point X="124" Y="204" T="118682571" />
  <Point X="126" Y="207" T="118682592" />
  <Point X="128" Y="209" T="118682605" />
  <Point X="129" Y="211" T="118682616" />
  <Point X="131" Y="213" T="118682628" />
  <Point X="133" Y="215" T="118682648" />
  <Point X="135" Y="217" T="118682664" />
  <Point X="135" Y="219" T="118682675" />
  <Point X="137" Y="222" T="118682688" />
  <Point X="138" Y="224" T="118682704" />
  <Point X="139" Y="226" T="118682716" />
  <Point X="139" Y="228" T="118682729" />
  <Point X="140" Y="231" T="118682744" />
  <Point X="141" Y="233" T="118682757" />
  <Point X="142" Y="235" T="118682785" />
  <Point X="143" Y="237" T="118682802" />
  <Point X="144" Y="239" T="118682826" />
  <Point X="145" Y="241" T="118682846" />
  <Point X="145" Y="244" T="118682875" />
  <Point X="146" Y="246" T="118682895" />
  <Point X="147" Y="244" T="118682999" />
  <Point X="147" Y="242" T="118683026" />
  <Point X="148" Y="239" T="118683041" />
  <Point X="148" Y="236" T="118683055" />
  <Point X="149" Y="234" T="118683070" />
  <Point X="150" Y="232" T="118683085" />
  <Point X="151" Y="230" T="118683101" />
  <Point X="152" Y="225" T="118683117" />
  <Point X="154" Y="223" T="118683133" />
  <Point X="155" Y="221" T="118683149" />
  <Point X="157" Y="216" T="118683165" />
  <Point X="161" Y="211" T="118683182" />
  <Point X="163" Y="208" T="118683199" />
  <Point X="164" Y="205" T="118683216" />
  <Point X="169" Y="199" T="118683236" />
  <Point X="170" Y="197" T="118683253" />
  <Point X="172" Y="192" T="118683271" />
  <Point X="174" Y="190" T="118683289" />
  <Point X="176" Y="188" T="118683307" />
  <Point X="180" Y="183" T="118683325" />
  <Point X="182" Y="182" T="118683349" />
  <Point X="184" Y="179" T="118683367" />
  <Point X="186" Y="177" T="118683369" />
  <Point X="188" Y="175" T="118683389" />
  <Point X="193" Y="171" T="118683408" />
  <Point X="197" Y="167" T="118683428" />
  <Point X="199" Y="166" T="118683450" />
  <Point X="203" Y="162" T="118683470" />
  <Point X="206" Y="160" T="118683490" />
  <Point X="207" Y="158" T="118683511" />
</Gesture>