﻿<?xml version="1.0" encoding="utf-8" standalone="yes"?>
<Gesture Name="v09" Subject="5" Speed="medium" Number="9" NumPts="72" Millseconds="1274" AppName="Gestures" AppVer="3.7.0.0" Date="Friday, March 09, 2007" TimeOfDay="9:36:12 PM">
  <Point X="90" Y="166" T="118684085" />
  <Point X="92" Y="165" T="118684110" />
  <Point X="94" Y="165" T="118684126" />
  <Point X="96" Y="165" T="118684146" />
  <Point X="98" Y="166" T="118684170" />
  <Point X="100" Y="168" T="118684186" />
  <Point X="102" Y="171" T="118684202" />
  <Point X="102" Y="173" T="118684210" />
  <Point X="104" Y="175" T="118684226" />
  <Point X="106" Y="177" T="118684238" />
  <Point X="108" Y="178" T="118684254" />
  <Point X="110" Y="179" T="118684266" />
  <Point X="112" Y="181" T="118684278" />
  <Point X="114" Y="184" T="118684290" />
  <Point X="117" Y="185" T="118684307" />
  <Point X="118" Y="187" T="118684320" />
  <Point X="120" Y="188" T="118684340" />
  <Point X="123" Y="191" T="118684364" />
  <Point X="125" Y="192" T="118684384" />
  <Point X="127" Y="194" T="118684404" />
  <Point X="129" Y="196" T="118684416" />
  <Point X="131" Y="197" T="118684429" />
  <Point X="132" Y="199" T="118684441" />
  <Point X="134" Y="201" T="118684456" />
  <Point X="135" Y="203" T="118684467" />
  <Point X="137" Y="205" T="118684484" />
  <Point X="138" Y="207" T="118684496" />
  <Point X="139" Y="209" T="118684508" />
  <Point X="140" Y="212" T="118684520" />
  <Point X="142" Y="214" T="118684536" />
  <Point X="143" Y="216" T="118684548" />
  <Point X="145" Y="218" T="118684564" />
  <Point X="146" Y="220" T="118684581" />
  <Point X="148" Y="223" T="118684597" />
  <Point X="149" Y="225" T="118684613" />
  <Point X="150" Y="227" T="118684626" />
  <Point X="151" Y="229" T="118684639" />
  <Point X="152" Y="231" T="118684654" />
  <Point X="152" Y="233" T="118684671" />
  <Point X="153" Y="235" T="118684691" />
  <Point X="154" Y="238" T="118684711" />
  <Point X="155" Y="241" T="118684726" />
  <Point X="155" Y="243" T="118684741" />
  <Point X="155" Y="245" T="118684756" />
  <Point X="156" Y="247" T="118684783" />
  <Point X="157" Y="249" T="118684822" />
  <Point X="157" Y="251" T="118684847" />
  <Point X="157" Y="249" T="118684948" />
  <Point X="158" Y="247" T="118684964" />
  <Point X="158" Y="245" T="118684980" />
  <Point X="159" Y="241" T="118684996" />
  <Point X="159" Y="239" T="118685013" />
  <Point X="161" Y="235" T="118685029" />
  <Point X="163" Y="230" T="118685047" />
  <Point X="164" Y="227" T="118685063" />
  <Point X="166" Y="225" T="118685065" />
  <Point X="167" Y="223" T="118685084" />
  <Point X="168" Y="219" T="118685085" />
  <Point X="171" Y="214" T="118685105" />
  <Point X="174" Y="208" T="118685123" />
  <Point X="177" Y="204" T="118685142" />
  <Point X="181" Y="199" T="118685160" />
  <Point X="183" Y="197" T="118685179" />
  <Point X="187" Y="190" T="118685198" />
  <Point X="189" Y="187" T="118685217" />
  <Point X="194" Y="182" T="118685237" />
  <Point X="198" Y="178" T="118685257" />
  <Point X="201" Y="175" T="118685277" />
  <Point X="205" Y="170" T="118685297" />
  <Point X="209" Y="166" T="118685317" />
  <Point X="211" Y="164" T="118685338" />
  <Point X="214" Y="161" T="118685359" />
</Gesture>