﻿<?xml version="1.0" encoding="utf-8" standalone="yes"?>
<Gesture Name="v10" Subject="5" Speed="medium" Number="10" NumPts="68" Millseconds="1255" AppName="Gestures" AppVer="3.7.0.0" Date="Friday, March 09, 2007" TimeOfDay="9:36:14 PM">
  <Point X="100" Y="170" T="118685976" />
  <Point X="101" Y="173" T="118685988" />
  <Point X="103" Y="174" T="118686016" />
  <Point X="105" Y="176" T="118686033" />
  <Point X="107" Y="176" T="118686054" />
  <Point X="109" Y="178" T="118686070" />
  <Point X="111" Y="179" T="118686082" />
  <Point X="113" Y="179" T="118686094" />
  <Point X="115" Y="182" T="118686106" />
  <Point X="116" Y="184" T="118686114" />
  <Point X="118" Y="185" T="118686130" />
  <Point X="120" Y="186" T="118686146" />
  <Point X="122" Y="188" T="118686162" />
  <Point X="123" Y="190" T="118686175" />
  <Point X="125" Y="192" T="118686196" />
  <Point X="126" Y="195" T="118686212" />
  <Point X="128" Y="197" T="118686231" />
  <Point X="130" Y="199" T="118686243" />
  <Point X="131" Y="201" T="118686260" />
  <Point X="132" Y="203" T="118686272" />
  <Point X="134" Y="206" T="118686292" />
  <Point X="135" Y="208" T="118686304" />
  <Point X="137" Y="210" T="118686316" />
  <Point X="138" Y="212" T="118686328" />
  <Point X="140" Y="215" T="118686344" />
  <Point X="141" Y="217" T="118686356" />
  <Point X="142" Y="219" T="118686368" />
  <Point X="144" Y="222" T="118686384" />
  <Point X="145" Y="225" T="118686400" />
  <Point X="146" Y="227" T="118686424" />
  <Point X="147" Y="229" T="118686436" />
  <Point X="149" Y="231" T="118686465" />
  <Point X="149" Y="234" T="118686477" />
  <Point X="149" Y="236" T="118686490" />
  <Point X="150" Y="238" T="118686509" />
  <Point X="151" Y="241" T="118686526" />
  <Point X="152" Y="243" T="118686550" />
  <Point X="152" Y="245" T="118686567" />
  <Point X="152" Y="247" T="118686602" />
  <Point X="152" Y="249" T="118686626" />
  <Point X="152" Y="251" T="118686642" />
  <Point X="153" Y="253" T="118686703" />
  <Point X="154" Y="251" T="118686799" />
  <Point X="155" Y="249" T="118686823" />
  <Point X="155" Y="247" T="118686838" />
  <Point X="157" Y="245" T="118686854" />
  <Point X="158" Y="240" T="118686870" />
  <Point X="160" Y="238" T="118686885" />
  <Point X="161" Y="235" T="118686901" />
  <Point X="165" Y="230" T="118686917" />
  <Point X="166" Y="227" T="118686934" />
  <Point X="168" Y="225" T="118686950" />
  <Point X="169" Y="222" T="118686952" />
  <Point X="171" Y="220" T="118686970" />
  <Point X="174" Y="216" T="118686987" />
  <Point X="177" Y="211" T="118687004" />
  <Point X="178" Y="209" T="118687021" />
  <Point X="182" Y="203" T="118687042" />
  <Point X="184" Y="201" T="118687060" />
  <Point X="187" Y="197" T="118687078" />
  <Point X="190" Y="192" T="118687096" />
  <Point X="192" Y="190" T="118687115" />
  <Point X="194" Y="188" T="118687134" />
  <Point X="195" Y="185" T="118687152" />
  <Point X="199" Y="181" T="118687172" />
  <Point X="200" Y="179" T="118687191" />
  <Point X="202" Y="177" T="118687210" />
  <Point X="205" Y="172" T="118687231" />
</Gesture>