﻿<?xml version="1.0" encoding="utf-8" standalone="yes"?>
<Gesture Name="x01" Subject="5" Speed="medium" Number="1" NumPts="118" Millseconds="2734" AppName="Gestures" AppVer="3.7.0.0" Date="Friday, March 09, 2007" TimeOfDay="9:50:50 PM">
  <Point X="87" Y="161" T="119562641" />
  <Point X="85" Y="159" T="119562653" />
  <Point X="83" Y="159" T="119562800" />
  <Point X="85" Y="161" T="119562861" />
  <Point X="87" Y="162" T="119562892" />
  <Point X="88" Y="165" T="119562913" />
  <Point X="90" Y="167" T="119562937" />
  <Point X="91" Y="169" T="119562953" />
  <Point X="93" Y="172" T="119562978" />
  <Point X="94" Y="174" T="119562989" />
  <Point X="96" Y="176" T="119563013" />
  <Point X="98" Y="178" T="119563030" />
  <Point X="99" Y="181" T="119563046" />
  <Point X="101" Y="183" T="119563059" />
  <Point X="103" Y="185" T="119563080" />
  <Point X="104" Y="187" T="119563096" />
  <Point X="105" Y="189" T="119563108" />
  <Point X="107" Y="191" T="119563121" />
  <Point X="108" Y="194" T="119563133" />
  <Point X="110" Y="196" T="119563149" />
  <Point X="111" Y="198" T="119563161" />
  <Point X="113" Y="200" T="119563177" />
  <Point X="115" Y="202" T="119563193" />
  <Point X="117" Y="204" T="119563205" />
  <Point X="118" Y="207" T="119563216" />
  <Point X="120" Y="209" T="119563232" />
  <Point X="122" Y="211" T="119563244" />
  <Point X="123" Y="213" T="119563254" />
  <Point X="125" Y="215" T="119563273" />
  <Point X="126" Y="218" T="119563285" />
  <Point X="127" Y="220" T="119563300" />
  <Point X="128" Y="222" T="119563316" />
  <Point X="130" Y="224" T="119563337" />
  <Point X="131" Y="226" T="119563349" />
  <Point X="132" Y="228" T="119563366" />
  <Point X="134" Y="230" T="119563383" />
  <Point X="136" Y="232" T="119563407" />
  <Point X="138" Y="233" T="119563428" />
  <Point X="139" Y="235" T="119563441" />
  <Point X="142" Y="238" T="119563464" />
  <Point X="144" Y="240" T="119563484" />
  <Point X="145" Y="242" T="119563497" />
  <Point X="147" Y="244" T="119563517" />
  <Point X="149" Y="245" T="119563536" />
  <Point X="150" Y="248" T="119563550" />
  <Point X="152" Y="249" T="119563569" />
  <Point X="154" Y="250" T="119563594" />
  <Point X="155" Y="252" T="119563609" />
  <Point X="157" Y="252" T="119563625" />
  <Point X="159" Y="253" T="119563653" />
  <Point X="161" Y="253" T="119563677" />
  <Point X="163" Y="255" T="119563702" />
  <Point X="164" Y="257" T="119563726" />
  <Point X="166" Y="258" T="119563747" />
  <Point X="169" Y="259" T="119563771" />
  <Point X="171" Y="259" T="119563790" />
  <Point X="173" Y="259" T="119563810" />
  <Point X="175" Y="260" T="119563835" />
  <Point X="174" Y="258" T="119563935" />
  <Point X="172" Y="257" T="119563959" />
  <Point X="170" Y="255" T="119563976" />
  <Point X="168" Y="255" T="119563994" />
  <Point X="167" Y="252" T="119564012" />
  <Point X="166" Y="249" T="119564030" />
  <Point X="165" Y="247" T="119564032" />
  <Point X="164" Y="245" T="119564052" />
  <Point X="163" Y="241" T="119564071" />
  <Point X="162" Y="238" T="119564090" />
  <Point X="160" Y="234" T="119564109" />
  <Point X="159" Y="232" T="119564129" />
  <Point X="158" Y="227" T="119564149" />
  <Point X="157" Y="224" T="119564172" />
  <Point X="155" Y="222" T="119564192" />
  <Point X="154" Y="219" T="119564212" />
  <Point X="153" Y="217" T="119564232" />
  <Point X="152" Y="214" T="119564253" />
  <Point X="151" Y="210" T="119564274" />
  <Point X="151" Y="208" T="119564295" />
  <Point X="150" Y="205" T="119564316" />
  <Point X="149" Y="200" T="119564338" />
  <Point X="148" Y="198" T="119564364" />
  <Point X="148" Y="196" T="119564386" />
  <Point X="147" Y="191" T="119564408" />
  <Point X="147" Y="189" T="119564431" />
  <Point X="147" Y="185" T="119564457" />
  <Point X="146" Y="183" T="119564481" />
  <Point X="146" Y="178" T="119564508" />
  <Point X="146" Y="174" T="119564532" />
  <Point X="146" Y="170" T="119564555" />
  <Point X="147" Y="167" T="119564579" />
  <Point X="147" Y="163" T="119564602" />
  <Point X="148" Y="159" T="119564627" />
  <Point X="148" Y="154" T="119564651" />
  <Point X="149" Y="150" T="119564678" />
  <Point X="149" Y="147" T="119564703" />
  <Point X="148" Y="150" T="119564760" />
  <Point X="147" Y="152" T="119564785" />
  <Point X="147" Y="154" T="119564810" />
  <Point X="145" Y="160" T="119564835" />
  <Point X="143" Y="165" T="119564861" />
  <Point X="142" Y="170" T="119564887" />
  <Point X="140" Y="175" T="119564914" />
  <Point X="137" Y="182" T="119564941" />
  <Point X="135" Y="186" T="119564967" />
  <Point X="133" Y="191" T="119564994" />
  <Point X="131" Y="195" T="119565021" />
  <Point X="128" Y="202" T="119565049" />
  <Point X="126" Y="206" T="119565076" />
  <Point X="123" Y="211" T="119565104" />
  <Point X="121" Y="215" T="119565133" />
  <Point X="118" Y="219" T="119565161" />
  <Point X="115" Y="223" T="119565190" />
  <Point X="110" Y="230" T="119565219" />
  <Point X="106" Y="234" T="119565248" />
  <Point X="100" Y="238" T="119565281" />
  <Point X="95" Y="245" T="119565311" />
  <Point X="90" Y="252" T="119565341" />
  <Point X="86" Y="259" T="119565375" />
</Gesture>