﻿<?xml version="1.0" encoding="utf-8" standalone="yes"?>
<Gesture Name="x02" Subject="5" Speed="medium" Number="2" NumPts="112" Millseconds="2334" AppName="Gestures" AppVer="3.7.0.0" Date="Friday, March 09, 2007" TimeOfDay="9:50:53 PM">
  <Point X="71" Y="159" T="119566084" />
  <Point X="71" Y="161" T="119566112" />
  <Point X="71" Y="163" T="119566165" />
  <Point X="73" Y="165" T="119566186" />
  <Point X="74" Y="168" T="119566197" />
  <Point X="75" Y="171" T="119566209" />
  <Point X="77" Y="173" T="119566227" />
  <Point X="78" Y="175" T="119566238" />
  <Point X="79" Y="178" T="119566259" />
  <Point X="80" Y="180" T="119566271" />
  <Point X="83" Y="182" T="119566291" />
  <Point X="85" Y="184" T="119566311" />
  <Point X="87" Y="186" T="119566323" />
  <Point X="87" Y="188" T="119566331" />
  <Point X="89" Y="190" T="119566344" />
  <Point X="91" Y="192" T="119566365" />
  <Point X="93" Y="194" T="119566377" />
  <Point X="94" Y="196" T="119566390" />
  <Point X="96" Y="198" T="119566405" />
  <Point X="98" Y="200" T="119566421" />
  <Point X="100" Y="203" T="119566438" />
  <Point X="102" Y="205" T="119566449" />
  <Point X="104" Y="207" T="119566461" />
  <Point X="105" Y="209" T="119566470" />
  <Point X="107" Y="212" T="119566485" />
  <Point X="108" Y="214" T="119566497" />
  <Point X="110" Y="216" T="119566509" />
  <Point X="112" Y="219" T="119566521" />
  <Point X="114" Y="220" T="119566541" />
  <Point X="116" Y="222" T="119566553" />
  <Point X="118" Y="224" T="119566566" />
  <Point X="120" Y="226" T="119566577" />
  <Point X="122" Y="228" T="119566593" />
  <Point X="123" Y="230" T="119566606" />
  <Point X="125" Y="233" T="119566618" />
  <Point X="127" Y="235" T="119566642" />
  <Point X="128" Y="237" T="119566657" />
  <Point X="131" Y="240" T="119566677" />
  <Point X="133" Y="242" T="119566697" />
  <Point X="135" Y="245" T="119566713" />
  <Point X="137" Y="246" T="119566733" />
  <Point X="139" Y="249" T="119566754" />
  <Point X="141" Y="250" T="119566778" />
  <Point X="143" Y="252" T="119566802" />
  <Point X="145" Y="255" T="119566826" />
  <Point X="147" Y="257" T="119566859" />
  <Point X="149" Y="258" T="119566947" />
  <Point X="147" Y="255" T="119567023" />
  <Point X="146" Y="253" T="119567039" />
  <Point X="145" Y="251" T="119567054" />
  <Point X="144" Y="249" T="119567070" />
  <Point X="144" Y="247" T="119567086" />
  <Point X="143" Y="245" T="119567102" />
  <Point X="142" Y="241" T="119567117" />
  <Point X="141" Y="237" T="119567134" />
  <Point X="140" Y="232" T="119567153" />
  <Point X="140" Y="227" T="119567170" />
  <Point X="139" Y="225" T="119567186" />
  <Point X="139" Y="222" T="119567204" />
  <Point X="139" Y="220" T="119567221" />
  <Point X="139" Y="217" T="119567239" />
  <Point X="138" Y="215" T="119567256" />
  <Point X="137" Y="210" T="119567274" />
  <Point X="137" Y="208" T="119567293" />
  <Point X="137" Y="206" T="119567311" />
  <Point X="136" Y="204" T="119567330" />
  <Point X="136" Y="201" T="119567349" />
  <Point X="135" Y="197" T="119567368" />
  <Point X="135" Y="194" T="119567388" />
  <Point X="135" Y="192" T="119567407" />
  <Point X="135" Y="190" T="119567426" />
  <Point X="135" Y="187" T="119567446" />
  <Point X="135" Y="185" T="119567468" />
  <Point X="135" Y="181" T="119567488" />
  <Point X="135" Y="179" T="119567509" />
  <Point X="136" Y="177" T="119567529" />
  <Point X="136" Y="175" T="119567530" />
  <Point X="136" Y="170" T="119567556" />
  <Point X="136" Y="168" T="119567578" />
  <Point X="137" Y="163" T="119567599" />
  <Point X="138" Y="161" T="119567621" />
  <Point X="138" Y="159" T="119567642" />
  <Point X="139" Y="155" T="119567669" />
  <Point X="140" Y="153" T="119567695" />
  <Point X="140" Y="151" T="119567745" />
  <Point X="139" Y="153" T="119567777" />
  <Point X="138" Y="155" T="119567799" />
  <Point X="136" Y="160" T="119567822" />
  <Point X="133" Y="165" T="119567846" />
  <Point X="129" Y="172" T="119567870" />
  <Point X="126" Y="177" T="119567894" />
  <Point X="124" Y="182" T="119567918" />
  <Point X="122" Y="189" T="119567942" />
  <Point X="121" Y="192" T="119567966" />
  <Point X="119" Y="196" T="119567991" />
  <Point X="116" Y="201" T="119568016" />
  <Point X="114" Y="206" T="119568041" />
  <Point X="112" Y="211" T="119568066" />
  <Point X="109" Y="215" T="119568094" />
  <Point X="107" Y="220" T="119568120" />
  <Point X="106" Y="222" T="119568146" />
  <Point X="104" Y="224" T="119568173" />
  <Point X="103" Y="226" T="119568200" />
  <Point X="101" Y="228" T="119568227" />
  <Point X="98" Y="232" T="119568253" />
  <Point X="94" Y="237" T="119568280" />
  <Point X="93" Y="239" T="119568281" />
  <Point X="90" Y="243" T="119568308" />
  <Point X="87" Y="248" T="119568336" />
  <Point X="86" Y="252" T="119568363" />
  <Point X="85" Y="256" T="119568390" />
  <Point X="84" Y="258" T="119568418" />
</Gesture>