﻿<?xml version="1.0" encoding="utf-8" standalone="yes"?>
<Gesture Name="x03" Subject="5" Speed="medium" Number="3" NumPts="111" Millseconds="2337" AppName="Gestures" AppVer="3.7.0.0" Date="Friday, March 09, 2007" TimeOfDay="9:50:56 PM">
  <Point X="72" Y="164" T="119569111" />
  <Point X="73" Y="166" T="119569148" />
  <Point X="75" Y="167" T="119569180" />
  <Point X="77" Y="169" T="119569196" />
  <Point X="77" Y="171" T="119569204" />
  <Point X="78" Y="173" T="119569224" />
  <Point X="80" Y="175" T="119569244" />
  <Point X="81" Y="177" T="119569260" />
  <Point X="82" Y="179" T="119569272" />
  <Point X="83" Y="182" T="119569292" />
  <Point X="84" Y="184" T="119569313" />
  <Point X="85" Y="186" T="119569333" />
  <Point X="87" Y="188" T="119569349" />
  <Point X="88" Y="190" T="119569361" />
  <Point X="89" Y="192" T="119569374" />
  <Point X="89" Y="194" T="119569383" />
  <Point X="91" Y="196" T="119569399" />
  <Point X="93" Y="199" T="119569414" />
  <Point X="94" Y="201" T="119569422" />
  <Point X="96" Y="203" T="119569443" />
  <Point X="97" Y="205" T="119569456" />
  <Point X="100" Y="208" T="119569476" />
  <Point X="102" Y="211" T="119569496" />
  <Point X="102" Y="213" T="119569505" />
  <Point X="104" Y="214" T="119569520" />
  <Point X="105" Y="217" T="119569532" />
  <Point X="107" Y="219" T="119569556" />
  <Point X="109" Y="221" T="119569576" />
  <Point X="111" Y="224" T="119569596" />
  <Point X="113" Y="225" T="119569613" />
  <Point X="116" Y="227" T="119569633" />
  <Point X="118" Y="229" T="119569645" />
  <Point X="120" Y="231" T="119569665" />
  <Point X="122" Y="233" T="119569686" />
  <Point X="123" Y="235" T="119569698" />
  <Point X="125" Y="237" T="119569716" />
  <Point X="127" Y="239" T="119569732" />
  <Point X="130" Y="240" T="119569748" />
  <Point X="131" Y="242" T="119569761" />
  <Point X="133" Y="244" T="119569776" />
  <Point X="135" Y="246" T="119569796" />
  <Point X="137" Y="248" T="119569816" />
  <Point X="139" Y="249" T="119569837" />
  <Point X="141" Y="250" T="119569857" />
  <Point X="143" Y="252" T="119569877" />
  <Point X="145" Y="253" T="119569901" />
  <Point X="147" Y="254" T="119569926" />
  <Point X="149" Y="255" T="119569963" />
  <Point X="151" Y="257" T="119569996" />
  <Point X="151" Y="255" T="119570084" />
  <Point X="150" Y="253" T="119570104" />
  <Point X="149" Y="250" T="119570120" />
  <Point X="147" Y="248" T="119570144" />
  <Point X="147" Y="245" T="119570160" />
  <Point X="145" Y="243" T="119570176" />
  <Point X="144" Y="239" T="119570193" />
  <Point X="143" Y="236" T="119570209" />
  <Point X="142" Y="234" T="119570226" />
  <Point X="141" Y="232" T="119570246" />
  <Point X="140" Y="230" T="119570263" />
  <Point X="139" Y="225" T="119570281" />
  <Point X="138" Y="223" T="119570301" />
  <Point X="137" Y="220" T="119570320" />
  <Point X="136" Y="217" T="119570337" />
  <Point X="135" Y="215" T="119570355" />
  <Point X="134" Y="213" T="119570374" />
  <Point X="133" Y="210" T="119570392" />
  <Point X="132" Y="206" T="119570413" />
  <Point X="131" Y="204" T="119570431" />
  <Point X="131" Y="201" T="119570451" />
  <Point X="130" Y="197" T="119570470" />
  <Point X="129" Y="194" T="119570490" />
  <Point X="128" Y="190" T="119570510" />
  <Point X="128" Y="188" T="119570530" />
  <Point X="128" Y="183" T="119570551" />
  <Point X="128" Y="177" T="119570572" />
  <Point X="128" Y="174" T="119570592" />
  <Point X="128" Y="169" T="119570614" />
  <Point X="129" Y="167" T="119570635" />
  <Point X="129" Y="165" T="119570637" />
  <Point X="129" Y="162" T="119570658" />
  <Point X="130" Y="160" T="119570680" />
  <Point X="130" Y="158" T="119570702" />
  <Point X="131" Y="153" T="119570724" />
  <Point X="132" Y="151" T="119570768" />
  <Point X="132" Y="153" T="119570833" />
  <Point X="131" Y="156" T="119570856" />
  <Point X="130" Y="159" T="119570879" />
  <Point X="129" Y="164" T="119570902" />
  <Point X="127" Y="167" T="119570926" />
  <Point X="124" Y="175" T="119570950" />
  <Point X="122" Y="180" T="119570974" />
  <Point X="120" Y="185" T="119570998" />
  <Point X="118" Y="192" T="119571023" />
  <Point X="116" Y="195" T="119571047" />
  <Point X="114" Y="199" T="119571072" />
  <Point X="112" Y="207" T="119571098" />
  <Point X="109" Y="212" T="119571123" />
  <Point X="106" Y="216" T="119571151" />
  <Point X="104" Y="221" T="119571177" />
  <Point X="102" Y="224" T="119571178" />
  <Point X="100" Y="229" T="119571204" />
  <Point X="98" Y="231" T="119571230" />
  <Point X="93" Y="238" T="119571256" />
  <Point X="89" Y="242" T="119571283" />
  <Point X="86" Y="246" T="119571310" />
  <Point X="81" Y="252" T="119571337" />
  <Point X="77" Y="258" T="119571364" />
  <Point X="73" Y="262" T="119571392" />
  <Point X="71" Y="264" T="119571419" />
  <Point X="69" Y="266" T="119571448" />
</Gesture>