﻿<?xml version="1.0" encoding="utf-8" standalone="yes"?>
<Gesture Name="x04" Subject="5" Speed="medium" Number="4" NumPts="101" Millseconds="2265" AppName="Gestures" AppVer="3.7.0.0" Date="Friday, March 09, 2007" TimeOfDay="9:50:59 PM">
  <Point X="75" Y="167" T="119572095" />
  <Point X="75" Y="169" T="119572135" />
  <Point X="76" Y="171" T="119572160" />
  <Point X="77" Y="173" T="119572175" />
  <Point X="78" Y="175" T="119572191" />
  <Point X="79" Y="177" T="119572207" />
  <Point X="80" Y="179" T="119572223" />
  <Point X="81" Y="182" T="119572239" />
  <Point X="83" Y="184" T="119572259" />
  <Point X="83" Y="186" T="119572267" />
  <Point X="85" Y="188" T="119572279" />
  <Point X="85" Y="190" T="119572287" />
  <Point X="88" Y="192" T="119572307" />
  <Point X="89" Y="194" T="119572323" />
  <Point X="90" Y="197" T="119572336" />
  <Point X="91" Y="199" T="119572345" />
  <Point X="94" Y="202" T="119572366" />
  <Point X="95" Y="204" T="119572382" />
  <Point X="96" Y="206" T="119572398" />
  <Point X="97" Y="208" T="119572411" />
  <Point X="99" Y="211" T="119572427" />
  <Point X="101" Y="213" T="119572443" />
  <Point X="103" Y="216" T="119572463" />
  <Point X="105" Y="217" T="119572483" />
  <Point X="107" Y="220" T="119572503" />
  <Point X="109" Y="222" T="119572524" />
  <Point X="111" Y="223" T="119572544" />
  <Point X="112" Y="225" T="119572556" />
  <Point X="114" Y="226" T="119572579" />
  <Point X="117" Y="227" T="119572607" />
  <Point X="117" Y="229" T="119572619" />
  <Point X="119" Y="231" T="119572647" />
  <Point X="121" Y="233" T="119572667" />
  <Point X="123" Y="235" T="119572687" />
  <Point X="125" Y="237" T="119572708" />
  <Point X="127" Y="239" T="119572733" />
  <Point X="129" Y="240" T="119572757" />
  <Point X="131" Y="242" T="119572776" />
  <Point X="133" Y="243" T="119572797" />
  <Point X="134" Y="245" T="119572813" />
  <Point X="136" Y="247" T="119572837" />
  <Point X="138" Y="247" T="119572870" />
  <Point X="139" Y="244" T="119573008" />
  <Point X="138" Y="241" T="119573023" />
  <Point X="138" Y="239" T="119573044" />
  <Point X="138" Y="237" T="119573085" />
  <Point X="138" Y="235" T="119573101" />
  <Point X="137" Y="233" T="119573129" />
  <Point X="137" Y="231" T="119573149" />
  <Point X="137" Y="229" T="119573166" />
  <Point X="137" Y="226" T="119573188" />
  <Point X="136" Y="224" T="119573220" />
  <Point X="135" Y="222" T="119573244" />
  <Point X="135" Y="220" T="119573260" />
  <Point X="134" Y="218" T="119573293" />
  <Point X="132" Y="216" T="119573322" />
  <Point X="131" Y="214" T="119573338" />
  <Point X="130" Y="212" T="119573355" />
  <Point X="130" Y="209" T="119573372" />
  <Point X="129" Y="207" T="119573390" />
  <Point X="129" Y="205" T="119573414" />
  <Point X="128" Y="202" T="119573442" />
  <Point X="128" Y="200" T="119573471" />
  <Point X="127" Y="198" T="119573502" />
  <Point X="127" Y="196" T="119573527" />
  <Point X="126" Y="194" T="119573545" />
  <Point X="126" Y="192" T="119573564" />
  <Point X="126" Y="190" T="119573583" />
  <Point X="125" Y="188" T="119573602" />
  <Point X="125" Y="185" T="119573620" />
  <Point X="125" Y="183" T="119573641" />
  <Point X="124" Y="180" T="119573660" />
  <Point X="124" Y="178" T="119573680" />
  <Point X="124" Y="175" T="119573700" />
  <Point X="124" Y="170" T="119573720" />
  <Point X="124" Y="165" T="119573740" />
  <Point X="125" Y="160" T="119573761" />
  <Point X="125" Y="157" T="119573782" />
  <Point X="126" Y="155" T="119573803" />
  <Point X="126" Y="153" T="119573824" />
  <Point X="126" Y="150" T="119573846" />
  <Point X="126" Y="148" T="119573867" />
  <Point X="128" Y="143" T="119573889" />
  <Point X="128" Y="141" T="119573920" />
  <Point X="128" Y="143" T="119573960" />
  <Point X="127" Y="146" T="119573982" />
  <Point X="126" Y="151" T="119574005" />
  <Point X="122" Y="159" T="119574028" />
  <Point X="118" Y="169" T="119574052" />
  <Point X="115" Y="176" T="119574076" />
  <Point X="113" Y="182" T="119574100" />
  <Point X="108" Y="190" T="119574125" />
  <Point X="104" Y="199" T="119574149" />
  <Point X="99" Y="208" T="119574177" />
  <Point X="93" Y="217" T="119574202" />
  <Point X="89" Y="222" T="119574227" />
  <Point X="82" Y="231" T="119574252" />
  <Point X="79" Y="236" T="119574279" />
  <Point X="75" Y="240" T="119574304" />
  <Point X="74" Y="244" T="119574329" />
  <Point X="72" Y="246" T="119574360" />
</Gesture>