﻿<?xml version="1.0" encoding="utf-8" standalone="yes"?>
<Gesture Name="x05" Subject="5" Speed="medium" Number="5" NumPts="98" Millseconds="2105" AppName="Gestures" AppVer="3.7.0.0" Date="Friday, March 09, 2007" TimeOfDay="9:51:02 PM">
  <Point X="74" Y="171" T="119574974" />
  <Point X="75" Y="174" T="119575002" />
  <Point X="76" Y="176" T="119575022" />
  <Point X="78" Y="177" T="119575043" />
  <Point X="79" Y="180" T="119575051" />
  <Point X="80" Y="182" T="119575064" />
  <Point X="82" Y="185" T="119575080" />
  <Point X="83" Y="187" T="119575088" />
  <Point X="84" Y="189" T="119575100" />
  <Point X="85" Y="191" T="119575108" />
  <Point X="87" Y="193" T="119575125" />
  <Point X="89" Y="196" T="119575137" />
  <Point X="90" Y="198" T="119575153" />
  <Point X="92" Y="200" T="119575164" />
  <Point X="94" Y="201" T="119575180" />
  <Point X="94" Y="203" T="119575189" />
  <Point X="97" Y="205" T="119575205" />
  <Point X="98" Y="207" T="119575217" />
  <Point X="99" Y="209" T="119575226" />
  <Point X="101" Y="211" T="119575242" />
  <Point X="102" Y="213" T="119575260" />
  <Point X="104" Y="217" T="119575270" />
  <Point X="106" Y="218" T="119575285" />
  <Point X="107" Y="220" T="119575296" />
  <Point X="109" Y="222" T="119575309" />
  <Point X="111" Y="223" T="119575321" />
  <Point X="113" Y="225" T="119575333" />
  <Point X="115" Y="227" T="119575345" />
  <Point X="117" Y="229" T="119575357" />
  <Point X="119" Y="231" T="119575373" />
  <Point X="121" Y="232" T="119575389" />
  <Point X="123" Y="234" T="119575406" />
  <Point X="125" Y="235" T="119575422" />
  <Point X="127" Y="238" T="119575438" />
  <Point X="130" Y="239" T="119575458" />
  <Point X="131" Y="241" T="119575475" />
  <Point X="133" Y="242" T="119575508" />
  <Point X="135" Y="244" T="119575543" />
  <Point X="137" Y="246" T="119575624" />
  <Point X="136" Y="244" T="119575665" />
  <Point X="135" Y="241" T="119575705" />
  <Point X="134" Y="239" T="119575725" />
  <Point X="134" Y="237" T="119575745" />
  <Point X="133" Y="235" T="119575760" />
  <Point X="132" Y="232" T="119575803" />
  <Point X="131" Y="229" T="119575823" />
  <Point X="131" Y="227" T="119575838" />
  <Point X="131" Y="225" T="119575855" />
  <Point X="131" Y="223" T="119575871" />
  <Point X="131" Y="221" T="119575887" />
  <Point X="130" Y="218" T="119575903" />
  <Point X="130" Y="216" T="119575924" />
  <Point X="129" Y="214" T="119575944" />
  <Point X="129" Y="212" T="119575964" />
  <Point X="129" Y="210" T="119575984" />
  <Point X="129" Y="208" T="119576000" />
  <Point X="128" Y="206" T="119576025" />
  <Point X="128" Y="204" T="119576042" />
  <Point X="127" Y="202" T="119576060" />
  <Point X="126" Y="200" T="119576080" />
  <Point X="125" Y="198" T="119576108" />
  <Point X="124" Y="195" T="119576141" />
  <Point X="122" Y="193" T="119576173" />
  <Point X="122" Y="191" T="119576193" />
  <Point X="121" Y="189" T="119576226" />
  <Point X="120" Y="186" T="119576250" />
  <Point X="120" Y="184" T="119576269" />
  <Point X="120" Y="181" T="119576290" />
  <Point X="120" Y="179" T="119576310" />
  <Point X="119" Y="177" T="119576330" />
  <Point X="119" Y="174" T="119576350" />
  <Point X="119" Y="172" T="119576371" />
  <Point X="119" Y="168" T="119576391" />
  <Point X="119" Y="166" T="119576412" />
  <Point X="120" Y="161" T="119576433" />
  <Point X="120" Y="156" T="119576455" />
  <Point X="120" Y="154" T="119576477" />
  <Point X="121" Y="152" T="119576498" />
  <Point X="121" Y="150" T="119576520" />
  <Point X="122" Y="147" T="119576542" />
  <Point X="122" Y="145" T="119576567" />
  <Point X="122" Y="142" T="119576590" />
  <Point X="122" Y="145" T="119576691" />
  <Point X="121" Y="149" T="119576714" />
  <Point X="120" Y="151" T="119576738" />
  <Point X="116" Y="160" T="119576763" />
  <Point X="112" Y="167" T="119576788" />
  <Point X="109" Y="174" T="119576813" />
  <Point X="105" Y="181" T="119576837" />
  <Point X="100" Y="190" T="119576862" />
  <Point X="95" Y="199" T="119576886" />
  <Point X="90" Y="207" T="119576913" />
  <Point X="85" Y="216" T="119576938" />
  <Point X="77" Y="226" T="119576965" />
  <Point X="72" Y="234" T="119576997" />
  <Point X="68" Y="238" T="119577026" />
  <Point X="64" Y="240" T="119577052" />
  <Point X="63" Y="242" T="119577079" />
</Gesture>