﻿<?xml version="1.0" encoding="utf-8" standalone="yes"?>
<Gesture Name="x06" Subject="5" Speed="medium" Number="6" NumPts="104" Millseconds="2276" AppName="Gestures" AppVer="3.7.0.0" Date="Friday, March 09, 2007" TimeOfDay="9:51:05 PM">
  <Point X="75" Y="167" T="119577905" />
  <Point X="76" Y="170" T="119577929" />
  <Point X="78" Y="172" T="119577966" />
  <Point X="80" Y="175" T="119577990" />
  <Point X="81" Y="177" T="119578003" />
  <Point X="81" Y="179" T="119578011" />
  <Point X="83" Y="181" T="119578023" />
  <Point X="84" Y="183" T="119578031" />
  <Point X="86" Y="186" T="119578051" />
  <Point X="88" Y="188" T="119578071" />
  <Point X="90" Y="190" T="119578087" />
  <Point X="91" Y="193" T="119578099" />
  <Point X="93" Y="195" T="119578116" />
  <Point X="95" Y="197" T="119578128" />
  <Point X="96" Y="199" T="119578140" />
  <Point X="98" Y="202" T="119578153" />
  <Point X="100" Y="205" T="119578170" />
  <Point X="101" Y="207" T="119578182" />
  <Point X="103" Y="208" T="119578198" />
  <Point X="105" Y="211" T="119578218" />
  <Point X="107" Y="213" T="119578234" />
  <Point X="108" Y="215" T="119578246" />
  <Point X="110" Y="218" T="119578262" />
  <Point X="112" Y="220" T="119578273" />
  <Point X="114" Y="221" T="119578286" />
  <Point X="116" Y="223" T="119578305" />
  <Point X="118" Y="226" T="119578321" />
  <Point X="120" Y="227" T="119578337" />
  <Point X="123" Y="229" T="119578353" />
  <Point X="124" Y="231" T="119578365" />
  <Point X="126" Y="232" T="119578381" />
  <Point X="128" Y="235" T="119578397" />
  <Point X="130" Y="237" T="119578409" />
  <Point X="132" Y="238" T="119578434" />
  <Point X="134" Y="239" T="119578455" />
  <Point X="136" Y="241" T="119578479" />
  <Point X="138" Y="243" T="119578504" />
  <Point X="140" Y="245" T="119578528" />
  <Point X="142" Y="247" T="119578560" />
  <Point X="144" Y="248" T="119578600" />
  <Point X="144" Y="246" T="119578738" />
  <Point X="143" Y="243" T="119578766" />
  <Point X="142" Y="241" T="119578782" />
  <Point X="142" Y="239" T="119578806" />
  <Point X="140" Y="237" T="119578839" />
  <Point X="140" Y="235" T="119578854" />
  <Point X="140" Y="233" T="119578875" />
  <Point X="140" Y="230" T="119578891" />
  <Point X="139" Y="228" T="119578907" />
  <Point X="139" Y="226" T="119578923" />
  <Point X="138" Y="223" T="119578951" />
  <Point X="138" Y="221" T="119578971" />
  <Point X="138" Y="219" T="119578995" />
  <Point X="137" Y="217" T="119579020" />
  <Point X="137" Y="215" T="119579037" />
  <Point X="136" Y="212" T="119579054" />
  <Point X="136" Y="210" T="119579071" />
  <Point X="135" Y="208" T="119579089" />
  <Point X="134" Y="205" T="119579116" />
  <Point X="133" Y="203" T="119579145" />
  <Point X="132" Y="200" T="119579163" />
  <Point X="130" Y="198" T="119579205" />
  <Point X="129" Y="196" T="119579224" />
  <Point X="128" Y="193" T="119579245" />
  <Point X="127" Y="191" T="119579264" />
  <Point X="127" Y="189" T="119579283" />
  <Point X="126" Y="187" T="119579303" />
  <Point X="125" Y="185" T="119579322" />
  <Point X="125" Y="183" T="119579342" />
  <Point X="124" Y="178" T="119579363" />
  <Point X="123" Y="176" T="119579384" />
  <Point X="123" Y="171" T="119579405" />
  <Point X="123" Y="169" T="119579425" />
  <Point X="123" Y="167" T="119579448" />
  <Point X="124" Y="164" T="119579471" />
  <Point X="124" Y="160" T="119579496" />
  <Point X="125" Y="155" T="119579518" />
  <Point X="125" Y="153" T="119579540" />
  <Point X="126" Y="149" T="119579563" />
  <Point X="126" Y="147" T="119579585" />
  <Point X="127" Y="144" T="119579607" />
  <Point X="128" Y="142" T="119579630" />
  <Point X="129" Y="140" T="119579653" />
  <Point X="128" Y="142" T="119579732" />
  <Point X="127" Y="146" T="119579755" />
  <Point X="124" Y="151" T="119579779" />
  <Point X="121" Y="157" T="119579803" />
  <Point X="119" Y="162" T="119579827" />
  <Point X="118" Y="164" T="119579829" />
  <Point X="115" Y="170" T="119579855" />
  <Point X="113" Y="174" T="119579880" />
  <Point X="112" Y="177" T="119579881" />
  <Point X="110" Y="181" T="119579908" />
  <Point X="107" Y="188" T="119579936" />
  <Point X="102" Y="196" T="119579962" />
  <Point X="98" Y="201" T="119579988" />
  <Point X="97" Y="203" T="119579989" />
  <Point X="92" Y="211" T="119580017" />
  <Point X="86" Y="221" T="119580045" />
  <Point X="81" Y="228" T="119580072" />
  <Point X="77" Y="236" T="119580099" />
  <Point X="73" Y="241" T="119580126" />
  <Point X="69" Y="248" T="119580154" />
  <Point X="67" Y="250" T="119580181" />
</Gesture>