﻿<?xml version="1.0" encoding="utf-8" standalone="yes"?>
<Gesture Name="x07" Subject="5" Speed="medium" Number="7" NumPts="108" Millseconds="2332" AppName="Gestures" AppVer="3.7.0.0" Date="Friday, March 09, 2007" TimeOfDay="9:51:08 PM">
  <Point X="73" Y="166" T="119580792" />
  <Point X="73" Y="168" T="119580805" />
  <Point X="73" Y="170" T="119580845" />
  <Point X="75" Y="172" T="119580870" />
  <Point X="77" Y="174" T="119580890" />
  <Point X="79" Y="176" T="119580907" />
  <Point X="81" Y="179" T="119580927" />
  <Point X="82" Y="181" T="119580943" />
  <Point X="84" Y="183" T="119580959" />
  <Point X="85" Y="185" T="119580971" />
  <Point X="87" Y="186" T="119580987" />
  <Point X="88" Y="189" T="119580999" />
  <Point X="90" Y="191" T="119581019" />
  <Point X="92" Y="194" T="119581035" />
  <Point X="94" Y="196" T="119581056" />
  <Point X="96" Y="198" T="119581068" />
  <Point X="97" Y="201" T="119581085" />
  <Point X="99" Y="204" T="119581101" />
  <Point X="100" Y="206" T="119581114" />
  <Point X="102" Y="208" T="119581130" />
  <Point X="103" Y="210" T="119581140" />
  <Point X="104" Y="212" T="119581150" />
  <Point X="106" Y="214" T="119581161" />
  <Point X="107" Y="217" T="119581173" />
  <Point X="110" Y="217" T="119581189" />
  <Point X="111" Y="219" T="119581200" />
  <Point X="113" Y="222" T="119581218" />
  <Point X="115" Y="223" T="119581234" />
  <Point X="117" Y="225" T="119581250" />
  <Point X="119" Y="228" T="119581266" />
  <Point X="121" Y="229" T="119581280" />
  <Point X="123" Y="231" T="119581294" />
  <Point X="126" Y="231" T="119581310" />
  <Point X="128" Y="233" T="119581326" />
  <Point X="130" Y="234" T="119581343" />
  <Point X="131" Y="236" T="119581356" />
  <Point X="134" Y="236" T="119581372" />
  <Point X="136" Y="237" T="119581392" />
  <Point X="138" Y="239" T="119581412" />
  <Point X="140" Y="239" T="119581437" />
  <Point X="141" Y="241" T="119581453" />
  <Point X="143" Y="242" T="119581486" />
  <Point X="145" Y="243" T="119581534" />
  <Point X="145" Y="241" T="119581650" />
  <Point X="144" Y="239" T="119581674" />
  <Point X="143" Y="237" T="119581698" />
  <Point X="142" Y="235" T="119581714" />
  <Point X="141" Y="233" T="119581730" />
  <Point X="140" Y="230" T="119581750" />
  <Point X="140" Y="228" T="119581766" />
  <Point X="140" Y="226" T="119581782" />
  <Point X="139" Y="222" T="119581799" />
  <Point X="139" Y="220" T="119581819" />
  <Point X="139" Y="218" T="119581836" />
  <Point X="139" Y="215" T="119581853" />
  <Point X="138" Y="213" T="119581870" />
  <Point X="138" Y="211" T="119581888" />
  <Point X="138" Y="209" T="119581905" />
  <Point X="137" Y="207" T="119581923" />
  <Point X="137" Y="205" T="119581941" />
  <Point X="135" Y="202" T="119581975" />
  <Point X="135" Y="200" T="119581993" />
  <Point X="135" Y="198" T="119582012" />
  <Point X="133" Y="195" T="119582043" />
  <Point X="132" Y="193" T="119582067" />
  <Point X="130" Y="191" T="119582095" />
  <Point X="128" Y="189" T="119582127" />
  <Point X="127" Y="187" T="119582151" />
  <Point X="126" Y="185" T="119582175" />
  <Point X="125" Y="183" T="119582198" />
  <Point X="124" Y="181" T="119582218" />
  <Point X="124" Y="179" T="119582239" />
  <Point X="124" Y="177" T="119582260" />
  <Point X="123" Y="172" T="119582284" />
  <Point X="123" Y="170" T="119582305" />
  <Point X="122" Y="166" T="119582326" />
  <Point X="122" Y="163" T="119582348" />
  <Point X="122" Y="161" T="119582370" />
  <Point X="122" Y="157" T="119582392" />
  <Point X="122" Y="154" T="119582414" />
  <Point X="123" Y="150" T="119582436" />
  <Point X="124" Y="145" T="119582459" />
  <Point X="124" Y="143" T="119582482" />
  <Point X="124" Y="141" T="119582505" />
  <Point X="125" Y="138" T="119582528" />
  <Point X="125" Y="136" T="119582551" />
  <Point X="126" Y="133" T="119582574" />
  <Point X="125" Y="135" T="119582636" />
  <Point X="124" Y="140" T="119582660" />
  <Point X="122" Y="144" T="119582685" />
  <Point X="119" Y="152" T="119582711" />
  <Point X="117" Y="159" T="119582736" />
  <Point X="113" Y="168" T="119582762" />
  <Point X="109" Y="175" T="119582787" />
  <Point X="108" Y="177" T="119582789" />
  <Point X="103" Y="186" T="119582817" />
  <Point X="97" Y="196" T="119582846" />
  <Point X="91" Y="208" T="119582873" />
  <Point X="87" Y="214" T="119582900" />
  <Point X="86" Y="217" T="119582901" />
  <Point X="80" Y="224" T="119582930" />
  <Point X="74" Y="231" T="119582958" />
  <Point X="70" Y="238" T="119582985" />
  <Point X="65" Y="245" T="119583013" />
  <Point X="61" Y="248" T="119583041" />
  <Point X="59" Y="250" T="119583069" />
  <Point X="55" Y="253" T="119583097" />
  <Point X="53" Y="253" T="119583124" />
</Gesture>