﻿<?xml version="1.0" encoding="utf-8" standalone="yes"?>
<Gesture Name="x08" Subject="5" Speed="medium" Number="8" NumPts="97" Millseconds="2116" AppName="Gestures" AppVer="3.7.0.0" Date="Friday, March 09, 2007" TimeOfDay="9:51:10 PM">
  <Point X="76" Y="170" T="119583649" />
  <Point X="77" Y="172" T="119583678" />
  <Point X="78" Y="175" T="119583698" />
  <Point X="80" Y="178" T="119583714" />
  <Point X="82" Y="180" T="119583734" />
  <Point X="84" Y="182" T="119583750" />
  <Point X="85" Y="184" T="119583762" />
  <Point X="86" Y="187" T="119583774" />
  <Point X="88" Y="189" T="119583790" />
  <Point X="90" Y="191" T="119583802" />
  <Point X="91" Y="193" T="119583814" />
  <Point X="92" Y="195" T="119583822" />
  <Point X="94" Y="197" T="119583834" />
  <Point X="96" Y="199" T="119583851" />
  <Point X="98" Y="202" T="119583867" />
  <Point X="101" Y="203" T="119583884" />
  <Point X="102" Y="205" T="119583893" />
  <Point X="104" Y="207" T="119583908" />
  <Point X="105" Y="209" T="119583921" />
  <Point X="107" Y="211" T="119583941" />
  <Point X="109" Y="214" T="119583953" />
  <Point X="111" Y="215" T="119583970" />
  <Point X="113" Y="216" T="119583985" />
  <Point X="114" Y="218" T="119583996" />
  <Point X="116" Y="220" T="119584009" />
  <Point X="119" Y="221" T="119584025" />
  <Point X="121" Y="222" T="119584041" />
  <Point X="122" Y="224" T="119584053" />
  <Point X="124" Y="226" T="119584069" />
  <Point X="126" Y="227" T="119584089" />
  <Point X="128" Y="229" T="119584105" />
  <Point X="130" Y="232" T="119584117" />
  <Point X="132" Y="232" T="119584137" />
  <Point X="134" Y="234" T="119584159" />
  <Point X="136" Y="236" T="119584182" />
  <Point X="138" Y="238" T="119584203" />
  <Point X="140" Y="238" T="119584243" />
  <Point X="140" Y="236" T="119584344" />
  <Point X="139" Y="234" T="119584372" />
  <Point X="138" Y="232" T="119584397" />
  <Point X="138" Y="230" T="119584417" />
  <Point X="137" Y="227" T="119584454" />
  <Point X="137" Y="225" T="119584473" />
  <Point X="136" Y="223" T="119584502" />
  <Point X="136" Y="221" T="119584518" />
  <Point X="135" Y="218" T="119584538" />
  <Point X="135" Y="216" T="119584562" />
  <Point X="134" Y="213" T="119584586" />
  <Point X="134" Y="211" T="119584602" />
  <Point X="134" Y="209" T="119584618" />
  <Point X="133" Y="207" T="119584634" />
  <Point X="132" Y="205" T="119584662" />
  <Point X="131" Y="203" T="119584703" />
  <Point X="130" Y="200" T="119584723" />
  <Point X="130" Y="198" T="119584752" />
  <Point X="129" Y="196" T="119584777" />
  <Point X="128" Y="194" T="119584801" />
  <Point X="126" Y="192" T="119584825" />
  <Point X="125" Y="190" T="119584843" />
  <Point X="124" Y="187" T="119584869" />
  <Point X="123" Y="185" T="119584888" />
  <Point X="123" Y="183" T="119584907" />
  <Point X="122" Y="181" T="119584924" />
  <Point X="122" Y="179" T="119584943" />
  <Point X="122" Y="176" T="119584963" />
  <Point X="122" Y="172" T="119584982" />
  <Point X="122" Y="170" T="119585002" />
  <Point X="122" Y="168" T="119585021" />
  <Point X="122" Y="163" T="119585041" />
  <Point X="123" Y="160" T="119585061" />
  <Point X="124" Y="155" T="119585082" />
  <Point X="125" Y="153" T="119585103" />
  <Point X="125" Y="151" T="119585124" />
  <Point X="126" Y="147" T="119585145" />
  <Point X="126" Y="145" T="119585167" />
  <Point X="127" Y="140" T="119585191" />
  <Point X="128" Y="138" T="119585212" />
  <Point X="128" Y="136" T="119585234" />
  <Point X="129" Y="134" T="119585256" />
  <Point X="128" Y="137" T="119585345" />
  <Point X="127" Y="139" T="119585367" />
  <Point X="125" Y="146" T="119585390" />
  <Point X="123" Y="151" T="119585414" />
  <Point X="120" Y="158" T="119585437" />
  <Point X="116" Y="166" T="119585461" />
  <Point X="111" Y="174" T="119585485" />
  <Point X="106" Y="184" T="119585510" />
  <Point X="100" Y="194" T="119585534" />
  <Point X="96" Y="201" T="119585559" />
  <Point X="91" Y="209" T="119585584" />
  <Point X="87" Y="217" T="119585609" />
  <Point X="81" Y="224" T="119585635" />
  <Point X="76" Y="233" T="119585663" />
  <Point X="70" Y="240" T="119585688" />
  <Point X="69" Y="243" T="119585714" />
  <Point X="68" Y="245" T="119585739" />
  <Point X="66" Y="247" T="119585765" />
</Gesture>