﻿<?xml version="1.0" encoding="utf-8" standalone="yes"?>
<Gesture Name="x09" Subject="5" Speed="medium" Number="9" NumPts="112" Millseconds="2374" AppName="Gestures" AppVer="3.7.0.0" Date="Friday, March 09, 2007" TimeOfDay="9:51:14 PM">
  <Point X="48" Y="145" T="119586584" />
  <Point X="49" Y="147" T="119586659" />
  <Point X="50" Y="149" T="119586672" />
  <Point X="52" Y="151" T="119586692" />
  <Point X="53" Y="153" T="119586704" />
  <Point X="55" Y="156" T="119586716" />
  <Point X="57" Y="158" T="119586732" />
  <Point X="59" Y="159" T="119586744" />
  <Point X="61" Y="161" T="119586760" />
  <Point X="63" Y="164" T="119586776" />
  <Point X="65" Y="167" T="119586788" />
  <Point X="67" Y="169" T="119586804" />
  <Point X="69" Y="171" T="119586816" />
  <Point X="72" Y="173" T="119586831" />
  <Point X="73" Y="175" T="119586843" />
  <Point X="76" Y="177" T="119586860" />
  <Point X="78" Y="179" T="119586873" />
  <Point X="79" Y="182" T="119586885" />
  <Point X="81" Y="183" T="119586897" />
  <Point X="84" Y="186" T="119586914" />
  <Point X="86" Y="187" T="119586926" />
  <Point X="88" Y="190" T="119586938" />
  <Point X="90" Y="191" T="119586954" />
  <Point X="92" Y="193" T="119586967" />
  <Point X="94" Y="193" T="119586979" />
  <Point X="96" Y="196" T="119586991" />
  <Point X="98" Y="198" T="119587003" />
  <Point X="100" Y="200" T="119587019" />
  <Point X="102" Y="202" T="119587031" />
  <Point X="104" Y="204" T="119587043" />
  <Point X="106" Y="206" T="119587059" />
  <Point X="108" Y="208" T="119587073" />
  <Point X="110" Y="209" T="119587087" />
  <Point X="112" Y="211" T="119587104" />
  <Point X="114" Y="213" T="119587121" />
  <Point X="117" Y="215" T="119587137" />
  <Point X="118" Y="218" T="119587149" />
  <Point X="120" Y="220" T="119587166" />
  <Point X="122" Y="222" T="119587181" />
  <Point X="124" Y="224" T="119587201" />
  <Point X="126" Y="225" T="119587217" />
  <Point X="128" Y="226" T="119587238" />
  <Point X="130" Y="227" T="119587253" />
  <Point X="132" Y="229" T="119587269" />
  <Point X="134" Y="231" T="119587289" />
  <Point X="136" Y="232" T="119587309" />
  <Point X="138" Y="233" T="119587333" />
  <Point X="140" Y="235" T="119587357" />
  <Point X="142" Y="235" T="119587381" />
  <Point X="143" Y="238" T="119587413" />
  <Point X="143" Y="236" T="119587485" />
  <Point X="142" Y="233" T="119587514" />
  <Point X="141" Y="231" T="119587530" />
  <Point X="140" Y="229" T="119587546" />
  <Point X="139" Y="227" T="119587562" />
  <Point X="137" Y="223" T="119587579" />
  <Point X="136" Y="221" T="119587595" />
  <Point X="135" Y="218" T="119587612" />
  <Point X="134" Y="215" T="119587631" />
  <Point X="133" Y="213" T="119587649" />
  <Point X="131" Y="208" T="119587667" />
  <Point X="130" Y="206" T="119587684" />
  <Point X="129" Y="201" T="119587702" />
  <Point X="128" Y="199" T="119587721" />
  <Point X="128" Y="197" T="119587739" />
  <Point X="126" Y="192" T="119587758" />
  <Point X="126" Y="190" T="119587777" />
  <Point X="126" Y="188" T="119587796" />
  <Point X="125" Y="184" T="119587816" />
  <Point X="124" Y="181" T="119587838" />
  <Point X="123" Y="179" T="119587858" />
  <Point X="123" Y="177" T="119587879" />
  <Point X="122" Y="174" T="119587907" />
  <Point X="122" Y="172" T="119587927" />
  <Point X="122" Y="170" T="119587947" />
  <Point X="122" Y="166" T="119587968" />
  <Point X="122" Y="164" T="119587988" />
  <Point X="121" Y="161" T="119588019" />
  <Point X="121" Y="159" T="119588041" />
  <Point X="121" Y="154" T="119588063" />
  <Point X="121" Y="152" T="119588086" />
  <Point X="122" Y="148" T="119588108" />
  <Point X="122" Y="144" T="119588131" />
  <Point X="123" Y="141" T="119588154" />
  <Point X="123" Y="138" T="119588176" />
  <Point X="123" Y="136" T="119588199" />
  <Point X="123" Y="134" T="119588222" />
  <Point X="122" Y="136" T="119588352" />
  <Point X="121" Y="138" T="119588376" />
  <Point X="120" Y="140" T="119588399" />
  <Point X="119" Y="142" T="119588424" />
  <Point X="117" Y="147" T="119588448" />
  <Point X="114" Y="152" T="119588472" />
  <Point X="110" Y="157" T="119588497" />
  <Point X="106" Y="163" T="119588521" />
  <Point X="104" Y="167" T="119588547" />
  <Point X="99" Y="173" T="119588573" />
  <Point X="96" Y="178" T="119588598" />
  <Point X="92" Y="185" T="119588626" />
  <Point X="88" Y="192" T="119588653" />
  <Point X="85" Y="197" T="119588679" />
  <Point X="83" Y="199" T="119588680" />
  <Point X="79" Y="207" T="119588709" />
  <Point X="76" Y="214" T="119588736" />
  <Point X="71" Y="220" T="119588763" />
  <Point X="68" Y="225" T="119588791" />
  <Point X="64" Y="230" T="119588818" />
  <Point X="61" Y="235" T="119588845" />
  <Point X="58" Y="239" T="119588873" />
  <Point X="56" Y="241" T="119588901" />
  <Point X="54" Y="241" T="119588929" />
  <Point X="52" Y="243" T="119588958" />
</Gesture>