﻿<?xml version="1.0" encoding="utf-8" standalone="yes"?>
<Gesture Name="x10" Subject="5" Speed="medium" Number="10" NumPts="100" Millseconds="2039" AppName="Gestures" AppVer="3.7.0.0" Date="Friday, March 09, 2007" TimeOfDay="9:51:16 PM">
  <Point X="60" Y="153" T="119589569" />
  <Point X="62" Y="156" T="119589616" />
  <Point X="64" Y="158" T="119589636" />
  <Point X="66" Y="160" T="119589643" />
  <Point X="68" Y="163" T="119589660" />
  <Point X="69" Y="166" T="119589672" />
  <Point X="71" Y="169" T="119589684" />
  <Point X="72" Y="171" T="119589692" />
  <Point X="75" Y="173" T="119589708" />
  <Point X="75" Y="175" T="119589716" />
  <Point X="77" Y="177" T="119589728" />
  <Point X="79" Y="179" T="119589740" />
  <Point X="80" Y="182" T="119589748" />
  <Point X="82" Y="184" T="119589760" />
  <Point X="83" Y="186" T="119589772" />
  <Point X="85" Y="189" T="119589785" />
  <Point X="87" Y="191" T="119589797" />
  <Point X="88" Y="193" T="119589805" />
  <Point X="89" Y="195" T="119589817" />
  <Point X="91" Y="197" T="119589829" />
  <Point X="94" Y="199" T="119589845" />
  <Point X="95" Y="201" T="119589854" />
  <Point X="97" Y="202" T="119589865" />
  <Point X="98" Y="204" T="119589876" />
  <Point X="100" Y="207" T="119589888" />
  <Point X="103" Y="209" T="119589901" />
  <Point X="105" Y="211" T="119589913" />
  <Point X="106" Y="213" T="119589924" />
  <Point X="108" Y="214" T="119589934" />
  <Point X="111" Y="215" T="119589945" />
  <Point X="113" Y="216" T="119589958" />
  <Point X="115" Y="217" T="119589969" />
  <Point X="117" Y="219" T="119589981" />
  <Point X="120" Y="220" T="119589998" />
  <Point X="122" Y="223" T="119590014" />
  <Point X="124" Y="223" T="119590026" />
  <Point X="126" Y="225" T="119590038" />
  <Point X="128" Y="226" T="119590054" />
  <Point X="130" Y="227" T="119590075" />
  <Point X="131" Y="229" T="119590088" />
  <Point X="133" Y="229" T="119590111" />
  <Point X="135" Y="232" T="119590131" />
  <Point X="135" Y="228" T="119590293" />
  <Point X="134" Y="226" T="119590312" />
  <Point X="134" Y="224" T="119590340" />
  <Point X="134" Y="222" T="119590355" />
  <Point X="134" Y="219" T="119590376" />
  <Point X="133" Y="217" T="119590396" />
  <Point X="133" Y="215" T="119590416" />
  <Point X="133" Y="212" T="119590432" />
  <Point X="133" Y="210" T="119590448" />
  <Point X="133" Y="208" T="119590465" />
  <Point X="133" Y="205" T="119590480" />
  <Point X="133" Y="203" T="119590505" />
  <Point X="132" Y="201" T="119590522" />
  <Point X="131" Y="199" T="119590543" />
  <Point X="131" Y="196" T="119590567" />
  <Point X="130" Y="194" T="119590591" />
  <Point X="128" Y="191" T="119590623" />
  <Point X="126" Y="189" T="119590655" />
  <Point X="125" Y="187" T="119590679" />
  <Point X="124" Y="184" T="119590700" />
  <Point X="122" Y="182" T="119590728" />
  <Point X="121" Y="179" T="119590747" />
  <Point X="121" Y="177" T="119590765" />
  <Point X="120" Y="175" T="119590785" />
  <Point X="119" Y="170" T="119590805" />
  <Point X="119" Y="168" T="119590828" />
  <Point X="119" Y="165" T="119590849" />
  <Point X="118" Y="163" T="119590869" />
  <Point X="118" Y="157" T="119590890" />
  <Point X="118" Y="154" T="119590910" />
  <Point X="118" Y="150" T="119590931" />
  <Point X="118" Y="148" T="119590952" />
  <Point X="118" Y="143" T="119590973" />
  <Point X="118" Y="141" T="119590994" />
  <Point X="119" Y="134" T="119591016" />
  <Point X="120" Y="132" T="119591043" />
  <Point X="121" Y="130" T="119591068" />
  <Point X="119" Y="132" T="119591196" />
  <Point X="118" Y="134" T="119591219" />
  <Point X="118" Y="136" T="119591221" />
  <Point X="116" Y="138" T="119591244" />
  <Point X="114" Y="144" T="119591268" />
  <Point X="111" Y="148" T="119591291" />
  <Point X="110" Y="151" T="119591293" />
  <Point X="105" Y="159" T="119591318" />
  <Point X="99" Y="168" T="119591343" />
  <Point X="95" Y="176" T="119591367" />
  <Point X="91" Y="181" T="119591392" />
  <Point X="89" Y="184" T="119591393" />
  <Point X="86" Y="190" T="119591420" />
  <Point X="79" Y="197" T="119591445" />
  <Point X="72" Y="205" T="119591471" />
  <Point X="65" Y="214" T="119591497" />
  <Point X="61" Y="220" T="119591523" />
  <Point X="59" Y="222" T="119591525" />
  <Point X="57" Y="226" T="119591552" />
  <Point X="53" Y="230" T="119591579" />
  <Point X="52" Y="232" T="119591608" />
</Gesture>